timestamp,Panel_Temp_mean_24h_calendar,Panel_Humidity_mean_24h_calendar
2026-04-01 00:00:00,,
2026-04-01 00:05:00,,
2026-04-01 00:10:00,,
2026-04-01 00:15:00,,
2026-04-01 00:20:00,,
2026-04-01 00:25:00,,
2026-04-01 00:30:00,,
2026-04-01 00:35:00,,
2026-04-01 00:40:00,,
2026-04-01 00:45:00,,
2026-04-01 00:50:00,,
2026-04-01 00:55:00,,
2026-04-01 01:00:00,,
2026-04-01 01:05:00,,
2026-04-01 01:10:00,,
2026-04-01 01:15:00,,
2026-04-01 01:20:00,,
2026-04-01 01:25:00,,
2026-04-01 01:30:00,,
2026-04-01 01:35:00,33.2045,39.9145
2026-04-01 01:40:00,33.20095238095238,39.88476190476191
2026-04-01 01:45:00,33.19681818181818,39.857727272727274
2026-04-01 01:50:00,33.19217391304348,39.83347826086956
2026-04-01 01:55:00,33.185833333333335,39.812916666666666
2026-04-01 02:00:00,33.1788,39.796
2026-04-01 02:05:00,33.17115384615385,39.7826923076923
2026-04-01 02:10:00,33.163333333333334,39.77185185185185
2026-04-01 02:15:00,33.15428571428571,39.76357142857143
2026-04-01 02:20:00,33.1448275862069,39.758620689655174
2026-04-01 02:25:00,33.13466666666667,39.756
2026-04-01 02:30:00,33.12419354838709,39.755483870967744
2026-04-01 02:35:00,33.113125000000004,39.7571875
2026-04-01 02:40:00,33.10242424242425,39.76030303030303
2026-04-01 02:45:00,33.09117647058823,39.76529411764706
2026-04-01 02:50:00,33.080285714285715,39.77171428571429
2026-04-01 02:55:00,33.06916666666667,39.77861111111111
2026-04-01 03:00:00,33.05810810810811,39.78702702702703
2026-04-01 03:05:00,33.046578947368424,39.79763157894737
2026-04-01 03:10:00,33.035384615384615,39.809230769230766
2026-04-01 03:15:00,33.0245,39.822
2026-04-01 03:20:00,33.01365853658537,39.83609756097561
2026-04-01 03:25:00,33.00238095238095,39.85190476190476
2026-04-01 03:30:00,32.991627906976746,39.86860465116279
2026-04-01 03:35:00,32.98045454545455,39.887499999999996
2026-04-01 03:40:00,32.96911111111111,39.90844444444445
2026-04-01 03:45:00,32.95739130434782,39.93086956521739
2026-04-01 03:50:00,32.946170212765956,39.95340425531915
2026-04-01 03:55:00,32.93479166666666,39.97645833333333
2026-04-01 04:00:00,32.92326530612245,39.998163265306125
2026-04-01 04:05:00,32.9116,40.0172
2026-04-01 04:10:00,32.90019607843137,40.031176470588235
2026-04-01 04:15:00,32.88826923076923,40.03942307692308
2026-04-01 04:20:00,32.87396226415094,40.044716981132076
2026-04-01 06:45:00,32.79648148148148,40.186851851851856
2026-04-01 06:50:00,32.718545454545456,40.33890909090909
2026-04-01 06:55:00,32.64375,40.49178571428571
2026-04-01 07:00:00,32.57228070175439,40.641052631578944
2026-04-01 07:05:00,32.50396551724138,40.788620689655176
2026-04-01 07:10:00,32.43864406779661,40.93542372881356
2026-04-01 07:15:00,32.37583333333333,41.08316666666667
2026-04-01 07:20:00,32.315245901639344,41.23016393442623
2026-04-01 07:25:00,32.25806451612903,41.37516129032259
2026-04-01 07:30:00,32.203650793650795,41.516190476190474
2026-04-01 07:35:00,32.15171875,41.65328125
2026-04-01 07:40:00,32.1023076923077,41.786153846153844
2026-04-01 07:45:00,32.055,41.91651515151515
2026-04-01 07:50:00,32.00970149253732,42.04492537313433
2026-04-01 07:55:00,31.966470588235293,42.17102941176471
2026-04-01 08:00:00,31.92521739130435,42.29420289855073
2026-04-01 08:05:00,31.885857142857144,42.415
2026-04-01 08:10:00,31.848028169014086,42.53408450704225
2026-04-01 08:15:00,31.81180555555555,42.65138888888889
2026-04-01 08:20:00,31.7772602739726,42.76671232876712
2026-04-01 08:25:00,31.744324324324324,42.87972972972973
2026-04-01 08:30:00,31.712933333333332,42.99053333333333
2026-04-01 08:35:00,31.68407894736842,43.09684210526316
2026-04-01 08:40:00,31.658571428571427,43.19714285714286
2026-04-01 08:45:00,31.636282051282052,43.290897435897435
2026-04-01 08:50:00,31.617468354430383,43.37645569620253
2026-04-01 08:55:00,31.601999999999997,43.45375
2026-04-01 09:00:00,31.589506172839506,43.5220987654321
2026-04-01 09:05:00,31.579756097560974,43.58207317073171
2026-04-01 09:10:00,31.57265060240964,43.634578313253016
2026-04-01 09:15:00,31.568214285714287,43.67892857142857
2026-04-01 09:20:00,31.56635294117647,43.71258823529412
2026-04-01 09:25:00,31.566511627906973,43.73813953488372
2026-04-01 09:30:00,31.568505747126437,43.757241379310344
2026-04-01 09:35:00,31.57238636363636,43.769659090909094
2026-04-01 09:40:00,31.577865168539326,43.77606741573034
2026-04-01 09:45:00,31.585,43.77711111111111
2026-04-01 09:50:00,31.593406593406595,43.77362637362638
2026-04-01 09:55:00,31.60326086956522,43.76608695652174
2026-04-01 10:00:00,31.6147311827957,43.75430107526882
2026-04-01 10:05:00,31.627872340425533,43.73808510638298
2026-04-01 10:10:00,31.630631578947366,43.75673684210527
2026-04-01 10:15:00,31.637395833333333,43.759166666666665
2026-04-01 10:20:00,31.64762886597938,43.75113402061855
2026-04-01 10:25:00,31.65173469387755,43.65275510204082
2026-04-01 10:30:00,31.656262626262624,43.66282828282828
2026-04-01 10:35:00,31.665300000000002,43.6588
2026-04-01 10:40:00,31.664950495049503,43.687128712871285
2026-04-01 10:45:00,31.67058823529412,43.69294117647059
2026-04-01 10:50:00,31.672038834951454,43.58233009708737
2026-04-01 10:55:00,31.674615384615382,43.598461538461535
2026-04-01 11:00:00,31.673714285714286,43.4992380952381
2026-04-01 11:05:00,31.67556603773585,43.51792452830188
2026-04-01 11:10:00,31.6696261682243,43.583177570093454
2026-04-01 11:15:00,31.671203703703707,43.60472222222223
2026-04-01 11:20:00,31.664036697247706,43.66660550458715
2026-04-01 11:25:00,31.664454545454547,43.632090909090905
2026-04-01 11:30:00,31.65756756756757,43.69252252252252
2026-04-01 11:35:00,31.655089285714286,43.63116071428571
2026-04-01 11:40:00,31.64787610619469,43.69495575221239
2026-04-01 11:45:00,31.643508771929827,43.63245614035088
2026-04-01 11:50:00,31.63704347826087,43.69478260869565
2026-04-01 11:55:00,31.63,43.63172413793103
2026-04-01 12:00:00,31.622307692307693,43.70170940170941
2026-04-01 12:05:00,31.62186440677966,43.66322033898305
2026-04-01 12:10:00,31.61798319327731,43.71260504201681
2026-04-01 12:15:00,31.621750000000002,43.72791666666667
2026-04-01 12:20:00,31.621900826446282,43.65223140495868
2026-04-01 12:25:00,31.624344262295082,43.670163934426235
2026-04-01 12:30:00,31.632032520325204,43.66837398373984
2026-04-01 12:35:00,31.63225806451613,43.70201612903226
2026-04-01 12:40:00,31.63784,43.705760000000005
2026-04-01 12:45:00,31.641190476190477,43.62595238095238
2026-04-01 12:50:00,31.644960629921258,43.637322834645666
2026-04-01 12:55:00,31.641953125,43.56375
2026-04-01 13:00:00,31.641937984496124,43.59286821705426
2026-04-01 13:05:00,31.631692307692308,43.53338461538462
2026-04-01 13:10:00,31.626870229007633,43.58068702290076
2026-04-01 13:15:00,31.615151515151513,43.53
2026-04-01 13:20:00,31.604736842105265,43.59932330827068
2026-04-01 13:25:00,31.594402985074623,43.55477611940299
2026-04-01 13:30:00,31.57503703703704,43.525925925925925
2026-04-01 13:35:00,31.56654411764706,43.577720588235294
2026-04-01 13:40:00,31.5536496350365,43.53737226277372
2026-04-01 13:45:00,31.54891304347826,43.56108695652174
2026-04-01 13:50:00,31.54273381294964,43.507194244604314
2026-04-01 13:55:00,31.540642857142853,43.51342857142857
2026-04-01 14:00:00,31.535886524822697,43.4536170212766
2026-04-01 14:05:00,31.535281690140845,43.44985915492958
2026-04-01 14:10:00,31.53027972027972,43.39034965034965
2026-04-01 14:15:00,31.530625,43.380625
2026-04-01 14:20:00,31.522137931034482,43.32420689655173
2026-04-01 14:25:00,31.505547945205482,43.282260273972604
2026-04-01 14:30:00,31.49877551020408,43.2943537414966
2026-04-01 14:35:00,31.48527027027027,43.25439189189189
2026-04-01 14:40:00,31.4713422818792,43.30986577181208
2026-04-01 14:45:00,31.465,43.27853333333333
2026-04-01 14:50:00,31.45437086092715,43.314370860927156
2026-04-01 14:55:00,31.447565789473682,43.27440789473684
2026-04-01 15:00:00,31.43307189542484,43.235098039215686
2026-04-01 15:05:00,31.417662337662335,43.299415584415584
2026-04-01 15:10:00,31.408451612903228,43.269354838709674
2026-04-01 15:15:00,31.392500000000002,43.23442307692307
2026-04-01 15:20:00,31.374458598726115,43.312420382165605
2026-04-01 15:25:00,31.365822784810128,43.294999999999995
2026-04-01 15:30:00,31.35069182389937,43.26949685534591
2026-04-01 15:35:00,31.344749999999998,43.2815625
2026-04-01 15:40:00,31.33776397515528,43.237826086956524
2026-04-01 15:45:00,31.33537037037037,43.23506172839506
2026-04-01 15:50:00,31.32760736196319,43.192085889570556
2026-04-01 15:55:00,31.32426829268293,43.19243902439025
2026-04-01 16:00:00,31.31951515151515,43.14490909090909
2026-04-01 16:05:00,31.318192771084334,43.13759036144578
2026-04-01 16:10:00,31.31580838323353,43.08682634730539
2026-04-01 16:15:00,31.316488095238096,43.07279761904762
2026-04-01 16:20:00,31.31414201183432,43.020355029585794
2026-04-01 16:25:00,31.31611764705882,43.00394117647059
2026-04-01 16:30:00,31.310701754385967,42.98491228070176
2026-04-01 16:35:00,31.311686046511625,42.972325581395346
2026-04-01 16:40:00,31.30849710982659,42.97
2026-04-01 16:45:00,31.31126436781609,42.953218390804594
2026-04-01 16:50:00,31.306285714285718,42.954742857142854
2026-04-01 16:55:00,31.30653409090909,42.92284090909091
2026-04-01 17:00:00,31.29858757062147,42.882768361581924
2026-04-01 17:05:00,31.29252808988764,42.90679775280899
2026-04-01 17:10:00,31.285530726256983,42.87324022346369
2026-04-01 17:15:00,31.281888888888886,42.887
2026-04-01 17:20:00,31.2807182320442,42.847790055248616
2026-04-01 17:25:00,31.280329670329674,42.85142857142857
2026-04-01 17:30:00,31.28158469945355,42.80754098360656
2026-04-01 17:35:00,31.28336956521739,42.805380434782606
2026-04-01 17:40:00,31.27945945945946,42.7612972972973
2026-04-01 17:45:00,31.277419354838713,42.778010752688175
2026-04-01 17:50:00,31.272085561497327,42.741657754010696
2026-04-01 17:55:00,31.266702127659578,42.77840425531915
2026-04-01 18:00:00,31.262169312169313,42.74619047619048
2026-04-01 18:05:00,31.255736842105264,42.79226315789474
2026-04-01 18:10:00,31.253246073298428,42.7651832460733
2026-04-01 18:15:00,31.24734375,42.81286458333333
2026-04-01 18:20:00,31.245699481865284,42.78787564766839
2026-04-01 18:25:00,31.239587628865984,42.843453608247415
2026-04-01 18:30:00,31.239128205128207,42.82851282051282
2026-04-01 18:35:00,31.234132653061227,42.880918367346936
2026-04-01 18:40:00,31.234314720812183,42.864923857868014
2026-04-01 18:45:00,31.22979797979798,42.918888888888894
2026-04-01 18:50:00,31.231557788944723,42.94100502512563
2026-04-01 18:55:00,31.22905,42.98545
2026-04-01 19:00:00,31.231990049751243,43.003980099502485
2026-04-01 19:05:00,31.229950495049504,43.04831683168317
2026-04-01 19:10:00,31.23295566502463,43.061625615763546
2026-04-01 19:15:00,31.231372549019607,43.10269607843138
2026-04-01 19:20:00,31.234731707317074,43.120097560975616
2026-04-01 19:25:00,31.23368932038835,43.1597572815534
2026-04-01 19:30:00,31.237198067632853,43.17700483091787
2026-04-01 19:35:00,31.236394230769232,43.21740384615384
2026-04-01 19:40:00,31.239904306220097,43.23531100478469
2026-04-01 19:45:00,31.239285714285714,43.27504761904762
2026-04-01 19:50:00,31.242843601895732,43.29222748815166
2026-04-01 19:55:00,31.242311320754716,43.33462264150943
2026-04-01 20:00:00,31.245492957746478,43.353051643192494
2026-04-01 20:05:00,31.245514018691587,43.37467289719626
2026-04-01 20:10:00,31.248558139534882,43.3920465116279
2026-04-01 20:15:00,31.24925925925926,43.418194444444445
2026-04-01 20:20:00,31.252396313364056,43.433456221198156
2026-04-01 20:25:00,31.25802752293578,43.4390366972477
2026-04-01 20:30:00,31.265205479452053,43.438904109589046
2026-04-01 20:35:00,31.273363636363637,43.435227272727275
2026-04-01 20:40:00,31.2820814479638,43.4293665158371
2026-04-01 20:45:00,31.29108108108108,43.42202702702703
2026-04-01 20:50:00,31.300134529147982,43.4137668161435
2026-04-01 20:55:00,31.30950892857143,43.4046875
2026-04-01 21:00:00,31.314444444444444,43.413333333333334
2026-04-01 21:05:00,31.320575221238936,43.41362831858407
2026-04-01 21:10:00,31.327444933920706,43.38202643171806
2026-04-01 21:15:00,31.33109649122807,43.389868421052626
2026-04-01 21:20:00,31.336768558951963,43.390218340611355
2026-04-01 21:25:00,31.34378260869565,43.37491304347826
2026-04-01 21:30:00,31.346926406926407,43.38376623376623
2026-04-01 21:35:00,31.352112068965514,43.385
2026-04-01 21:40:00,31.35618025751073,43.33914163090129
2026-04-01 21:45:00,31.35923076923077,43.34794871794872
2026-04-01 21:50:00,31.364425531914893,43.34953191489362
2026-04-01 21:55:00,31.368177966101698,43.30364406779661
2026-04-01 22:00:00,31.371434599156117,43.311223628691984
2026-04-01 22:05:00,31.37655462184874,43.312394957983194
2026-04-01 22:10:00,31.38154811715481,43.27326359832636
2026-04-01 22:15:00,31.384333333333334,43.28191666666667
2026-04-01 22:20:00,31.388921161825728,43.284024896265564
2026-04-01 22:25:00,31.394710743801653,43.28223140495867
2026-04-01 22:30:00,31.401481481481483,43.2777366255144
2026-04-01 22:35:00,31.40422131147541,43.28622950819672
2026-04-01 22:40:00,31.40869387755102,43.287551020408166
2026-04-01 22:45:00,31.41439024390244,43.28475609756097
2026-04-01 22:50:00,31.420809716599187,43.279433198380566
2026-04-01 22:55:00,31.427822580645163,43.27225806451613
2026-04-01 23:00:00,31.435180722891566,43.263574297188754
2026-04-01 23:05:00,31.44284,43.253800000000005
2026-04-01 23:10:00,31.450637450199203,43.24330677290837
2026-04-01 23:15:00,31.45857142857143,43.23218253968254
2026-04-01 23:20:00,31.462608695652175,43.23343873517786
2026-04-01 23:25:00,31.46720472440945,43.23027559055118
2026-04-01 23:30:00,31.472627450980394,43.22462745098039
2026-04-01 23:35:00,31.47859375,43.2173046875
2026-04-01 23:40:00,31.48498054474708,43.208677042801554
2026-04-01 23:45:00,31.49170542635659,43.1991472868217
2026-04-01 23:50:00,31.49868725868726,43.18872586872587
2026-04-01 23:55:00,31.505846153846157,43.177653846153845
2026-04-02 00:00:00,31.506384615384615,43.13553846153847
2026-04-02 00:05:00,31.504807692307693,43.141461538461535
2026-04-02 00:10:00,31.503730769230767,43.14588461538461
2026-04-02 00:15:00,31.50296153846154,43.1495
2026-04-02 00:20:00,31.50226923076923,43.15292307692308
2026-04-02 00:25:00,31.501538461538463,43.15669230769231
2026-04-02 00:30:00,31.500730769230767,43.1605
2026-04-02 00:35:00,31.499846153846153,43.164884615384615
2026-04-02 00:40:00,31.499,43.16946153846153
2026-04-02 00:45:00,31.498076923076923,43.1745
2026-04-02 00:50:00,31.497115384615384,43.17980769230768
2026-04-02 00:55:00,31.496192307692308,43.18538461538461
2026-04-02 01:00:00,31.495346153846153,43.19130769230769
2026-04-02 01:05:00,31.494500000000002,43.1975
2026-04-02 01:10:00,31.493692307692307,43.203923076923076
2026-04-02 01:15:00,31.492884615384614,43.21065384615384
2026-04-02 01:20:00,31.492115384615385,43.2176923076923
2026-04-02 01:25:00,31.491346153846155,43.22473076923077
2026-04-02 01:30:00,31.490499999999997,43.23211538461538
2026-04-02 01:35:00,31.489653846153843,43.23953846153846
2026-04-02 01:40:00,31.488923076923076,43.24719230769231
2026-04-02 01:45:00,31.488038461538462,43.25507692307692
2026-04-02 01:50:00,31.48703846153846,43.26323076923077
2026-04-02 01:55:00,31.486076923076922,43.271115384615385
2026-04-02 02:00:00,31.485115384615384,43.27892307692308
2026-04-02 02:05:00,31.484115384615386,43.28657692307692
2026-04-02 02:10:00,31.48292307692308,43.294423076923074
2026-04-02 02:15:00,31.481846153846156,43.302423076923084
2026-04-02 02:20:00,31.48076923076923,43.310153846153845
2026-04-02 02:25:00,31.47980769230769,43.31769230769231
2026-04-02 02:30:00,31.47888461538461,43.32503846153846
2026-04-02 02:35:00,31.47803846153846,43.332269230769235
2026-04-02 02:40:00,31.47723076923077,43.33919230769231
2026-04-02 02:45:00,31.476499999999998,43.34573076923077
2026-04-02 02:50:00,31.47573076923077,43.352000000000004
2026-04-02 02:55:00,31.475,43.35803846153846
2026-04-02 03:00:00,31.47426923076923,43.36380769230769
2026-04-02 03:05:00,31.473653846153844,43.36911538461539
2026-04-02 03:10:00,31.473115384615387,43.373923076923084
2026-04-02 03:15:00,31.472576923076925,43.37834615384616
2026-04-02 03:20:00,31.47203846153846,43.38253846153846
2026-04-02 03:25:00,31.47157692307692,43.386192307692305
2026-04-02 03:30:00,31.471,43.38930769230769
2026-04-02 03:35:00,31.470384615384614,43.39173076923077
2026-04-02 03:40:00,31.469730769230768,43.39338461538462
2026-04-02 03:45:00,31.469153846153848,43.39423076923077
2026-04-02 03:50:00,31.46846153846154,43.39430769230769
2026-04-02 03:55:00,31.467807692307694,43.39361538461538
2026-04-02 04:00:00,31.46723076923077,43.392384615384614
2026-04-02 04:05:00,31.46676923076923,43.390692307692305
2026-04-02 04:10:00,31.46626923076923,43.38930769230769
2026-04-02 04:15:00,31.46592307692308,43.38834615384616
2026-04-02 04:20:00,31.466153846153848,43.3871923076923
2026-04-02 04:25:00,31.468850574712647,43.373908045977004
2026-04-02 04:30:00,31.471412213740457,43.36026717557252
2026-04-02 04:35:00,31.4738783269962,43.34638783269961
2026-04-02 04:40:00,31.476249999999997,43.33246212121212
2026-04-02 04:45:00,31.478452830188683,43.31856603773584
2026-04-02 04:50:00,31.48048872180451,43.30484962406015
2026-04-02 04:55:00,31.4823595505618,43.29142322097378
2026-04-02 05:00:00,31.484067164179102,43.278320895522384
2026-04-02 05:05:00,31.485613382899633,43.265539033457244
2026-04-02 05:10:00,31.487,43.25314814814814
2026-04-02 05:15:00,31.48830258302583,43.241033210332105
2026-04-02 05:20:00,31.489448529411767,43.22926470588235
2026-04-02 05:25:00,31.49047619047619,43.21780219780219
2026-04-02 05:30:00,31.49135036496351,43.206605839416056
2026-04-02 05:35:00,31.492072727272728,43.195854545454544
2026-04-02 05:40:00,31.492717391304346,43.18536231884058
2026-04-02 05:45:00,31.493212996389893,43.175306859205776
2026-04-02 05:50:00,31.493525179856118,43.16553956834532
2026-04-02 05:55:00,31.493763440860217,43.15609318996415
2026-04-02 06:00:00,31.493928571428576,43.14710714285714
2026-04-02 06:05:00,31.494021352313165,43.13843416370106
2026-04-02 06:10:00,31.493971631205678,43.13014184397163
2026-04-02 06:15:00,31.493780918727914,43.122190812720845
2026-04-02 06:20:00,31.493485915492958,43.11461267605633
2026-04-02 06:25:00,31.493122807017546,43.10729824561403
2026-04-02 06:30:00,31.492657342657342,43.10024475524475
2026-04-02 06:35:00,31.492055749128923,43.09369337979094
2026-04-02 06:40:00,31.491319444444443,43.087534722222216
2026-04-02 06:45:00,31.500138888888884,43.06576388888889
2026-04-02 06:50:00,31.509479166666665,43.041423611111114
2026-04-02 06:55:00,31.518611111111113,43.01631944444444
2026-04-02 07:00:00,31.527534722222217,42.991215277777776
2026-04-02 07:05:00,31.536180555555557,42.96597222222223
2026-04-02 07:10:00,31.544583333333335,42.940243055555555
2026-04-02 07:15:00,31.552847222222226,42.91375
2026-04-02 07:20:00,31.560972222222226,42.886909722222214
2026-04-02 07:25:00,31.56868055555556,42.85993055555556
2026-04-02 07:30:00,31.576041666666665,42.833194444444445
2026-04-02 07:35:00,31.583159722222224,42.80677083333333
2026-04-02 07:40:00,31.59,42.78079861111111
2026-04-02 07:45:00,31.59670138888889,42.754895833333336
2026-04-02 07:50:00,31.60329861111111,42.72875
2026-04-02 07:55:00,31.60979166666667,42.702222222222225
2026-04-02 08:00:00,31.616249999999997,42.675590277777786
2026-04-02 08:05:00,31.62277777777778,42.64840277777778
2026-04-02 08:10:00,31.62934027777778,42.620798611111105
2026-04-02 08:15:00,31.63586805555555,42.59253472222222
2026-04-02 08:20:00,31.642256944444448,42.56375
2026-04-02 08:25:00,31.648506944444446,42.53465277777778
2026-04-02 08:30:00,31.65461805555556,42.505312499999995
2026-04-02 08:35:00,31.66020833333333,42.476388888888884
2026-04-02 08:40:00,31.665277777777778,42.44847222222222
2026-04-02 08:45:00,31.670034722222226,42.42114583333333
2026-04-02 08:50:00,31.674479166666668,42.39479166666667
2026-04-02 08:55:00,31.67857638888889,42.369236111111114
2026-04-02 09:00:00,31.682465277777776,42.34482638888889
2026-04-02 09:05:00,31.686180555555552,42.32118055555556
2026-04-02 09:10:00,31.68982638888889,42.29788194444444
2026-04-02 09:15:00,31.693333333333335,42.27520833333333
2026-04-02 09:20:00,31.696666666666673,42.253993055555554
2026-04-02 09:25:00,31.699930555555554,42.23388888888889
2026-04-02 09:30:00,31.703194444444446,42.21430555555556
2026-04-02 09:35:00,31.706423611111106,42.1953125
2026-04-02 09:40:00,31.709652777777777,42.176770833333336
2026-04-02 09:45:00,31.7090625,42.16892361111111
2026-04-02 09:50:00,31.70934027777778,42.15815972222222
2026-04-02 09:55:00,31.709965277777776,42.13170138888889
2026-04-02 10:00:00,31.707326388888887,42.129201388888895
2026-04-02 10:05:00,31.70583333333333,42.12267361111111
2026-04-02 10:10:00,31.70496527777778,42.11322916666667
2026-04-02 10:15:00,31.70486111111111,42.10177083333334
2026-04-02 10:20:00,31.700555555555557,42.10444444444445
2026-04-02 10:25:00,31.700763888888886,42.12833333333334
2026-04-02 10:30:00,31.697812500000005,42.12649305555555
2026-04-02 10:35:00,31.69600694444444,42.11975694444445
2026-04-02 10:40:00,31.69482638888889,42.11159722222223
2026-04-02 10:45:00,31.693923611111114,42.087777777777774
2026-04-02 10:50:00,31.691597222222224,42.13229166666667
2026-04-02 10:55:00,31.69013888888889,42.095312500000006
2026-04-02 11:00:00,31.688888888888886,42.137118055555554
2026-04-02 11:05:00,31.686736111111106,42.09875
2026-04-02 11:10:00,31.687395833333337,42.081041666666664
2026-04-02 11:15:00,31.684236111111108,42.041493055555556
2026-04-02 11:20:00,31.68548611111111,42.025625000000005
2026-04-02 11:25:00,31.681979166666665,42.00770833333333
2026-04-02 11:30:00,31.682951388888892,41.99319444444444
2026-04-02 11:35:00,31.679791666666663,41.987881944444446
2026-04-02 11:40:00,31.681145833333332,41.97138888888889
2026-04-02 11:45:00,31.677708333333335,41.96989583333333
2026-04-02 11:50:00,31.678402777777777,41.955729166666664
2026-04-02 11:55:00,31.67576388888889,41.95399305555556
2026-04-02 12:00:00,31.676145833333337,41.939861111111114
2026-04-02 12:05:00,31.670937500000004,41.92961805555555
2026-04-02 12:10:00,31.668055555555554,41.929861111111116
2026-04-02 12:15:00,31.664409722222217,41.89975694444444
2026-04-02 12:20:00,31.661701388888886,41.94017361111111
2026-04-02 12:25:00,31.66142361111111,41.917881944444446
2026-04-02 12:30:00,31.656215277777775,41.922430555555565
2026-04-02 12:35:00,31.657534722222223,41.89743055555556
2026-04-02 12:40:00,31.65329861111111,41.8953125
2026-04-02 12:45:00,31.65319444444444,41.91652777777777
2026-04-02 12:50:00,31.649930555555557,41.90836805555555
2026-04-02 12:55:00,31.6525,41.9265625
2026-04-02 13:00:00,31.653263888888894,41.87489583333334
2026-04-02 13:05:00,31.659201388888885,41.88552083333334
2026-04-02 13:10:00,31.65743055555555,41.82989583333333
2026-04-02 13:15:00,31.661874999999995,41.83631944444445
2026-04-02 13:20:00,31.660625,41.77434027777778
2026-04-02 13:25:00,31.662986111111113,41.79190972222222
2026-04-02 13:30:00,31.66635416666667,41.77642361111111
2026-04-02 13:35:00,31.66753472222222,41.749965277777775
2026-04-02 13:40:00,31.6678125,41.7404861111111
2026-04-02 13:45:00,31.66607638888889,41.73215277777778
2026-04-02 13:50:00,31.664166666666663,41.730451388888895
2026-04-02 13:55:00,31.659652777777776,41.73694444444445
2026-04-02 14:00:00,31.658472222222226,41.74079861111111
2026-04-02 14:05:00,31.65190972222222,41.76149305555556
2026-04-02 14:10:00,31.65138888888889,41.771701388888886
2026-04-02 14:15:00,31.64368055555556,41.75371527777778
2026-04-02 14:20:00,31.64368055555556,41.79190972222222
2026-04-02 14:25:00,31.646180555555556,41.790798611111114
2026-04-02 14:30:00,31.645173611111108,41.79809027777778
2026-04-02 14:35:00,31.647673611111113,41.79565972222222
2026-04-02 14:40:00,31.648125,41.794270833333336
2026-04-02 14:45:00,31.648472222222225,41.79371527777778
2026-04-02 14:50:00,31.64673611111111,41.75416666666667
2026-04-02 14:55:00,31.646041666666665,41.78826388888889
2026-04-02 15:00:00,31.648125,41.78715277777778
2026-04-02 15:05:00,31.652534722222224,41.759861111111114
2026-04-02 15:10:00,31.655208333333334,41.75024305555556
2026-04-02 15:15:00,31.661701388888886,41.76552083333334
2026-04-02 15:20:00,31.669791666666665,41.692708333333336
2026-04-02 15:25:00,31.67361111111111,41.68944444444444
2026-04-02 15:30:00,31.680416666666662,41.669374999999995
2026-04-02 15:35:00,31.6840625,41.64166666666667
2026-04-02 15:40:00,31.68649305555556,41.62954861111111
2026-04-02 15:45:00,31.689270833333335,41.60427083333334
2026-04-02 15:50:00,31.691875,41.608125
2026-04-02 15:55:00,31.695,41.5715625
2026-04-02 16:00:00,31.69350694444445,41.56427083333333
2026-04-02 16:05:00,31.691944444444445,41.546875
2026-04-02 16:10:00,31.688333333333333,41.54385416666666
2026-04-02 16:15:00,31.682951388888892,41.5346875
2026-04-02 16:20:00,31.680659722222224,41.532291666666666
2026-04-02 16:25:00,31.672395833333333,41.52916666666667
2026-04-02 16:30:00,31.673541666666672,41.50833333333333
2026-04-02 16:35:00,31.666354166666665,41.49329861111111
2026-04-02 16:40:00,31.666736111111106,41.46416666666667
2026-04-02 16:45:00,31.659340277777776,41.45701388888889
2026-04-02 16:50:00,31.661250000000003,41.42434027777778
2026-04-02 16:55:00,31.656041666666663,41.430277777777775
2026-04-02 17:00:00,31.65986111111111,41.422847222222224
2026-04-02 17:05:00,31.65961805555556,41.39489583333333
2026-04-02 17:10:00,31.662881944444443,41.382395833333334
2026-04-02 17:15:00,31.661701388888886,41.36236111111111
2026-04-02 17:20:00,31.660937500000003,41.353229166666665
2026-04-02 17:25:00,31.658784722222222,41.33895833333334
2026-04-02 17:30:00,31.65958333333333,41.34454861111111
2026-04-02 17:35:00,31.660694444444445,41.30625
2026-04-02 17:40:00,31.66565972222222,41.31135416666667
2026-04-02 17:45:00,31.67145833333333,41.27274305555556
2026-04-02 17:50:00,31.68010416666667,41.25631944444444
2026-04-02 17:55:00,31.686875,41.208958333333335
2026-04-02 18:00:00,31.695,41.20274305555555
2026-04-02 18:05:00,31.701458333333335,41.154062499999995
2026-04-02 18:10:00,31.7071875,41.14979166666667
2026-04-02 18:15:00,31.71642361111111,41.09503472222222
2026-04-02 18:20:00,31.723645833333332,41.088750000000005
2026-04-02 18:25:00,31.734340277777775,41.02913194444445
2026-04-02 18:30:00,31.741527777777783,41.017187500000006
2026-04-02 18:35:00,31.751562500000002,40.95993055555556
2026-04-02 18:40:00,31.758020833333333,40.94954861111111
2026-04-02 18:45:00,31.767291666666665,40.892291666666665
2026-04-02 18:50:00,31.771874999999998,40.85795138888889
2026-04-02 18:55:00,31.779062500000002,40.80927083333333
2026-04-02 19:00:00,31.782118055555557,40.77979166666667
2026-04-02 19:05:00,31.788263888888885,40.73354166666667
2026-04-02 19:10:00,31.790590277777774,40.71017361111112
2026-04-02 19:20:00,31.794529616724734,40.65066202090592
2026-04-02 19:25:00,31.79783972125436,40.61421602787457
2026-04-02 19:30:00,31.797073170731707,40.595540069686415
2026-04-02 19:35:00,31.798780487804876,40.56174216027875
2026-04-02 19:40:00,31.79679442508711,40.54536585365854
2026-04-02 19:45:00,31.797282229965155,40.51435540069686
2026-04-02 19:50:00,31.79418118466899,40.50104529616724
2026-04-02 19:55:00,31.79355400696864,40.47048780487805
2026-04-02 20:00:00,31.78989547038327,40.458745644599304
2026-04-02 20:05:00,31.7887456445993,40.444808362369336
2026-04-02 20:10:00,31.785609756097557,40.43386759581882
2026-04-02 20:15:00,31.784599303135888,40.41581881533101
2026-04-02 20:20:00,31.781846689895467,40.40578397212544
2026-04-02 20:25:00,31.777177700348428,40.403414634146344
2026-04-02 20:30:00,31.771219512195124,40.405505226480834
2026-04-02 20:35:00,31.764216027874564,40.41080139372822
2026-04-02 20:40:00,31.756585365853656,40.41836236933798
2026-04-02 20:45:00,31.748432055749127,40.4276306620209
2026-04-02 20:50:00,31.739965156794423,40.43815331010453
2026-04-02 20:55:00,31.731149825783973,40.449999999999996
2026-04-02 21:00:00,31.726027874564462,40.4480487804878
2026-04-02 21:05:00,31.720243902439023,40.452229965156796
2026-04-02 21:10:00,31.714181184668988,40.48104529616725
2026-04-02 21:15:00,31.71080139372822,40.47843205574913
2026-04-02 21:20:00,31.706097560975607,40.481254355400694
2026-04-02 21:25:00,31.700662020905924,40.49602787456446
2026-04-02 21:30:00,31.698606271777003,40.4908362369338
2026-04-02 21:35:00,31.69526132404181,40.491010452961675
2026-04-02 21:40:00,31.69306620209059,40.52864111498258
2026-04-02 21:45:00,31.69191637630662,40.52135888501742
2026-04-02 21:50:00,31.6893031358885,40.51912891986063
2026-04-02 21:55:00,31.688013937282232,40.55529616724739
2026-04-02 22:00:00,31.687282229965156,40.54717770034843
2026-04-02 22:05:00,31.685156794425087,40.54393728222996
2026-04-02 22:10:00,31.68327526132404,40.57376306620209
2026-04-02 22:15:00,31.68337979094077,40.56348432055749
2026-04-02 22:20:00,31.682090592334497,40.5584668989547
2026-04-02 22:25:00,31.679965156794424,40.55616724738676
2026-04-02 22:30:00,31.677142857142858,40.555644599303136
2026-04-02 22:35:00,31.677874564459934,40.54358885017422
2026-04-02 22:40:00,31.677317073170737,40.536933797909406
2026-04-02 22:45:00,31.675818815331006,40.533170731707315
2026-04-02 22:50:00,31.673867595818813,40.531080139372825
2026-04-02 22:55:00,31.671463414634143,40.53010452961672
2026-04-02 23:00:00,31.668954703832753,40.52982578397213
2026-04-02 23:05:00,31.66634146341464,40.52996515679442
2026-04-02 23:10:00,31.663728222996514,40.53010452961672
2026-04-02 23:15:00,31.6609756097561,40.530627177700346
2026-04-02 23:20:00,31.661637630662018,40.51993031358885
2026-04-02 23:25:00,31.661811846689897,40.51313588850174
2026-04-02 23:30:00,31.661254355400693,40.5084668989547
2026-04-02 23:35:00,31.660243902439024,40.50533101045296
2026-04-02 23:40:00,31.658780487804876,40.50358885017422
2026-04-02 23:45:00,31.656864111498255,40.50310104529617
2026-04-02 23:50:00,31.65452961672474,40.503902439024394
2026-04-02 23:55:00,31.652055749128916,40.50543554006968
2026-04-03 00:00:00,31.651149825783975,40.54045296167247
2026-04-03 00:05:00,31.65156794425087,40.53369337979094
2026-04-03 00:10:00,31.651045296167247,40.529581881533105
2026-04-03 00:15:00,31.649965156794423,40.52668989547038
2026-04-03 00:20:00,31.648432055749122,40.52491289198607
2026-04-03 00:25:00,31.646794425087112,40.523275261324045
2026-04-03 00:30:00,31.645017421602784,40.52181184668989
2026-04-03 00:35:00,31.64317073170732,40.52006968641115
2026-04-03 00:40:00,31.641324041811853,40.5183275261324
2026-04-03 00:45:00,31.639407665505228,40.516341463414626
2026-04-03 00:50:00,31.637491289198604,40.514146341463416
2026-04-03 00:55:00,31.63554006968641,40.51184668989547
2026-04-03 01:00:00,31.633519163763065,40.50940766550522
2026-04-03 01:05:00,31.63156794425087,40.50682926829268
2026-04-03 01:10:00,31.6297212543554,40.503902439024394
2026-04-03 01:15:00,31.627979094076654,40.500592334494776
2026-04-03 01:20:00,31.626271777003485,40.49721254355401
2026-04-03 01:25:00,31.624599303135884,40.49390243902439
2026-04-03 01:30:00,31.62306620209059,40.49017421602787
2026-04-03 01:35:00,31.621637630662022,40.48630662020906
2026-04-03 01:40:00,31.620243902439025,40.48205574912892
2026-04-03 01:45:00,31.6190243902439,40.47752613240418
2026-04-03 01:50:00,31.618048780487808,40.472578397212544
2026-04-03 01:55:00,31.617212543554004,40.467770034843205
2026-04-03 02:00:00,31.61644599303136,40.46282229965157
2026-04-03 02:05:00,31.61571428571429,40.45797909407665
2026-04-03 02:10:00,31.61515679442509,40.452996515679445
2026-04-03 02:15:00,31.614634146341462,40.44787456445993
2026-04-03 02:20:00,31.614216027874562,40.44282229965157
2026-04-03 02:25:00,31.613832752613234,40.437770034843204
2026-04-03 02:30:00,31.613623693379786,40.432578397212545
2026-04-03 02:35:00,31.613449477351914,40.427212543554006
2026-04-03 02:40:00,31.61337979094077,40.42195121951219
2026-04-03 02:45:00,31.61327526132404,40.41693379790941
2026-04-03 02:50:00,31.613170731707317,40.41212543554006
2026-04-03 02:55:00,31.61303135888502,40.40759581881533
2026-04-03 03:00:00,31.61296167247387,40.403205574912896
2026-04-03 03:05:00,31.61285714285714,40.39909407665505
2026-04-03 03:10:00,31.61257839721255,40.395540069686405
2026-04-03 03:15:00,31.612334494773517,40.39240418118467
2026-04-03 03:20:00,31.612195121951217,40.389477351916376
2026-04-03 03:25:00,31.61202090592335,40.38689895470383
2026-04-03 03:30:00,31.61188153310104,40.38487804878049
2026-04-03 03:35:00,31.611846689895472,40.38341463414635
2026-04-03 03:40:00,31.611916376306624,40.38240418118467
2026-04-03 03:45:00,31.612020905923345,40.38202090592334
2026-04-03 03:50:00,31.61216027874564,40.38240418118467
2026-04-03 03:55:00,31.612229965156793,40.38376306620209
2026-04-03 04:00:00,31.612229965156796,40.38613240418118
2026-04-03 04:05:00,31.612125435540072,40.38947735191637
2026-04-03 04:10:00,31.612125435540072,40.39355400696864
2026-04-03 04:15:00,31.612020905923345,40.39836236933798
2026-04-03 04:20:00,31.61177700348432,40.404250871080144
2026-04-03 04:25:00,31.611637630662017,40.41048780487805
2026-04-03 04:30:00,31.611393728222993,40.417526132404184
2026-04-03 04:35:00,31.611114982578396,40.425121951219516
2026-04-03 04:40:00,31.610801393728227,40.433240418118466
2026-04-03 04:45:00,31.610557491289196,40.441707317073174
2026-04-03 04:50:00,31.610383275261324,40.4504181184669
2026-04-03 04:55:00,31.610243902439024,40.45926829268293
2026-04-03 05:00:00,31.610139372822303,40.46811846689896
2026-04-03 05:05:00,31.61006968641115,40.47714285714286
2026-04-03 05:10:00,31.61,40.486132404181184
2026-04-03 05:15:00,31.609825783972127,40.49512195121951
2026-04-03 05:20:00,31.609651567944248,40.504006968641114
2026-04-03 05:25:00,31.609372822299655,40.51299651567944
2026-04-03 05:30:00,31.609059233449475,40.52202090592334
2026-04-03 05:35:00,31.608745644599306,40.531080139372825
2026-04-03 05:40:00,31.60829268292683,40.54017421602787
2026-04-03 05:45:00,31.607804878048775,40.5493031358885
2026-04-03 05:50:00,31.607386759581882,40.55850174216028
2026-04-03 05:55:00,31.606864111498258,40.56756097560975
2026-04-03 06:00:00,31.606271777003485,40.576515679442515
2026-04-03 06:05:00,31.605609756097564,40.58560975609756
2026-04-03 06:10:00,31.604947735191633,40.594773519163766
2026-04-03 06:15:00,31.60442508710802,40.603832752613236
2026-04-03 06:20:00,31.603902439024395,40.61271777003484
2026-04-03 06:25:00,31.60334494773519,40.62163763066202
2026-04-03 06:30:00,31.60289198606272,40.630278745644596
2026-04-03 06:35:00,31.602508710801388,40.638606271777
2026-04-03 06:40:00,31.602160278745643,40.646829268292684
2026-04-03 06:45:00,31.60188153310105,40.65470383275261
2026-04-03 06:50:00,31.60149825783972,40.66285714285714
2026-04-03 06:55:00,31.601080139372822,40.6708362369338
2026-04-03 07:00:00,31.60048780487805,40.67895470383275
2026-04-03 07:05:00,31.599895470383277,40.6867944250871
2026-04-03 07:10:00,31.59919860627178,40.694808362369336
2026-04-03 07:15:00,31.59843205574913,40.70282229965157
2026-04-03 07:20:00,31.5976306620209,40.71076655052265
2026-04-03 07:25:00,31.596898954703832,40.71857142857143
2026-04-03 07:30:00,31.596202090592335,40.726445993031355
2026-04-03 07:35:00,31.59564459930314,40.73407665505226
2026-04-03 07:40:00,31.595156794425087,40.74153310104529
2026-04-03 07:45:00,31.59473867595819,40.74888501742161
2026-04-03 07:50:00,31.59439024390244,40.75599303135889
2026-04-03 07:55:00,31.594146341463418,40.76310104529616
2026-04-03 08:00:00,31.593867595818818,40.77024390243902
2026-04-03 08:05:00,31.59351916376306,40.77770034843205
2026-04-03 08:10:00,31.593344947735194,40.78477351916377
2026-04-03 08:15:00,31.593101045296166,40.792264808362376
2026-04-03 08:20:00,31.59268292682927,40.800662020905925
2026-04-03 08:25:00,31.59198606271777,40.80993031358885
2026-04-03 08:30:00,31.5909756097561,40.82
2026-04-03 08:35:00,31.589825783972127,40.8311149825784
2026-04-03 08:40:00,31.58864111498258,40.842543554006966
2026-04-03 08:45:00,31.587351916376306,40.85435540069687
2026-04-03 08:50:00,31.58595818815331,40.86644599303136
2026-04-03 08:55:00,31.58452961672474,40.878954703832754
2026-04-03 09:00:00,31.583031358885016,40.891672473867594
2026-04-03 09:05:00,31.581533101045295,40.90487804878049
2026-04-03 09:10:00,31.579860627177702,40.918919860627184
2026-04-03 09:15:00,31.578048780487805,40.93348432055749
2026-04-03 09:20:00,31.57613240418118,40.94853658536586
2026-04-03 09:25:00,31.574181184668994,40.963728222996515
2026-04-03 09:30:00,31.572195121951225,40.979163763066204
2026-04-03 09:35:00,31.570104529616728,40.99498257839722
2026-04-03 09:40:00,31.56794425087108,41.01132404181185
2026-04-03 09:45:00,31.5695818815331,41.017526132404186
2026-04-03 09:50:00,31.57031358885017,41.02721254355401
2026-04-03 09:55:00,31.570487804878052,41.05310104529617
2026-04-03 10:00:00,31.573623693379794,41.05540069686411
2026-04-03 10:05:00,31.575296167247387,41.062229965156796
2026-04-03 10:10:00,31.579930313588847,41.05933797909408
2026-04-03 10:15:00,31.58275261324042,41.06247386759582
2026-04-03 10:20:00,31.588885017421603,41.05393728222997
2026-04-03 10:25:00,31.591567944250865,41.0212543554007
2026-04-03 10:30:00,31.595156794425087,41.0198606271777
2026-04-03 10:35:00,31.59714285714286,41.02435540069686
2026-04-03 10:40:00,31.602717770034843,41.01606271777003
2026-04-03 10:45:00,31.605574912891985,41.00017421602788
2026-04-03 10:50:00,31.609128919860627,40.995644599303134
2026-04-03 10:55:00,31.613066202090597,41.02229965156794
2026-04-03 11:00:00,31.61912891986063,41.008292682926836
2026-04-03 11:05:00,31.62567944250871,41.02954703832752
2026-04-03 11:10:00,31.632752613240413,41.010696864111495
2026-04-03 11:15:00,31.637456445993035,41.0404181184669
2026-04-03 11:20:00,31.642299651567946,41.02491289198606
2026-04-03 11:25:00,31.645853658536588,41.058606271777
2026-04-03 11:30:00,31.650104529616723,41.04292682926829
2026-04-03 11:35:00,31.653867595818816,41.07393728222996
2026-04-03 11:40:00,31.657665505226483,41.057212543554
2026-04-03 11:45:00,31.66216027874564,41.08432055749129
2026-04-03 11:50:00,31.666376306620208,41.06331010452962
2026-04-03 11:55:00,31.671254355400695,41.08996515679443
2026-04-03 12:00:00,31.674320557491285,41.04160278745644
2026-04-03 12:05:00,31.679128919860627,41.06578397212544
2026-04-03 12:10:00,31.680766550522645,41.05090592334494
2026-04-03 12:15:00,31.683101045296173,41.065923344947734
2026-04-03 12:20:00,31.688188153310104,41.027038327526135
2026-04-03 12:25:00,31.68780487804878,41.027351916376304
2026-04-03 12:30:00,31.692717770034847,40.99898954703833
2026-04-03 12:35:00,31.69121951219512,40.990836236933795
2026-04-03 12:40:00,31.695505226480837,40.963170731707315
2026-04-03 12:45:00,31.695191637630664,40.92905923344947
2026-04-03 12:50:00,31.6987456445993,40.89989547038328
2026-04-03 12:55:00,31.699581881533103,40.86609756097561
2026-04-03 13:00:00,31.6997212543554,40.87101045296167
2026-04-03 13:05:00,31.694181184668995,40.84512195121951
2026-04-03 13:10:00,31.69721254355401,40.84289198606272
2026-04-03 13:15:00,31.691324041811846,40.819128919860624
2026-04-03 13:20:00,31.694738675958185,40.81296167247387
2026-04-03 13:25:00,31.689337979094077,40.77609756097561
2026-04-03 13:30:00,31.690662020905922,40.7697212543554
2026-04-03 13:35:00,31.686271777003487,40.730000000000004
2026-04-03 13:40:00,31.68477351916376,40.72480836236934
2026-04-03 13:45:00,31.682996515679445,40.67668989547038
2026-04-03 13:50:00,31.680104529616727,40.667421602787456
2026-04-03 13:55:00,31.681289198606272,40.60912891986062
2026-04-03 14:00:00,31.675644599303137,40.59682926829269
2026-04-03 14:05:00,31.678571428571427,40.52808362369338
2026-04-03 14:10:00,31.672508710801395,40.503449477351914
2026-04-03 14:15:00,31.674425087108013,40.48087108013937
2026-04-03 14:20:00,31.671149825783967,40.42303135888502
2026-04-03 14:25:00,31.6690243902439,40.401707317073175
2026-04-03 14:30:00,31.667595818815332,40.33609756097561
2026-04-03 14:35:00,31.66170731707317,40.31554006968641
2026-04-03 14:40:00,31.664425087108015,40.23369337979094
2026-04-03 14:45:00,31.658606271777003,40.20034843205575
2026-04-03 14:50:00,31.65822299651568,40.17271777003484
2026-04-03 14:55:00,31.655574912891986,40.10578397212544
2026-04-03 15:00:00,31.6501393728223,40.08059233449477
2026-04-03 15:05:00,31.64801393728223,40.02222996515679
2026-04-03 15:10:00,31.64156794425087,39.99665505226481
2026-04-03 15:15:00,31.631602787456448,39.95393728222996
2026-04-03 15:20:00,31.627491289198606,39.93156794425087
2026-04-03 15:25:00,31.619581881533108,39.892125435540066
2026-04-03 15:30:00,31.61365853658537,39.87512195121951
2026-04-03 15:35:00,31.61170731707317,39.835505226480834
2026-04-03 15:40:00,31.608048780487806,39.81623693379791
2026-04-03 15:45:00,31.60526132404181,39.780069686411146
2026-04-03 15:50:00,31.5998606271777,39.7456794425087
2026-04-03 15:55:00,31.59547038327526,39.72536585365854
2026-04-03 16:00:00,31.592648083623693,39.70581881533101
2026-04-03 16:05:00,31.587177700348434,39.67756097560975
2026-04-03 16:10:00,31.586898954703834,39.65268292682927
2026-04-03 16:15:00,31.58191637630662,39.61926829268293
2026-04-03 16:20:00,31.581533101045295,39.59560975609756
2026-04-03 16:25:00,31.580836236933802,39.55317073170732
2026-04-03 16:30:00,31.575993031358884,39.53216027874564
2026-04-03 16:35:00,31.576445993031353,39.496550522648086
2026-04-03 16:40:00,31.567804878048783,39.47707317073171
2026-04-03 16:45:00,31.569860627177704,39.43515679442509
2026-04-03 16:50:00,31.56285714285714,39.41306620209059
2026-04-03 16:55:00,31.562090592334492,39.37362369337979
2026-04-03 17:00:00,31.556759581881536,39.35167247386759
2026-04-03 17:05:00,31.554320557491284,39.315993031358886
2026-04-03 17:10:00,31.550627177700346,39.297282229965155
2026-04-03 17:15:00,31.54686411149826,39.26581881533101
2026-04-03 17:20:00,31.54519163763066,39.248641114982576
2026-04-03 17:25:00,31.54114982578397,39.21961672473868
2026-04-03 17:30:00,31.535505226480836,39.19749128919861
2026-04-03 17:35:00,31.532299651567946,39.18449477351917
2026-04-03 17:40:00,31.530243902439025,39.15766550522648
2026-04-03 17:45:00,31.52885017421603,39.12937282229965
2026-04-03 17:50:00,31.52285714285714,39.122090592334494
2026-04-03 17:55:00,31.517770034843206,39.095644599303135
2026-04-03 18:00:00,31.511951219512195,39.07630662020906
2026-04-03 18:05:00,31.505679442508708,39.04839721254355
2026-04-03 18:10:00,31.500940766550517,39.02439024390243
2026-04-03 18:15:00,31.49156794425087,39.00641114982579
2026-04-03 18:20:00,31.486236933797908,38.9808362369338
2026-04-03 18:25:00,31.482090592334497,38.948501742160275
2026-04-03 18:30:00,31.477560975609755,38.92104529616725
2026-04-03 18:35:00,31.469686411149823,38.90048780487805
2026-04-03 18:40:00,31.465261324041816,38.87320557491289
2026-04-03 18:45:00,31.458432055749128,38.85470383275261
2026-04-03 18:50:00,31.452613240418124,38.82620209059233
2026-04-03 18:55:00,31.44780487804878,38.80637630662021
2026-04-03 19:00:00,31.4406968641115,38.791916376306624
2026-04-03 19:05:00,31.437839721254356,38.769616724738675
2026-04-03 19:10:00,31.432648083623693,38.75275261324042
2026-04-03 19:15:00,31.434826388888887,38.72881944444444
2026-04-03 19:20:00,31.43170138888889,38.70760416666666
2026-04-03 19:25:00,31.432638888888885,38.67784722222222
2026-04-03 19:30:00,31.43173611111111,38.65270833333333
2026-04-03 19:35:00,31.434201388888887,38.616701388888885
2026-04-03 19:40:00,31.435034722222227,38.588229166666665
2026-04-03 19:45:00,31.43763888888889,38.544270833333336
2026-04-03 19:50:00,31.440104166666668,38.512256944444445
2026-04-03 19:55:00,31.445138888888884,38.468715277777775
2026-04-03 20:00:00,31.44875,38.43409722222222
2026-04-03 20:05:00,31.45357638888889,38.38645833333333
2026-04-03 20:10:00,31.45670138888889,38.35236111111111
2026-04-03 20:15:00,31.461736111111108,38.314062500000006
2026-04-03 20:20:00,31.468229166666667,38.273125
2026-04-03 20:25:00,31.47565972222223,38.230243055555555
2026-04-03 20:30:00,31.48375,38.18638888888889
2026-04-03 20:35:00,31.492395833333337,38.141597222222224
2026-04-03 20:40:00,31.50142361111111,38.09607638888889
2026-04-03 20:45:00,31.51076388888889,38.05010416666667
2026-04-03 20:50:00,31.520347222222224,38.003819444444446
2026-04-03 20:55:00,31.52982638888889,37.957326388888895
2026-04-03 21:00:00,31.53913194444444,37.91045138888889
2026-04-03 21:05:00,31.544722222222227,37.87222222222222
2026-04-03 21:10:00,31.55118055555556,37.83246527777778
2026-04-03 21:15:00,31.55569444444445,37.778506944444445
2026-04-03 21:20:00,31.559826388888887,37.74458333333334
2026-04-03 21:25:00,31.564861111111114,37.709131944444444
2026-04-03 21:30:00,31.570486111111116,37.67305555555556
2026-04-03 21:35:00,31.575000000000003,37.621493055555554
2026-04-03 21:40:00,31.577777777777776,37.593125
2026-04-03 21:45:00,31.581458333333337,37.56333333333333
2026-04-03 21:50:00,31.58565972222222,37.53315972222222
2026-04-03 21:55:00,31.5903125,37.503125
2026-04-03 22:00:00,31.59270833333333,37.459652777777784
2026-04-03 22:05:00,31.594618055555557,37.43715277777778
2026-04-03 22:10:00,31.597326388888884,37.41329861111112
2026-04-03 22:15:00,31.600590277777776,37.388888888888886
2026-04-03 22:20:00,31.60420138888889,37.36423611111111
2026-04-03 22:25:00,31.60795138888889,37.34013888888889
2026-04-03 22:30:00,31.61184027777778,37.31642361111111
2026-04-03 22:35:00,31.612673611111106,37.301874999999995
2026-04-03 22:40:00,31.6134375,37.286875
2026-04-03 22:45:00,31.614895833333335,37.27090277777778
2026-04-03 22:50:00,31.616666666666667,37.25444444444444
2026-04-03 22:55:00,31.618819444444448,37.2378125
2026-04-03 23:00:00,31.621076388888884,37.22107638888889
2026-04-03 23:05:00,31.623402777777773,37.204375
2026-04-03 23:10:00,31.625763888888887,37.188055555555565
2026-04-03 23:15:00,31.628229166666667,37.17177083333334
2026-04-03 23:20:00,31.627291666666665,37.16545138888889
2026-04-03 23:25:00,31.626840277777774,37.156840277777775
2026-04-03 23:30:00,31.627222222222226,37.14631944444445
2026-04-03 23:35:00,31.627534722222222,37.116458333333334
2026-04-03 23:40:00,31.62569444444445,37.111875
2026-04-03 23:45:00,31.625173611111116,37.10381944444444
2026-04-03 23:50:00,31.625555555555554,37.093333333333334
2026-04-03 23:55:00,31.626388888888886,37.08170138888889
2026-04-04 00:00:00,31.62763888888889,37.06940972222222
2026-04-04 00:05:00,31.629201388888887,37.056666666666665
2026-04-04 00:10:00,31.63107638888889,37.04361111111111
2026-04-04 00:15:00,31.632986111111116,37.030902777777776
2026-04-04 00:20:00,31.635034722222226,37.018125
2026-04-04 00:25:00,31.637013888888887,37.00572916666667
2026-04-04 00:30:00,31.63892361111111,36.993993055555556
2026-04-04 00:35:00,31.64079861111111,36.98277777777778
2026-04-04 00:40:00,31.64232638888889,36.97239583333334
2026-04-04 00:45:00,31.643472222222222,36.96302083333333
2026-04-04 00:50:00,31.64420138888889,36.954652777777774
2026-04-04 00:55:00,31.644479166666663,36.947187500000005
2026-04-04 01:00:00,31.64430555555556,36.94083333333334
2026-04-04 01:05:00,31.643715277777776,36.935520833333335
2026-04-04 01:10:00,31.642881944444444,36.93100694444444
2026-04-04 01:15:00,31.64190972222222,36.92715277777778
2026-04-04 01:20:00,31.6409375,36.92357638888889
2026-04-04 01:25:00,31.640069444444446,36.920312499999994
2026-04-04 01:30:00,31.639374999999998,36.91729166666667
2026-04-04 01:35:00,31.63871527777778,36.91451388888889
2026-04-04 01:40:00,31.63819444444444,36.911874999999995
2026-04-04 01:45:00,31.637812500000003,36.90923611111111
2026-04-04 01:50:00,31.63746527777778,36.906666666666666
2026-04-04 01:55:00,31.63715277777778,36.904131944444444
2026-04-04 02:00:00,31.63694444444444,36.90145833333334
2026-04-04 02:05:00,31.636909722222217,36.89868055555556
2026-04-04 02:10:00,31.636979166666663,36.895694444444445
2026-04-04 02:15:00,31.637118055555554,36.89256944444445
2026-04-04 02:20:00,31.637256944444445,36.88944444444444
2026-04-04 02:25:00,31.63746527777778,36.886180555555555
2026-04-04 02:30:00,31.63760416666667,36.88298611111111
2026-04-04 02:35:00,31.637812500000003,36.8796875
2026-04-04 02:40:00,31.637951388888887,36.87631944444445
2026-04-04 02:45:00,31.63819444444444,36.872708333333335
2026-04-04 02:50:00,31.638645833333335,36.868750000000006
2026-04-04 02:55:00,31.639340277777777,36.864270833333336
2026-04-04 03:00:00,31.640069444444446,36.85954861111111
2026-04-04 03:05:00,31.640868055555554,36.85451388888889
2026-04-04 03:10:00,31.64173611111111,36.84913194444445
2026-04-04 03:15:00,31.6425,36.84378472222222
2026-04-04 03:20:00,31.64309027777778,36.83847222222222
2026-04-04 03:25:00,31.643611111111106,36.83340277777778
2026-04-04 03:30:00,31.644062500000004,36.82836805555556
2026-04-04 03:35:00,31.644479166666663,36.82315972222222
2026-04-04 03:40:00,31.644930555555554,36.81777777777778
2026-04-04 03:45:00,31.645173611111108,36.81256944444445
2026-04-04 03:50:00,31.64520833333334,36.807430555555555
2026-04-04 03:55:00,31.645312500000003,36.801874999999995
2026-04-04 04:00:00,31.645243055555554,36.79607638888889
2026-04-04 04:05:00,31.645208333333333,36.79
2026-04-04 04:10:00,31.645034722222224,36.78350694444444
2026-04-04 04:15:00,31.64482638888889,36.776875
2026-04-04 04:20:00,31.64454861111111,36.77003472222222
2026-04-04 04:25:00,31.64409722222222,36.763124999999995
2026-04-04 04:30:00,31.643750000000004,36.75590277777778
2026-04-04 04:35:00,31.643333333333334,36.7484375
2026-04-04 04:40:00,31.64284722222222,36.74076388888889
2026-04-04 04:45:00,31.64232638888889,36.732777777777784
2026-04-04 04:50:00,31.641770833333332,36.72447916666667
2026-04-04 04:55:00,31.641180555555554,36.71586805555555
2026-04-04 05:00:00,31.64052083333333,36.707118055555554
2026-04-04 05:05:00,31.639687499999997,36.69809027777777
2026-04-04 05:10:00,31.63871527777778,36.68902777777778
2026-04-04 05:15:00,31.637743055555557,36.67989583333334
2026-04-04 05:20:00,31.63673611111111,36.67072916666667
2026-04-04 05:25:00,31.63583333333333,36.66135416666667
2026-04-04 05:30:00,31.63496527777778,36.65170138888889
2026-04-04 05:35:00,31.63409722222222,36.64170138888889
2026-04-04 05:40:00,31.633368055555554,36.63149305555556
2026-04-04 05:45:00,31.63263888888889,36.6209375
2026-04-04 05:50:00,31.631909722222222,36.61013888888888
2026-04-04 05:55:00,31.63111111111111,36.599895833333335
2026-04-04 06:00:00,31.630312499999995,36.58972222222222
2026-04-04 06:05:00,31.629548611111108,36.57965277777778
2026-04-04 06:10:00,31.62875,36.56975694444444
2026-04-04 06:15:00,31.627881944444443,36.56017361111111
2026-04-04 06:20:00,31.62701388888889,36.550798611111105
2026-04-04 06:25:00,31.626215277777778,36.54159722222222
2026-04-04 06:30:00,31.625243055555554,36.53302083333333
2026-04-04 06:35:00,31.624270833333338,36.52472222222222
2026-04-04 06:40:00,31.623333333333335,36.516423611111115
2026-04-04 06:45:00,31.62243055555555,36.50829861111111
2026-04-04 06:50:00,31.62166666666667,36.49982638888889
2026-04-04 06:55:00,31.62097222222222,36.4915625
2026-04-04 07:00:00,31.620486111111113,36.48302083333333
2026-04-04 07:05:00,31.620104166666668,36.47440972222223
2026-04-04 07:10:00,31.61982638888889,36.465451388888894
2026-04-04 07:15:00,31.619687499999998,36.45628472222222
2026-04-04 07:20:00,31.61961805555556,36.44690972222222
2026-04-04 07:25:00,31.61951388888889,36.437465277777775
2026-04-04 07:30:00,31.619548611111114,36.42760416666667
2026-04-04 07:35:00,31.61951388888889,36.41763888888889
2026-04-04 07:40:00,31.61961805555556,36.4071875
2026-04-04 07:45:00,31.619687499999998,36.39642361111111
2026-04-04 07:50:00,31.619687499999998,36.38559027777777
2026-04-04 07:55:00,31.619583333333328,36.37479166666667
2026-04-04 08:00:00,31.619583333333335,36.36361111111111
2026-04-04 08:05:00,31.61961805555556,36.351875
2026-04-04 08:10:00,31.61961805555556,36.33979166666666
2026-04-04 08:15:00,31.619791666666668,36.32677083333333
2026-04-04 08:20:00,31.62024305555556,36.31243055555555
2026-04-04 08:25:00,31.62111111111111,36.29663194444444
2026-04-04 08:30:00,31.622430555555557,36.27940972222222
2026-04-04 08:35:00,31.624097222222222,36.26090277777777
2026-04-04 08:40:00,31.625868055555557,36.24138888888889
2026-04-04 08:45:00,31.627569444444443,36.2215625
2026-04-04 08:50:00,31.629166666666663,36.201319444444444
2026-04-04 08:55:00,31.630729166666665,36.1803125
2026-04-04 09:00:00,31.632152777777783,36.15878472222222
2026-04-04 09:05:00,31.633368055555554,36.136423611111105
2026-04-04 09:10:00,31.634479166666665,36.11131944444444
2026-04-04 09:15:00,31.63545138888889,36.08329861111111
2026-04-04 09:20:00,31.63638888888889,36.05545138888888
2026-04-04 09:25:00,31.637326388888887,36.0275
2026-04-04 09:30:00,31.638263888888886,35.99913194444444
2026-04-04 09:35:00,31.639236111111114,35.97024305555556
2026-04-04 09:40:00,31.640208333333337,35.94076388888889
2026-04-04 09:45:00,31.641145833333333,35.911180555555546
2026-04-04 09:50:00,31.638472222222227,35.8896875
2026-04-04 09:55:00,31.63642361111111,35.8665625
2026-04-04 10:00:00,31.635173611111114,35.84190972222222
2026-04-04 10:05:00,31.63451388888889,35.81628472222222
2026-04-04 10:10:00,31.630868055555556,35.79923611111111
2026-04-04 10:15:00,31.627777777777776,35.780763888888885
2026-04-04 10:20:00,31.625659722222224,35.760625
2026-04-04 10:25:00,31.625208333333337,35.763333333333335
2026-04-04 10:30:00,31.624236111111113,35.739270833333336
2026-04-04 10:35:00,31.623749999999998,35.71513888888889
2026-04-04 10:40:00,31.62065972222222,35.67138888888889
2026-04-04 10:45:00,31.618125000000003,35.683611111111105
2026-04-04 10:50:00,31.619548611111114,35.65326388888889
2026-04-04 10:55:00,31.616284722222222,35.635173611111114
2026-04-04 11:00:00,31.614201388888887,35.61496527777777
2026-04-04 11:05:00,31.608437500000004,35.60413194444445
2026-04-04 11:10:00,31.604687500000004,35.588854166666664
2026-04-04 11:15:00,31.60184027777778,35.57038194444444
2026-04-04 11:20:00,31.599722222222226,35.55111111111111
2026-04-04 11:25:00,31.597638888888884,35.53010416666667
2026-04-04 11:30:00,31.596006944444444,35.510416666666664
2026-04-04 11:35:00,31.594409722222224,35.48920138888889
2026-04-04 11:40:00,31.593333333333337,35.469548611111115
2026-04-04 11:45:00,31.59211805555556,35.44840277777778
2026-04-04 11:50:00,31.59072916666667,35.42420138888889
2026-04-04 11:55:00,31.589756944444446,35.40263888888889
2026-04-04 12:00:00,31.589652777777776,35.395
2026-04-04 12:05:00,31.589027777777776,35.37378472222222
2026-04-04 12:10:00,31.59010416666667,35.32399305555556
2026-04-04 12:15:00,31.588854166666668,35.3096875
2026-04-04 12:20:00,31.58371527777778,35.29694444444444
2026-04-04 12:25:00,31.58232638888889,35.28916666666667
2026-04-04 12:30:00,31.58145833333333,35.28270833333333
2026-04-04 12:35:00,31.580972222222222,35.277881944444445
2026-04-04 12:40:00,31.580694444444443,35.27559027777778
2026-04-04 12:45:00,31.582604166666663,35.27875
2026-04-04 12:50:00,31.582048611111116,35.28274305555556
2026-04-04 12:55:00,31.583576388888886,35.297604166666666
2026-04-04 13:00:00,31.58315972222222,35.30600694444444
2026-04-04 13:05:00,31.590208333333333,35.31590277777778
2026-04-04 13:10:00,31.589861111111116,35.33166666666667
2026-04-04 13:15:00,31.596979166666667,35.33076388888889
2026-04-04 13:20:00,31.59739583333333,35.34774305555556
2026-04-04 13:25:00,31.60309027777778,35.34583333333333
2026-04-04 13:30:00,31.605,35.3609375
2026-04-04 13:35:00,31.60875,35.36215277777778
2026-04-04 13:40:00,31.61326388888889,35.37524305555556
2026-04-04 13:45:00,31.614999999999995,35.38059027777778
2026-04-04 13:50:00,31.619722222222222,35.39517361111111
2026-04-04 13:55:00,31.619618055555552,35.40416666666667
2026-04-04 14:00:00,31.62472222222222,35.42048611111111
2026-04-04 14:05:00,31.624340277777776,35.43138888888889
2026-04-04 14:10:00,31.62875,35.454687500000006
2026-04-04 14:15:00,31.62986111111111,35.46236111111111
2026-04-04 14:20:00,31.63190972222223,35.49288194444445
2026-04-04 14:25:00,31.636041666666667,35.49961805555555
2026-04-04 14:30:00,31.636076388888892,35.53607638888889
2026-04-04 14:35:00,31.643090277777773,35.54385416666666
2026-04-04 14:40:00,31.63930555555556,35.5915625
2026-04-04 14:45:00,31.645833333333332,35.61708333333333
2026-04-04 14:50:00,31.646076388888886,35.63375
2026-04-04 14:55:00,31.650000000000002,35.66784722222222
2026-04-04 15:00:00,31.65461805555556,35.681423611111114
2026-04-04 15:05:00,31.65684027777778,35.71684027777778
2026-04-04 15:10:00,31.660520833333337,35.733888888888885
2026-04-04 15:15:00,31.66809027777778,35.768819444444446
2026-04-04 15:20:00,31.670277777777773,35.78729166666667
2026-04-04 15:25:00,31.673263888888886,35.83322916666667
2026-04-04 15:30:00,31.678784722222222,35.85319444444445
2026-04-04 15:35:00,31.675625,35.904513888888886
2026-04-04 15:40:00,31.68069444444444,35.93704861111111
2026-04-04 15:45:00,31.68072916666667,35.960902777777775
2026-04-04 15:50:00,31.687430555555554,35.99520833333334
2026-04-04 15:55:00,31.6871875,36.01538194444444
2026-04-04 16:00:00,31.692187499999996,36.05482638888889
2026-04-04 16:05:00,31.696284722222217,36.07006944444444
2026-04-04 16:10:00,31.698194444444443,36.11802083333333
2026-04-04 16:15:00,31.706666666666663,36.13329861111111
2026-04-04 16:20:00,31.707708333333333,36.17864583333333
2026-04-04 16:25:00,31.714062499999997,36.197673611111114
2026-04-04 16:30:00,31.71763888888889,36.240208333333335
2026-04-04 16:35:00,31.722361111111113,36.26246527777778
2026-04-04 16:40:00,31.728993055555552,36.30138888888889
2026-04-04 16:45:00,31.731111111111108,36.324930555555554
2026-04-04 16:50:00,31.73451388888889,36.371111111111105
2026-04-04 16:55:00,31.739791666666672,36.39263888888889
2026-04-04 17:00:00,31.740972222222222,36.44034722222223
2026-04-04 17:05:00,31.747187500000003,36.464444444444446
2026-04-04 17:10:00,31.74697916666667,36.51
2026-04-04 17:15:00,31.753993055555554,36.531284722222225
2026-04-04 17:20:00,31.75881944444445,36.54368055555556
2026-04-04 17:25:00,31.766180555555554,36.56083333333333
2026-04-04 17:30:00,31.7740625,36.57458333333333
2026-04-04 17:35:00,31.77565972222222,36.60635416666666
2026-04-04 17:40:00,31.778576388888887,36.62788194444445
2026-04-04 17:45:00,31.774513888888887,36.66840277777778
2026-04-04 17:50:00,31.77729166666667,36.68145833333333
2026-04-04 17:55:00,31.778506944444448,36.71517361111111
2026-04-04 18:00:00,31.780000000000005,36.723263888888894
2026-04-04 18:05:00,31.783958333333334,36.75305555555556
2026-04-04 18:10:00,31.78482638888889,36.75947916666667
2026-04-04 18:15:00,31.789270833333333,36.783541666666665
2026-04-04 18:20:00,31.787500000000005,36.79215277777777
2026-04-04 18:25:00,31.785694444444445,36.83013888888889
2026-04-04 18:30:00,31.784236111111113,36.83951388888889
2026-04-04 18:35:00,31.786527777777778,36.86440972222223
2026-04-04 18:40:00,31.78510416666667,36.87184027777778
2026-04-04 18:45:00,31.7871875,36.89357638888889
2026-04-04 18:50:00,31.786666666666665,36.91645833333334
2026-04-04 18:55:00,31.787881944444443,36.936840277777776
2026-04-04 19:00:00,31.789201388888884,36.96072916666667
2026-04-04 19:05:00,31.789444444444445,36.98128472222223
2026-04-04 19:10:00,31.792291666666667,36.97083333333333
2026-04-04 19:15:00,31.791180555555556,36.995555555555555
2026-04-04 19:20:00,31.795416666666668,37.006076388888886
2026-04-04 19:25:00,31.793125,37.03364583333334
2026-04-04 19:30:00,31.796076388888885,37.047430555555565
2026-04-04 19:35:00,31.79381944444445,37.07701388888889
2026-04-04 19:40:00,31.79545138888889,37.094027777777775
2026-04-04 19:45:00,31.797951388888887,37.11975694444445
2026-04-04 19:50:00,31.797708333333333,37.14222222222222
2026-04-04 19:55:00,31.797743055555557,37.167881944444446
2026-04-04 20:00:00,31.799270833333335,37.15767361111111
2026-04-04 20:05:00,31.798437499999995,37.18975694444444
2026-04-04 20:10:00,31.801076388888887,37.203125
2026-04-04 20:15:00,31.798055555555557,37.23184027777777
2026-04-04 20:20:00,31.795694444444443,37.256145833333335
2026-04-04 20:25:00,31.793749999999996,37.265798611111116
2026-04-04 20:30:00,31.788680555555555,37.29611111111111
2026-04-04 20:35:00,31.785416666666663,37.32100694444444
2026-04-04 20:40:00,31.77923611111111,37.35635416666667
2026-04-04 20:45:00,31.77454861111111,37.384409722222216
2026-04-04 20:50:00,31.77152777777778,37.40774305555555
2026-04-04 20:55:00,31.765381944444446,37.44052083333333
2026-04-04 21:00:00,31.761076388888892,37.467395833333335
2026-04-04 21:05:00,31.76177083333333,37.48173611111111
2026-04-04 21:10:00,31.758124999999993,37.50673611111111
2026-04-04 21:15:00,31.758125,37.540868055555556
2026-04-04 21:20:00,31.75954861111111,37.55204861111111
2026-04-04 21:25:00,31.756666666666668,37.574756944444445
2026-04-04 21:30:00,31.754201388888887,37.59392361111111
2026-04-04 21:35:00,31.753819444444446,37.62572916666667
2026-04-04 21:40:00,31.755868055555556,37.6328125
2026-04-04 21:45:00,31.753368055555555,37.651319444444454
2026-04-04 21:50:00,31.751493055555557,37.66663194444445
2026-04-04 21:55:00,31.750104166666663,37.679652777777775
2026-04-04 22:00:00,31.751631944444448,37.70458333333333
2026-04-04 22:05:00,31.751562499999995,37.684687499999995
2026-04-04 22:10:00,31.750069444444446,37.69673611111111
2026-04-04 22:15:00,31.748958333333334,37.70708333333334
2026-04-04 22:20:00,31.748124999999998,37.716076388888894
2026-04-04 22:25:00,31.747604166666665,37.72375
2026-04-04 22:30:00,31.74722222222222,37.730694444444445
2026-04-04 22:35:00,31.746215277777782,37.73798611111111
2026-04-04 22:40:00,31.746180555555554,37.74336805555556
2026-04-04 22:45:00,31.74614583333333,37.74840277777778
2026-04-04 22:50:00,31.74621527777778,37.75322916666667
2026-04-04 22:55:00,31.74621527777778,37.75795138888889
2026-04-04 23:00:00,31.74625,37.76277777777777
2026-04-04 23:05:00,31.74625,37.767673611111114
2026-04-04 23:10:00,31.74232638888889,37.782777777777774
2026-04-04 23:15:00,31.73923611111111,37.79524305555555
2026-04-04 23:20:00,31.740312499999998,37.79625
2026-04-04 23:25:00,31.741388888888892,37.79833333333333
2026-04-04 23:30:00,31.741979166666663,37.80163194444444
2026-04-04 23:35:00,31.74288194444445,37.823506944444446
2026-04-04 23:40:00,31.74621527777778,37.81947916666667
2026-04-04 23:45:00,31.748368055555552,37.81805555555556
2026-04-04 23:50:00,31.74951388888889,37.818784722222226
2026-04-04 23:55:00,31.750069444444446,37.82079861111111
2026-04-05 00:00:00,31.750347222222217,37.82340277777778
2026-04-05 00:05:00,31.750451388888887,37.826145833333335
2026-04-05 00:10:00,31.75048611111111,37.82881944444444
2026-04-05 00:15:00,31.75069444444444,37.83097222222222
2026-04-05 00:20:00,31.750972222222217,37.83267361111111
2026-04-05 00:25:00,31.751145833333332,37.83413194444445
2026-04-05 00:30:00,31.75152777777778,37.834965277777776
2026-04-05 00:35:00,31.751944444444444,37.8353125
2026-04-05 00:40:00,31.75263888888889,37.834965277777776
2026-04-05 00:45:00,31.753715277777776,37.83371527777778
2026-04-05 00:50:00,31.754687500000003,37.83284722222223
2026-04-05 00:55:00,31.756145833333335,37.83090277777777
2026-04-05 01:00:00,31.758020833333333,37.827847222222225
2026-04-05 01:05:00,31.760312499999998,37.82385416666667
2026-04-05 01:10:00,31.76256944444445,37.8196875
2026-04-05 01:15:00,31.764861111111113,37.814930555555556
2026-04-05 01:20:00,31.767118055555557,37.80996527777778
2026-04-05 01:25:00,31.76909722222222,37.804965277777775
2026-04-05 01:30:00,31.770763888888887,37.8
2026-04-05 01:35:00,31.772361111111113,37.79493055555555
2026-04-05 01:40:00,31.77354166666667,37.79076388888889
2026-04-05 01:45:00,31.774305555555557,37.787395833333335
2026-04-05 01:50:00,31.774895833333332,37.78420138888888
2026-04-05 01:55:00,31.775555555555556,37.780798611111116
2026-04-05 02:00:00,31.776111111111113,37.777430555555554
2026-04-05 02:05:00,31.776736111111113,37.77378472222222
2026-04-05 02:10:00,31.77746527777778,37.7696875
2026-04-05 02:15:00,31.778159722222224,37.765347222222225
2026-04-05 02:20:00,31.778750000000002,37.76083333333334
2026-04-05 02:25:00,31.779131944444448,37.75638888888889
2026-04-05 02:30:00,31.779305555555556,37.752118055555556
2026-04-05 02:35:00,31.77934027777778,37.74798611111111
2026-04-05 02:40:00,31.779305555555556,37.743923611111114
2026-04-05 02:45:00,31.779270833333335,37.739756944444444
2026-04-05 02:50:00,31.778993055555556,37.73576388888889
2026-04-05 02:55:00,31.77854166666667,37.73215277777778
2026-04-05 03:00:00,31.777951388888894,37.728680555555556
2026-04-05 03:05:00,31.777256944444446,37.725590277777776
2026-04-05 03:10:00,31.776527777777776,37.722743055555554
2026-04-05 03:15:00,31.775798611111114,37.71993055555556
2026-04-05 03:20:00,31.77513888888889,37.71704861111111
2026-04-05 03:25:00,31.774513888888894,37.71409722222222
2026-04-05 03:30:00,31.773958333333333,37.711076388888884
2026-04-05 03:35:00,31.773333333333337,37.70829861111111
2026-04-05 03:40:00,31.772499999999997,37.70590277777777
2026-04-05 03:45:00,31.77180555555556,37.703402777777775
2026-04-05 03:50:00,31.771249999999995,37.70104166666667
2026-04-05 03:55:00,31.770451388888894,37.69927083333334
2026-04-05 04:00:00,31.769756944444445,37.6978125
2026-04-05 04:05:00,31.768993055555555,37.696875000000006
2026-04-05 04:10:00,31.768194444444443,37.6965625
2026-04-05 04:15:00,31.76753472222222,37.69652777777778
2026-04-05 04:20:00,31.767013888888886,37.69652777777778
2026-04-05 04:25:00,31.766597222222224,37.69684027777778
2026-04-05 04:30:00,31.766284722222217,37.69729166666667
2026-04-05 04:35:00,31.766145833333333,37.697916666666664
2026-04-05 04:40:00,31.766180555555554,37.69861111111111
2026-04-05 04:45:00,31.76635416666667,37.69947916666666
2026-04-05 04:50:00,31.76666666666667,37.700520833333336
2026-04-05 04:55:00,31.76715277777778,37.70170138888889
2026-04-05 05:00:00,31.76777777777778,37.70302083333334
2026-04-05 05:05:00,31.76868055555555,37.70440972222222
2026-04-05 05:10:00,31.76982638888889,37.705868055555555
2026-04-05 05:15:00,31.77111111111111,37.70746527777778
2026-04-05 05:20:00,31.77243055555556,37.70947916666667
2026-04-05 05:25:00,31.77375,37.71177083333333
2026-04-05 05:30:00,31.775208333333328,37.71447916666667
2026-04-05 05:35:00,31.776736111111113,37.71756944444445
2026-04-05 05:40:00,31.778159722222224,37.72125
2026-04-05 05:45:00,31.779756944444443,37.72527777777778
2026-04-05 05:50:00,31.781319444444446,37.72982638888889
2026-04-05 05:55:00,31.78309027777778,37.73413194444444
2026-04-05 06:00:00,31.784930555555555,37.73840277777778
2026-04-05 06:05:00,31.786770833333335,37.742638888888884
2026-04-05 06:10:00,31.78875,37.7465625
2026-04-05 06:15:00,31.79079861111111,37.75024305555556
2026-04-05 06:20:00,31.792916666666663,37.75361111111111
2026-04-05 06:25:00,31.795069444444444,37.75659722222222
2026-04-05 06:30:00,31.79732638888889,37.75913194444444
2026-04-05 06:35:00,31.79961805555556,37.76125
2026-04-05 06:40:00,31.801875000000003,37.763124999999995
2026-04-05 06:45:00,31.804131944444446,37.76475694444444
2026-04-05 06:50:00,31.806250000000002,37.76638888888888
2026-04-05 06:55:00,31.80833333333333,37.76784722222222
2026-04-05 07:00:00,31.810381944444444,37.76927083333334
2026-04-05 07:05:00,31.812465277777775,37.7703125
2026-04-05 07:10:00,31.814756944444444,37.77086805555555
2026-04-05 07:15:00,31.817048611111108,37.770937499999995
2026-04-05 07:20:00,31.819340277777776,37.77076388888889
2026-04-05 07:25:00,31.821701388888886,37.77027777777778
2026-04-05 07:30:00,31.82395833333333,37.76975694444444
2026-04-05 07:35:00,31.826249999999998,37.768923611111106
2026-04-05 07:40:00,31.828472222222224,37.76815972222222
2026-04-05 07:45:00,31.830833333333334,37.76690972222222
2026-04-05 07:50:00,31.83322916666667,37.765590277777775
2026-04-05 07:55:00,31.835694444444446,37.76399305555556
2026-04-05 08:00:00,31.838090277777773,37.76260416666667
2026-04-05 08:05:00,31.84041666666667,37.76152777777778
2026-04-05 08:10:00,31.842673611111106,37.76076388888889
2026-04-05 08:15:00,31.84475694444445,37.760729166666664
2026-04-05 08:20:00,31.846631944444443,37.76135416666667
2026-04-05 08:25:00,31.84805555555556,37.763020833333336
2026-04-05 08:30:00,31.849062499999995,37.765902777777775
2026-04-05 08:35:00,31.849756944444444,37.76954861111111
2026-04-05 08:40:00,31.849999999999998,37.77434027777778
2026-04-05 08:45:00,31.849895833333335,37.77986111111111
2026-04-05 08:50:00,31.849375000000002,37.78652777777778
2026-04-05 08:55:00,31.84840277777778,37.794444444444444
2026-04-05 09:00:00,31.847326388888884,37.80357638888889
2026-04-05 09:05:00,31.846354166666668,37.81368055555556
2026-04-05 09:10:00,31.845520833333335,37.82611111111111
2026-04-05 09:15:00,31.844895833333332,37.84107638888889
2026-04-05 09:20:00,31.844409722222224,37.855555555555554
2026-04-05 09:25:00,31.843993055555554,37.86975694444445
2026-04-05 09:30:00,31.843541666666663,37.8840625
2026-04-05 09:35:00,31.84319444444444,37.89857638888889
2026-04-05 09:40:00,31.842951388888885,37.91329861111112
2026-04-05 09:45:00,31.842812499999997,37.927708333333335
2026-04-05 09:50:00,31.846423611111113,37.933576388888895
2026-04-05 09:55:00,31.84590277777778,37.9509375
2026-04-05 10:00:00,31.84555555555555,37.967465277777784
2026-04-05 10:05:00,31.845381944444448,37.98375
2026-04-05 10:10:00,31.846354166666668,37.958194444444445
2026-04-05 10:15:00,31.846006944444444,37.976909722222224
2026-04-05 10:20:00,31.846041666666665,37.99378472222222
2026-04-05 10:25:00,31.842187499999998,38.03187499999999
2026-04-05 10:30:00,31.84305555555555,38.04829861111111
2026-04-05 10:35:00,31.83940972222222,38.079097222222224
2026-04-05 10:40:00,31.839548611111113,38.124652777777776
2026-04-05 10:45:00,31.838923611111113,38.10899305555556
2026-04-05 10:50:00,31.83625,38.13625
2026-04-05 10:55:00,31.838229166666665,38.13163194444444
2026-04-05 11:00:00,31.835590277777783,38.15934027777777
2026-04-05 11:05:00,31.838541666666668,38.1715625
2026-04-05 11:10:00,31.835729166666663,38.20048611111111
2026-04-05 11:15:00,31.838194444444444,38.2121875
2026-04-05 11:20:00,31.835555555555555,38.2409375
2026-04-05 11:25:00,31.839027777777783,38.25038194444445
2026-04-05 11:30:00,31.8359375,38.28045138888889
2026-04-05 11:35:00,31.83899305555555,38.29090277777778
2026-04-05 11:40:00,31.83545138888889,38.32111111111111
2026-04-05 11:45:00,31.838194444444444,38.32128472222222
2026-04-05 11:50:00,31.835034722222222,38.35552083333333
2026-04-05 11:55:00,31.836874999999996,38.34784722222222
2026-04-05 12:00:00,31.83423611111111,38.388888888888886
2026-04-05 12:05:00,31.83638888888889,38.38840277777777
2026-04-05 12:10:00,31.83722222222222,38.42274305555556
2026-04-05 12:15:00,31.84017361111111,38.42590277777778
2026-04-05 12:20:00,31.84680555555555,38.44243055555555
2026-04-05 12:25:00,31.84881944444444,38.44444444444444
2026-04-05 12:30:00,31.84986111111111,38.44784722222222
2026-04-05 12:35:00,31.854965277777783,38.43461805555555
2026-04-05 12:40:00,31.854583333333338,38.43527777777777
2026-04-05 12:45:00,31.85541666666667,38.4428125
2026-04-05 12:50:00,31.85864583333333,38.42364583333333
2026-04-05 12:55:00,31.857465277777774,38.41854166666667
2026-04-05 13:00:00,31.861180555555556,38.401041666666664
2026-04-05 13:05:00,31.85875,38.39767361111112
2026-04-05 13:10:00,31.86128472222222,38.36961805555555
2026-04-05 13:15:00,31.86006944444445,38.37854166666667
2026-04-05 13:20:00,31.858819444444446,38.35222222222222
2026-04-05 13:25:00,31.859895833333333,38.36090277777778
2026-04-05 13:30:00,31.85746527777778,38.356388888888894
2026-04-05 13:35:00,31.86038194444445,38.360659722222216
2026-04-05 13:40:00,31.858333333333334,38.35527777777778
2026-04-05 13:45:00,31.86184027777778,38.35569444444444
2026-04-05 13:50:00,31.860208333333333,38.35163194444445
2026-04-05 13:55:00,31.863923611111108,38.35048611111111
2026-04-05 14:00:00,31.863125,38.347118055555555
2026-04-05 14:05:00,31.866249999999997,38.34503472222222
2026-04-05 14:10:00,31.86513888888889,38.34399305555556
2026-04-05 14:15:00,31.86760416666667,38.34211805555556
2026-04-05 14:20:00,31.86677083333333,38.33951388888889
2026-04-05 14:25:00,31.867847222222224,38.338055555555556
2026-04-05 14:30:00,31.865624999999998,38.33979166666667
2026-04-05 14:35:00,31.866006944444443,38.34322916666667
2026-04-05 14:40:00,31.866111111111106,38.3353125
2026-04-05 14:45:00,31.866076388888885,38.329722222222216
2026-04-05 14:50:00,31.866111111111113,38.32621527777778
2026-04-05 14:55:00,31.865972222222222,38.31944444444444
2026-04-05 15:00:00,31.866284722222222,38.31548611111111
2026-04-05 15:05:00,31.866458333333338,38.305729166666666
2026-04-05 15:10:00,31.866388888888885,38.301701388888894
2026-04-05 15:15:00,31.866736111111113,38.288472222222225
2026-04-05 15:20:00,31.86670138888889,38.282916666666665
2026-04-05 15:25:00,31.868159722222217,38.26354166666667
2026-04-05 15:30:00,31.867569444444445,38.25326388888889
2026-04-05 15:35:00,31.868055555555557,38.23565972222222
2026-04-05 15:40:00,31.8665625,38.21649305555556
2026-04-05 15:45:00,31.86329861111111,38.22857638888889
2026-04-05 15:50:00,31.862569444444446,38.20670138888889
2026-04-05 15:55:00,31.86121527777778,38.21628472222222
2026-04-05 16:00:00,31.862187500000005,38.188541666666666
2026-04-05 16:05:00,31.860659722222223,38.19722222222222
2026-04-05 16:10:00,31.861354166666665,38.16538194444444
2026-04-05 16:15:00,31.854965277777783,38.181736111111114
2026-04-05 16:20:00,31.855694444444445,38.15840277777778
2026-04-05 16:25:00,31.84972222222222,38.17274305555556
2026-04-05 16:30:00,31.850902777777776,38.150243055555556
2026-04-05 16:35:00,31.84607638888889,38.14822916666667
2026-04-05 16:40:00,31.847152777777783,38.126111111111115
2026-04-05 16:45:00,31.843680555555554,38.12142361111111
2026-04-05 16:50:00,31.845798611111107,38.09527777777778
2026-04-05 16:55:00,31.84274305555555,38.084097222222226
2026-04-05 17:00:00,31.84545138888889,38.0559375
2026-04-05 17:05:00,31.842986111111113,38.036319444444445
2026-04-05 17:10:00,31.846736111111113,38.00458333333333
2026-04-05 17:15:00,31.84934027777778,37.980763888888895
2026-04-05 17:20:00,31.848993055555557,37.96708333333333
2026-04-05 17:25:00,31.850763888888892,37.94465277777778
2026-04-05 17:30:00,31.85184027777778,37.925381944444446
2026-04-05 17:35:00,31.853749999999998,37.90013888888889
2026-04-05 17:40:00,31.854652777777776,37.88065972222222
2026-04-05 17:45:00,31.856562500000003,37.854305555555555
2026-04-05 17:50:00,31.858124999999998,37.84142361111111
2026-04-05 17:55:00,31.858402777777776,37.81920138888889
2026-04-05 18:00:00,31.859513888888884,37.80871527777778
2026-04-05 18:05:00,31.859930555555554,37.78579861111111
2026-04-05 18:10:00,31.858472222222222,37.7775
2026-04-05 18:15:00,31.859027777777783,37.75378472222222
2026-04-05 18:20:00,31.858819444444446,37.75635416666667
2026-04-05 18:25:00,31.860520833333332,37.72920138888889
2026-04-05 18:30:00,31.85944444444444,37.72986111111111
2026-04-05 18:35:00,31.861631944444444,37.701076388888886
2026-04-05 18:40:00,31.86159722222222,37.700625
2026-04-05 18:45:00,31.862256944444443,37.66652777777778
2026-04-05 18:50:00,31.864340277777778,37.64864583333333
2026-04-05 18:55:00,31.86548611111111,37.6140625
2026-04-05 19:00:00,31.868472222222223,37.577638888888885
2026-04-05 19:05:00,31.870902777777776,37.54704861111111
2026-04-05 19:10:00,31.87472222222222,37.537013888888886
2026-04-05 19:15:00,31.876388888888886,37.505625
2026-04-05 19:20:00,31.877118055555556,37.47743055555556
2026-04-05 19:25:00,31.8821875,37.435937499999994
2026-04-05 19:30:00,31.881736111111113,37.407916666666665
2026-04-05 19:35:00,31.885416666666668,37.37003472222222
2026-04-05 19:40:00,31.88857638888889,37.33371527777777
2026-04-05 19:45:00,31.886493055555555,37.307673611111106
2026-04-05 19:50:00,31.889374999999998,37.26864583333333
2026-04-05 19:55:00,31.89104166666667,37.234340277777775
2026-04-05 20:00:00,31.893715277777776,37.22409722222223
2026-04-05 20:05:00,31.89784722222222,37.18329861111111
2026-04-05 20:10:00,31.90017361111111,37.146979166666675
2026-04-05 20:15:00,31.90583333333333,37.09947916666667
2026-04-05 20:20:00,31.909236111111113,37.05888888888889
2026-04-05 20:25:00,31.911145833333332,37.034375
2026-04-05 20:30:00,31.915451388888894,36.99003472222223
2026-04-05 20:35:00,31.91743055555556,36.95163194444445
2026-04-05 20:40:00,31.921909722222225,36.903125
2026-04-05 20:45:00,31.924618055555552,36.86177083333334
2026-04-05 20:50:00,31.925381944444446,36.82510416666667
2026-04-05 20:55:00,31.929340277777776,36.778506944444445
2026-04-05 21:00:00,31.931354166666665,36.7378125
2026-04-05 21:05:00,31.931840277777773,36.701145833333335
2026-04-05 21:10:00,31.93548611111111,36.65559027777778
2026-04-05 21:15:00,31.937291666666663,36.61510416666667
2026-04-05 21:20:00,31.93767361111111,36.577847222222225
2026-04-05 21:25:00,31.941006944444446,36.53104166666667
2026-04-05 21:30:00,31.942881944444448,36.4890625
2026-04-05 21:35:00,31.943333333333335,36.450624999999995
2026-04-05 21:40:00,31.942708333333332,36.41444444444445
2026-04-05 21:45:00,31.945381944444446,36.369027777777774
2026-04-05 21:50:00,31.946527777777778,36.32795138888889
2026-04-05 21:55:00,31.946493055555557,36.28986111111111
2026-04-05 22:00:00,31.945451388888884,36.253993055555554
2026-04-05 22:05:00,31.94631944444445,36.242465277777775
2026-04-05 22:10:00,31.947673611111114,36.20086805555556
2026-04-05 22:15:00,31.947916666666668,36.16204861111111
2026-04-05 22:20:00,31.947291666666672,36.125416666666666
2026-04-05 22:25:00,31.945868055555554,36.090451388888894
2026-04-05 22:30:00,31.943854166666668,36.05670138888889
2026-04-05 22:35:00,31.945243055555554,36.014375
2026-04-05 22:40:00,31.945451388888884,35.97534722222222
2026-04-05 22:45:00,31.94461805555556,35.93871527777778
2026-04-05 22:50:00,31.943055555555556,35.90381944444445
2026-04-05 22:55:00,31.940902777777776,35.87013888888889
2026-04-05 23:00:00,31.93819444444445,35.837500000000006
2026-04-05 23:05:00,31.93506944444444,35.80586805555556
2026-04-05 23:10:00,31.93548611111111,35.764895833333334
2026-04-05 23:15:00,31.93475694444444,35.727152777777775
2026-04-05 23:20:00,31.933090277777783,35.691875
2026-04-05 23:25:00,31.930729166666666,35.658298611111114
2026-04-05 23:30:00,31.92788194444445,35.62604166666667
2026-04-05 23:35:00,31.924270833333328,35.59538194444444
2026-04-05 23:40:00,31.91954861111111,35.566631944444445
2026-04-05 23:45:00,31.91399305555556,35.54006944444444
2026-04-05 23:50:00,31.908125,35.51479166666667
2026-04-05 23:55:00,31.901979166666667,35.49041666666667
2026-04-06 00:00:00,31.895555555555557,35.46708333333333
2026-04-06 00:05:00,31.888958333333335,35.44482638888889
2026-04-06 00:10:00,31.882013888888892,35.423437500000006
2026-04-06 00:15:00,31.874270833333338,35.40354166666667
2026-04-06 00:20:00,31.865729166666668,35.38534722222222
2026-04-06 00:25:00,31.856527777777778,35.368923611111114
2026-04-06 00:30:00,31.846319444444443,35.35451388888889
2026-04-06 00:35:00,31.835590277777776,35.34180555555556
2026-04-06 00:40:00,31.82475694444444,35.330243055555556
2026-04-06 00:45:00,31.813819444444448,35.31979166666667
2026-04-06 00:50:00,31.803437499999998,35.30895833333333
2026-04-06 00:55:00,31.79291666666667,35.29954861111111
2026-04-06 01:00:00,31.782500000000002,35.29121527777777
2026-04-06 01:05:00,31.77211805555556,35.28395833333334
2026-04-06 01:10:00,31.761875,35.277430555555554
2026-04-06 01:15:00,31.751597222222227,35.27232638888889
2026-04-06 01:20:00,31.741423611111106,35.26840277777777
2026-04-06 01:25:00,31.731527777777778,35.26552083333334
2026-04-06 01:30:00,31.72180555555556,35.26357638888889
2026-04-06 01:35:00,31.71204861111111,35.26322916666667
2026-04-06 01:40:00,31.70253472222222,35.26340277777778
2026-04-06 01:45:00,31.693229166666665,35.264375
2026-04-06 01:50:00,31.683888888888887,35.26677083333334
2026-04-06 01:55:00,31.674340277777773,35.27072916666666
2026-04-06 02:00:00,31.66475694444445,35.276180555555555
2026-04-06 02:05:00,31.65493055555556,35.28315972222222
2026-04-06 02:10:00,31.64479166666667,35.29184027777777
2026-04-06 02:15:00,31.634652777777774,35.30173611111111
2026-04-06 02:20:00,31.624513888888885,35.31288194444445
2026-04-06 02:25:00,31.61440972222222,35.32510416666667
2026-04-06 02:30:00,31.604305555555552,35.33819444444444
2026-04-06 02:35:00,31.59423611111111,35.3521875
2026-04-06 02:40:00,31.58409722222222,35.36694444444444
2026-04-06 02:45:00,31.574027777777776,35.38250000000001
2026-04-06 02:50:00,31.564166666666665,35.39826388888889
2026-04-06 02:55:00,31.55440972222222,35.41430555555556
2026-04-06 03:00:00,31.544895833333335,35.43048611111111
2026-04-06 03:05:00,31.535555555555554,35.44642361111111
2026-04-06 03:10:00,31.526458333333338,35.4621875
2026-04-06 03:15:00,31.517534722222226,35.47760416666667
2026-04-06 03:20:00,31.508645833333333,35.492847222222224
2026-04-06 03:25:00,31.49989583333333,35.5078125
2026-04-06 03:30:00,31.491319444444443,35.52250000000001
2026-04-06 03:35:00,31.48284722222222,35.53684027777778
2026-04-06 03:40:00,31.47454861111111,35.5509375
2026-04-06 03:45:00,31.466388888888886,35.564791666666665
2026-04-06 03:50:00,31.458506944444448,35.578159722222225
2026-04-06 03:55:00,31.451006944444444,35.59079861111111
2026-04-06 04:00:00,31.443749999999998,35.6028125
2026-04-06 04:05:00,31.436701388888892,35.614270833333336
2026-04-06 04:10:00,31.42986111111111,35.62517361111111
2026-04-06 04:15:00,31.423055555555557,35.63597222222222
2026-04-06 04:20:00,31.41621527777778,35.64666666666667
2026-04-06 04:25:00,31.409479166666667,35.65711805555556
2026-04-06 04:30:00,31.4028125,35.66732638888888
2026-04-06 04:35:00,31.39611111111111,35.677395833333335
2026-04-06 04:40:00,31.38934027777778,35.68739583333333
2026-04-06 04:45:00,31.382465277777776,35.697500000000005
2026-04-06 04:50:00,31.375555555555554,35.707569444444445
2026-04-06 04:55:00,31.36861111111111,35.71763888888889
2026-04-06 05:00:00,31.361666666666665,35.72777777777778
2026-04-06 05:05:00,31.35472222222222,35.737881944444446
2026-04-06 05:10:00,31.347743055555554,35.74784722222223
2026-04-06 05:15:00,31.340833333333332,35.75767361111111
2026-04-06 05:20:00,31.334131944444444,35.767048611111115
2026-04-06 05:25:00,31.32753472222222,35.77614583333333
2026-04-06 05:30:00,31.3209375,35.78496527777778
2026-04-06 05:35:00,31.31440972222222,35.79347222222222
2026-04-06 05:40:00,31.308090277777776,35.801388888888894
2026-04-06 05:45:00,31.30173611111111,35.809027777777786
2026-04-06 05:50:00,31.295555555555552,35.81621527777778
2026-04-06 05:55:00,31.289409722222217,35.82295138888889
2026-04-06 06:00:00,31.283333333333335,35.82951388888889
2026-04-06 06:05:00,31.27739583333333,35.83555555555555
2026-04-06 06:10:00,31.2715625,35.84135416666666
2026-04-06 06:15:00,31.265659722222225,35.84708333333334
2026-04-06 06:20:00,31.259687500000002,35.853125
2026-04-06 06:25:00,31.25375,35.85916666666667
2026-04-06 06:30:00,31.24784722222222,35.86517361111111
2026-04-06 06:35:00,31.241909722222218,35.87135416666667
2026-04-06 06:40:00,31.236041666666665,35.877604166666664
2026-04-06 06:45:00,31.230277777777776,35.88371527777778
2026-04-06 06:50:00,31.224652777777774,35.88972222222222
2026-04-06 06:55:00,31.21920138888889,35.89555555555555
2026-04-06 07:00:00,31.21388888888889,35.901111111111106
2026-04-06 07:05:00,31.20861111111111,35.90704861111111
2026-04-06 07:10:00,31.203333333333333,35.91336805555555
2026-04-06 07:15:00,31.198125000000005,35.92
2026-04-06 07:20:00,31.19329861111111,35.926319444444445
2026-04-06 07:25:00,31.188576388888887,35.93270833333334
2026-04-06 07:30:00,31.184201388888894,35.93895833333333
2026-04-06 07:35:00,31.180034722222224,35.94524305555555
2026-04-06 07:40:00,31.1759375,35.95173611111111
2026-04-06 07:45:00,31.17173611111111,35.95885416666667
2026-04-06 07:50:00,31.167638888888884,35.96625
2026-04-06 07:55:00,31.16347222222222,35.97399305555555
2026-04-06 08:00:00,31.159270833333338,35.981944444444444
2026-04-06 08:05:00,31.154999999999998,35.99027777777778
2026-04-06 08:10:00,31.150729166666665,35.99902777777778
2026-04-06 08:15:00,31.146354166666665,36.007847222222225
2026-04-06 08:20:00,31.141840277777778,36.0171875
2026-04-06 08:25:00,31.137222222222217,36.02704861111111
2026-04-06 08:30:00,31.1325,36.0371875
2026-04-06 08:35:00,31.12763888888889,36.04756944444444
2026-04-06 08:40:00,31.12295138888889,36.05784722222222
2026-04-06 08:45:00,31.118645833333332,36.06746527777778
2026-04-06 08:50:00,31.11475694444444,36.076076388888886
2026-04-06 08:55:00,31.111354166666665,36.08399305555556
2026-04-06 09:00:00,31.108229166666668,36.09086805555555
2026-04-06 09:05:00,31.105208333333337,36.09708333333334
2026-04-06 09:10:00,31.1021875,36.10295138888889
2026-04-06 09:15:00,31.099201388888886,36.10868055555555
2026-04-06 09:20:00,31.09607638888889,36.11454861111111
2026-04-06 09:25:00,31.092812500000004,36.120625
2026-04-06 09:30:00,31.089479166666667,36.126979166666665
2026-04-06 09:35:00,31.085590277777783,36.133784722222224
2026-04-06 09:40:00,31.081215277777783,36.141354166666666
2026-04-06 09:45:00,31.07652777777778,36.14934027777778
2026-04-06 09:50:00,31.071770833333332,36.15711805555556
2026-04-06 09:55:00,31.07069444444444,36.15434027777778
2026-04-06 10:00:00,31.068923611111114,36.15315972222222
2026-04-06 10:05:00,31.066701388888887,36.15239583333334
2026-04-06 10:10:00,31.06666666666667,36.18434027777778
2026-04-06 10:15:00,31.067708333333332,36.17295138888889
2026-04-06 10:20:00,31.067604166666666,36.16444444444444
2026-04-06 10:25:00,31.071250000000003,36.14395833333334
2026-04-06 10:30:00,31.073333333333338,36.128125
2026-04-06 10:35:00,31.078576388888887,36.10027777777778
2026-04-06 10:40:00,31.081701388888884,36.07920138888889
2026-04-06 10:45:00,31.08534722222222,36.093715277777775
2026-04-06 10:50:00,31.089236111111113,36.069097222222226
2026-04-06 10:55:00,31.091805555555553,36.06847222222222
2026-04-06 11:00:00,31.09524305555555,36.01506944444444
2026-04-06 11:05:00,31.094826388888887,36.001805555555556
2026-04-06 11:10:00,31.09923611111111,35.97371527777778
2026-04-06 11:15:00,31.0975,35.96319444444444
2026-04-06 11:20:00,31.1009375,35.93611111111111
2026-04-06 11:25:00,31.09878472222222,35.92340277777778
2026-04-06 11:30:00,31.10197916666667,35.894930555555554
2026-04-06 11:35:00,31.099375000000002,35.88611111111111
2026-04-06 11:40:00,31.10246527777777,35.85743055555556
2026-04-06 11:45:00,31.09993055555556,35.85854166666667
2026-04-06 11:50:00,31.102812500000002,35.83152777777778
2026-04-06 11:55:00,31.100486111111113,35.84090277777778
2026-04-06 12:00:00,31.10340277777778,35.81357638888889
2026-04-06 12:05:00,31.100104166666668,35.8165625
2026-04-06 12:10:00,31.101909722222224,35.79611111111111
2026-04-06 12:15:00,31.098576388888887,35.789791666666666
2026-04-06 12:20:00,31.096041666666665,35.7821875
2026-04-06 12:25:00,31.098437500000003,35.76347222222223
2026-04-06 12:30:00,31.09972222222222,35.74364583333333
2026-04-06 12:35:00,31.097048611111106,35.74194444444444
2026-04-06 12:40:00,31.09892361111111,35.728368055555556
2026-04-06 12:45:00,31.100173611111114,35.718333333333334
2026-04-06 12:50:00,31.09777777777778,35.72340277777778
2026-04-06 12:55:00,31.099375000000002,35.71548611111111
2026-04-06 13:00:00,31.09854166666667,35.70302083333334
2026-04-06 13:05:00,31.100624999999997,35.695590277777775
2026-04-06 13:10:00,31.09798611111111,35.71055555555556
2026-04-06 13:15:00,31.099965277777773,35.697291666666665
2026-04-06 13:20:00,31.101041666666667,35.7126388888889
2026-04-06 13:25:00,31.100729166666667,35.69975694444444
2026-04-06 13:30:00,31.10305555555555,35.69569444444444
2026-04-06 13:35:00,31.101006944444446,35.687361111111116
2026-04-06 13:40:00,31.10347222222222,35.68496527777778
2026-04-06 13:45:00,31.100590277777776,35.68083333333333
2026-04-06 13:50:00,31.10260416666667,35.68006944444445
2026-04-06 13:55:00,31.099583333333335,35.67840277777778
2026-04-06 14:00:00,31.100902777777776,35.67857638888889
2026-04-06 14:05:00,31.09864583333334,35.67815972222222
2026-04-06 14:10:00,31.100277777777777,35.67704861111111
2026-04-06 14:15:00,31.098368055555554,35.67670138888889
2026-04-06 14:20:00,31.099756944444444,35.676701388888894
2026-04-06 14:25:00,31.098368055555554,35.67666666666666
2026-04-06 14:30:00,31.100208333333335,35.67520833333334
2026-04-06 14:35:00,31.100416666666668,35.67107638888889
2026-04-06 14:40:00,31.1015625,35.671597222222225
2026-04-06 14:45:00,31.10180555555556,35.66746527777778
2026-04-06 14:50:00,31.101874999999993,35.69065972222223
2026-04-06 14:55:00,31.103055555555557,35.6896875
2026-04-06 15:00:00,31.10215277777778,35.69381944444444
2026-04-06 15:05:00,31.103124999999995,35.69347222222222
2026-04-06 15:10:00,31.102430555555557,35.693576388888886
2026-04-06 15:15:00,31.103715277777773,35.6921875
2026-04-06 15:20:00,31.102465277777778,35.692708333333336
2026-04-06 15:25:00,31.103958333333335,35.690243055555555
2026-04-06 15:30:00,31.101875,35.69076388888888
2026-04-06 15:35:00,31.10326388888889,35.68642361111111
2026-04-06 15:40:00,31.105972222222224,35.6878125
2026-04-06 15:45:00,31.1096875,35.67006944444445
2026-04-06 15:50:00,31.112361111111113,35.66753472222222
2026-04-06 15:55:00,31.12125,35.64375
2026-04-06 16:00:00,31.12295138888889,35.64006944444444
2026-04-06 16:05:00,31.129305555555554,35.61263888888888
2026-04-06 16:10:00,31.131562500000005,35.61069444444445
2026-04-06 16:15:00,31.137187499999996,35.58125
2026-04-06 16:20:00,31.138854166666665,35.5746875
2026-04-06 16:25:00,31.141111111111115,35.56055555555556
2026-04-06 16:30:00,31.142430555555556,35.55298611111111
2026-04-06 16:35:00,31.143854166666667,35.55954861111111
2026-04-06 16:40:00,31.14618055555555,35.550173611111106
2026-04-06 16:45:00,31.14715277777778,35.558055555555555
2026-04-06 16:50:00,31.150000000000002,35.547916666666666
2026-04-06 16:55:00,31.150798611111114,35.55569444444444
2026-04-06 17:00:00,31.152395833333337,35.54409722222223
2026-04-06 17:05:00,31.15423611111111,35.550000000000004
2026-04-06 17:10:00,31.15826388888889,35.543263888888895
2026-04-06 17:15:00,31.158229166666665,35.536458333333336
2026-04-06 17:20:00,31.160416666666663,35.54322916666667
2026-04-06 17:25:00,31.163159722222222,35.54121527777777
2026-04-06 17:30:00,31.165000000000003,35.54107638888889
2026-04-06 17:35:00,31.166145833333335,35.54263888888889
2026-04-06 17:40:00,31.167326388888892,35.54121527777778
2026-04-06 17:45:00,31.169305555555557,35.54125
2026-04-06 17:50:00,31.165937500000002,35.552013888888894
2026-04-06 17:55:00,31.168576388888894,35.54552083333333
2026-04-06 18:00:00,31.166597222222222,35.56027777777777
2026-04-06 18:05:00,31.164513888888887,35.56559027777778
2026-04-06 18:10:00,31.167256944444446,35.576562499999994
2026-04-06 18:15:00,31.165243055555557,35.58579861111111
2026-04-06 18:20:00,31.16892361111111,35.581944444444446
2026-04-06 18:25:00,31.166736111111113,35.59246527777778
2026-04-06 18:30:00,31.167291666666667,35.58586805555555
2026-04-06 18:35:00,31.165555555555557,35.59607638888889
2026-04-06 18:40:00,31.164444444444445,35.60590277777778
2026-04-06 18:45:00,31.164965277777778,35.619375
2026-04-06 18:50:00,31.16336805555555,35.63027777777778
2026-04-06 18:55:00,31.16361111111111,35.64263888888889
2026-04-06 19:00:00,31.162291666666665,35.653020833333336
2026-04-06 19:05:00,31.16173611111111,35.6621875
2026-04-06 19:10:00,31.157395833333332,35.68079861111111
2026-04-06 19:15:00,31.158229166666672,35.689375
2026-04-06 19:20:00,31.154687499999998,35.707638888888894
2026-04-06 19:25:00,31.152361111111116,35.72486111111111
2026-04-06 19:30:00,31.154305555555556,35.72795138888889
2026-04-06 19:35:00,31.152256944444446,35.74690972222223
2026-04-06 19:40:00,31.150972222222222,35.76486111111112
2026-04-06 19:45:00,31.15322916666667,35.76635416666667
2026-04-06 19:50:00,31.15211805555556,35.78697916666667
2026-04-06 19:55:00,31.151631944444446,35.80684027777778
2026-04-06 20:00:00,31.15149305555556,35.826527777777784
2026-04-06 20:05:00,31.14774305555556,35.854305555555555
2026-04-06 20:10:00,31.145347222222224,35.879687499999996
2026-04-06 20:15:00,31.144062500000004,35.90361111111111
2026-04-06 20:20:00,31.143541666666668,35.926631944444445
2026-04-06 20:25:00,31.143645833333338,35.9490625
2026-04-06 20:30:00,31.144131944444446,35.971180555555556
2026-04-06 20:35:00,31.145104166666663,35.992916666666666
2026-04-06 20:40:00,31.14638888888889,36.01440972222222
2026-04-06 20:45:00,31.147986111111113,36.0359375
2026-04-06 20:50:00,31.14993055555555,36.057291666666664
2026-04-06 20:55:00,31.151944444444446,36.07881944444445
2026-04-06 21:00:00,31.153993055555556,36.10059027777778
2026-04-06 21:05:00,31.155902777777783,36.122638888888886
2026-04-06 21:10:00,31.157708333333332,36.14496527777778
2026-04-06 21:15:00,31.15940972222222,36.167569444444446
2026-04-06 21:20:00,31.161076388888894,36.19034722222222
2026-04-06 21:25:00,31.162743055555552,36.21305555555555
2026-04-06 21:30:00,31.16444444444444,36.23569444444444
2026-04-06 21:35:00,31.166145833333335,36.258298611111115
2026-04-06 21:40:00,31.167743055555555,36.28114583333333
2026-04-06 21:45:00,31.169375000000002,36.30392361111112
2026-04-06 21:50:00,31.170972222222222,36.32690972222222
2026-04-06 21:55:00,31.172430555555554,36.349965277777784
2026-04-06 22:00:00,31.17388888888889,36.37309027777778
2026-04-06 22:05:00,31.175208333333337,36.396458333333335
2026-04-06 22:10:00,31.176284722222224,36.42024305555555
2026-04-06 22:15:00,31.177187499999995,36.444340277777776
2026-04-06 22:20:00,31.178090277777773,36.468298611111116
2026-04-06 22:25:00,31.1790625,36.49222222222222
2026-04-06 22:30:00,31.180034722222224,36.516076388888884
2026-04-06 22:35:00,31.180937499999995,36.53982638888889
2026-04-06 22:40:00,31.181770833333335,36.56368055555556
2026-04-06 22:45:00,31.18274305555555,36.58725694444445
2026-04-06 22:50:00,31.18371527777778,36.61038194444444
2026-04-06 22:55:00,31.184791666666666,36.63305555555556
2026-04-06 23:00:00,31.186041666666668,36.655208333333334
2026-04-06 23:05:00,31.187291666666667,36.67673611111111
2026-04-06 23:10:00,31.188645833333332,36.69763888888889
2026-04-06 23:15:00,31.19013888888889,36.71805555555556
2026-04-06 23:20:00,31.191597222222224,36.737881944444446
2026-04-06 23:25:00,31.192951388888893,36.7575
2026-04-06 23:30:00,31.194062499999998,36.7771875
2026-04-06 23:35:00,31.19545138888889,36.79642361111111
2026-04-06 23:40:00,31.197395833333335,36.81465277777778
2026-04-06 23:45:00,31.199826388888887,36.83159722222222
2026-04-06 23:50:00,31.20253472222222,36.84729166666666
2026-04-06 23:55:00,31.205312499999998,36.86208333333334
2026-04-07 00:00:00,31.207986111111115,36.87614583333333
2026-04-07 00:05:00,31.210520833333337,36.88961805555555
2026-04-07 00:10:00,31.213020833333335,36.902881944444445
2026-04-07 00:15:00,31.215937500000003,36.91552083333333
2026-04-07 00:20:00,31.2190625,36.92746527777778
2026-04-07 00:25:00,31.22222222222222,36.939097222222216
2026-04-07 00:30:00,31.225624999999997,36.950694444444444
2026-04-07 00:35:00,31.22913194444445,36.96229166666667
2026-04-07 00:40:00,31.232430555555556,36.974131944444444
2026-04-07 00:45:00,31.235624999999995,36.98618055555555
2026-04-07 00:50:00,31.23854166666667,36.99857638888889
2026-04-07 00:55:00,31.24145833333333,37.01114583333334
2026-04-07 01:00:00,31.24409722222222,37.02399305555556
2026-04-07 01:05:00,31.246493055555554,37.037013888888886
2026-04-07 01:10:00,31.248715277777777,37.05027777777778
2026-04-07 01:15:00,31.250833333333333,37.063541666666666
2026-04-07 01:20:00,31.25277777777778,37.07701388888889
2026-04-07 01:25:00,31.254513888888894,37.09038194444444
2026-04-07 01:30:00,31.256006944444444,37.10395833333333
2026-04-07 01:35:00,31.257326388888885,37.117152777777775
2026-04-07 01:40:00,31.258576388888887,37.13
2026-04-07 01:45:00,31.259791666666672,37.14232638888889
2026-04-07 01:50:00,31.260833333333338,37.15430555555555
2026-04-07 01:55:00,31.261875,37.16590277777778
2026-04-07 02:00:00,31.262812500000003,37.177013888888894
2026-04-07 02:05:00,31.263749999999998,37.18767361111111
2026-04-07 02:10:00,31.264722222222222,37.19798611111111
2026-04-07 02:15:00,31.265590277777783,37.20795138888889
2026-04-07 02:20:00,31.266493055555557,37.21753472222222
2026-04-07 02:25:00,31.26732638888889,37.22677083333333
2026-04-07 02:30:00,31.268298611111113,37.23565972222222
2026-04-07 02:35:00,31.26920138888889,37.244236111111114
2026-04-07 02:40:00,31.270069444444445,37.25270833333333
2026-04-07 02:45:00,31.270486111111115,37.261493055555555
2026-04-07 02:50:00,31.270555555555557,37.271006944444444
2026-04-07 02:55:00,31.270416666666662,37.28072916666667
2026-04-07 03:00:00,31.27006944444444,37.290937500000005
2026-04-07 03:05:00,31.269583333333337,37.30159722222223
2026-04-07 03:10:00,31.268923611111106,37.31260416666666
2026-04-07 03:15:00,31.268090277777773,37.32409722222222
2026-04-07 03:20:00,31.267187499999995,37.33579861111111
2026-04-07 03:25:00,31.266145833333333,37.34802083333333
2026-04-07 03:30:00,31.26493055555555,37.360659722222216
2026-04-07 03:35:00,31.263715277777774,37.37347222222222
2026-04-07 03:40:00,31.26246527777778,37.38645833333334
2026-04-07 03:45:00,31.261215277777776,37.399409722222224
2026-04-07 03:50:00,31.259756944444444,37.41274305555555
2026-04-07 03:55:00,31.25822916666667,37.42611111111111
2026-04-07 04:00:00,31.256527777777777,37.43993055555555
2026-04-07 04:05:00,31.254722222222224,37.45402777777778
2026-04-07 04:10:00,31.25277777777778,37.46854166666667
2026-04-07 04:15:00,31.250798611111108,37.483125
2026-04-07 04:20:00,31.248923611111113,37.4978125
2026-04-07 04:25:00,31.246909722222217,37.51298611111111
2026-04-07 04:30:00,31.24482638888889,37.52836805555555
2026-04-07 04:35:00,31.24277777777778,37.543958333333336
2026-04-07 04:40:00,31.240798611111106,37.55965277777778
2026-04-07 04:45:00,31.238888888888887,37.57527777777778
2026-04-07 04:50:00,31.236944444444443,37.5909375
2026-04-07 04:55:00,31.234930555555554,37.60666666666666
2026-04-07 05:00:00,31.232881944444443,37.62222222222222
2026-04-07 05:05:00,31.23076388888889,37.637881944444445
2026-04-07 05:10:00,31.228541666666665,37.65371527777778
2026-04-07 05:15:00,31.226180555555555,37.66986111111111
2026-04-07 05:20:00,31.223645833333332,37.68628472222222
2026-04-07 05:25:00,31.220972222222226,37.702986111111116
2026-04-07 05:30:00,31.218194444444446,37.71989583333333
2026-04-07 05:35:00,31.2153125,37.73704861111111
2026-04-07 05:40:00,31.212291666666673,37.75458333333333
2026-04-07 05:45:00,31.209166666666672,37.77236111111111
2026-04-07 05:50:00,31.206006944444443,37.79024305555556
2026-04-07 05:55:00,31.2028125,37.80833333333333
2026-04-07 06:00:00,31.199722222222224,37.826249999999995
2026-04-07 06:05:00,31.196666666666665,37.84420138888889
2026-04-07 06:10:00,31.19361111111111,37.86208333333333
2026-04-07 06:15:00,31.190694444444446,37.87972222222222
2026-04-07 06:20:00,31.1878125,37.897222222222226
2026-04-07 06:25:00,31.184930555555557,37.914722222222224
2026-04-07 06:30:00,31.182083333333335,37.93225694444445
2026-04-07 06:35:00,31.179270833333337,37.94975694444444
2026-04-07 06:40:00,31.176423611111108,37.967395833333335
2026-04-07 06:45:00,31.173437500000002,37.98527777777778
2026-04-07 06:50:00,31.170381944444443,38.00333333333334
2026-04-07 06:55:00,31.16711805555555,38.021631944444444
2026-04-07 07:00:00,31.163715277777776,38.04006944444445
2026-04-07 07:05:00,31.160069444444446,38.05875
2026-04-07 07:10:00,31.156319444444446,38.07743055555555
2026-04-07 07:15:00,31.152430555555554,38.09628472222222
2026-04-07 07:20:00,31.148229166666667,38.115624999999994
2026-04-07 07:25:00,31.14399305555556,38.13496527777777
2026-04-07 07:30:00,31.13958333333333,38.154583333333335
2026-04-07 07:35:00,31.13524305555556,38.174166666666665
2026-04-07 07:40:00,31.131006944444444,38.19340277777778
2026-04-07 07:45:00,31.12704861111111,38.21201388888889
2026-04-07 07:50:00,31.123263888888896,38.23027777777778
2026-04-07 07:55:00,31.11993055555556,38.24736111111111
2026-04-07 08:00:00,31.116875,38.2634375
2026-04-07 08:05:00,31.11423611111111,38.27829861111111
2026-04-07 08:10:00,31.111909722222226,38.291666666666664
2026-04-07 08:15:00,31.10982638888889,38.30420138888889
2026-04-07 08:20:00,31.10795138888889,38.31572916666667
2026-04-07 08:25:00,31.106527777777778,38.326076388888886
2026-04-07 08:30:00,31.10541666666667,38.33538194444444
2026-04-07 08:35:00,31.10451388888889,38.343923611111116
2026-04-07 08:40:00,31.103784722222226,38.351840277777775
2026-04-07 08:45:00,31.103333333333335,38.358888888888885
2026-04-07 08:50:00,31.103125000000002,38.365138888888886
2026-04-07 08:55:00,31.103020833333332,38.37052083333334
2026-04-07 09:00:00,31.103020833333332,38.375
2026-04-07 09:05:00,31.10309027777778,38.378680555555555
2026-04-07 09:10:00,31.10329861111111,38.38149305555556
2026-04-07 09:15:00,31.103541666666672,38.383298611111115
2026-04-07 09:20:00,31.104027777777773,38.383472222222224
2026-04-07 09:25:00,31.10472222222222,38.38229166666667
2026-04-07 09:30:00,31.105659722222224,38.379618055555554
2026-04-07 09:35:00,31.107152777777774,38.37562499999999
2026-04-07 09:40:00,31.10923611111111,38.36996527777778
2026-04-07 09:45:00,31.11170138888889,38.36333333333334
2026-04-07 09:50:00,31.114374999999995,38.35565972222222
2026-04-07 09:55:00,31.117256944444446,38.34690972222222
2026-04-07 10:00:00,31.120312500000004,38.336215277777775
2026-04-07 10:05:00,31.123437499999998,38.323680555555555
2026-04-07 10:10:00,31.122743055555556,38.31888888888889
2026-04-07 10:15:00,31.122465277777778,38.31038194444445
2026-04-07 10:20:00,31.122881944444444,38.29885416666667
2026-04-07 10:25:00,31.121180555555554,38.26579861111111
2026-04-07 10:30:00,31.11868055555555,38.25704861111112
2026-04-07 10:35:00,31.117534722222224,38.244375000000005
2026-04-07 10:40:00,31.113333333333337,38.23725694444445
2026-04-07 10:45:00,31.11111111111111,38.22493055555555
2026-04-07 10:50:00,31.106250000000003,38.21722222222222
2026-04-07 10:55:00,31.103263888888893,38.204791666666665
2026-04-07 11:00:00,31.09923611111111,38.22128472222223
2026-04-07 11:05:00,31.099201388888886,38.199513888888895
2026-04-07 11:10:00,31.095104166666673,38.185451388888886
2026-04-07 11:15:00,31.09670138888889,38.154201388888886
2026-04-07 11:20:00,31.094652777777778,38.13569444444445
2026-04-07 11:25:00,31.09479166666667,38.10381944444444
2026-04-07 11:30:00,31.094270833333333,38.08350694444445
2026-04-07 11:35:00,31.0934375,38.061527777777776
2026-04-07 11:40:00,31.09326388888889,38.039652777777775
2026-04-07 11:45:00,31.09361111111111,38.01871527777778
2026-04-07 11:50:00,31.090312499999996,37.99711805555555
2026-04-07 11:55:00,31.09222222222222,37.9765625
2026-04-07 12:00:00,31.088402777777773,37.97121527777777
2026-04-07 12:05:00,31.090347222222217,37.94600694444445
2026-04-07 12:10:00,31.08736111111111,37.941701388888895
2026-04-07 12:15:00,31.084895833333334,37.93399305555556
2026-04-07 12:20:00,31.083125000000003,37.9303125
2026-04-07 12:25:00,31.079791666666665,37.919583333333335
2026-04-07 12:30:00,31.07611111111111,37.92645833333333
2026-04-07 12:35:00,31.077465277777783,37.91934027777778
2026-04-07 12:40:00,31.074375,37.92180555555555
2026-04-07 12:45:00,31.07236111111111,37.92298611111111
2026-04-07 12:50:00,31.07041666666667,37.9246875
2026-04-07 12:55:00,31.069097222222222,37.92541666666667
2026-04-07 13:00:00,31.066597222222217,37.93472222222222
2026-04-07 13:05:00,31.066458333333337,37.93256944444445
2026-04-07 13:10:00,31.06586805555556,37.929375
2026-04-07 13:15:00,31.06451388888889,37.927951388888886
2026-04-07 13:20:00,31.06232638888889,37.927256944444444
2026-04-07 13:25:00,31.061354166666668,37.927395833333335
2026-04-07 13:30:00,31.059548611111115,37.923993055555556
2026-04-07 13:35:00,31.060520833333328,37.922152777777775
2026-04-07 13:40:00,31.06090277777778,37.912534722222226
2026-04-07 13:45:00,31.06597222222222,37.910381944444445
2026-04-07 13:50:00,31.06753472222222,37.89701388888889
2026-04-07 13:55:00,31.073506944444446,37.892673611111114
2026-04-07 14:00:00,31.076041666666665,37.87555555555556
2026-04-07 14:05:00,31.081701388888884,37.869166666666665
2026-04-07 14:10:00,31.084965277777783,37.84868055555555
2026-04-07 14:15:00,31.091215277777774,37.84020833333334
2026-04-07 14:20:00,31.09444444444445,37.818263888888886
2026-04-07 14:25:00,31.099618055555553,37.808194444444446
2026-04-07 14:30:00,31.10256944444445,37.78666666666666
2026-04-07 14:35:00,31.10402777777778,37.77652777777777
2026-04-07 14:40:00,31.106770833333332,37.75635416666667
2026-04-07 14:45:00,31.105833333333333,37.74732638888889
2026-04-07 14:50:00,31.109583333333337,37.72538194444444
2026-04-07 14:55:00,31.107256944444444,37.711875
2026-04-07 15:00:00,31.110277777777778,37.71309027777778
2026-04-07 15:05:00,31.10788194444445,37.70017361111112
2026-04-07 15:10:00,31.107222222222227,37.71263888888889
2026-04-07 15:15:00,31.10572916666667,37.69979166666667
2026-04-07 15:20:00,31.103055555555557,37.71659722222223
2026-04-07 15:25:00,31.104583333333338,37.70725694444444
2026-04-07 15:30:00,31.10569444444444,37.71635416666667
2026-04-07 15:35:00,31.10989583333334,37.70628472222222
2026-04-07 15:40:00,31.107812500000005,37.71055555555555
2026-04-07 15:45:00,31.111562500000005,37.711666666666666
2026-04-07 15:50:00,31.108993055555555,37.721354166666664
2026-04-07 15:55:00,31.104444444444443,37.726979166666666
2026-04-07 16:00:00,31.10267361111111,37.73996527777778
2026-04-07 16:05:00,31.098229166666663,37.75277777777778
2026-04-07 16:10:00,31.09722222222222,37.765451388888884
2026-04-07 16:15:00,31.09447916666667,37.776944444444446
2026-04-07 16:20:00,31.092395833333327,37.79295138888889
2026-04-07 16:25:00,31.092499999999998,37.79378472222222
2026-04-07 16:30:00,31.09131944444444,37.80875
2026-04-07 16:35:00,31.091180555555557,37.805659722222224
2026-04-07 16:40:00,31.08909722222223,37.82392361111111
2026-04-07 16:45:00,31.088229166666665,37.82173611111111
2026-04-07 16:50:00,31.086493055555554,37.83979166666667
2026-04-07 16:55:00,31.08402777777778,37.84388888888889
2026-04-07 17:00:00,31.084131944444444,37.86128472222222
2026-04-07 17:05:00,31.079687499999995,37.883854166666666
2026-04-07 17:10:00,31.076979166666668,37.8996875
2026-04-07 17:15:00,31.073159722222222,37.92559027777778
2026-04-07 17:20:00,31.072118055555556,37.935208333333335
2026-04-07 17:25:00,31.069548611111113,37.93618055555556
2026-04-07 17:30:00,31.065868055555555,37.94739583333333
2026-04-07 17:35:00,31.067500000000003,37.94663194444445
2026-04-07 17:40:00,31.06451388888889,37.956319444444446
2026-04-07 17:45:00,31.065312499999997,37.94833333333334
2026-04-07 17:50:00,31.067465277777778,37.94315972222222
2026-04-07 17:55:00,31.06472222222222,37.950069444444445
2026-04-07 18:00:00,31.067430555555557,37.9384375
2026-04-07 18:05:00,31.069270833333334,37.93246527777777
2026-04-07 18:10:00,31.068194444444444,37.91996527777778
2026-04-07 18:15:00,31.07069444444444,37.90739583333333
2026-04-07 18:20:00,31.067326388888887,37.90770833333333
2026-04-07 18:25:00,31.06989583333333,37.89135416666667
2026-04-07 18:30:00,31.07,37.892812500000005
2026-04-07 18:35:00,31.070208333333337,37.875451388888884
2026-04-07 18:40:00,31.07232638888889,37.85913194444444
2026-04-07 18:45:00,31.069791666666667,37.84954861111111
2026-04-07 18:50:00,31.072604166666665,37.830486111111114
2026-04-07 18:55:00,31.06961805555556,37.82333333333334
2026-04-07 19:00:00,31.07201388888889,37.80302083333333
2026-04-07 19:05:00,31.069375000000004,37.793125
2026-04-07 19:10:00,31.070520833333333,37.77020833333333
2026-04-07 19:15:00,31.068333333333328,37.75802083333333
2026-04-07 19:20:00,31.06767361111112,37.73333333333333
2026-04-07 19:25:00,31.06628472222222,37.7178125
2026-04-07 19:30:00,31.063750000000002,37.703159722222225
2026-04-07 19:35:00,31.063854166666665,37.68159722222222
2026-04-07 19:40:00,31.0625,37.656597222222224
2026-04-07 19:45:00,31.060104166666665,37.64954861111111
2026-04-07 19:50:00,31.060520833333335,37.619791666666664
2026-04-07 19:55:00,31.058263888888884,37.59934027777778
2026-04-07 20:00:00,31.056944444444444,37.57739583333333
2026-04-07 20:05:00,31.056354166666665,37.55236111111111
2026-04-07 20:10:00,31.05631944444444,37.52746527777778
2026-04-07 20:15:00,31.05253472222222,37.50888888888889
2026-04-07 20:20:00,31.049826388888885,37.48913194444444
2026-04-07 20:25:00,31.044999999999998,37.46836805555555
2026-04-07 20:30:00,31.041041666666665,37.45145833333333
2026-04-07 20:35:00,31.03857638888889,37.43086805555556
2026-04-07 20:40:00,31.033645833333335,37.415729166666665
2026-04-07 20:45:00,31.030625,37.39743055555555
2026-04-07 20:50:00,31.02486111111111,37.38336805555556
2026-04-07 20:55:00,31.021215277777774,37.365624999999994
2026-04-07 21:00:00,31.016006944444445,37.34152777777777
2026-04-07 21:05:00,31.011493055555555,37.32503472222223
2026-04-07 21:10:00,31.008784722222224,37.305729166666666
2026-04-07 21:15:00,31.003333333333337,37.290729166666665
2026-04-07 21:20:00,30.99958333333333,37.27350694444445
2026-04-07 21:25:00,30.997465277777778,37.254131944444445
2026-04-07 21:30:00,30.992430555555554,37.24
2026-04-07 21:35:00,30.98930555555555,37.22340277777778
2026-04-07 21:40:00,30.98774305555556,37.20527777777778
2026-04-07 21:45:00,30.9846875,37.180034722222224
2026-04-07 21:50:00,30.981458333333332,37.16670138888889
2026-04-07 21:55:00,30.97961805555556,37.152048611111105
2026-04-07 22:00:00,30.978854166666665,37.13701388888889
2026-04-07 22:05:00,30.97878472222222,37.121875
2026-04-07 22:10:00,30.97927083333333,37.106701388888894
2026-04-07 22:15:00,30.980208333333337,37.09180555555556
2026-04-07 22:20:00,30.98142361111111,37.077465277777776
2026-04-07 22:25:00,30.982847222222226,37.06357638888889
2026-04-07 22:30:00,30.98451388888889,37.05034722222222
2026-04-07 22:35:00,30.986319444444447,37.03788194444444
2026-04-07 22:40:00,30.98826388888889,37.02621527777777
2026-04-07 22:45:00,30.99027777777778,37.015590277777775
2026-04-07 22:50:00,30.992326388888884,37.0059375
2026-04-07 22:55:00,30.994409722222226,36.997187499999995
2026-04-07 23:00:00,30.99642361111111,36.98951388888889
2026-04-07 23:05:00,30.998506944444443,36.98295138888889
2026-04-07 23:10:00,31.000520833333333,36.97753472222222
2026-04-07 23:15:00,31.002500000000005,36.97315972222222
2026-04-07 23:20:00,31.004548611111108,36.96982638888889
2026-04-07 23:25:00,31.00677083333333,36.96711805555555
2026-04-07 23:30:00,31.00913194444444,36.96489583333333
2026-04-07 23:35:00,31.011631944444446,36.96319444444445
2026-04-07 23:40:00,31.014374999999998,36.96190972222222
2026-04-07 23:45:00,31.017291666666665,36.961354166666666
2026-04-07 23:50:00,31.020347222222224,36.96180555555556
2026-04-07 23:55:00,31.023402777777775,36.963125
2026-04-08 00:00:00,31.02663194444444,36.96541666666667
2026-04-08 00:05:00,31.029965277777777,36.968611111111116
2026-04-08 00:10:00,31.033402777777773,36.972673611111105
2026-04-08 00:15:00,31.036840277777774,36.97736111111111
2026-04-08 00:20:00,31.04059027777778,36.98253472222222
2026-04-08 00:25:00,31.044791666666665,36.98746527777777
2026-04-08 00:30:00,31.049375000000005,36.991840277777776
2026-04-08 00:35:00,31.05409722222222,36.99565972222222
2026-04-08 00:40:00,31.05902777777778,36.998958333333334
2026-04-08 00:45:00,31.064097222222227,37.001736111111114
2026-04-08 00:50:00,31.069374999999997,37.003715277777786
2026-04-08 00:55:00,31.074583333333337,37.00479166666666
2026-04-08 01:00:00,31.079930555555556,37.005069444444445
2026-04-08 01:05:00,31.08534722222222,37.00458333333333
2026-04-08 01:10:00,31.090972222222224,37.003125
2026-04-08 01:15:00,31.096736111111106,37.000729166666666
2026-04-08 01:20:00,31.10256944444444,36.99711805555555
2026-04-08 01:25:00,31.108576388888885,36.9925
2026-04-08 01:30:00,31.114722222222227,36.98708333333334
2026-04-08 01:35:00,31.1209375,36.9809375
2026-04-08 01:40:00,31.12701388888889,36.97416666666666
2026-04-08 01:45:00,31.13267361111111,36.96736111111111
2026-04-08 01:50:00,31.137916666666666,36.96069444444444
2026-04-08 01:55:00,31.142534722222226,36.95444444444444
2026-04-08 02:00:00,31.14659722222222,36.94875
2026-04-08 02:05:00,31.150104166666665,36.94361111111111
2026-04-08 02:10:00,31.153472222222224,36.93847222222222
2026-04-08 02:15:00,31.156909722222217,36.93302083333334
2026-04-08 02:20:00,31.160486111111116,36.92673611111111
2026-04-08 02:25:00,31.16434027777778,36.919375
2026-04-08 02:30:00,31.1684375,36.91118055555555
2026-04-08 02:35:00,31.172743055555557,36.902361111111105
2026-04-08 02:40:00,31.177395833333335,36.892500000000005
2026-04-08 02:45:00,31.182638888888885,36.88142361111111
2026-04-08 02:50:00,31.18819444444445,36.869236111111114
2026-04-08 02:55:00,31.193958333333335,36.856493055555546
2026-04-08 03:00:00,31.199861111111115,36.84302083333333
2026-04-08 03:05:00,31.205868055555552,36.829097222222224
2026-04-08 03:10:00,31.21197916666667,36.81475694444445
2026-04-08 03:15:00,31.218194444444446,36.8
2026-04-08 03:20:00,31.224513888888893,36.78503472222222
2026-04-08 03:25:00,31.230972222222224,36.76940972222222
2026-04-08 03:30:00,31.23753472222222,36.7534375
2026-04-08 03:35:00,31.24423611111111,36.73722222222222
2026-04-08 03:40:00,31.250972222222224,36.720729166666665
2026-04-08 03:45:00,31.257708333333337,36.70420138888889
2026-04-08 03:50:00,31.264479166666668,36.687465277777775
2026-04-08 03:55:00,31.27128472222222,36.67079861111111
2026-04-08 04:00:00,31.27822916666667,36.65371527777778
2026-04-08 04:05:00,31.28517361111111,36.63659722222222
2026-04-08 04:10:00,31.29208333333333,36.619375
2026-04-08 04:15:00,31.298993055555556,36.60208333333333
2026-04-08 04:20:00,31.30579861111111,36.58472222222222
2026-04-08 04:25:00,31.31260416666667,36.5671875
2026-04-08 04:30:00,31.319444444444443,36.54954861111111
2026-04-08 04:35:00,31.32628472222222,36.53159722222222
2026-04-08 04:40:00,31.333125000000003,36.51347222222222
2026-04-08 04:45:00,31.34,36.49513888888888
2026-04-08 04:50:00,31.346874999999997,36.476701388888884
2026-04-08 04:55:00,31.35378472222222,36.458020833333336
2026-04-08 05:00:00,31.360729166666673,36.43934027777778
2026-04-08 05:05:00,31.36767361111111,36.420590277777784
2026-04-08 05:10:00,31.374652777777776,36.40177083333333
2026-04-08 05:15:00,31.381423611111114,36.38319444444445
2026-04-08 05:20:00,31.388055555555557,36.36472222222222
2026-04-08 05:25:00,31.394479166666663,36.34652777777777
2026-04-08 05:30:00,31.400694444444444,36.328715277777775
2026-04-08 05:35:00,31.406736111111115,36.311215277777784
2026-04-08 05:40:00,31.412499999999998,36.29392361111111
2026-04-08 05:45:00,31.41819444444444,36.276944444444446
2026-04-08 05:50:00,31.423993055555556,36.26
2026-04-08 05:55:00,31.430034722222224,36.24274305555556
2026-04-08 06:00:00,31.436249999999998,36.225
2026-04-08 06:05:00,31.44267361111112,36.20677083333333
2026-04-08 06:10:00,31.44934027777778,36.188159722222224
2026-04-08 06:15:00,31.456006944444443,36.16940972222223
2026-04-08 06:20:00,31.46263888888889,36.150625
2026-04-08 06:25:00,31.469097222222224,36.132222222222225
2026-04-08 06:30:00,31.475624999999997,36.113819444444445
2026-04-08 06:35:00,31.48246527777778,36.095
2026-04-08 06:40:00,31.48947916666667,36.075694444444444
2026-04-08 06:45:00,31.496805555555554,36.05583333333333
2026-04-08 06:50:00,31.50447916666667,36.03534722222222
2026-04-08 06:55:00,31.51246527777778,36.01420138888889
2026-04-08 07:00:00,31.520694444444448,35.99267361111111
2026-04-08 07:05:00,31.52934027777778,35.970034722222216
2026-04-08 07:10:00,31.538124999999997,35.94677083333333
2026-04-08 07:15:00,31.5471875,35.9228125
2026-04-08 07:20:00,31.556493055555556,35.897986111111116
2026-04-08 07:25:00,31.56597222222222,35.87260416666667
2026-04-08 07:30:00,31.575694444444448,35.846354166666664
2026-04-08 07:35:00,31.585451388888885,35.81947916666667
2026-04-08 07:40:00,31.595208333333332,35.79215277777777
2026-04-08 07:45:00,31.604895833333337,35.764652777777776
2026-04-08 07:50:00,31.614479166666666,35.73670138888889
2026-04-08 07:55:00,31.623819444444443,35.70916666666667
2026-04-08 08:00:00,31.63298611111111,35.681979166666665
2026-04-08 08:05:00,31.642013888888886,35.65506944444444
2026-04-08 08:10:00,31.650798611111107,35.62881944444444
2026-04-08 08:15:00,31.6596875,35.60267361111111
2026-04-08 08:20:00,31.668611111111108,35.576527777777784
2026-04-08 08:25:00,31.677395833333335,35.550694444444446
2026-04-08 08:30:00,31.68607638888889,35.525416666666665
2026-04-08 08:35:00,31.694583333333338,35.500625
2026-04-08 08:40:00,31.702951388888884,35.47638888888889
2026-04-08 08:45:00,31.7109375,35.45357638888889
2026-04-08 08:50:00,31.718506944444446,35.432291666666664
2026-04-08 08:55:00,31.725694444444443,35.41277777777778
2026-04-08 09:00:00,31.73267361111111,35.39479166666667
2026-04-08 09:05:00,31.73913194444444,35.37864583333333
2026-04-08 09:10:00,31.74482638888888,35.364999999999995
2026-04-08 09:15:00,31.749652777777776,35.35420138888889
2026-04-08 09:20:00,31.75347222222222,35.346805555555555
2026-04-08 09:25:00,31.75628472222222,35.34263888888889
2026-04-08 09:30:00,31.758159722222224,35.34173611111111
2026-04-08 09:35:00,31.759131944444448,35.34350694444444
2026-04-08 09:40:00,31.759201388888886,35.34770833333333
2026-04-08 09:45:00,31.7584375,35.35409722222222
2026-04-08 09:50:00,31.75680555555556,35.36326388888889
2026-04-08 09:55:00,31.754444444444445,35.37524305555556
2026-04-08 10:00:00,31.751562499999995,35.39069444444445
2026-04-08 10:05:00,31.74850694444445,35.4090625
2026-04-08 10:10:00,31.74930555555555,35.42034722222222
2026-04-08 10:15:00,31.749756944444446,35.43579861111111
2026-04-08 10:20:00,31.74972222222222,35.45461805555555
2026-04-08 10:25:00,31.752118055555556,35.49472222222223
2026-04-08 10:30:00,31.751319444444448,35.52274305555555
2026-04-08 10:35:00,31.750555555555554,35.551562499999996
2026-04-08 10:40:00,31.753263888888885,35.54819444444445
2026-04-08 10:45:00,31.752083333333335,35.58298611111112
2026-04-08 10:50:00,31.75548611111111,35.60850694444444
2026-04-08 10:55:00,31.75378472222222,35.650868055555556
2026-04-08 11:00:00,31.75663194444445,35.682048611111114
2026-04-08 11:05:00,31.75402777777778,35.72524305555555
2026-04-08 11:10:00,31.755937499999998,35.762326388888894
2026-04-08 11:15:00,31.752569444444443,35.82298611111111
2026-04-08 11:20:00,31.753541666666667,35.86322916666667
2026-04-08 11:25:00,31.75163194444444,35.92572916666666
2026-04-08 11:30:00,31.751944444444444,35.95493055555555
2026-04-08 11:35:00,31.752395833333335,35.99895833333333
2026-04-08 11:40:00,31.749756944444446,36.01416666666667
2026-04-08 11:45:00,31.74951388888889,36.05663194444444
2026-04-08 11:50:00,31.747638888888893,36.08611111111111
2026-04-08 11:55:00,31.746631944444445,36.12506944444445
2026-04-08 12:00:00,31.74555555555556,36.16993055555556
2026-04-08 12:05:00,31.745416666666667,36.19420138888889
2026-04-08 12:10:00,31.745902777777776,36.22517361111111
2026-04-08 12:15:00,31.751562500000002,36.24312499999999
2026-04-08 12:20:00,31.75100694444444,36.27152777777778
2026-04-08 12:25:00,31.752916666666668,36.30135416666666
2026-04-08 12:30:00,31.753680555555555,36.299479166666664
2026-04-08 12:35:00,31.752152777777773,36.32364583333333
2026-04-08 12:40:00,31.755451388888886,36.33277777777778
2026-04-08 12:45:00,31.75347222222222,36.3559375
2026-04-08 12:50:00,31.756736111111113,36.36611111111111
2026-04-08 12:55:00,31.754687500000003,36.38677083333333
2026-04-08 13:00:00,31.757013888888892,36.40059027777778
2026-04-08 13:05:00,31.75402777777778,36.42388888888889
2026-04-08 13:10:00,31.756874999999997,36.42069444444444
2026-04-08 13:15:00,31.75447916666667,36.45166666666667
2026-04-08 13:20:00,31.756666666666668,36.44506944444444
2026-04-08 13:25:00,31.756041666666665,36.47625
2026-04-08 13:30:00,31.75628472222222,36.473645833333336
2026-04-08 13:35:00,31.753611111111113,36.51027777777777
2026-04-08 13:40:00,31.750798611111108,36.51624999999999
2026-04-08 13:45:00,31.74260416666667,36.56024305555556
2026-04-08 13:50:00,31.738993055555554,36.57079861111111
2026-04-08 13:55:00,31.72888888888889,36.619479166666665
2026-04-08 14:00:00,31.726423611111116,36.63305555555556
2026-04-08 14:05:00,31.715937500000003,36.653194444444445
2026-04-08 14:10:00,31.713020833333328,36.68194444444444
2026-04-08 14:15:00,31.70385416666667,36.70111111111111
2026-04-08 14:20:00,31.699722222222224,36.73288194444444
2026-04-08 14:25:00,31.6934375,36.75069444444445
2026-04-08 14:30:00,31.688715277777774,36.78375
2026-04-08 14:35:00,31.68607638888889,36.80104166666667
2026-04-08 14:40:00,31.681458333333335,36.808819444444445
2026-04-08 14:45:00,31.678784722222222,36.841388888888886
2026-04-08 14:50:00,31.67621527777778,36.847256944444446
2026-04-08 14:55:00,31.670416666666668,36.86701388888889
2026-04-08 15:00:00,31.670277777777773,36.883125
2026-04-08 15:05:00,31.667326388888885,36.89659722222222
2026-04-08 15:10:00,31.664131944444446,36.92722222222222
2026-04-08 15:15:00,31.6634375,36.94076388888888
2026-04-08 15:20:00,31.661840277777774,36.939479166666665
2026-04-08 15:25:00,31.657048611111108,36.96781250000001
2026-04-08 15:30:00,31.657395833333332,36.96788194444444
2026-04-08 15:35:00,31.653715277777774,36.98770833333333
2026-04-08 15:40:00,31.65552083333333,36.98652777777778
2026-04-08 15:45:00,31.652604166666663,37.00138888888889
2026-04-08 15:50:00,31.655104166666668,36.99357638888889
2026-04-08 15:55:00,31.654965277777777,37.00975694444444
2026-04-08 16:00:00,31.653541666666666,37.00364583333333
2026-04-08 16:05:00,31.653402777777778,37.02149305555555
2026-04-08 16:10:00,31.650763888888882,37.01673611111111
2026-04-08 16:15:00,31.649305555555557,37.0384375
2026-04-08 16:20:00,31.648819444444445,37.02913194444445
2026-04-08 16:25:00,31.647256944444443,37.04840277777778
2026-04-08 16:30:00,31.64673611111111,37.039375
2026-04-08 16:35:00,31.644618055555554,37.05881944444444
2026-04-08 16:40:00,31.644895833333333,37.05003472222222
2026-04-08 16:45:00,31.643055555555552,37.06798611111111
2026-04-08 16:50:00,31.64305555555556,37.061840277777776
2026-04-08 16:55:00,31.641805555555557,37.06729166666666
2026-04-08 17:00:00,31.641354166666662,37.06586805555556
2026-04-08 17:05:00,31.642847222222226,37.058194444444446
2026-04-08 17:10:00,31.643923611111106,37.052812499999995
2026-04-08 17:15:00,31.644722222222224,37.04795138888889
2026-04-08 17:20:00,31.645208333333333,37.045138888888886
2026-04-08 17:25:00,31.643611111111113,37.05659722222222
2026-04-08 17:30:00,31.644305555555555,37.055416666666666
2026-04-08 17:35:00,31.64409722222222,37.05284722222222
2026-04-08 17:40:00,31.64482638888889,37.05479166666667
2026-04-08 17:45:00,31.64052083333333,37.07597222222222
2026-04-08 17:50:00,31.640138888888885,37.075763888888886
2026-04-08 17:55:00,31.640104166666667,37.086388888888884
2026-04-08 18:00:00,31.636909722222224,37.09076388888889
2026-04-08 18:05:00,31.636909722222224,37.1040625
2026-04-08 18:10:00,31.63354166666667,37.13607638888888
2026-04-08 18:15:00,31.633368055555554,37.15253472222222
2026-04-08 18:20:00,31.63274305555556,37.17381944444444
2026-04-08 18:25:00,31.63090277777778,37.18541666666667
2026-04-08 18:30:00,31.630729166666672,37.20670138888889
2026-04-08 18:35:00,31.627777777777776,37.220312500000006
2026-04-08 18:40:00,31.627430555555552,37.24333333333333
2026-04-08 18:45:00,31.62559027777778,37.27472222222222
2026-04-08 18:50:00,31.624930555555554,37.29944444444445
2026-04-08 18:55:00,31.62454861111111,37.326249999999995
2026-04-08 19:00:00,31.624270833333338,37.3475
2026-04-08 19:05:00,31.623680555555552,37.37399305555555
2026-04-08 19:10:00,31.623055555555556,37.38892361111111
2026-04-08 19:15:00,31.622604166666672,37.41402777777778
2026-04-08 19:20:00,31.624722222222218,37.42798611111111
2026-04-08 19:25:00,31.62388888888889,37.45402777777778
2026-04-08 19:30:00,31.62340277777778,37.46857638888889
2026-04-08 19:35:00,31.622430555555557,37.49635416666666
2026-04-08 19:40:00,31.618645833333332,37.53791666666667
2026-04-08 19:45:00,31.618402777777778,37.56506944444445
2026-04-08 19:50:00,31.615763888888882,37.58815972222223
2026-04-08 19:55:00,31.61555555555556,37.61614583333333
2026-04-08 20:00:00,31.61534722222222,37.640034722222225
2026-04-08 20:05:00,31.614930555555556,37.66954861111111
2026-04-08 20:10:00,31.614270833333332,37.697500000000005
2026-04-08 20:15:00,31.617326388888884,37.71913194444445
2026-04-08 20:20:00,31.619062500000002,37.74243055555556
2026-04-08 20:25:00,31.62267361111111,37.767361111111114
2026-04-08 20:30:00,31.625208333333333,37.78930555555556
2026-04-08 20:35:00,31.625868055555557,37.81604166666667
2026-04-08 20:40:00,31.628715277777776,37.838298611111114
2026-04-08 20:45:00,31.629409722222224,37.86493055555556
2026-04-08 20:50:00,31.63253472222222,37.888506944444444
2026-04-08 20:55:00,31.63333333333334,37.91694444444445
2026-04-08 21:00:00,31.635729166666668,37.95274305555556
2026-04-08 21:05:00,31.637708333333332,37.981770833333336
2026-04-08 21:10:00,31.63829861111111,38.01423611111111
2026-04-08 21:15:00,31.64204861111111,38.04284722222222
2026-04-08 21:20:00,31.64451388888889,38.074131944444446
2026-04-08 21:25:00,31.645694444444448,38.10826388888889
2026-04-08 21:30:00,31.65017361111111,38.13760416666666
2026-04-08 21:35:00,31.652986111111115,38.169999999999995
2026-04-08 21:40:00,31.654618055555552,38.20423611111111
2026-04-08 21:45:00,31.657847222222227,38.246180555555554
2026-04-08 21:50:00,31.661388888888887,38.276736111111106
2026-04-08 21:55:00,31.663715277777776,38.30909722222222
2026-04-08 22:00:00,31.665208333333332,38.34211805555556
2026-04-08 22:05:00,31.666145833333335,38.37538194444445
2026-04-08 22:10:00,31.666736111111113,38.408854166666664
2026-04-08 22:15:00,31.66697916666666,38.44232638888889
2026-04-08 22:20:00,31.667083333333338,38.475520833333334
2026-04-08 22:25:00,31.667048611111106,38.50829861111111
2026-04-08 22:30:00,31.666979166666668,38.540416666666665
2026-04-08 22:35:00,31.666805555555552,38.571979166666665
2026-04-08 22:40:00,31.666527777777773,38.60260416666667
2026-04-08 22:45:00,31.666180555555556,38.632326388888885
2026-04-08 22:50:00,31.665833333333335,38.661319444444445
2026-04-08 22:55:00,31.665451388888886,38.68982638888889
2026-04-08 23:00:00,31.66510416666667,38.717777777777776
2026-04-08 23:05:00,31.664895833333333,38.744930555555555
2026-04-08 23:10:00,31.664791666666662,38.771145833333335
2026-04-08 23:15:00,31.664687499999996,38.796840277777775
2026-04-08 23:20:00,31.66475694444444,38.82170138888889
2026-04-08 23:25:00,31.664930555555557,38.84583333333333
2026-04-08 23:30:00,31.665312500000002,38.869236111111114
2026-04-08 23:35:00,31.665729166666665,38.89208333333333
2026-04-08 23:40:00,31.666145833333335,38.914375
2026-04-08 23:45:00,31.66649305555556,38.93611111111111
2026-04-08 23:50:00,31.666770833333334,38.95736111111111
2026-04-08 23:55:00,31.66711805555556,38.97826388888889
2026-04-09 00:00:00,31.66743055555556,38.99868055555556
2026-04-09 00:05:00,31.667708333333337,39.018680555555555
2026-04-09 00:10:00,31.667881944444446,39.03822916666667
2026-04-09 00:15:00,31.667986111111116,39.0575
2026-04-09 00:20:00,31.66798611111111,39.07631944444445
2026-04-09 00:25:00,31.66805555555556,39.09482638888889
2026-04-09 00:30:00,31.66819444444444,39.112569444444446
2026-04-09 00:35:00,31.668437499999996,39.12982638888889
2026-04-09 00:40:00,31.668750000000003,39.146562499999995
2026-04-09 00:45:00,31.66881944444444,39.16309027777778
2026-04-09 00:50:00,31.668680555555554,39.17975694444444
2026-04-09 00:55:00,31.668541666666663,39.19645833333333
2026-04-09 01:00:00,31.668368055555554,39.212916666666665
2026-04-09 01:05:00,31.66809027777778,39.22940972222222
2026-04-09 01:10:00,31.6678125,39.245694444444446
2026-04-09 01:15:00,31.66743055555556,39.26190972222222
2026-04-09 01:20:00,31.667048611111113,39.27802083333333
2026-04-09 01:25:00,31.666597222222226,39.29399305555555
2026-04-09 01:30:00,31.66611111111111,39.309895833333336
2026-04-09 01:35:00,31.665694444444448,39.325694444444444
2026-04-09 01:40:00,31.665451388888886,39.34128472222222
2026-04-09 01:45:00,31.665625000000002,39.35628472222222
2026-04-09 01:50:00,31.666319444444444,39.3703125
2026-04-09 01:55:00,31.667569444444446,39.383229166666666
2026-04-09 02:00:00,31.66940972222222,39.39479166666666
2026-04-09 02:05:00,31.671736111111116,39.405
2026-04-09 02:10:00,31.674131944444444,39.41451388888889
2026-04-09 02:15:00,31.67635416666667,39.42378472222222
2026-04-09 02:20:00,31.678368055555552,39.4328125
2026-04-09 02:25:00,31.68013888888889,39.44208333333333
2026-04-09 02:30:00,31.681527777777774,39.45128472222222
2026-04-09 02:35:00,31.682777777777776,39.46010416666667
2026-04-09 02:40:00,31.68371527777778,39.468784722222225
2026-04-09 02:45:00,31.68434027777778,39.47732638888888
2026-04-09 02:50:00,31.68472222222222,39.48576388888889
2026-04-09 02:55:00,31.684930555555557,39.49395833333333
2026-04-09 03:00:00,31.684965277777774,39.50194444444444
2026-04-09 03:05:00,31.68486111111111,39.50951388888889
2026-04-09 03:10:00,31.684513888888887,39.516875
2026-04-09 03:15:00,31.684131944444445,39.523784722222224
2026-04-09 03:20:00,31.683680555555554,39.530277777777776
2026-04-09 03:25:00,31.683090277777776,39.53652777777778
2026-04-09 03:30:00,31.682361111111113,39.54229166666667
2026-04-09 03:35:00,31.681458333333335,39.54774305555556
2026-04-09 03:40:00,31.680451388888887,39.552881944444444
2026-04-09 03:45:00,31.679340277777776,39.55784722222222
2026-04-09 03:50:00,31.678229166666668,39.56243055555556
2026-04-09 03:55:00,31.677118055555557,39.566631944444445
2026-04-09 04:00:00,31.675868055555554,39.570659722222224
2026-04-09 04:05:00,31.674583333333334,39.57434027777778
2026-04-09 04:10:00,31.673263888888894,39.577847222222225
2026-04-09 04:15:00,31.671875,39.58118055555556
2026-04-09 04:20:00,31.670486111111114,39.58447916666667
2026-04-09 04:25:00,31.669062500000003,39.58756944444444
2026-04-09 04:30:00,31.667430555555555,39.59090277777778
2026-04-09 04:35:00,31.665625000000002,39.5946875
2026-04-09 04:40:00,31.663645833333337,39.59871527777778
2026-04-09 04:45:00,31.661527777777778,39.6029513888889
2026-04-09 04:50:00,31.659270833333338,39.60743055555556
2026-04-09 04:55:00,31.657013888888894,39.61208333333334
2026-04-09 05:00:00,31.65472222222222,39.61670138888889
2026-04-09 05:05:00,31.65239583333333,39.62135416666666
2026-04-09 05:10:00,31.649826388888886,39.62614583333333
2026-04-09 05:15:00,31.646979166666668,39.63121527777778
2026-04-09 05:20:00,31.643611111111113,39.63722222222222
2026-04-09 05:25:00,31.639895833333338,39.64399305555556
2026-04-09 05:30:00,31.635729166666668,39.65166666666667
2026-04-09 05:35:00,31.631145833333328,39.66013888888889
2026-04-09 05:40:00,31.626215277777778,39.66954861111111
2026-04-09 05:45:00,31.620833333333337,39.67979166666667
2026-04-09 05:50:00,31.614895833333335,39.69114583333334
2026-04-09 05:55:00,31.60875,39.70305555555555
2026-04-09 06:00:00,31.602430555555557,39.71565972222223
2026-04-09 06:05:00,31.59607638888889,39.728368055555556
2026-04-09 06:10:00,31.589652777777776,39.74121527777778
2026-04-09 06:15:00,31.58336805555555,39.75385416666667
2026-04-09 06:20:00,31.57743055555555,39.765659722222225
2026-04-09 06:25:00,31.571840277777774,39.776631944444446
2026-04-09 06:30:00,31.56635416666667,39.787187499999995
2026-04-09 06:35:00,31.560868055555552,39.79760416666667
2026-04-09 06:40:00,31.555486111111108,39.80798611111111
2026-04-09 06:45:00,31.550138888888892,39.818437499999995
2026-04-09 06:50:00,31.544756944444444,39.82895833333333
2026-04-09 06:55:00,31.53947916666667,39.83947916666667
2026-04-09 07:00:00,31.534236111111106,39.85017361111111
2026-04-09 07:05:00,31.52899305555555,39.86138888888889
2026-04-09 07:10:00,31.52375,39.87329861111111
2026-04-09 07:15:00,31.518472222222222,39.88569444444445
2026-04-09 07:20:00,31.513124999999995,39.89892361111111
2026-04-09 07:25:00,31.50770833333333,39.9126736111111
2026-04-09 07:30:00,31.502152777777773,39.92704861111111
2026-04-09 07:35:00,31.49638888888889,39.9421875
2026-04-09 07:40:00,31.490520833333335,39.958194444444445
2026-04-09 07:45:00,31.48454861111111,39.97475694444445
2026-04-09 07:50:00,31.47847222222222,39.991875
2026-04-09 07:55:00,31.47236111111111,40.00951388888889
2026-04-09 08:00:00,31.466319444444448,40.02725694444444
2026-04-09 08:05:00,31.4603125,40.045208333333335
2026-04-09 08:10:00,31.454583333333332,40.062847222222224
2026-04-09 08:15:00,31.448819444444446,40.08045138888889
2026-04-09 08:20:00,31.443090277777774,40.09822916666666
2026-04-09 08:25:00,31.437465277777775,40.11572916666667
2026-04-09 08:30:00,31.43190972222222,40.13288194444445
2026-04-09 08:35:00,31.42663194444444,40.14944444444444
2026-04-09 08:40:00,31.42128472222222,40.16538194444444
2026-04-09 08:45:00,31.41569444444444,40.18083333333333
2026-04-09 08:50:00,31.41,40.195625
2026-04-09 08:55:00,31.404270833333335,40.2096875
2026-04-09 09:00:00,31.39854166666667,40.22302083333333
2026-04-09 09:05:00,31.39326388888889,40.23513888888889
2026-04-09 09:10:00,31.38861111111111,40.24541666666667
2026-04-09 09:15:00,31.384479166666665,40.253784722222214
2026-04-09 09:20:00,31.3809375,40.25982638888889
2026-04-09 09:25:00,31.377986111111113,40.26340277777777
2026-04-09 09:30:00,31.37548611111111,40.26447916666667
2026-04-09 09:35:00,31.373611111111114,40.26340277777778
2026-04-09 09:40:00,31.372256944444448,40.260555555555555
2026-04-09 09:45:00,31.371354166666663,40.25649305555555
2026-04-09 09:50:00,31.370868055555555,40.25138888888889
2026-04-09 09:55:00,31.37079861111111,40.24486111111111
2026-04-09 10:00:00,31.37107638888889,40.23732638888889
2026-04-09 10:05:00,31.371597222222217,40.22913194444445
2026-04-09 10:10:00,31.37225694444444,40.22034722222222
2026-04-09 10:15:00,31.37295138888889,40.21104166666666
2026-04-09 10:20:00,31.37013888888889,40.21138888888889
2026-04-09 10:25:00,31.3675,40.20944444444444
2026-04-09 10:30:00,31.369270833333335,40.178472222222226
2026-04-09 10:35:00,31.366944444444446,40.174756944444454
2026-04-09 10:40:00,31.366284722222222,40.19208333333333
2026-04-09 10:45:00,31.36888888888889,40.17256944444444
2026-04-09 10:50:00,31.370451388888885,40.15454861111111
2026-04-09 10:55:00,31.371979166666662,40.13288194444445
2026-04-09 11:00:00,31.371979166666662,40.09701388888888
2026-04-09 11:05:00,31.37326388888889,40.07982638888889
2026-04-09 11:10:00,31.37236111111111,40.03986111111111
2026-04-09 11:15:00,31.374479166666667,40.01003472222222
2026-04-09 11:20:00,31.370694444444446,40.00309027777777
2026-04-09 11:25:00,31.37357638888889,39.972638888888895
2026-04-09 11:30:00,31.371284722222224,39.97100694444445
2026-04-09 11:35:00,31.374444444444446,39.94027777777778
2026-04-09 11:40:00,31.379687500000003,39.94114583333333
2026-04-09 11:45:00,31.38111111111111,39.91354166666667
2026-04-09 11:50:00,31.387534722222217,39.895
2026-04-09 11:55:00,31.387951388888887,39.87125
2026-04-09 12:00:00,31.39052083333333,39.81493055555555
2026-04-09 12:05:00,31.390625,39.80888888888889
2026-04-09 12:10:00,31.388194444444448,39.794583333333335
2026-04-09 12:15:00,31.38597222222222,39.77722222222222
2026-04-09 12:20:00,31.38340277777778,39.764062499999994
2026-04-09 12:25:00,31.38180555555556,39.7503125
2026-04-09 12:30:00,31.380243055555557,39.74413194444445
2026-04-09 12:35:00,31.379583333333333,39.72784722222222
2026-04-09 12:40:00,31.379097222222224,39.71642361111111
2026-04-09 12:45:00,31.37875,39.70072916666666
2026-04-09 12:50:00,31.378298611111106,39.687916666666666
2026-04-09 12:55:00,31.377986111111113,39.67465277777778
2026-04-09 13:00:00,31.377291666666665,39.664375
2026-04-09 13:05:00,31.38079861111111,39.634375000000006
2026-04-09 13:10:00,31.38170138888889,39.63305555555556
2026-04-09 13:15:00,31.382326388888885,39.616145833333334
2026-04-09 13:20:00,31.386388888888884,39.613055555555555
2026-04-09 13:25:00,31.389062499999998,39.59072916666667
2026-04-09 13:30:00,31.396145833333335,39.58222222222222
2026-04-09 13:35:00,31.401041666666668,39.552847222222226
2026-04-09 13:40:00,31.409479166666667,39.54020833333333
2026-04-09 13:45:00,31.41722222222222,39.501875000000005
2026-04-09 13:50:00,31.425798611111116,39.48454861111111
2026-04-09 13:55:00,31.435520833333335,39.441631944444445
2026-04-09 14:00:00,31.44246527777777,39.419375
2026-04-09 14:05:00,31.453055555555554,39.40520833333333
2026-04-09 14:10:00,31.459375000000005,39.36861111111111
2026-04-09 14:15:00,31.46833333333333,39.35638888888889
2026-04-09 14:20:00,31.471249999999998,39.336215277777775
2026-04-09 14:25:00,31.475347222222222,39.323506944444446
2026-04-09 14:30:00,31.479965277777783,39.298750000000005
2026-04-09 14:35:00,31.479826388888892,39.288784722222225
2026-04-09 14:40:00,31.484340277777775,39.28833333333333
2026-04-09 14:45:00,31.48538194444445,39.26152777777778
2026-04-09 14:50:00,31.48815972222222,39.26107638888888
2026-04-09 14:55:00,31.493541666666665,39.24430555555555
2026-04-09 15:00:00,31.493090277777778,39.234513888888884
2026-04-09 15:05:00,31.496770833333333,39.22197916666667
2026-04-09 15:10:00,31.50170138888889,39.191875
2026-04-09 15:15:00,31.502187500000005,39.18055555555556
2026-04-09 15:20:00,31.506423611111114,39.18024305555556
2026-04-09 15:25:00,31.508368055555554,39.152048611111105
2026-04-09 15:30:00,31.509409722222227,39.15288194444444
2026-04-09 15:35:00,31.512777777777778,39.13059027777778
2026-04-09 15:40:00,31.512048611111116,39.13274305555555
2026-04-09 15:45:00,31.513541666666665,39.114826388888886
2026-04-09 15:50:00,31.512812500000003,39.121180555555554
2026-04-09 15:55:00,31.513333333333335,39.104375
2026-04-09 16:00:00,31.518333333333334,39.103541666666665
2026-04-09 16:05:00,31.52211805555556,39.09027777777778
2026-04-09 16:10:00,31.529861111111114,39.08336805555555
2026-04-09 16:15:00,31.537743055555552,39.06111111111111
2026-04-09 16:20:00,31.54527777777778,39.0503125
2026-04-09 16:25:00,31.55420138888889,39.027118055555555
2026-04-09 16:30:00,31.560833333333335,39.013124999999995
2026-04-09 16:35:00,31.57100694444445,38.98739583333334
2026-04-09 16:40:00,31.57392361111111,38.97263888888889
2026-04-09 16:45:00,31.58302083333334,38.947048611111114
2026-04-09 16:50:00,31.58256944444444,38.94961805555556
2026-04-09 16:55:00,31.588229166666665,38.93225694444445
2026-04-09 17:00:00,31.588437500000005,38.93114583333333
2026-04-09 17:05:00,31.58909722222222,38.91482638888888
2026-04-09 17:10:00,31.588541666666668,38.91357638888889
2026-04-09 17:15:00,31.5878125,38.9140625
2026-04-09 17:20:00,31.587500000000002,38.91354166666667
2026-04-09 17:25:00,31.58652777777778,38.91489583333333
2026-04-09 17:30:00,31.586180555555554,38.91427083333333
2026-04-09 17:35:00,31.5859375,38.913402777777776
2026-04-09 17:40:00,31.586076388888884,38.91072916666666
2026-04-09 17:45:00,31.59211805555556,38.894826388888895
2026-04-09 17:50:00,31.593402777777783,38.89559027777778
2026-04-09 17:55:00,31.59861111111111,38.87916666666667
2026-04-09 18:00:00,31.60197916666667,38.868298611111115
2026-04-09 18:05:00,31.605729166666663,38.85326388888889
2026-04-09 18:10:00,31.609027777777776,38.836215277777775
2026-04-09 18:15:00,31.609722222222224,38.81635416666667
2026-04-09 18:20:00,31.612152777777776,38.8003125
2026-04-09 18:25:00,31.610208333333333,38.79354166666667
2026-04-09 18:30:00,31.611493055555552,38.78038194444444
2026-04-09 18:35:00,31.611319444444444,38.790625000000006
2026-04-09 18:40:00,31.612395833333338,38.778055555555554
2026-04-09 18:45:00,31.613680555555554,38.76305555555555
2026-04-09 18:50:00,31.614409722222224,38.748020833333335
2026-04-09 18:55:00,31.614479166666666,38.73652777777778
2026-04-09 19:00:00,31.61413194444444,38.72562500000001
2026-04-09 19:05:00,31.61385416666667,38.71611111111111
2026-04-09 19:10:00,31.61243055555556,38.71083333333333
2026-04-09 19:15:00,31.61170138888889,38.704965277777774
2026-04-09 19:20:00,31.607708333333335,38.710590277777776
2026-04-09 19:25:00,31.60753472222222,38.70534722222223
2026-04-09 19:30:00,31.604444444444443,38.72694444444444
2026-04-09 19:35:00,31.60458333333333,38.721666666666664
2026-04-09 19:40:00,31.604236111111113,38.7175
2026-04-09 19:45:00,31.604236111111113,38.713298611111114
2026-04-09 19:50:00,31.602916666666673,38.72743055555556
2026-04-09 19:55:00,31.60298611111111,38.722638888888895
2026-04-09 20:00:00,31.599166666666672,38.72184027777777
2026-04-09 20:05:00,31.59972222222222,38.714930555555554
2026-04-09 20:10:00,31.599722222222226,38.69809027777777
2026-04-09 20:15:00,31.596770833333338,38.698506944444446
2026-04-09 20:20:00,31.59538194444444,38.69423611111111
2026-04-09 20:25:00,31.595034722222223,38.686770833333334
2026-04-09 20:30:00,31.59545138888889,38.67680555555555
2026-04-09 20:35:00,31.596527777777776,38.66454861111111
2026-04-09 20:40:00,31.598159722222224,38.65027777777778
2026-04-09 20:45:00,31.60013888888889,38.63413194444445
2026-04-09 20:50:00,31.602430555555557,38.61621527777778
2026-04-09 20:55:00,31.605138888888884,38.596493055555555
2026-04-09 21:00:00,31.604062499999998,38.58309027777777
2026-04-09 21:05:00,31.604131944444443,38.5659375
2026-04-09 21:10:00,31.600763888888892,38.554270833333334
2026-04-09 21:15:00,31.598993055555557,38.5378125
2026-04-09 21:20:00,31.59722222222222,38.5078125
2026-04-09 21:25:00,31.593680555555554,38.491840277777776
2026-04-09 21:30:00,31.59152777777778,38.47152777777778
2026-04-09 21:35:00,31.59038194444444,38.447916666666664
2026-04-09 21:40:00,31.586736111111115,38.42329861111111
2026-04-09 21:45:00,31.583472222222227,38.401180555555555
2026-04-09 21:50:00,31.581354166666667,38.37569444444445
2026-04-09 21:55:00,31.580069444444444,38.347569444444446
2026-04-09 22:00:00,31.579340277777778,38.317499999999995
2026-04-09 22:05:00,31.57517361111111,38.29295138888889
2026-04-09 22:10:00,31.572118055555556,38.265625
2026-04-09 22:15:00,31.570069444444446,38.23579861111111
2026-04-09 22:20:00,31.56861111111111,38.20406249999999
2026-04-09 22:25:00,31.56767361111112,38.17107638888889
2026-04-09 22:30:00,31.56694444444444,38.13711805555556
2026-04-09 22:35:00,31.566631944444445,38.102152777777775
2026-04-09 22:40:00,31.5665625,38.066631944444445
2026-04-09 22:45:00,31.563159722222217,38.036875
2026-04-09 22:50:00,31.56065972222222,38.005208333333336
2026-04-09 22:55:00,31.558888888888887,37.97170138888889
2026-04-09 23:00:00,31.557534722222222,37.93697916666667
2026-04-09 23:05:00,31.556458333333335,37.901423611111106
2026-04-09 23:10:00,31.555590277777778,37.865138888888886
2026-04-09 23:15:00,31.555,37.82802083333333
2026-04-09 23:20:00,31.554236111111113,37.79048611111111
2026-04-09 23:25:00,31.55326388888889,37.752812500000005
2026-04-09 23:30:00,31.551944444444448,37.714930555555554
2026-04-09 23:35:00,31.550277777777776,37.67690972222222
2026-04-09 23:40:00,31.54857638888889,37.638506944444444
2026-04-09 23:45:00,31.547118055555554,37.59923611111111
2026-04-09 23:50:00,31.54604166666666,37.55892361111111
2026-04-09 23:55:00,31.545312499999998,37.51739583333333
2026-04-10 00:00:00,31.544930555555556,37.47461805555555
2026-04-10 00:05:00,31.544930555555553,37.43052083333333
2026-04-10 00:10:00,31.545208333333335,37.38506944444444
2026-04-10 00:15:00,31.54583333333333,37.338229166666665
2026-04-10 00:20:00,31.546736111111116,37.29020833333333
2026-04-10 00:25:00,31.547743055555557,37.24114583333333
2026-04-10 00:30:00,31.54871527777778,37.1915625
2026-04-10 00:35:00,31.54975694444445,37.14145833333333
2026-04-10 00:40:00,31.55079861111111,37.09079861111111
2026-04-10 00:45:00,31.552118055555557,37.039513888888884
2026-04-10 00:50:00,31.553645833333334,36.987569444444446
2026-04-10 00:55:00,31.55527777777778,36.93506944444445
2026-04-10 01:00:00,31.557118055555552,36.882083333333334
2026-04-10 01:05:00,31.559236111111108,36.82826388888889
2026-04-10 01:10:00,31.56138888888889,36.77413194444444
2026-04-10 01:15:00,31.563715277777778,36.71958333333333
2026-04-10 01:20:00,31.56614583333333,36.66479166666667
2026-04-10 01:25:00,31.56857638888889,36.609965277777775
2026-04-10 01:30:00,31.571076388888887,36.55489583333333
2026-04-10 01:35:00,31.573611111111106,36.499652777777776
2026-04-10 01:40:00,31.57621527777778,36.44416666666667
2026-04-10 01:45:00,31.578993055555557,36.38850694444445
2026-04-10 01:50:00,31.58197916666667,36.33270833333333
2026-04-10 01:55:00,31.585069444444443,36.27677083333333
2026-04-10 02:00:00,31.58822916666667,36.221041666666665
2026-04-10 02:05:00,31.59152777777778,36.16552083333333
2026-04-10 02:10:00,31.594895833333332,36.11020833333333
2026-04-10 02:15:00,31.598333333333333,36.055104166666666
2026-04-10 02:20:00,31.601770833333333,36.00055555555556
2026-04-10 02:25:00,31.60517361111111,35.94649305555556
2026-04-10 02:30:00,31.608645833333338,35.89295138888889
2026-04-10 02:35:00,31.61201388888889,35.84003472222222
2026-04-10 02:40:00,31.615381944444444,35.78791666666667
2026-04-10 02:45:00,31.61871527777778,35.73659722222222
2026-04-10 02:50:00,31.622118055555557,35.68604166666667
2026-04-10 02:55:00,31.625451388888887,35.63607638888889
2026-04-10 03:00:00,31.628715277777776,35.586909722222224
2026-04-10 03:05:00,31.632048611111113,35.5384375
2026-04-10 03:10:00,31.63545138888889,35.49055555555556
2026-04-10 03:15:00,31.638749999999998,35.443333333333335
2026-04-10 03:20:00,31.642083333333332,35.396770833333335
2026-04-10 03:25:00,31.645555555555557,35.35072916666667
2026-04-10 03:30:00,31.6490625,35.30517361111111
2026-04-10 03:35:00,31.65263888888889,35.25989583333333
2026-04-10 03:40:00,31.656319444444446,35.214756944444446
2026-04-10 03:45:00,31.66,35.16993055555556
2026-04-10 03:50:00,31.66361111111111,35.125416666666666
2026-04-10 03:55:00,31.667048611111106,35.08135416666667
2026-04-10 04:00:00,31.670416666666668,35.03763888888889
2026-04-10 04:05:00,31.67357638888889,34.99434027777777
2026-04-10 04:10:00,31.676701388888887,34.951145833333335
2026-04-10 04:15:00,31.679895833333333,34.907986111111114
2026-04-10 04:20:00,31.683125,34.864826388888886
2026-04-10 04:25:00,31.686249999999998,34.82190972222222
2026-04-10 04:30:00,31.689444444444447,34.77899305555556
2026-04-10 04:35:00,31.69256944444444,34.736111111111114
2026-04-10 04:40:00,31.695659722222217,34.69340277777778
2026-04-10 04:45:00,31.698680555555555,34.65100694444445
2026-04-10 04:50:00,31.701631944444443,34.60885416666667
2026-04-10 04:55:00,31.70461805555555,34.566944444444445
2026-04-10 05:00:00,31.707638888888887,34.525277777777774
2026-04-10 05:05:00,31.710798611111116,34.48361111111112
2026-04-10 05:10:00,31.714340277777783,34.441805555555554
2026-04-10 05:15:00,31.718402777777776,34.399409722222224
2026-04-10 05:20:00,31.72309027777778,34.3559375
2026-04-10 05:25:00,31.72836805555555,34.311527777777776
2026-04-10 05:30:00,31.734375,34.26569444444445
2026-04-10 05:35:00,31.741041666666668,34.218715277777775
2026-04-10 05:40:00,31.748333333333335,34.170520833333335
2026-04-10 05:45:00,31.75611111111111,34.121180555555554
2026-04-10 05:50:00,31.76430555555556,34.07069444444445
2026-04-10 05:55:00,31.772395833333334,34.01989583333334
2026-04-10 06:00:00,31.78024305555556,33.96923611111111
2026-04-10 06:05:00,31.787638888888882,33.91916666666666
2026-04-10 06:10:00,31.794583333333335,33.86965277777777
2026-04-10 06:15:00,31.801111111111116,33.82079861111111
2026-04-10 06:20:00,31.807187500000005,33.77298611111111
2026-04-10 06:25:00,31.81277777777778,33.726076388888885
2026-04-10 06:30:00,31.81798611111111,33.67979166666667
2026-04-10 06:35:00,31.82274305555556,33.63423611111111
2026-04-10 06:40:00,31.827152777777776,33.589131944444446
2026-04-10 06:45:00,31.831111111111113,33.544583333333335
2026-04-10 06:50:00,31.834375000000005,33.50083333333333
2026-04-10 06:55:00,31.837083333333332,33.45791666666667
2026-04-10 07:00:00,31.83951388888889,33.41548611111111
2026-04-10 07:05:00,31.841805555555556,33.373333333333335
2026-04-10 07:10:00,31.84392361111111,33.33138888888889
2026-04-10 07:15:00,31.84565972222222,33.28975694444445
2026-04-10 07:20:00,31.846979166666667,33.24875
2026-04-10 07:25:00,31.8478125,33.20847222222223
2026-04-10 07:30:00,31.84822916666667,33.16892361111111
2026-04-10 07:35:00,31.848159722222217,33.13027777777778
2026-04-10 07:40:00,31.847743055555554,33.092187499999994
2026-04-10 07:45:00,31.846979166666667,33.054722222222225
2026-04-10 07:50:00,31.845972222222226,33.01777777777778
2026-04-10 07:55:00,31.844618055555557,32.981458333333336
2026-04-10 08:00:00,31.842986111111106,32.9459375
2026-04-10 08:05:00,31.840937500000003,32.91142361111111
2026-04-10 08:10:00,31.83836805555556,32.8784375
2026-04-10 08:15:00,31.83565972222222,32.84645833333334
2026-04-10 08:20:00,31.832986111111115,32.81496527777778
2026-04-10 08:25:00,31.830381944444444,32.7840625
2026-04-10 08:30:00,31.827986111111116,32.753194444444446
2026-04-10 08:35:00,31.82579861111111,32.722638888888895
2026-04-10 08:40:00,31.82420138888889,32.69208333333333
2026-04-10 08:45:00,31.823506944444446,32.660868055555554
2026-04-10 08:50:00,31.82364583333333,32.62902777777778
2026-04-10 08:55:00,31.824479166666663,32.59638888888889
2026-04-10 09:00:00,31.825729166666665,32.563229166666666
2026-04-10 09:05:00,31.827326388888892,32.52982638888889
2026-04-10 09:10:00,31.829305555555557,32.496319444444445
2026-04-10 09:15:00,31.831944444444446,32.462673611111114
2026-04-10 09:20:00,31.83520833333333,32.42920138888889
2026-04-10 09:25:00,31.839166666666667,32.395833333333336
2026-04-10 09:30:00,31.84246527777778,32.34899305555555
2026-04-10 09:35:00,31.844305555555554,32.32194444444444
2026-04-10 09:40:00,31.84722222222222,32.29302083333334
2026-04-10 09:45:00,31.847256944444446,32.27
2026-04-10 09:50:00,31.848680555555557,32.24395833333333
2026-04-10 09:55:00,31.847673611111116,32.21892361111111
2026-04-10 10:00:00,31.847604166666663,32.19552083333333
2026-04-10 10:05:00,31.844583333333333,32.178090277777784
2026-04-10 10:10:00,31.842881944444443,32.157152777777775
2026-04-10 10:15:00,31.83784722222222,32.14263888888889
2026-04-10 10:20:00,31.83836805555556,32.11100694444444
2026-04-10 10:25:00,31.834965277777776,32.09180555555555
2026-04-10 10:30:00,31.831527777777776,32.076875
2026-04-10 10:35:00,31.83017361111111,32.05170138888889
2026-04-10 10:40:00,31.825451388888894,32.02111111111111
2026-04-10 10:45:00,31.821145833333333,32.005451388888886
2026-04-10 10:50:00,31.8121875,32.00201388888889
2026-04-10 10:55:00,31.810312500000002,31.981805555555557
2026-04-10 11:00:00,31.80395833333333,31.99288194444445
2026-04-10 11:05:00,31.802881944444444,31.96704861111111
2026-04-10 11:10:00,31.798680555555556,31.978229166666665
2026-04-10 11:15:00,31.795937499999997,31.951388888888882
2026-04-10 11:20:00,31.794374999999995,31.930486111111108
2026-04-10 11:25:00,31.791006944444444,31.90607638888889
2026-04-10 11:30:00,31.787395833333335,31.893020833333328
2026-04-10 11:35:00,31.78305555555555,31.873333333333335
2026-04-10 11:40:00,31.775520833333335,31.870520833333337
2026-04-10 11:45:00,31.775624999999998,31.85083333333333
2026-04-10 11:50:00,31.771180555555556,31.846631944444443
2026-04-10 11:55:00,31.772673611111113,31.82434027777778
2026-04-10 12:00:00,31.77416666666667,31.814722222222226
2026-04-10 12:05:00,31.77576388888889,31.791909722222222
2026-04-10 12:10:00,31.7753125,31.770520833333332
2026-04-10 12:15:00,31.77402777777778,31.754270833333337
2026-04-10 12:50:00,31.775460992907803,31.715425531914892
2026-04-10 12:55:00,31.774929078014182,31.701843971631206
2026-04-10 13:00:00,31.77343971631206,31.687659574468086
2026-04-10 13:05:00,31.765851063829786,31.696666666666662
2026-04-10 13:10:00,31.761489361702125,31.686205673758867
2026-04-10 13:15:00,31.75567375886525,31.68049645390071
2026-04-10 13:20:00,31.75003546099291,31.67148936170213
2026-04-10 13:25:00,31.741241134751775,31.66620567375886
2026-04-10 13:30:00,31.731843971631204,31.668014184397162
2026-04-10 13:35:00,31.72340425531915,31.662375886524824
2026-04-10 13:40:00,31.708900709219858,31.67248226950355
2026-04-10 13:45:00,31.701985815602832,31.66436170212766
2026-04-10 13:50:00,31.68780141843971,31.670496453900707
2026-04-10 13:55:00,31.677092198581562,31.672021276595746
2026-04-10 14:00:00,31.665957446808516,31.676524822695033
2026-04-10 14:05:00,31.651914893617022,31.679078014184398
2026-04-10 14:10:00,31.642127659574466,31.687234042553197
2026-04-10 14:15:00,31.631241134751775,31.683156028368792
2026-04-10 14:20:00,31.621666666666666,31.67432624113475
2026-04-10 14:25:00,31.616773049645392,31.66932624113475
2026-04-10 14:30:00,31.610070921985812,31.654290780141846
2026-04-10 14:35:00,31.600851063829783,31.657517730496455
2026-04-10 14:40:00,31.59872340425532,31.63631205673759
2026-04-10 14:45:00,31.593333333333334,31.629680851063828
2026-04-10 14:50:00,31.586808510638296,31.617269503546098
2026-04-10 14:55:00,31.58489361702128,31.60531914893617
2026-04-10 15:00:00,31.57854609929078,31.588156028368797
2026-04-10 15:05:00,31.57602836879433,31.580177304964536
2026-04-10 15:10:00,31.572588652482267,31.55748226950355
2026-04-10 15:15:00,31.56673758865248,31.553617021276597
2026-04-10 15:20:00,31.568297872340427,31.524964539007094
2026-04-10 15:25:00,31.56613475177305,31.51031914893617
2026-04-10 15:30:00,31.566666666666663,31.483829787234043
2026-04-10 15:35:00,31.560886524822696,31.472517730496453
2026-04-10 15:40:00,31.560319148936166,31.448368794326242
2026-04-10 15:45:00,31.555141843971636,31.43851063829787
2026-04-10 15:50:00,31.555212765957446,31.412695035460995
2026-04-10 15:55:00,31.55074468085106,31.40010638297873
2026-04-10 16:00:00,31.546808510638293,31.379113475177306
2026-04-10 16:05:00,31.540070921985812,31.359539007092202
2026-04-10 16:10:00,31.528085106382978,31.35265957446809
2026-04-10 16:15:00,31.52156028368795,31.33368794326241
2026-04-10 16:20:00,31.50748226950354,31.33014184397163
2026-04-10 16:25:00,31.500070921985817,31.316524822695037
2026-04-10 16:30:00,31.48790780141844,31.313936170212767
2026-04-10 16:35:00,31.473617021276596,31.311524822695038
2026-04-10 16:40:00,31.467836879432625,31.305
2026-04-10 16:45:00,31.45624113475177,31.29890070921986
2026-04-10 16:50:00,31.451453900709225,31.27946808510638
2026-04-10 16:55:00,31.445070921985817,31.27085106382979
2026-04-10 17:00:00,31.435,31.257375886524823
2026-04-10 17:05:00,31.433475177304963,31.24602836879433
2026-04-10 17:10:00,31.425602836879435,31.232765957446805
2026-04-10 17:15:00,31.425425531914897,31.206276595744683
2026-04-10 17:20:00,31.419397163120568,31.187446808510632
2026-04-10 17:25:00,31.41897163120567,31.16258865248227
2026-04-10 17:30:00,31.414184397163126,31.1427304964539
2026-04-10 17:35:00,31.410212765957446,31.131595744680855
2026-04-10 17:40:00,31.40340425531915,31.1154609929078
2026-04-10 17:45:00,31.396914893617023,31.102411347517727
2026-04-10 17:50:00,31.387872340425528,31.09131205673759
2026-04-10 17:55:00,31.377765957446805,31.086241134751774
2026-04-10 18:00:00,31.370177304964535,31.085921985815602
2026-04-10 18:05:00,31.360000000000003,31.08085106382979
2026-04-10 18:10:00,31.355673758865244,31.061950354609934
2026-04-10 18:15:00,31.34620567375887,31.064822695035456
2026-04-10 18:20:00,31.342269503546103,31.046560283687946
2026-04-10 18:25:00,31.335709219858156,31.046560283687942
2026-04-10 18:30:00,31.33202127659575,31.028829787234045
2026-04-10 18:35:00,31.32638297872341,31.010992907801413
2026-04-10 18:40:00,31.321843971631207,30.997304964539005
2026-04-10 18:45:00,31.319397163120566,30.975780141843973
2026-04-10 18:50:00,31.31748226950355,30.961028368794327
2026-04-10 18:55:00,31.317624113475183,30.934574468085103
2026-04-10 19:00:00,31.316028368794328,30.92219858156028
2026-04-10 19:05:00,31.31209219858156,30.904113475177308
2026-04-10 19:10:00,31.312269503546098,30.893723404255322
2026-04-10 19:15:00,31.309148936170207,30.874078014184395
2026-04-10 19:20:00,31.309113475177305,30.854609929078013
2026-04-10 19:25:00,31.30673758865248,30.83248226950354
2026-04-10 19:30:00,31.304609929078012,30.80390070921986
2026-04-10 19:35:00,31.303297872340426,30.77737588652482
2026-04-10 19:40:00,31.301702127659574,30.749539007092203
2026-04-10 19:45:00,31.298475177304958,30.723333333333333
2026-04-10 19:50:00,31.29829787234042,30.693333333333328
2026-04-10 19:55:00,31.29397163120567,30.66840425531915
2026-04-10 20:00:00,31.294397163120564,30.64734042553192
2026-04-10 20:05:00,31.29056737588653,30.626382978723402
2026-04-10 20:10:00,31.28918439716312,30.614929078014185
2026-04-10 20:15:00,31.28741134751773,30.592092198581557
2026-04-10 20:20:00,31.286737588652485,30.56985815602837
2026-04-10 20:25:00,31.28687943262411,30.54826241134752
2026-04-10 20:30:00,31.283652482269503,30.534219858156032
2026-04-10 20:35:00,31.28191489361702,30.520035460992908
2026-04-10 20:40:00,31.28124113475177,30.506950354609927
2026-04-10 20:45:00,31.281418439716315,30.495141843971627
2026-04-10 20:50:00,31.27840425531915,30.491595744680847
2026-04-10 20:55:00,31.276737588652484,30.48758865248227
2026-04-10 21:00:00,31.279716312056735,30.472695035460998
2026-04-10 21:05:00,31.278297872340424,30.471524822695038
2026-04-10 21:10:00,31.2791134751773,30.45209219858156
2026-04-10 21:15:00,31.278226950354608,30.453191489361707
2026-04-10 21:20:00,31.274219858156027,30.476773049645388
2026-04-10 21:25:00,31.274397163120565,30.478617021276595
2026-04-10 21:30:00,31.269929078014187,30.493120567375886
2026-04-10 21:35:00,31.26730496453901,30.503014184397163
2026-04-10 21:40:00,31.264078014184395,30.521560283687943
2026-04-10 21:45:00,31.263333333333335,30.529716312056742
2026-04-10 21:50:00,31.25851063829787,30.54936170212766
2026-04-10 21:55:00,31.255567375886525,30.563404255319146
2026-04-10 22:00:00,31.25,30.574893617021278
2026-04-10 22:05:00,31.24968085106383,30.585425531914893
2026-04-10 22:10:00,31.248333333333328,30.57992907801418
2026-04-10 22:15:00,31.245460992907805,30.59627659574468
2026-04-10 22:20:00,31.244290780141842,30.60900709219859
2026-04-10 22:25:00,31.24400709219858,30.62007092198581
2026-04-10 22:30:00,31.24429078014185,30.630567375886525
2026-04-10 22:35:00,31.244893617021276,30.640886524822694
2026-04-10 22:40:00,31.245602836879435,30.65124113475177
2026-04-10 22:45:00,31.249858156028374,30.648510638297868
2026-04-10 22:50:00,31.250106382978725,30.661985815602836
2026-04-10 22:55:00,31.251099290780147,30.674219858156032
2026-04-10 23:00:00,31.24826241134752,30.695815602836877
2026-04-10 23:05:00,31.24698581560284,30.71375886524823
2026-04-10 23:10:00,31.24570921985816,30.7140780141844
2026-04-10 23:15:00,31.242659574468085,30.736950354609927
2026-04-10 23:20:00,31.24148936170213,30.755744680851066
2026-04-10 23:25:00,31.240212765957445,30.755283687943262
2026-04-10 23:30:00,31.238226950354605,30.777588652482272
2026-04-10 23:35:00,31.23829787234043,30.795673758865252
2026-04-10 23:40:00,31.23549645390071,30.821879432624115
2026-04-10 23:45:00,31.234113475177306,30.84340425531915
2026-04-10 23:50:00,31.234113475177306,30.861453900709222
2026-04-10 23:55:00,31.230957446808514,30.887340425531914
2026-04-11 00:00:00,31.2291134751773,30.909858156028367
2026-04-11 00:05:00,31.228510638297873,30.92960992907802
2026-04-11 00:10:00,31.228865248226946,30.947695035460992
2026-04-11 00:15:00,31.22585106382979,30.973936170212763
2026-04-11 00:20:00,31.22439716312057,30.996985815602837
2026-04-11 00:25:00,31.224078014184393,31.017801418439717
2026-04-11 00:30:00,31.224645390070922,31.037127659574473
2026-04-11 00:35:00,31.221737588652477,31.064858156028365
2026-04-11 00:40:00,31.220319148936174,31.089184397163127
2026-04-11 00:45:00,31.22017730496454,31.110957446808513
2026-04-11 00:50:00,31.2209219858156,31.13102836879433
2026-04-11 00:55:00,31.218333333333334,31.15921985815603
2026-04-11 01:00:00,31.217056737588656,31.18425531914893
2026-04-11 01:05:00,31.216737588652485,31.20741134751773
2026-04-11 01:10:00,31.217234042553187,31.229113475177307
2026-04-11 01:15:00,31.217588652482267,31.236595744680855
2026-04-11 01:20:00,31.215354609929083,31.26485815602837
2026-04-11 01:25:00,31.214361702127654,31.290319148936174
2026-04-11 01:30:00,31.214255319148936,31.314148936170213
2026-04-11 01:35:00,31.214787234042557,31.336773049645394
2026-04-11 01:40:00,31.21578014184397,31.3586170212766
2026-04-11 01:45:00,31.21702127659574,31.379822695035458
2026-04-11 01:50:00,31.218475177304967,31.400602836879436
2026-04-11 01:55:00,31.220141843971632,31.42113475177305
2026-04-11 02:00:00,31.21812056737588,31.45053191489362
2026-04-11 02:05:00,31.216950354609924,31.477765957446813
2026-04-11 02:10:00,31.21663120567376,31.503156028368792
2026-04-11 02:15:00,31.21695035460993,31.527304964539002
2026-04-11 02:20:00,31.217765957446808,31.550531914893618
2026-04-11 02:25:00,31.21911347517731,31.57287234042553
2026-04-11 02:30:00,31.220886524822692,31.594290780141844
2026-04-11 02:35:00,31.22301418439716,31.615141843971628
2026-04-11 02:40:00,31.225460992907802,31.635390070921986
2026-04-11 02:45:00,31.228262411347522,31.654929078014185
2026-04-11 02:50:00,31.231312056737586,31.6736170212766
2026-04-11 02:55:00,31.234645390070924,31.69177304964539
2026-04-11 03:00:00,31.238226950354612,31.70918439716312
2026-04-11 03:05:00,31.241985815602835,31.725992907801416
2026-04-11 03:10:00,31.245815602836878,31.742340425531914
2026-04-11 03:15:00,31.249751773049645,31.758439716312054
2026-04-11 03:20:00,31.253652482269498,31.774290780141847
2026-04-11 03:25:00,31.253758865248226,31.798865248226953
2026-04-11 03:30:00,31.254539007092202,31.821737588652486
2026-04-11 03:35:00,31.255957446808512,31.84308510638298
2026-04-11 03:40:00,31.25783687943262,31.863475177304963
2026-04-11 03:45:00,31.260035460992906,31.882907801418437
2026-04-11 03:50:00,31.262517730496455,31.901773049645392
2026-04-11 03:55:00,31.265283687943267,31.92014184397163
2026-04-11 04:00:00,31.268333333333334,31.938049645390073
2026-04-11 04:05:00,31.271808510638298,31.95528368794327
2026-04-11 04:10:00,31.27560283687943,31.97195035460993
2026-04-11 04:15:00,31.27957446808511,31.988191489361704
2026-04-11 04:20:00,31.28368794326241,32.003900709219856
2026-04-11 04:25:00,31.28794326241135,32.01914893617021
2026-04-11 04:30:00,31.2922695035461,32.034078014184395
2026-04-11 04:35:00,31.29684397163121,32.048581560283694
2026-04-11 04:40:00,31.301595744680856,32.062659574468086
2026-04-11 04:45:00,31.306382978723402,32.076418439716306
2026-04-11 04:50:00,31.311347517730493,32.08985815602837
2026-04-11 04:55:00,31.316241134751774,32.10308510638298
2026-04-11 05:00:00,31.321134751773055,32.11617021276596
2026-04-11 05:05:00,31.32602836879433,32.129113475177306
2026-04-11 05:10:00,31.330921985815603,32.14209219858156
2026-04-11 05:15:00,31.335638297872347,32.155035460992906
2026-04-11 05:20:00,31.340070921985813,32.16836879432624
2026-04-11 05:25:00,31.34400709219858,32.18234042553191
2026-04-11 05:30:00,31.347411347517735,32.19723404255319
2026-04-11 05:35:00,31.350212765957448,32.21308510638298
2026-04-11 05:40:00,31.352517730496455,32.22978723404255
2026-04-11 05:45:00,31.354397163120563,32.24734042553192
2026-04-11 05:50:00,31.355780141843972,32.265815602836874
2026-04-11 05:55:00,31.35656028368794,32.285283687943256
2026-04-11 06:00:00,31.357056737588653,32.30539007092198
2026-04-11 06:05:00,31.35758865248227,32.32578014184397
2026-04-11 06:10:00,31.358404255319147,32.345886524822696
2026-04-11 06:15:00,31.35946808510638,32.365709219858154
2026-04-11 06:20:00,31.36085106382978,32.38514184397163
2026-04-11 06:25:00,31.36258865248227,32.40404255319149
2026-04-11 06:30:00,31.364609929078014,32.42251773049645
2026-04-11 06:35:00,31.366808510638293,32.44074468085106
2026-04-11 06:40:00,31.36932624113475,32.458617021276595
2026-04-11 06:45:00,31.372304964539005,32.47599290780143
2026-04-11 06:50:00,31.37606382978723,32.492553191489364
2026-04-11 06:55:00,31.380496453900708,32.5081914893617
2026-04-11 07:00:00,31.385177304964543,32.523049645390074
2026-04-11 07:05:00,31.3895390070922,32.53804964539007
2026-04-11 07:10:00,31.393546099290784,32.55326241134752
2026-04-11 07:15:00,31.39730496453901,32.568900709219854
2026-04-11 07:20:00,31.4009219858156,32.58439716312057
2026-04-11 07:25:00,31.40482269503546,32.5995390070922
2026-04-11 07:30:00,31.409042553191483,32.6140780141844
2026-04-11 07:35:00,31.413900709219863,32.627695035460995
2026-04-11 07:40:00,31.41932624113475,32.64010638297872
2026-04-11 07:45:00,31.425319148936172,32.651773049645385
2026-04-11 07:50:00,31.431950354609928,32.66216312056737
2026-04-11 07:55:00,31.43918439716312,32.671276595744686
2026-04-11 08:00:00,31.446879432624115,32.67929078014185
2026-04-11 08:05:00,31.45514184397163,32.68578014184397
2026-04-11 08:10:00,31.463900709219857,32.690921985815606
2026-04-11 08:15:00,31.47304964539007,32.694751773049646
2026-04-11 08:20:00,31.48258865248227,32.69702127659574
2026-04-11 08:25:00,31.49258865248227,32.69734042553191
2026-04-11 08:30:00,31.502907801418438,32.69560283687943
2026-04-11 08:35:00,31.509999999999998,32.69897163120567
2026-04-11 08:40:00,31.517695035460992,32.69801418439717
2026-04-11 08:45:00,31.525638297872337,32.69375886524823
2026-04-11 08:50:00,31.52950354609929,32.695354609929076
2026-04-11 08:55:00,31.534432624113478,32.69212765957447
2026-04-11 09:00:00,31.537482269503545,32.66929078014184
2026-04-11 09:05:00,31.53950354609929,32.666170212765955
2026-04-11 09:10:00,31.542517730496453,32.65815602836879
2026-04-11 09:15:00,31.54198581560284,32.65287234042553
2026-04-11 09:20:00,31.542872340425532,32.641063829787235
2026-04-11 09:25:00,31.54024822695035,32.631950354609934
2026-04-11 09:30:00,31.54060283687943,32.63138297872341
2026-04-11 09:35:00,31.5395390070922,32.61358156028369
2026-04-11 09:40:00,31.538156028368796,32.59106382978723
2026-04-11 09:45:00,31.539078014184398,32.56627659574468
2026-04-11 09:50:00,31.5386524822695,32.53950354609929
2026-04-11 09:55:00,31.540248226950357,32.51510638297872
2026-04-11 10:00:00,31.537695035460995,32.4922695035461
2026-04-11 10:05:00,31.539539007092205,32.45826241134752
2026-04-11 10:10:00,31.537765957446815,32.43354609929078
2026-04-11 10:15:00,31.53684397163121,32.40404255319149
2026-04-11 10:20:00,31.53620567375886,32.38046099290781
2026-04-11 10:25:00,31.5354609929078,32.35166666666667
2026-04-11 10:30:00,31.535390070921984,32.332482269503544
2026-04-11 10:35:00,31.535035460992912,32.304539007092195
2026-04-11 10:40:00,31.53276595744681,32.29074468085106
2026-04-11 10:45:00,31.53205673758865,32.261914893617025
2026-04-11 10:50:00,31.53159574468085,32.23166666666667
2026-04-11 10:55:00,31.5281914893617,32.20602836879432
2026-04-11 11:00:00,31.527163120567383,32.1768439716312
2026-04-11 11:05:00,31.522943262411353,32.15613475177305
2026-04-11 11:10:00,31.52056737588652,32.12904255319149
2026-04-11 11:15:00,31.517872340425534,32.111099290780146
2026-04-11 11:20:00,31.513191489361706,32.086347517730495
2026-04-11 11:25:00,31.510780141843973,32.06822695035461
2026-04-11 11:30:00,31.50609929078014,32.04124113475178
2026-04-11 11:35:00,31.502659574468087,32.028900709219855
2026-04-11 11:40:00,31.49822695035461,32.00539007092198
2026-04-11 11:45:00,31.487198581560282,31.998794326241136
2026-04-11 11:50:00,31.4836170212766,31.97982269503546
2026-04-11 11:55:00,31.472659574468082,31.972659574468082
2026-04-11 12:00:00,31.46205673758865,31.97695035460993
2026-04-11 12:05:00,31.453333333333333,31.96911347517731
2026-04-11 12:10:00,31.44702127659575,31.95528368794326
2026-04-11 12:15:00,31.435673758865242,31.956099290780138
2026-04-11 12:20:00,31.429328621908127,31.941554770318017
2026-04-11 12:25:00,31.421654929577464,31.925633802816897
2026-04-11 12:30:00,31.418035087719296,31.907192982456138
2026-04-11 12:35:00,31.4127972027972,31.888321678321677
2026-04-11 12:40:00,31.41062717770035,31.86815331010453
2026-04-11 12:45:00,31.406284722222225,31.84819444444444
2026-04-11 12:50:00,31.40090277777778,31.84204861111111
2026-04-11 12:55:00,31.395451388888894,31.834027777777774
2026-04-11 13:00:00,31.392916666666665,31.825520833333332
2026-04-11 13:05:00,31.390868055555554,31.809756944444448
2026-04-11 13:10:00,31.38329861111111,31.80871527777778
2026-04-11 13:15:00,31.378715277777776,31.79861111111111
2026-04-11 13:20:00,31.36888888888889,31.80194444444444
2026-04-11 13:25:00,31.36315972222222,31.79972222222223
2026-04-11 13:30:00,31.354131944444443,31.798194444444448
2026-04-11 13:35:00,31.346041666666665,31.800972222222224
2026-04-11 13:40:00,31.340625000000003,31.79486111111111
2026-04-11 13:45:00,31.330069444444447,31.802326388888886
2026-04-11 13:50:00,31.32409722222222,31.803506944444443
2026-04-11 13:55:00,31.31673611111111,31.804791666666663
2026-04-11 14:00:00,31.31652777777778,31.79840277777778
2026-04-11 14:05:00,31.31788194444444,31.78777777777778
2026-04-11 14:10:00,31.315902777777776,31.782326388888887
2026-04-11 14:15:00,31.318333333333335,31.771874999999998
2026-04-11 14:20:00,31.321076388888894,31.75996527777778
2026-04-11 14:25:00,31.321145833333333,31.755104166666666
2026-04-11 14:30:00,31.324618055555554,31.743333333333332
2026-04-11 14:35:00,31.328090277777775,31.729513888888885
2026-04-11 14:40:00,31.322569444444444,31.731041666666663
2026-04-11 14:45:00,31.31986111111111,31.73121527777778
2026-04-11 14:50:00,31.316319444444446,31.729652777777783
2026-04-11 14:55:00,31.309097222222224,31.73822916666667
2026-04-11 15:00:00,31.305729166666666,31.74065972222222
2026-04-11 15:05:00,31.298229166666665,31.7465625
2026-04-11 15:10:00,31.291979166666668,31.754270833333333
2026-04-11 15:15:00,31.287986111111106,31.75534722222222
2026-04-11 15:20:00,31.276736111111113,31.76885416666666
2026-04-11 15:25:00,31.27010416666667,31.78194444444445
2026-04-11 15:30:00,31.2653125,31.78631944444444
2026-04-11 15:35:00,31.26003472222222,31.793645833333333
2026-04-11 15:40:00,31.255520833333335,31.800555555555555
2026-04-11 15:45:00,31.251875,31.80513888888889
2026-04-11 15:50:00,31.240520833333335,31.821076388888887
2026-04-11 15:55:00,31.23215277777778,31.836909722222217
2026-04-11 16:00:00,31.226631944444446,31.84670138888889
2026-04-11 16:05:00,31.223125,31.853958333333335
2026-04-11 16:10:00,31.22118055555556,31.85836805555555
2026-04-11 16:15:00,31.221354166666668,31.85895833333333
2026-04-11 16:20:00,31.221944444444446,31.85795138888889
2026-04-11 16:25:00,31.222847222222217,31.856006944444445
2026-04-11 16:30:00,31.224374999999995,31.853333333333335
2026-04-11 16:35:00,31.23059027777778,31.84305555555555
2026-04-11 16:40:00,31.230694444444445,31.840972222222224
2026-04-11 16:45:00,31.230868055555554,31.83958333333333
2026-04-11 16:50:00,31.231145833333333,31.838090277777773
2026-04-11 16:55:00,31.23121527777777,31.83795138888889
2026-04-11 17:00:00,31.23194444444444,31.837118055555557
2026-04-11 17:05:00,31.224201388888886,31.848125
2026-04-11 17:10:00,31.225798611111113,31.849201388888886
2026-04-11 17:15:00,31.220416666666665,31.85868055555555
2026-04-11 17:20:00,31.21975694444444,31.868680555555557
2026-04-11 17:25:00,31.2153125,31.87979166666667
2026-04-11 17:30:00,31.212881944444444,31.896458333333335
2026-04-11 17:35:00,31.207326388888887,31.915868055555556
2026-04-11 17:40:00,31.202395833333338,31.943229166666672
2026-04-11 17:45:00,31.192638888888887,31.98059027777778
2026-04-11 17:50:00,31.18597222222222,32.01864583333334
2026-04-11 17:55:00,31.184201388888894,32.05322916666667
2026-04-11 18:00:00,31.180625000000003,32.085763888888884
2026-04-11 18:05:00,31.176006944444445,32.11815972222222
2026-04-11 18:10:00,31.169583333333335,32.18184027777777
2026-04-11 18:15:00,31.171006944444443,32.20847222222223
2026-04-11 18:20:00,31.16465277777778,32.24631944444444
2026-04-11 18:25:00,31.163194444444443,32.30784722222222
2026-04-11 18:30:00,31.16017361111111,32.34427083333333
2026-04-11 18:35:00,31.158368055555552,32.375277777777775
2026-04-11 18:40:00,31.15236111111111,32.447916666666664
2026-04-11 18:45:00,31.15065972222222,32.48288194444445
2026-04-11 18:50:00,31.141145833333333,32.52194444444444
2026-04-11 18:55:00,31.13513888888889,32.59451388888888
2026-04-11 19:00:00,31.129409722222217,32.6290625
2026-04-11 19:05:00,31.124131944444443,32.666423611111114
2026-04-11 19:10:00,31.120486111111106,32.72399305555555
2026-04-11 19:15:00,31.116770833333337,32.75055555555556
2026-04-11 19:20:00,31.112222222222222,32.815243055555555
2026-04-11 19:25:00,31.109930555555554,32.84138888888889
2026-04-11 19:30:00,31.10642361111111,32.90288194444444
2026-04-11 19:35:00,31.104791666666667,32.94701388888889
2026-04-11 19:40:00,31.105069444444446,32.96895833333333
2026-04-11 19:45:00,31.106909722222227,33.00427083333333
2026-04-11 19:50:00,31.105486111111116,33.018750000000004
2026-04-11 19:55:00,31.108333333333334,33.04996527777777
2026-04-11 20:00:00,31.10420138888889,33.094409722222224
2026-04-11 20:05:00,31.105763888888887,33.11069444444445
2026-04-11 20:10:00,31.102500000000003,33.14857638888889
2026-04-11 20:15:00,31.1053125,33.17170138888889
2026-04-11 20:20:00,31.102361111111108,33.20670138888889
2026-04-11 20:25:00,31.100416666666668,33.235416666666666
2026-04-11 20:30:00,31.101319444444446,33.24288194444444
2026-04-11 20:35:00,31.0996875,33.267673611111114
2026-04-11 20:40:00,31.098888888888887,33.287083333333335
2026-04-11 20:45:00,31.09392361111111,33.31333333333333
2026-04-11 20:50:00,31.094305555555554,33.32555555555555
2026-04-11 21:00:00,31.08641114982579,33.35020905923345
2026-04-11 21:05:00,31.085296167247392,33.359860627177696
2026-04-11 21:10:00,31.083310104529616,33.36668989547039
2026-04-11 21:15:00,31.083135888501744,33.3705574912892
2026-04-11 21:20:00,31.082404181184668,33.37365853658537
2026-04-11 21:25:00,31.0804181184669,33.36487804878049
2026-04-11 21:30:00,31.080627177700347,33.36313588850174
2026-04-11 21:35:00,31.076585365853656,33.35268292682927
2026-04-11 21:40:00,31.077874564459933,33.34613240418118
2026-04-11 21:45:00,31.072857142857142,33.35439024390244
2026-04-11 21:50:00,31.072996515679446,33.33554006968641
2026-04-11 21:55:00,31.06947735191638,33.33710801393728
2026-04-11 22:00:00,31.06759581881533,33.32700348432056
2026-04-11 22:05:00,31.06581881533101,33.321951219512194
2026-04-11 22:10:00,31.06128919860627,33.33982578397213
2026-04-11 22:15:00,31.06108013937282,33.326515679442515
2026-04-11 22:20:00,31.055993031358884,33.32567944250871
2026-04-11 22:25:00,31.050940766550518,33.31337979094077
2026-04-11 22:30:00,31.044912891986062,33.31212543554007
2026-04-11 22:35:00,31.037073170731713,33.3008362369338
2026-04-11 22:40:00,31.031254355400694,33.297108013937276
2026-04-11 22:45:00,31.02278745644599,33.30473867595819
2026-04-11 22:50:00,31.02108013937282,33.29017421602788
2026-04-11 22:55:00,31.01526132404181,33.28351916376306
2026-04-11 23:00:00,31.013693379790944,33.257177700348436
2026-04-11 23:05:00,31.01024390243902,33.24442508710801
2026-04-11 23:10:00,31.00466898954704,33.25271777003485
2026-04-11 23:15:00,31.003902439024394,33.23324041811847
2026-04-11 23:20:00,30.998710801393724,33.22320557491289
2026-04-11 23:25:00,30.996550522648086,33.221811846689896
2026-04-11 23:30:00,30.993797909407668,33.20560975609756
2026-04-11 23:35:00,30.990452961672474,33.182891986062714
2026-04-11 23:40:00,30.989895470383278,33.16080139372822
2026-04-11 23:45:00,30.987073170731705,33.13449477351916
2026-04-11 23:50:00,30.984181184668994,33.11961672473868
2026-04-11 23:55:00,30.982473867595818,33.09993031358885
2026-04-12 00:00:00,30.981637630662018,33.08062717770035
2026-04-12 00:05:00,30.977108013937283,33.0683275261324
2026-04-12 00:10:00,30.97435540069687,33.05331010452962
2026-04-12 00:15:00,30.97226480836237,33.03508710801394
2026-04-12 00:20:00,30.97132404181184,33.01564459930314
2026-04-12 00:25:00,30.966864111498257,33.002578397212545
2026-04-12 00:30:00,30.96432055749129,32.98648083623693
2026-04-12 00:35:00,30.962508710801394,32.96707317073171
2026-04-12 00:40:00,30.961393728222998,32.94229965156794
2026-04-12 00:45:00,30.95770034843206,32.92759581881533
2026-04-12 00:50:00,30.952508710801396,32.90574912891986
2026-04-12 00:55:00,30.9519512195122,32.88362369337979
2026-04-12 01:00:00,30.94919860627178,32.85696864111498
2026-04-12 01:05:00,30.94675958188153,32.83891986062717
2026-04-12 01:10:00,30.945609756097564,32.81878048780488
2026-04-12 01:15:00,30.941881533101043,32.81689895470383
2026-04-12 01:20:00,30.942508710801395,32.791742160278744
2026-04-12 01:25:00,30.94358885017422,32.76662020905923
2026-04-12 01:30:00,30.94048780487805,32.7484668989547
2026-04-12 01:35:00,30.9388850174216,32.7277700348432
2026-04-12 01:40:00,30.938397212543553,32.70529616724739
2026-04-12 01:45:00,30.934878048780487,32.68763066202091
2026-04-12 01:50:00,30.93278745644599,32.66717770034843
2026-04-12 01:55:00,30.931637630662017,32.644843205574915
2026-04-12 02:00:00,30.934982578397214,32.61226480836237
2026-04-12 02:05:00,30.938083623693384,32.58062717770034
2026-04-12 02:10:00,30.937317073170732,32.554982578397215
2026-04-12 02:15:00,30.936864111498256,32.52916376306621
2026-04-12 02:20:00,30.937073170731708,32.50240418118467
2026-04-12 02:25:00,30.93773519163763,32.47484320557491
2026-04-12 02:30:00,30.93679442508711,32.44128919860627
2026-04-12 02:35:00,30.93473867595819,32.41811846689895
2026-04-12 02:40:00,30.933623693379793,32.39331010452961
2026-04-12 02:45:00,30.930243902439024,32.36529616724739
2026-04-12 02:50:00,30.92693379790941,32.34459930313589
2026-04-12 02:55:00,30.924668989547037,32.322578397212546
2026-04-12 03:00:00,30.92317073170732,32.300000000000004
2026-04-12 03:05:00,30.92219512195122,32.27717770034844
2026-04-12 03:10:00,30.921707317073174,32.25459930313589
2026-04-12 03:15:00,30.921533101045295,32.23229965156794
2026-04-12 03:20:00,30.921707317073174,32.21017421602787
2026-04-12 03:25:00,30.92574912891986,32.17947735191637
2026-04-12 03:30:00,30.929163763066196,32.1476306620209
2026-04-12 03:35:00,30.928710801393724,32.12634146341463
2026-04-12 03:40:00,30.92864111498258,32.10522648083624
2026-04-12 03:45:00,30.928780487804875,32.084459930313585
2026-04-12 03:50:00,30.929059233449475,32.06411149825784
2026-04-12 03:55:00,30.92951219512195,32.044076655052265
2026-04-12 04:00:00,30.93017421602788,32.024250871080135
2026-04-12 04:05:00,30.930836236933796,32.004947735191635
2026-04-12 04:10:00,30.931463414634145,31.985958188153308
2026-04-12 04:15:00,30.93198606271777,31.967142857142857
2026-04-12 04:20:00,30.932473867595814,31.948501742160275
2026-04-12 04:25:00,30.93306620209059,31.929651567944248
2026-04-12 04:30:00,30.933728222996514,31.9102787456446
2026-04-12 04:35:00,30.93439024390244,31.890418118466897
2026-04-12 04:40:00,30.93512195121951,31.86993031358885
2026-04-12 04:45:00,30.93606271777004,31.848850174216032
2026-04-12 04:50:00,30.937108013937284,31.82700348432056
2026-04-12 04:55:00,30.938292682926832,31.804459930313588
2026-04-12 05:00:00,30.939477351916373,31.78128919860627
2026-04-12 05:05:00,30.940627177700346,31.757595818815332
2026-04-12 05:10:00,30.94177700348432,31.733135888501742
2026-04-12 05:15:00,30.94278745644599,31.708327526132408
2026-04-12 05:20:00,30.94362369337979,31.683101045296173
2026-04-12 05:25:00,30.944355400696868,31.65731707317073
2026-04-12 05:30:00,30.944912891986057,31.631080139372823
2026-04-12 05:35:00,30.94533101045296,31.604425087108012
2026-04-12 05:40:00,30.945644599303133,31.577317073170732
2026-04-12 05:45:00,30.94585365853659,31.549895470383273
2026-04-12 05:50:00,30.945818815331005,31.52216027874565
2026-04-12 05:55:00,30.94602787456446,31.494146341463413
2026-04-12 06:00:00,30.94655052264808,31.465435540069688
2026-04-12 06:05:00,30.94735191637631,31.43627177700348
2026-04-12 06:10:00,30.948188153310102,31.407003484320555
2026-04-12 06:15:00,30.94898954703833,31.377665505226485
2026-04-12 06:20:00,30.94979094076655,31.34822299651568
2026-04-12 06:25:00,30.950662020905924,31.31864111498258
2026-04-12 06:30:00,30.951672473867593,31.28898954703833
2026-04-12 06:35:00,30.952857142857148,31.2590243902439
2026-04-12 06:40:00,30.954006968641117,31.22919860627178
2026-04-12 06:45:00,30.954912891986062,31.199756097560975
2026-04-12 06:50:00,30.955679442508714,31.170662020905922
2026-04-12 06:55:00,30.956306620209062,31.141916376306618
2026-04-12 07:00:00,30.95689895470383,31.113623693379793
2026-04-12 07:05:00,30.95794425087108,31.08515679442509
2026-04-12 07:10:00,30.959547038327525,31.05613240418118
2026-04-12 07:15:00,30.96181184668989,31.026550522648087
2026-04-12 07:20:00,30.964564459930312,30.996620209059234
2026-04-12 07:25:00,30.967421602787454,30.966689895470385
2026-04-12 07:30:00,30.970278745644602,30.93700348432056
2026-04-12 07:35:00,30.972996515679444,30.90742160278746
2026-04-12 07:40:00,30.97554006968641,30.878327526132402
2026-04-12 07:45:00,30.977874564459928,30.849163763066198
2026-04-12 07:50:00,30.979965156794425,30.820452961672473
2026-04-12 07:55:00,30.98188153310105,30.792125435540065
2026-04-12 08:00:00,30.983658536585363,30.764146341463412
2026-04-12 08:05:00,30.985296167247387,30.736759581881536
2026-04-12 08:10:00,30.98672473867596,30.709860627177697
2026-04-12 08:15:00,30.98815331010453,30.683623693379786
2026-04-12 08:20:00,30.989198606271774,30.65857142857143
2026-04-12 08:25:00,30.989721254355405,30.635017421602786
2026-04-12 08:30:00,30.989825783972126,30.613240418118465
2026-04-12 08:35:00,30.993031358885016,30.585888501742165
2026-04-12 08:40:00,30.995191637630665,30.562334494773516
2026-04-12 08:45:00,30.996620209059234,30.542369337979093
2026-04-12 08:50:00,30.997979094076655,30.52250871080139
2026-04-12 08:55:00,30.99891986062718,30.50564459930314
2026-04-12 09:00:00,30.99794425087108,30.513484320557495
2026-04-12 09:05:00,30.99926829268293,30.498257839721255
2026-04-12 09:10:00,30.996062717770037,30.492160278745644
2026-04-12 09:15:00,30.997770034843203,30.480383275261328
2026-04-12 09:20:00,30.99435540069687,30.480313588850176
2026-04-12 09:25:00,30.995296167247393,30.47052264808362
2026-04-12 09:30:00,30.992613240418123,30.473519163763065
2026-04-12 09:35:00,30.9904181184669,30.476202090592334
2026-04-12 09:40:00,30.99024390243902,30.481811846689897
2026-04-12 09:45:00,30.98752613240418,30.489128919860626
2026-04-12 09:50:00,30.98445993031359,30.496794425087113
2026-04-12 09:55:00,30.982682926829263,30.50477351916376
2026-04-12 10:00:00,30.980313588850176,30.514843205574913
2026-04-12 10:05:00,30.97724738675958,30.52519163763066
2026-04-12 10:10:00,30.97547038327526,30.535783972125436
2026-04-12 10:15:00,30.973170731707313,30.545888501742162
2026-04-12 10:20:00,30.970557491289203,30.556968641114985
2026-04-12 10:25:00,30.965540069686412,30.571289198606276
2026-04-12 10:30:00,30.96306620209059,30.585191637630658
2026-04-12 10:35:00,30.956097560975607,30.602055749128922
2026-04-12 10:40:00,30.957073170731707,30.611254355400696
2026-04-12 10:45:00,30.949930313588855,30.629756097560975
2026-04-12 10:50:00,30.950278745644603,30.638397212543552
2026-04-12 10:55:00,30.94613240418119,30.652926829268296
2026-04-12 11:00:00,30.94554006968641,30.66216027874565
2026-04-12 11:05:00,30.942857142857143,30.673414634146344
2026-04-12 11:10:00,30.938013937282232,30.686585365853663
2026-04-12 11:15:00,30.936968641114984,30.694390243902436
2026-04-12 11:20:00,30.93602787456446,30.698780487804882
2026-04-12 11:25:00,30.928780487804875,30.71397212543554
2026-04-12 11:30:00,30.92425087108014,30.72662020905923
2026-04-12 11:35:00,30.92317073170732,30.72783972125435
2026-04-12 11:40:00,30.92111498257839,30.73268292682927
2026-04-12 11:45:00,30.91888501742161,30.73414634146342
2026-04-12 11:50:00,30.91031358885017,30.74756097560976
2026-04-12 11:55:00,30.904703832752617,30.756271777003487
2026-04-12 12:00:00,30.899198606271774,30.76080139372822
2026-04-12 12:05:00,30.89289198606272,30.772229965156793
2026-04-12 12:10:00,30.892926829268287,30.770034843205575
2026-04-12 12:15:00,30.892613240418118,30.76731707317073
2026-04-12 12:20:00,30.884703832752614,30.77327526132404
2026-04-12 12:25:00,30.880487804878044,30.779756097560977
2026-04-12 12:30:00,30.87752613240418,30.777560975609756
2026-04-12 12:35:00,30.87327526132404,30.78226480836237
2026-04-12 12:40:00,30.872334494773515,30.778118466898952
2026-04-12 12:45:00,30.86881533101045,30.77871080139373
2026-04-12 12:50:00,30.866515679442504,30.777595818815332
2026-04-12 12:55:00,30.86519163763066,30.774982578397214
2026-04-12 13:00:00,30.862020905923345,30.777944250871077
2026-04-12 13:05:00,30.86229965156794,30.774216027874562
2026-04-12 13:10:00,30.86731707317073,30.765923344947733
2026-04-12 13:15:00,30.874181184668995,30.751463414634145
2026-04-12 13:20:00,30.88121951219512,30.738954703832754
2026-04-12 13:25:00,30.891742160278746,30.718327526132402
2026-04-12 13:30:00,30.899024390243905,30.704529616724734
2026-04-12 13:35:00,30.911533101045297,30.68101045296167
2026-04-12 13:40:00,30.919756097560974,30.662439024390242
2026-04-12 13:45:00,30.925191637630657,30.648292682926833
2026-04-12 13:50:00,30.92891986062718,30.636759581881535
2026-04-12 13:55:00,30.931811846689897,30.625540069686412
2026-04-12 14:00:00,30.925888501742158,30.629756097560975
2026-04-12 14:05:00,30.922334494773523,30.632369337979092
2026-04-12 14:10:00,30.91770034843206,30.63365853658537
2026-04-12 14:15:00,30.910348432055752,30.64268292682927
2026-04-12 14:20:00,30.906411149825782,30.646724738675953
2026-04-12 14:25:00,30.898919860627178,30.653205574912896
2026-04-12 14:30:00,30.89216027874565,30.66181184668989
2026-04-12 14:35:00,30.888606271777007,30.665331010452963
2026-04-12 14:40:00,30.88714285714286,30.664494773519166
2026-04-12 14:45:00,30.886898954703835,30.660592334494773
2026-04-12 14:50:00,30.887386759581883,30.654320557491285
2026-04-12 14:55:00,30.888257839721255,30.646167247386757
2026-04-12 15:00:00,30.889303135888508,30.63672473867596
2026-04-12 15:05:00,30.890209059233456,30.62644599303136
2026-04-12 15:10:00,30.890940766550525,30.61595818815331
2026-04-12 15:15:00,30.89135888501743,30.605400696864113
2026-04-12 15:20:00,30.89209059233449,30.594529616724742
2026-04-12 15:25:00,30.890940766550518,30.583658536585368
2026-04-12 15:30:00,30.883240418118465,30.58700348432056
2026-04-12 15:35:00,30.879024390243906,30.585365853658537
2026-04-12 15:40:00,30.869721254355404,30.588885017421603
2026-04-12 15:45:00,30.86285714285715,30.591637630662017
2026-04-12 15:50:00,30.859756097560975,30.587979094076655
2026-04-12 15:55:00,30.859163763066203,30.580174216027874
2026-04-12 16:00:00,30.853031358885016,30.58048780487805
2026-04-12 16:05:00,30.850034843205577,30.577386759581877
2026-04-12 16:10:00,30.84773519163763,30.569790940766552
2026-04-12 16:15:00,30.840487804878048,30.572439024390246
2026-04-12 16:20:00,30.837456445993034,30.56839721254355
2026-04-12 16:25:00,30.829825783972133,30.567770034843203
2026-04-12 16:30:00,30.82456445993032,30.565679442508713
2026-04-12 16:35:00,30.817874564459927,30.562020905923347
2026-04-12 16:40:00,30.811184668989544,30.560452961672475
2026-04-12 16:45:00,30.808954703832754,30.551393728222997
2026-04-12 16:50:00,30.804216027874563,30.542055749128924
2026-04-12 16:55:00,30.800243902439025,30.53362369337979
2026-04-12 17:00:00,30.79951219512195,30.518989547038323
2026-04-12 17:05:00,30.80101045296167,30.499059233449476
2026-04-12 17:10:00,30.795331010452955,30.487108013937284
2026-04-12 17:15:00,30.790174216027875,30.476027874564462
2026-04-12 17:20:00,30.78090592334495,30.46790940766551
2026-04-12 17:25:00,30.774459930313583,30.46038327526132
2026-04-12 17:30:00,30.771916376306617,30.439965156794425
2026-04-12 17:35:00,30.76651567944251,30.422682926829268
2026-04-12 17:40:00,30.770034843205575,30.39010452961672
2026-04-12 17:45:00,30.77452961672474,30.348571428571432
2026-04-12 17:50:00,30.777386759581884,30.30682926829268
2026-04-12 17:55:00,30.781045296167246,30.25780487804878
2026-04-12 18:00:00,30.78226480836237,30.21979094076655
2026-04-12 18:05:00,30.78731707317073,30.177770034843206
2026-04-12 18:10:00,30.793519163763065,30.10665505226481
2026-04-12 18:15:00,30.791672473867592,30.071811846689897
2026-04-12 18:20:00,30.798989547038325,30.02564459930314
2026-04-12 18:25:00,30.801846689895466,29.952613240418117
2026-04-12 18:30:00,30.79794425087108,29.919337979094077
2026-04-12 18:35:00,30.795818815331014,29.889337979094083
2026-04-12 18:40:00,30.791533101045296,29.827665505226484
2026-04-12 18:45:00,30.790522648083627,29.795958188153307
2026-04-12 18:50:00,30.790348432055747,29.77142857142857
2026-04-12 18:55:00,30.785191637630657,29.722822299651572
2026-04-12 19:00:00,30.78501742160279,29.70365853658537
2026-04-12 19:05:00,30.78578397212543,29.682299651567945
2026-04-12 19:10:00,30.77867595818816,29.6602787456446
2026-04-12 19:15:00,30.77951219512195,29.650034843205578
2026-04-12 19:20:00,30.77634146341464,29.613623693379793
2026-04-12 19:25:00,30.769965156794424,29.62982578397212
2026-04-12 19:30:00,30.771080139372827,29.58898954703833
2026-04-12 19:35:00,30.76264808362369,29.57623693379791
2026-04-12 19:40:00,30.7595818815331,29.58811846689896
2026-04-12 19:45:00,30.751951219512193,29.579825783972126
2026-04-12 19:50:00,30.744703832752613,29.620905923344942
2026-04-12 19:55:00,30.739895470383278,29.61822299651568
2026-04-12 20:00:00,30.734703832752615,29.60121951219512
2026-04-12 20:05:00,30.730766550522645,29.62306620209059
2026-04-12 20:10:00,30.725714285714282,29.611010452961676
2026-04-12 20:15:00,30.716341463414636,29.639547038327525
2026-04-12 20:20:00,30.712334494773522,29.63121951219512
2026-04-12 20:25:00,30.70149825783972,29.668815331010457
2026-04-12 20:30:00,30.695783972125437,29.692055749128922
2026-04-12 20:35:00,30.68554006968641,29.714111498257843
2026-04-12 20:40:00,30.67843205574913,29.736515679442505
2026-04-12 20:45:00,30.6698606271777,29.742613240418123
2026-04-12 20:50:00,30.663797909407666,29.764634146341464
2026-04-12 20:55:00,30.660381944444445,29.783784722222222
2026-04-12 21:00:00,30.653437500000003,29.810381944444444
2026-04-12 21:05:00,30.645520833333332,29.80986111111111
2026-04-12 21:10:00,30.64347222222223,29.84333333333333
2026-04-12 21:15:00,30.63586805555555,29.860833333333332
2026-04-12 21:20:00,30.63586805555555,29.87104166666667
2026-04-12 21:25:00,30.630416666666672,29.915416666666665
2026-04-12 21:30:00,30.630312500000002,29.92270833333334
2026-04-12 21:35:00,30.62743055555556,29.96440972222222
2026-04-12 21:40:00,30.62631944444444,29.96920138888889
2026-04-12 21:45:00,30.62513888888889,29.988680555555554
2026-04-12 21:50:00,30.6246875,29.99868055555556
2026-04-12 21:55:00,30.62329861111111,30.01899305555556
2026-04-12 22:00:00,30.623645833333335,30.02739583333333
2026-04-12 22:05:00,30.621493055555554,30.049791666666668
2026-04-12 22:10:00,30.621909722222224,30.041805555555552
2026-04-12 22:15:00,30.61961805555556,30.06635416666667
2026-04-12 22:20:00,30.617673611111115,30.062291666666667
2026-04-12 22:25:00,30.617430555555554,30.089062499999997
2026-04-12 22:30:00,30.613784722222224,30.115972222222222
2026-04-12 22:35:00,30.61565972222222,30.13934027777778
2026-04-12 22:40:00,30.61184027777778,30.163958333333337
2026-04-12 22:45:00,30.61423611111111,30.16579861111111
2026-04-12 22:50:00,30.61038194444445,30.188472222222217
2026-04-12 22:55:00,30.61128472222222,30.185659722222226
2026-04-12 23:00:00,30.610416666666666,30.20909722222222
2026-04-12 23:05:00,30.60951388888889,30.205069444444444
2026-04-12 23:10:00,30.61170138888889,30.21100694444444
2026-04-12 23:15:00,30.608229166666668,30.22788194444444
2026-04-12 23:20:00,30.610729166666665,30.23052083333333
2026-04-12 23:25:00,30.607534722222226,30.24895833333333
2026-04-12 23:30:00,30.609583333333333,30.25059027777778
2026-04-12 23:35:00,30.607916666666668,30.26694444444444
2026-04-12 23:40:00,30.609444444444446,30.264583333333334
2026-04-12 23:45:00,30.6096875,30.27701388888889
2026-04-12 23:50:00,30.61038194444444,30.270451388888887
2026-04-12 23:55:00,30.611631944444444,30.26979166666667
2026-04-13 00:00:00,30.60951388888889,30.262604166666662
2026-04-13 00:05:00,30.61142361111111,30.259479166666665
2026-04-13 00:10:00,30.607986111111114,30.265729166666663
2026-04-13 00:15:00,30.610416666666666,30.26131944444444
2026-04-13 00:20:00,30.60756944444445,30.26625
2026-04-13 00:25:00,30.608020833333335,30.256770833333334
2026-04-13 00:30:00,30.60590277777778,30.260208333333335
2026-04-13 00:35:00,30.605868055555554,30.24972222222222
2026-04-13 00:40:00,30.60503472222222,30.255381944444448
2026-04-13 00:45:00,30.603368055555556,30.25722222222222
2026-04-13 00:50:00,30.60520833333333,30.262881944444448
2026-04-13 00:55:00,30.606770833333332,30.252673611111106
2026-04-13 01:00:00,30.60784722222222,30.258645833333333
2026-04-13 01:05:00,30.6096875,30.254513888888894
2026-04-13 01:10:00,30.610868055555557,30.251666666666665
2026-04-13 01:15:00,30.611666666666665,30.2496875
2026-04-13 01:20:00,30.61232638888889,30.247638888888886
2026-04-13 01:25:00,30.61260416666666,30.246145833333337
2026-04-13 01:30:00,30.614618055555557,30.232430555555556
2026-04-13 01:35:00,30.614340277777778,30.231458333333332
2026-04-13 01:40:00,30.613680555555554,30.230555555555554
2026-04-13 01:45:00,30.616354166666667,30.22350694444445
2026-04-13 01:50:00,30.61763888888889,30.21826388888889
2026-04-13 01:55:00,30.617951388888887,30.214131944444446
2026-04-13 02:00:00,30.617534722222224,30.210416666666667
2026-04-13 02:05:00,30.616423611111106,30.207256944444445
2026-04-13 02:10:00,30.61861111111111,30.198854166666667
2026-04-13 02:15:00,30.620173611111113,30.19111111111111
2026-04-13 02:20:00,30.62107638888889,30.1840625
2026-04-13 02:25:00,30.621631944444445,30.17736111111111
2026-04-13 02:30:00,30.620555555555555,30.18069444444445
2026-04-13 02:35:00,30.62111111111111,30.173368055555557
2026-04-13 02:40:00,30.62142361111111,30.166527777777773
2026-04-13 02:45:00,30.62440972222222,30.16204861111111
2026-04-13 02:50:00,30.627708333333334,30.14975694444444
2026-04-13 02:55:00,30.628194444444446,30.134479166666665
2026-04-13 03:00:00,30.62701388888889,30.127569444444443
2026-04-13 03:05:00,30.62611111111111,30.119548611111114
2026-04-13 03:10:00,30.62538194444444,30.11038194444444
2026-04-13 03:15:00,30.62493055555556,30.100104166666668
2026-04-13 03:20:00,30.624618055555555,30.088819444444443
2026-04-13 03:25:00,30.6209375,30.081666666666667
2026-04-13 03:30:00,30.61822916666667,30.075972222222227
2026-04-13 03:35:00,30.619444444444444,30.060243055555556
2026-04-13 03:40:00,30.620312499999997,30.044756944444448
2026-04-13 03:45:00,30.62104166666667,30.029409722222226
2026-04-13 03:50:00,30.621736111111115,30.014062499999998
2026-04-13 03:55:00,30.622291666666666,29.998819444444443
2026-04-13 04:00:00,30.622604166666665,29.983819444444446
2026-04-13 04:05:00,30.622847222222227,29.968888888888884
2026-04-13 04:10:00,30.62298611111111,29.954340277777778
2026-04-13 04:15:00,30.62309027777778,29.94013888888889
2026-04-13 04:20:00,30.623125,29.92625
2026-04-13 04:25:00,30.62309027777778,29.912881944444443
2026-04-13 04:30:00,30.623020833333335,29.90027777777778
2026-04-13 04:35:00,30.62295138888889,29.888506944444448
2026-04-13 04:40:00,30.622812500000002,29.877534722222222
2026-04-13 04:45:00,30.622465277777774,29.867708333333333
2026-04-13 04:50:00,30.622118055555557,29.85892361111111
2026-04-13 04:55:00,30.621354166666663,29.85166666666667
2026-04-13 05:00:00,30.62034722222222,29.845833333333335
2026-04-13 05:05:00,30.618958333333335,29.84170138888889
2026-04-13 05:10:00,30.617118055555554,29.839375000000004
2026-04-13 05:15:00,30.615243055555553,29.83815972222222
2026-04-13 05:20:00,30.613472222222224,29.8378125
2026-04-13 05:25:00,30.611944444444443,29.838125000000005
2026-04-13 05:30:00,30.610694444444448,29.839201388888885
2026-04-13 05:35:00,30.60979166666667,29.840659722222224
2026-04-13 05:40:00,30.609166666666667,29.842673611111113
2026-04-13 05:45:00,30.6090625,29.844583333333333
2026-04-13 05:50:00,30.609444444444446,29.846701388888885
2026-04-13 05:55:00,30.60996527777778,29.849097222222227
2026-04-13 06:00:00,30.61048611111111,29.85208333333334
2026-04-13 06:05:00,30.61107638888889,29.855486111111116
2026-04-13 06:10:00,30.611597222222226,29.859479166666663
2026-04-13 06:15:00,30.611909722222222,29.864270833333332
2026-04-13 06:20:00,30.61180555555556,29.870069444444443
2026-04-13 06:25:00,30.611631944444444,29.87659722222222
2026-04-13 06:30:00,30.611041666666672,29.884166666666665
2026-04-13 06:35:00,30.60996527777778,29.893020833333335
2026-04-13 06:40:00,30.608402777777776,29.902951388888887
2026-04-13 06:45:00,30.606458333333332,29.913680555555555
2026-04-13 06:50:00,30.604097222222222,29.925277777777783
2026-04-13 06:55:00,30.601180555555555,29.93777777777778
2026-04-13 07:00:00,30.5978125,29.951041666666665
2026-04-13 07:05:00,30.594097222222224,29.96482638888889
2026-04-13 07:10:00,30.58996527777778,29.97934027777778
2026-04-13 07:15:00,30.58534722222222,29.994444444444444
2026-04-13 07:20:00,30.580347222222226,30.010277777777773
2026-04-13 07:25:00,30.57506944444445,30.026631944444446
2026-04-13 07:30:00,30.569548611111106,30.043645833333333
2026-04-13 07:35:00,30.56378472222222,30.061319444444443
2026-04-13 07:40:00,30.557777777777783,30.07965277777778
2026-04-13 07:45:00,30.551701388888887,30.098437500000003
2026-04-13 07:50:00,30.545416666666668,30.117743055555554
2026-04-13 07:55:00,30.538888888888884,30.137777777777778
2026-04-13 08:00:00,30.53267361111111,30.15784722222222
2026-04-13 08:05:00,30.52666666666666,30.17753472222222
2026-04-13 08:10:00,30.52079861111111,30.196909722222227
2026-04-13 08:15:00,30.514756944444443,30.216319444444448
2026-04-13 08:20:00,30.508993055555557,30.235312499999996
2026-04-13 08:25:00,30.503506944444446,30.253645833333337
2026-04-13 08:30:00,30.498229166666665,30.271458333333335
2026-04-13 08:35:00,30.493402777777778,30.288402777777776
2026-04-13 08:40:00,30.489201388888887,30.304340277777783
2026-04-13 08:45:00,30.485625000000002,30.31871527777778
2026-04-13 08:50:00,30.486250000000002,30.32621527777778
2026-04-13 08:55:00,30.486145833333335,30.330486111111114
2026-04-13 09:00:00,30.486770833333335,30.33940972222222
2026-04-13 09:05:00,30.486909722222222,30.3496875
2026-04-13 09:10:00,30.487118055555552,30.361562499999998
2026-04-13 09:15:00,30.487187500000005,30.372916666666665
2026-04-13 09:20:00,30.48739583333333,30.38513888888889
2026-04-13 09:25:00,30.488229166666663,30.397986111111113
2026-04-13 09:30:00,30.488125,30.410451388888887
2026-04-13 09:35:00,30.4878125,30.426423611111108
2026-04-13 09:40:00,30.487361111111113,30.439999999999998
2026-04-13 09:45:00,30.487152777777776,30.45354166666667
2026-04-13 09:50:00,30.486909722222222,30.46020833333333
2026-04-13 09:55:00,30.486562500000005,30.473020833333337
2026-04-13 10:00:00,30.48625,30.48701388888889
2026-04-13 10:05:00,30.48829861111111,30.497083333333332
2026-04-13 10:10:00,30.486493055555556,30.512777777777778
2026-04-13 10:15:00,30.488368055555554,30.517187499999995
2026-04-13 10:20:00,30.486458333333328,30.533749999999998
2026-04-13 10:25:00,30.488125,30.53690972222222
2026-04-13 10:30:00,30.487395833333338,30.55135416666667
2026-04-13 10:35:00,30.494374999999998,30.54788194444444
2026-04-13 10:40:00,30.49600694444444,30.555833333333332
2026-04-13 10:45:00,30.505833333333335,30.551423611111108
2026-04-13 10:50:00,30.509340277777774,30.554652777777775
2026-04-13 10:55:00,30.518993055555555,30.549791666666668
2026-04-13 11:00:00,30.52416666666667,30.551493055555554
2026-04-13 11:05:00,30.532465277777774,30.548437499999995
2026-04-13 11:10:00,30.543229166666663,30.544513888888886
2026-04-13 11:15:00,30.54888888888889,30.544895833333335
2026-04-13 11:20:00,30.55864583333333,30.545590277777777
2026-04-13 11:25:00,30.569479166666667,30.539097222222225
2026-04-13 11:30:00,30.58392361111111,30.530694444444446
2026-04-13 11:35:00,30.588437499999998,30.538402777777776
2026-04-13 11:40:00,30.59951388888889,30.534930555555555
2026-04-13 11:45:00,30.60663194444444,30.534965277777776
2026-04-13 11:50:00,30.616736111111113,30.5346875
2026-04-13 11:55:00,30.62538194444444,30.53256944444444
2026-04-13 12:00:00,30.631354166666668,30.536909722222227
2026-04-13 12:05:00,30.63989583333333,30.529166666666672
2026-04-13 12:10:00,30.642534722222226,30.53510416666667
2026-04-13 12:15:00,30.652395833333337,30.525937500000005
2026-04-13 12:20:00,30.660520833333333,30.520416666666662
2026-04-13 12:25:00,30.66982638888889,30.507013888888885
2026-04-13 12:30:00,30.670208333333335,30.51288194444444
2026-04-13 12:35:00,30.677395833333335,30.504895833333332
2026-04-13 12:40:00,30.674444444444443,30.514965277777776
2026-04-13 12:45:00,30.67979166666667,30.51229166666667
2026-04-13 12:50:00,30.67649305555556,30.521180555555556
2026-04-13 12:55:00,30.67857638888889,30.52184027777778
2026-04-13 13:00:00,30.673819444444444,30.52902777777778
2026-04-13 13:05:00,30.66763888888889,30.541562499999998
2026-04-13 13:10:00,30.66184027777778,30.553784722222222
2026-04-13 13:15:00,30.658194444444444,30.562291666666663
2026-04-13 13:20:00,30.652847222222224,30.57072916666667
2026-04-13 13:25:00,30.643055555555552,30.589375
2026-04-13 13:30:00,30.635937499999997,30.602361111111115
2026-04-13 13:35:00,30.623229166666665,30.62555555555556
2026-04-13 13:40:00,30.61454861111111,30.64399305555556
2026-04-13 13:45:00,30.608333333333334,30.65815972222222
2026-04-13 13:50:00,30.60340277777778,30.670034722222226
2026-04-13 13:55:00,30.599791666666665,30.681944444444444
2026-04-13 14:00:00,30.605069444444446,30.676944444444448
2026-04-13 14:05:00,30.607708333333335,30.67256944444444
2026-04-13 14:10:00,30.60784722222222,30.67142361111111
2026-04-13 14:15:00,30.606388888888887,30.6721875
2026-04-13 14:20:00,30.603958333333335,30.67430555555556
2026-04-13 14:25:00,30.60097222222222,30.676979166666666
2026-04-13 14:30:00,30.59756944444444,30.679756944444446
2026-04-13 14:35:00,30.59392361111111,30.682048611111114
2026-04-13 14:40:00,30.590034722222224,30.684652777777778
2026-04-13 14:45:00,30.5859375,30.687465277777775
2026-04-13 14:50:00,30.581909722222218,30.690208333333334
2026-04-13 14:55:00,30.578090277777775,30.69229166666667
2026-04-13 15:00:00,30.574479166666663,30.694097222222226
2026-04-13 15:05:00,30.571076388888887,30.695972222222224
2026-04-13 15:10:00,30.56798611111111,30.69895833333333
2026-04-13 15:15:00,30.565173611111106,30.703611111111115
2026-04-13 15:20:00,30.562430555555554,30.710590277777776
2026-04-13 15:25:00,30.55986111111111,30.71975694444444
2026-04-13 15:30:00,30.557222222222226,30.73034722222222
2026-04-13 15:35:00,30.554652777777775,30.742256944444446
2026-04-13 15:40:00,30.552083333333332,30.754965277777778
2026-04-13 15:45:00,30.549374999999998,30.76836805555556
2026-04-13 15:50:00,30.54628472222222,30.783125
2026-04-13 15:55:00,30.542743055555555,30.79878472222222
2026-04-13 16:00:00,30.53888888888889,30.81513888888889
2026-04-13 16:05:00,30.534618055555555,30.832395833333333
2026-04-13 16:10:00,30.529791666666668,30.85114583333333
2026-04-13 16:15:00,30.524652777777778,30.871180555555554
2026-04-13 16:20:00,30.51927083333333,30.892708333333335
2026-04-13 16:25:00,30.51361111111111,30.915694444444448
2026-04-13 16:30:00,30.50770833333333,30.94020833333333
2026-04-13 16:35:00,30.501597222222227,30.966562499999995
2026-04-13 16:40:00,30.495208333333338,30.995173611111106
2026-04-13 16:45:00,30.488645833333333,31.026041666666668
2026-04-13 16:50:00,30.48204861111111,31.059305555555554
2026-04-13 16:55:00,30.47538194444445,31.094409722222224
2026-04-13 17:00:00,30.46857638888889,31.131736111111113
2026-04-13 17:05:00,30.469722222222224,31.158333333333335
2026-04-13 17:10:00,30.47118055555556,31.18270833333333
2026-04-13 17:15:00,30.476979166666663,31.205381944444444
2026-04-13 17:20:00,30.484201388888884,31.223749999999995
2026-04-13 17:25:00,30.48986111111111,31.24704861111111
2026-04-13 17:30:00,30.49302083333334,31.2715625
2026-04-13 17:35:00,30.495798611111113,31.300972222222224
2026-04-13 17:40:00,30.49767361111111,31.329375000000002
2026-04-13 17:45:00,30.505416666666665,31.351354166666667
2026-04-13 17:50:00,30.520763888888887,31.36159722222222
2026-04-13 17:55:00,30.533611111111114,31.374618055555555
2026-04-13 18:00:00,30.553611111111106,31.37847222222222
2026-04-13 18:05:00,30.57541666666667,31.377118055555556
2026-04-13 18:10:00,30.598298611111115,31.37722222222222
2026-04-13 18:15:00,30.627083333333335,31.367326388888884
2026-04-13 18:20:00,30.651875,31.364791666666665
2026-04-13 18:25:00,30.682083333333335,31.355486111111116
2026-04-13 18:30:00,30.71642361111111,31.339479166666667
2026-04-13 18:35:00,30.753784722222218,31.317604166666666
2026-04-13 18:40:00,30.793472222222224,31.28875
2026-04-13 18:45:00,30.827187499999997,31.26788194444445
2026-04-13 18:50:00,30.864826388888886,31.23815972222222
2026-04-13 18:55:00,30.905347222222222,31.200034722222224
2026-04-13 19:00:00,30.939965277777773,31.168125
2026-04-13 19:05:00,30.978020833333332,31.12902777777778
2026-04-13 19:10:00,31.018437499999997,31.077361111111113
2026-04-13 19:15:00,31.054166666666667,31.038124999999997
2026-04-13 19:20:00,31.093854166666663,30.99201388888889
2026-04-13 19:25:00,31.134305555555557,30.92868055555556
2026-04-13 19:30:00,31.170694444444443,30.885347222222222
2026-04-13 19:35:00,31.211111111111116,30.8378125
2026-04-13 19:40:00,31.247638888888886,30.781597222222217
2026-04-13 19:45:00,31.28545138888889,30.739826388888893
2026-04-13 19:50:00,31.325868055555556,30.666875000000005
2026-04-13 19:55:00,31.36069444444444,30.624583333333337
2026-04-13 20:00:00,31.399999999999995,30.583819444444444
2026-04-13 20:05:00,31.434722222222224,30.52982638888889
2026-04-13 20:10:00,31.47163194444445,30.494027777777774
2026-04-13 20:15:00,31.50885416666667,30.42927083333333
2026-04-13 20:20:00,31.54284722222222,30.395243055555554
2026-04-13 20:25:00,31.57986111111111,30.32579861111111
2026-04-13 20:30:00,31.610729166666665,30.28795138888889
2026-04-13 20:35:00,31.645868055555557,30.237152777777776
2026-04-13 20:40:00,31.67482638888889,30.193020833333335
2026-04-13 20:45:00,31.707534722222224,30.159236111111106
2026-04-13 20:50:00,31.73465277777778,30.11756944444444
2026-04-13 20:55:00,31.765868055555554,30.093368055555555
2026-04-13 21:00:00,31.7925,30.05295138888889
2026-04-13 21:05:00,31.82295138888889,30.032534722222223
2026-04-13 21:10:00,31.849340277777774,29.993020833333333
2026-04-13 21:15:00,31.87930555555556,29.95663194444444
2026-04-13 21:20:00,31.90482638888889,29.919513888888886
2026-04-13 21:25:00,31.934513888888887,29.866354166666667
2026-04-13 21:30:00,31.959618055555552,29.834305555555552
2026-04-13 21:35:00,31.98871527777778,29.783333333333335
2026-04-13 21:40:00,32.013645833333335,29.756944444444443
2026-04-13 21:45:00,32.04204861111111,29.708055555555557
2026-04-13 21:50:00,32.06736111111111,29.686944444444446
2026-04-13 21:55:00,32.09444444444445,29.642569444444444
2026-04-13 22:00:00,32.12006944444445,29.625520833333333
2026-04-13 22:05:00,32.14635416666667,29.58430555555556
2026-04-13 22:10:00,32.172534722222224,29.56871527777778
2026-04-13 22:15:00,32.197604166666665,29.53215277777777
2026-04-13 22:20:00,32.22479166666667,29.51663194444444
2026-04-13 22:25:00,32.24875,29.484270833333337
2026-04-13 22:30:00,32.27614583333333,29.44197916666667
2026-04-13 22:35:00,32.29913194444444,29.41375
2026-04-13 22:40:00,32.32545138888889,29.37704861111111
2026-04-13 22:45:00,32.34809027777778,29.35826388888889
2026-04-13 22:50:00,32.373194444444444,29.32659722222222
2026-04-13 22:55:00,32.39604166666667,29.315173611111106
2026-04-13 23:00:00,32.41961805555556,29.288923611111116
2026-04-13 23:05:00,32.44315972222222,29.28076388888889
2026-04-13 23:10:00,32.46534722222222,29.259618055555556
2026-04-13 23:15:00,32.48979166666666,29.23375
2026-04-13 23:20:00,32.510729166666664,29.21725694444445
2026-04-13 23:25:00,32.53440972222222,29.19545138888889
2026-04-13 23:30:00,32.55416666666667,29.183541666666663
2026-04-13 23:35:00,32.57635416666667,29.168194444444445
2026-04-13 23:40:00,32.595347222222216,29.16395833333333
2026-04-13 23:45:00,32.61618055555556,29.155173611111113
2026-04-13 23:50:00,32.634861111111114,29.158958333333334
2026-04-13 23:55:00,32.654513888888886,29.155729166666667
2026-04-14 00:00:00,32.67489583333334,29.16388888888889
2026-04-14 00:05:00,32.69329861111111,29.165520833333332
2026-04-14 00:10:00,32.7140625,29.163993055555554
2026-04-14 00:15:00,32.73128472222223,29.17017361111111
2026-04-14 00:20:00,32.75083333333333,29.17329861111111
2026-04-14 00:25:00,32.76934027777778,29.188125
2026-04-14 00:30:00,32.78753472222222,29.196041666666662
2026-04-14 00:35:00,32.80618055555556,29.214201388888892
2026-04-14 00:40:00,32.82326388888889,29.226180555555555
2026-04-14 00:45:00,32.84236111111111,29.235590277777778
2026-04-14 00:50:00,32.858402777777776,29.250937500000003
2026-04-14 00:55:00,32.873263888888886,29.27527777777778
2026-04-14 01:00:00,32.88913194444444,29.292152777777776
2026-04-14 01:05:00,32.90260416666667,29.313715277777778
2026-04-14 01:10:00,32.914479166666666,29.338472222222226
2026-04-14 01:15:00,32.92916666666667,29.35899305555556
2026-04-14 01:20:00,32.94190972222222,29.383194444444445
2026-04-14 01:25:00,32.95326388888889,29.410104166666663
2026-04-14 01:30:00,32.966145833333336,29.44402777777778
2026-04-14 01:35:00,32.97909722222222,29.469097222222224
2026-04-14 01:40:00,32.990451388888886,29.497500000000002
2026-04-14 01:45:00,33.00100694444445,29.527916666666663
2026-04-14 01:50:00,33.011041666666664,29.56006944444444
2026-04-14 01:55:00,33.020625,29.593784722222225
2026-04-14 02:00:00,33.02979166666667,29.628819444444446
2026-04-14 02:05:00,33.03885416666667,29.664861111111108
2026-04-14 02:10:00,33.047534722222224,29.702291666666667
2026-04-14 02:15:00,33.05590277777778,29.74045138888889
2026-04-14 02:20:00,33.063784722222216,29.779756944444443
2026-04-14 02:25:00,33.07114583333333,29.82017361111111
2026-04-14 02:30:00,33.08111111111111,29.857604166666665
2026-04-14 02:35:00,33.09027777777778,29.895902777777778
2026-04-14 02:40:00,33.098263888888894,29.93607638888889
2026-04-14 02:45:00,33.105555555555554,29.977534722222224
2026-04-14 02:50:00,33.11225694444445,30.020069444444445
2026-04-14 02:55:00,33.12045138888889,30.067326388888894
2026-04-14 03:00:00,33.1290625,30.1075
2026-04-14 03:05:00,33.13604166666667,30.150416666666665
2026-04-14 03:10:00,33.14166666666667,30.195659722222224
2026-04-14 03:15:00,33.14590277777777,30.24319444444444
2026-04-14 03:20:00,33.148923611111115,30.293125
2026-04-14 03:25:00,33.154270833333335,30.34041666666667
2026-04-14 03:30:00,33.157916666666665,30.390625
2026-04-14 03:35:00,33.160138888888895,30.443541666666665
2026-04-14 03:40:00,33.16138888888889,30.498402777777773
2026-04-14 03:45:00,33.162083333333335,30.554444444444446
2026-04-14 03:50:00,33.16246527777778,30.610937500000002
2026-04-14 03:55:00,33.16256944444444,30.667743055555555
2026-04-14 04:00:00,33.16256944444444,30.72465277777778
2026-04-14 04:05:00,33.16243055555555,30.78184027777778
2026-04-14 04:10:00,33.16225694444445,30.838784722222222
2026-04-14 04:15:00,33.162013888888886,30.895902777777778
2026-04-14 04:20:00,33.16173611111111,30.953333333333333
2026-04-14 04:25:00,33.16142361111111,31.010902777777783
2026-04-14 04:30:00,33.16097222222222,31.06868055555556
2026-04-14 04:35:00,33.16041666666666,31.12649305555555
2026-04-14 04:40:00,33.15979166666667,31.184270833333333
2026-04-14 04:45:00,33.15923611111111,31.24145833333333
2026-04-14 04:50:00,33.15847222222222,31.29861111111111
2026-04-14 04:55:00,33.157986111111114,31.35520833333333
2026-04-14 05:00:00,33.157604166666665,31.410868055555554
2026-04-14 05:05:00,33.15767361111111,31.464930555555554
2026-04-14 05:10:00,33.158055555555556,31.51763888888889
2026-04-14 05:15:00,33.15871527777778,31.569270833333334
2026-04-14 05:20:00,33.15951388888889,31.619791666666668
2026-04-14 05:25:00,33.1603125,31.66930555555555
2026-04-14 05:30:00,33.16097222222223,31.71763888888889
2026-04-14 05:35:00,33.16142361111111,31.765173611111113
2026-04-14 05:40:00,33.161631944444444,31.81180555555555
2026-04-14 05:45:00,33.161319444444445,31.858298611111113
2026-04-14 05:50:00,33.160694444444445,31.904062500000002
2026-04-14 05:55:00,33.15982638888889,31.949027777777776
2026-04-14 06:00:00,33.158368055555556,31.99361111111111
2026-04-14 06:05:00,33.15645833333333,32.03760416666667
2026-04-14 06:10:00,33.15434027777778,32.08034722222223
2026-04-14 06:15:00,33.1525,32.121180555555554
2026-04-14 06:20:00,33.151041666666664,32.1596875
2026-04-14 06:25:00,33.14965277777778,32.19631944444445
2026-04-14 06:30:00,33.14854166666666,32.230555555555554
2026-04-14 06:35:00,33.1478125,32.2625
2026-04-14 06:40:00,33.14767361111112,32.292118055555555
2026-04-14 06:45:00,33.14788194444444,32.319861111111116
2026-04-14 06:50:00,33.14805555555555,32.34638888888888
2026-04-14 06:55:00,33.14829861111111,32.371944444444445
2026-04-14 07:00:00,33.148402777777775,32.39704861111111
2026-04-14 07:05:00,33.14829861111111,32.42177083333333
2026-04-14 07:10:00,33.148090277777776,32.44611111111111
2026-04-14 07:15:00,33.147847222222225,32.469722222222224
2026-04-14 07:20:00,33.14756944444444,32.49256944444445
2026-04-14 07:25:00,33.14729166666667,32.514652777777776
2026-04-14 07:30:00,33.146979166666675,32.535763888888894
2026-04-14 07:35:00,33.146666666666675,32.5559375
2026-04-14 07:40:00,33.14635416666667,32.57527777777778
2026-04-14 07:45:00,33.14604166666667,32.59368055555555
2026-04-14 07:50:00,33.14572916666666,32.61128472222222
2026-04-14 07:55:00,33.145520833333336,32.62809027777778
2026-04-14 08:00:00,33.14486111111111,32.64458333333334
2026-04-14 08:05:00,33.14388888888889,32.66104166666667
2026-04-14 08:10:00,33.142743055555556,32.67704861111111
2026-04-14 08:15:00,33.141527777777775,32.69197916666666
2026-04-14 08:20:00,33.1403125,32.70628472222223
2026-04-14 08:25:00,33.13913194444444,32.71986111111111
2026-04-14 08:30:00,33.13809027777778,32.73173611111111
2026-04-14 08:35:00,33.136875,32.74236111111111
2026-04-14 08:40:00,33.135416666666664,32.75211805555555
2026-04-14 08:45:00,33.13343749999999,32.761805555555554
2026-04-14 08:50:00,33.13097222222222,32.77152777777778
2026-04-14 08:55:00,33.12826388888888,32.7846875
2026-04-14 09:00:00,33.12840277777778,32.78611111111111
2026-04-14 09:05:00,33.12788194444445,32.78774305555555
2026-04-14 09:10:00,33.13111111111111,32.7815625
2026-04-14 09:15:00,33.133263888888884,32.777048611111105
2026-04-14 09:20:00,33.13913194444444,32.76479166666666
2026-04-14 09:25:00,33.14361111111111,32.758159722222224
2026-04-14 09:30:00,33.15114583333333,32.74381944444445
2026-04-14 09:35:00,33.16180555555556,32.723125
2026-04-14 09:40:00,33.17048611111111,32.70798611111112
2026-04-14 09:45:00,33.18291666666667,32.68670138888889
2026-04-14 09:50:00,33.19642361111111,32.67625
2026-04-14 09:55:00,33.20975694444444,32.655763888888885
2026-04-14 10:00:00,33.22694444444445,32.62895833333333
2026-04-14 10:05:00,33.24107638888889,32.610347222222224
2026-04-14 10:10:00,33.26003472222222,32.580173611111114
2026-04-14 10:15:00,33.27836805555555,32.56048611111111
2026-04-14 10:20:00,33.298680555555556,32.52899305555556
2026-04-14 10:25:00,33.32177083333333,32.502916666666664
2026-04-14 10:30:00,33.34395833333333,32.46965277777778
2026-04-14 10:35:00,33.36447916666667,32.44631944444445
2026-04-14 10:40:00,33.38645833333334,32.416111111111114
2026-04-14 10:45:00,33.4059375,32.39197916666667
2026-04-14 10:50:00,33.428645833333334,32.36100694444445
2026-04-14 10:55:00,33.449236111111105,32.335625
2026-04-14 11:00:00,33.47322916666666,32.30222222222222
2026-04-14 11:05:00,33.49645833333334,32.27472222222222
2026-04-14 11:10:00,33.52163194444445,32.23920138888889
2026-04-14 11:15:00,33.54774305555556,32.20784722222223
2026-04-14 11:20:00,33.57430555555556,32.1696875
2026-04-14 11:25:00,33.60298611111111,32.13427083333333
2026-04-14 11:30:00,33.630625,32.095555555555556
2026-04-14 11:35:00,33.662395833333335,32.05111111111111
2026-04-14 11:40:00,33.6915625,32.01239583333333
2026-04-14 11:45:00,33.72788194444445,31.965381944444445
2026-04-14 11:50:00,33.76340277777778,31.91517361111111
2026-04-14 11:55:00,33.80204861111111,31.864687500000002
2026-04-14 12:00:00,33.8446875,31.80628472222222
2026-04-14 12:05:00,33.883402777777775,31.759965277777773
2026-04-14 12:10:00,33.92597222222222,31.70690972222222
2026-04-14 12:15:00,33.96440972222222,31.6646875
2026-04-14 12:20:00,34.00649305555556,31.616145833333334
2026-04-14 12:25:00,34.04517361111111,31.576180555555556
2026-04-14 12:30:00,34.08756944444444,31.52802083333334
2026-04-14 12:35:00,34.12607638888889,31.48732638888889
2026-04-14 12:40:00,34.16833333333334,31.438645833333332
2026-04-14 12:45:00,34.206944444444446,31.397152777777777
2026-04-14 12:50:00,34.249826388888884,31.34690972222222
2026-04-14 12:55:00,34.28993055555556,31.303194444444443
2026-04-14 13:00:00,34.334722222222226,31.252534722222222
2026-04-14 13:05:00,34.38291666666667,31.196388888888894
2026-04-14 13:10:00,34.42975694444445,31.138541666666672
2026-04-14 13:15:00,34.47527777777778,31.085902777777783
2026-04-14 13:20:00,34.52430555555556,31.027986111111108
2026-04-14 13:25:00,34.57572916666666,30.965868055555557
2026-04-14 13:30:00,34.628888888888895,30.901006944444443
2026-04-14 13:35:00,34.6834375,30.834062499999998
2026-04-14 13:40:00,34.738993055555554,30.765729166666663
2026-04-14 13:45:00,34.79534722222222,30.696493055555557
2026-04-14 13:50:00,34.85253472222222,30.62642361111111
2026-04-14 13:55:00,34.90982638888889,30.553749999999997
2026-04-14 14:00:00,34.959131944444444,30.49625
2026-04-14 14:05:00,35.01184027777778,30.436736111111113
2026-04-14 14:10:00,35.067569444444445,30.37357638888889
2026-04-14 14:15:00,35.125277777777775,30.307708333333338
2026-04-14 14:20:00,35.184305555555554,30.240104166666665
2026-04-14 14:25:00,35.244305555555556,30.17138888888889
2026-04-14 14:30:00,35.30482638888889,30.1021875
2026-04-14 14:35:00,35.36579861111111,30.033125
2026-04-14 14:40:00,35.427326388888886,29.964236111111106
2026-04-14 14:45:00,35.48920138888889,29.89538194444445
2026-04-14 14:50:00,35.551458333333336,29.826770833333335
2026-04-14 14:55:00,35.61392361111111,29.758888888888887
2026-04-14 15:00:00,35.676493055555554,29.69125
2026-04-14 15:05:00,35.73930555555555,29.62357638888889
2026-04-14 15:10:00,35.802256944444444,29.554652777777775
2026-04-14 15:15:00,35.8653125,29.483819444444446
2026-04-14 15:20:00,35.92850694444445,29.410347222222224
2026-04-14 15:25:00,35.99180555555556,29.33451388888889
2026-04-14 15:30:00,36.055416666666666,29.257256944444446
2026-04-14 15:35:00,36.119236111111114,29.178749999999997
2026-04-14 15:40:00,36.183125,29.099479166666665
2026-04-14 15:45:00,36.24701388888889,29.019722222222224
2026-04-14 15:50:00,36.31104166666667,28.93923611111111
2026-04-14 15:55:00,36.37527777777778,28.858298611111113
2026-04-14 16:00:00,36.43965277777778,28.777013888888884
2026-04-14 16:05:00,36.50416666666667,28.695520833333337
2026-04-14 16:10:00,36.568784722222226,28.613611111111116
2026-04-14 16:15:00,36.63347222222222,28.531388888888884
2026-04-14 16:20:00,36.69836805555556,28.448680555555555
2026-04-14 16:25:00,36.763263888888886,28.36611111111111
2026-04-14 16:30:00,36.828263888888884,28.28357638888889
2026-04-14 16:35:00,36.89315972222222,28.200520833333332
2026-04-14 16:40:00,36.95815972222222,28.116631944444446
2026-04-14 16:45:00,37.023020833333334,28.031458333333333
2026-04-14 16:50:00,37.087812500000005,27.94472222222222
2026-04-14 16:55:00,37.1525,27.856840277777778
2026-04-14 17:00:00,37.21704861111111,27.767777777777777
2026-04-14 17:05:00,37.27333333333333,27.6903125
2026-04-14 17:10:00,37.32954861111111,27.615555555555556
2026-04-14 17:15:00,37.3821875,27.541631944444447
2026-04-14 17:20:00,37.43402777777778,27.46986111111111
2026-04-14 17:25:00,37.48451388888889,27.393124999999998
2026-04-14 17:30:00,37.53190972222222,27.324166666666667
2026-04-14 17:35:00,37.582569444444445,27.24489583333333
2026-04-14 17:40:00,37.628125,27.17170138888889
2026-04-14 17:45:00,37.66833333333333,27.106875
2026-04-14 17:50:00,37.703298611111116,27.04951388888889
2026-04-14 17:55:00,37.733715277777776,26.99829861111111
2026-04-14 18:00:00,37.759930555555556,26.952708333333334
2026-04-14 18:05:00,37.782534722222216,26.91125
2026-04-14 18:10:00,37.802256944444444,26.87267361111111
2026-04-14 18:15:00,37.81951388888889,26.83652777777778
2026-04-14 18:20:00,37.83482638888889,26.80173611111111
2026-04-14 18:25:00,37.84857638888889,26.767604166666665
2026-04-14 18:30:00,37.86083333333333,26.734166666666667
2026-04-14 18:35:00,37.871875,26.701354166666665
2026-04-14 18:40:00,37.88197916666667,26.669131944444445
2026-04-14 18:45:00,37.89125,26.637222222222224
2026-04-14 18:50:00,37.89951388888889,26.60590277777778
2026-04-14 18:55:00,37.90694444444445,26.574930555555554
2026-04-14 19:00:00,37.91371527777778,26.54392361111111
2026-04-14 19:05:00,37.92,26.512881944444445
2026-04-14 19:10:00,37.925798611111105,26.481597222222224
2026-04-14 19:15:00,37.93121527777778,26.45
2026-04-14 19:20:00,37.93611111111111,26.418159722222224
2026-04-14 19:25:00,37.940625,26.385833333333334
2026-04-14 19:30:00,37.9446875,26.35291666666667
2026-04-14 19:35:00,37.94829861111111,26.319166666666668
2026-04-14 19:40:00,37.951319444444444,26.284618055555555
2026-04-14 19:45:00,37.95399305555556,26.24875
2026-04-14 19:50:00,37.95625,26.21173611111111
2026-04-14 19:55:00,37.95822916666666,26.173680555555556
2026-04-14 20:00:00,37.95993055555556,26.13482638888889
2026-04-14 20:05:00,37.96131944444445,26.095034722222223
2026-04-14 20:10:00,37.96243055555555,26.054375000000004
2026-04-14 20:15:00,37.96326388888889,26.012743055555557
2026-04-14 20:20:00,37.964236111111106,25.969791666666666
2026-04-14 20:25:00,37.965451388888894,25.925625
2026-04-14 20:30:00,37.967013888888886,25.880000000000003
2026-04-14 20:35:00,37.96895833333333,25.832847222222224
2026-04-14 20:40:00,37.97131944444445,25.784027777777776
2026-04-14 20:45:00,37.97416666666666,25.733611111111113
2026-04-14 20:50:00,37.97743055555556,25.681805555555556
2026-04-14 20:55:00,37.980694444444445,25.62902777777778
2026-04-14 21:00:00,37.98381944444444,25.575555555555557
2026-04-14 21:05:00,37.986666666666665,25.521909722222222
2026-04-14 21:10:00,37.98902777777778,25.46840277777778
2026-04-14 21:15:00,37.99090277777778,25.41541666666667
2026-04-14 21:20:00,37.992465277777775,25.36263888888889
2026-04-14 21:25:00,37.993541666666665,25.311006944444443
2026-04-14 21:30:00,37.99413194444445,25.26013888888889
2026-04-14 21:35:00,37.99444444444444,25.21
2026-04-14 21:40:00,37.99402777777778,25.160729166666666
2026-04-14 21:45:00,37.99329861111111,25.111666666666665
2026-04-14 21:50:00,37.99208333333334,25.06309027777778
2026-04-14 21:55:00,37.99059027777778,25.014895833333334
2026-04-14 22:00:00,37.98871527777778,24.96704861111111
2026-04-14 22:05:00,37.98645833333333,24.9196875
2026-04-14 22:10:00,37.98399305555555,24.872604166666665
2026-04-14 22:15:00,37.98128472222223,24.825902777777777
2026-04-14 22:20:00,37.978298611111114,24.779756944444447
2026-04-14 22:25:00,37.97510416666667,24.733888888888888
2026-04-14 22:30:00,37.97173611111111,24.68857638888889
2026-04-14 22:35:00,37.96798611111112,24.64409722222222
2026-04-14 22:40:00,37.96399305555556,24.599999999999998
2026-04-14 22:45:00,37.9596875,24.556736111111107
2026-04-14 22:50:00,37.95506944444445,24.513819444444444
2026-04-14 22:55:00,37.95017361111111,24.471493055555555
2026-04-14 23:00:00,37.94506944444444,24.429444444444446
2026-04-14 23:05:00,37.93975694444444,24.387777777777778
2026-04-14 23:10:00,37.934270833333336,24.346319444444447
2026-04-14 23:15:00,37.92861111111111,24.304756944444446
2026-04-14 23:20:00,37.92270833333334,24.263159722222223
2026-04-14 23:25:00,37.916805555555555,24.22142361111111
2026-04-14 23:30:00,37.91097222222223,24.17909722222222
2026-04-14 23:35:00,37.90503472222222,24.13607638888889
2026-04-14 23:40:00,37.89899305555556,24.09239583333333
2026-04-14 23:45:00,37.89284722222222,24.048020833333332
2026-04-14 23:50:00,37.88666666666667,24.002743055555555
2026-04-14 23:55:00,37.88034722222223,23.956736111111113
2026-04-15 00:00:00,37.87399305555555,23.90996527777778
2026-04-15 00:05:00,37.86756944444444,23.862569444444446
2026-04-15 00:10:00,37.860972222222216,23.814618055555556
2026-04-15 00:15:00,37.85434027777777,23.766076388888887
2026-04-15 00:20:00,37.84770833333333,23.716493055555556
2026-04-15 00:25:00,37.84090277777778,23.666354166666665
2026-04-15 00:30:00,37.834062499999995,23.61545138888889
2026-04-15 00:35:00,37.82704861111111,23.563958333333332
2026-04-15 00:40:00,37.82017361111111,23.511805555555558
2026-04-15 00:45:00,37.81326388888888,23.45888888888889
2026-04-15 00:50:00,37.80614583333333,23.405625
2026-04-15 00:55:00,37.798923611111114,23.352083333333333
2026-04-15 01:00:00,37.791666666666664,23.298020833333332
2026-04-15 01:05:00,37.784444444444446,23.243368055555557
2026-04-15 01:10:00,37.77704861111111,23.188402777777778
2026-04-15 01:15:00,37.76954861111111,23.13309027777778
2026-04-15 01:20:00,37.76208333333334,23.077256944444443
2026-04-15 01:25:00,37.75451388888889,23.021076388888886
2026-04-15 01:30:00,37.746875,22.964826388888888
2026-04-15 01:35:00,37.73909722222223,22.908402777777777
2026-04-15 01:40:00,37.731458333333336,22.8515625
2026-04-15 01:45:00,37.723645833333336,22.795069444444444
2026-04-15 01:50:00,37.715763888888894,22.738472222222224
2026-04-15 01:55:00,37.70798611111111,22.68131944444444
2026-04-15 02:00:00,37.70027777777778,22.623923611111113
2026-04-15 02:05:00,37.69246527777778,22.5659375
2026-04-15 02:10:00,37.684687499999995,22.50736111111111
2026-04-15 02:15:00,37.676770833333336,22.44857638888889
2026-04-15 02:20:00,37.668680555555554,22.389583333333334
2026-04-15 02:25:00,37.660451388888895,22.330312499999998
2026-04-15 02:30:00,37.65229166666667,22.270555555555557
2026-04-15 02:35:00,37.644131944444446,22.210555555555555
2026-04-15 02:40:00,37.63614583333333,22.15013888888889
2026-04-15 02:45:00,37.62798611111111,22.089756944444446
2026-04-15 02:50:00,37.61972222222222,22.029270833333335
2026-04-15 02:55:00,37.61138888888889,21.968819444444446
2026-04-15 03:00:00,37.603368055555556,21.908020833333335
2026-04-15 03:05:00,37.59583333333333,21.846423611111113
2026-04-15 03:10:00,37.58888888888889,21.783888888888885
2026-04-15 03:15:00,37.58270833333333,21.72010416666667
2026-04-15 03:20:00,37.57725694444444,21.655069444444443
2026-04-15 03:25:00,37.57256944444444,21.588680555555555
2026-04-15 03:30:00,37.5684375,21.521319444444444
2026-04-15 03:35:00,37.56482638888889,21.452916666666667
2026-04-15 03:40:00,37.56163194444444,21.383888888888887
2026-04-15 03:45:00,37.55854166666666,21.3146875
2026-04-15 03:50:00,37.55541666666667,21.246006944444446
2026-04-15 03:55:00,37.55222222222223,21.177916666666665
2026-04-15 04:00:00,37.548923611111114,21.11048611111111
2026-04-15 04:05:00,37.545625,21.043368055555554
2026-04-15 04:10:00,37.542361111111106,20.97694444444444
2026-04-15 04:15:00,37.539027777777775,20.91107638888889
2026-04-15 04:20:00,37.53572916666666,20.84548611111111
2026-04-15 04:25:00,37.53239583333333,20.780277777777776
2026-04-15 04:30:00,37.52899305555556,20.71548611111111
2026-04-15 04:35:00,37.52559027777778,20.650972222222222
2026-04-15 04:40:00,37.5221875,20.586666666666666
2026-04-15 04:45:00,37.51875,20.5228125
2026-04-15 04:50:00,37.515277777777776,20.459131944444447
2026-04-15 04:55:00,37.51180555555556,20.39545138888889
2026-04-15 05:00:00,37.508229166666666,20.33229166666667
2026-04-15 05:05:00,37.50458333333333,20.269618055555554
2026-04-15 05:10:00,37.50090277777778,20.207118055555558
2026-04-15 05:15:00,37.497256944444445,20.144548611111112
2026-04-15 05:20:00,37.49381944444444,20.081805555555558
2026-04-15 05:25:00,37.49072916666667,20.018680555555555
2026-04-15 05:30:00,37.48822916666666,19.95482638888889
2026-04-15 05:35:00,37.486354166666665,19.890104166666667
2026-04-15 05:40:00,37.48517361111111,19.82472222222222
2026-04-15 05:45:00,37.484652777777775,19.75847222222222
2026-04-15 05:50:00,37.48461805555556,19.69184027777778
2026-04-15 05:55:00,37.48538194444444,19.624479166666667
2026-04-15 06:00:00,37.48670138888888,19.556562500000002
2026-04-15 06:05:00,37.488125,19.48878472222222
2026-04-15 06:10:00,37.489513888888894,19.421875
2026-04-15 06:15:00,37.49069444444444,19.356111111111108
2026-04-15 06:20:00,37.49166666666667,19.29204861111111
2026-04-15 06:25:00,37.492361111111116,19.22951388888889
2026-04-15 06:30:00,37.492847222222224,19.168611111111108
2026-04-15 06:35:00,37.493125,19.109236111111112
2026-04-15 06:40:00,37.493159722222224,19.051076388888887
2026-04-15 06:45:00,37.493159722222224,18.994097222222223
2026-04-15 06:50:00,37.49333333333333,18.937743055555554
2026-04-15 06:55:00,37.49378472222222,18.881770833333334
2026-04-15 07:00:00,37.49472222222222,18.825729166666665
2026-04-15 07:05:00,37.496006944444446,18.769791666666666
2026-04-15 07:10:00,37.49777777777778,18.71357638888889
2026-04-15 07:15:00,37.50003472222222,18.657118055555557
2026-04-15 07:20:00,37.50267361111111,18.60059027777778
2026-04-15 07:25:00,37.50572916666667,18.54388888888889
2026-04-15 07:30:00,37.5090625,18.487465277777776
2026-04-15 07:35:00,37.512881944444445,18.43138888888889
2026-04-15 07:40:00,37.51704861111111,18.375486111111112
2026-04-15 07:45:00,37.521562499999995,18.32003472222222
2026-04-15 07:50:00,37.52631944444445,18.26513888888889
2026-04-15 07:55:00,37.53131944444445,18.210798611111112
2026-04-15 08:00:00,37.536458333333336,18.15701388888889
2026-04-15 08:05:00,37.54194444444445,18.10378472222222
2026-04-15 08:10:00,37.54805555555556,18.051319444444445
2026-04-15 08:15:00,37.55482638888889,17.99954861111111
2026-04-15 08:20:00,37.56177083333333,17.948645833333334
2026-04-15 08:25:00,37.56868055555556,17.899479166666666
2026-04-15 08:30:00,37.57534722222222,17.85347222222222
2026-04-15 08:35:00,37.58173611111111,17.81086805555556
2026-04-15 08:40:00,37.58788194444444,17.771840277777777
2026-04-15 08:45:00,37.593923611111116,17.73590277777778
2026-04-15 08:50:00,37.599756944444444,17.70274305555556
2026-04-15 08:55:00,37.606006944444445,17.672013888888888
2026-04-15 09:00:00,37.61215277777778,17.64440972222222
2026-04-15 09:05:00,37.618229166666666,17.61989583333333
2026-04-15 09:10:00,37.62381944444444,17.598194444444445
2026-04-15 09:15:00,37.628819444444446,17.579444444444444
2026-04-15 09:20:00,37.633229166666666,17.563680555555557
2026-04-15 09:25:00,37.636805555555554,17.550625000000004
2026-04-15 09:30:00,37.63961805555556,17.540034722222224
2026-04-15 09:35:00,37.64173611111111,17.531388888888888
2026-04-15 09:40:00,37.643125,17.524409722222224
2026-04-15 09:45:00,37.643541666666664,17.51902777777778
2026-04-15 09:50:00,37.64315972222222,17.514687499999997
2026-04-15 09:55:00,37.642152777777774,17.510659722222222
2026-04-15 10:00:00,37.64069444444445,17.506631944444443
2026-04-15 10:05:00,37.63881944444445,17.50309027777778
2026-04-15 10:10:00,37.6365625,17.500138888888888
2026-04-15 10:15:00,37.63395833333333,17.497083333333332
2026-04-15 10:20:00,37.63090277777778,17.49420138888889
2026-04-15 10:25:00,37.62753472222222,17.49125
2026-04-15 10:30:00,37.62430555555556,17.487881944444442
2026-04-15 10:35:00,37.62107638888889,17.484201388888888
2026-04-15 10:40:00,37.61770833333333,17.4803125
2026-04-15 10:45:00,37.6140625,17.476423611111112
2026-04-15 10:50:00,37.61038194444445,17.473368055555554
2026-04-15 10:55:00,37.60652777777778,17.47052083333333
2026-04-15 11:00:00,37.60263888888889,17.468125
2026-04-15 11:05:00,37.59854166666666,17.466006944444445
2026-04-15 11:10:00,37.59451388888888,17.46458333333333
2026-04-15 11:15:00,37.590381944444445,17.46371527777778
2026-04-15 11:20:00,37.58631944444444,17.463298611111114
2026-04-15 11:25:00,37.58229166666667,17.463333333333335
2026-04-15 11:30:00,37.57829861111111,17.46364583333333
2026-04-15 11:35:00,37.574131944444446,17.465138888888887
2026-04-15 11:40:00,37.569861111111116,17.46739583333333
2026-04-15 11:45:00,37.56048611111111,17.473819444444445
2026-04-15 11:50:00,37.53982638888888,17.49284722222222
2026-04-15 11:55:00,37.51118055555556,17.521805555555556
2026-04-15 12:00:00,37.477013888888884,17.558194444444446
2026-04-15 12:05:00,37.438472222222224,17.59993055555556
2026-04-15 12:10:00,37.39642361111111,17.645625000000003
2026-04-15 12:15:00,37.351215277777776,17.6946875
2026-04-15 12:20:00,37.30347222222222,17.746805555555554
2026-04-15 12:25:00,37.253819444444446,17.802916666666665
2026-04-15 12:30:00,37.21145833333333,17.847256944444446
2026-04-15 12:35:00,37.16555555555556,17.89548611111111
2026-04-15 12:40:00,37.12107638888889,17.944236111111113
2026-04-15 12:45:00,37.07868055555556,17.98597222222222
2026-04-15 12:50:00,37.03236111111111,18.031909722222224
2026-04-15 12:55:00,36.98399305555555,18.07979166666667
2026-04-15 13:00:00,36.93440972222222,18.12777777777778
2026-04-15 13:05:00,36.883854166666666,18.174999999999997
2026-04-15 13:10:00,36.83277777777778,18.22145833333333
2026-04-15 13:15:00,36.78118055555556,18.267256944444444
2026-04-15 13:20:00,36.729166666666664,18.312708333333333
2026-04-15 13:25:00,36.676875,18.3575
2026-04-15 13:30:00,36.62423611111112,18.402430555555554
2026-04-15 13:35:00,36.57138888888889,18.44736111111111
2026-04-15 13:40:00,36.51833333333334,18.491805555555555
2026-04-15 13:45:00,36.46517361111111,18.535625
2026-04-15 13:50:00,36.411770833333335,18.578854166666666
2026-04-15 13:55:00,36.35798611111111,18.621354166666666
2026-04-15 14:00:00,36.30392361111112,18.66347222222222
2026-04-15 14:05:00,36.24944444444444,18.70583333333333
2026-04-15 14:10:00,36.19465277777778,18.748124999999998
2026-04-15 14:15:00,36.13954861111111,18.79041666666667
2026-04-15 14:20:00,36.08434027777778,18.832326388888887
2026-04-15 14:25:00,36.02878472222222,18.874097222222225
2026-04-15 14:30:00,35.97309027777778,18.915694444444444
2026-04-15 14:35:00,35.91722222222222,18.957291666666666
2026-04-15 14:40:00,35.86121527777778,18.998888888888885
2026-04-15 14:45:00,35.80506944444445,19.04128472222222
2026-04-15 14:50:00,35.74857638888889,19.08534722222222
2026-04-15 14:55:00,35.691805555555554,19.130555555555553
2026-04-15 15:00:00,35.63496527777778,19.1759375
2026-04-15 15:05:00,35.57788194444444,19.220625
2026-04-15 15:10:00,35.520833333333336,19.26357638888889
2026-04-15 15:15:00,35.46371527777777,19.304722222222225
2026-04-15 15:20:00,35.40656249999999,19.34472222222222
2026-04-15 15:25:00,35.34930555555556,19.383229166666666
2026-04-15 15:30:00,35.29184027777778,19.42024305555556
2026-04-15 15:35:00,35.23420138888889,19.456979166666667
2026-04-15 15:40:00,35.1765625,19.493090277777778
2026-04-15 15:45:00,35.118923611111114,19.528402777777778
2026-04-15 15:50:00,35.06107638888889,19.563298611111108
2026-04-15 15:55:00,35.003055555555555,19.597291666666667
2026-04-15 16:00:00,34.94479166666666,19.631180555555556
2026-04-15 16:05:00,34.886423611111105,19.664618055555554
2026-04-15 16:10:00,34.82798611111111,19.697604166666665
2026-04-15 16:15:00,34.76947916666667,19.730729166666666
2026-04-15 16:20:00,34.71086805555555,19.764097222222222
2026-04-15 16:25:00,34.65222222222222,19.7971875
2026-04-15 16:30:00,34.59343750000001,19.83052083333333
2026-04-15 16:35:00,34.53479166666667,19.864652777777778
2026-04-15 16:40:00,34.47607638888889,19.899340277777775
2026-04-15 16:45:00,34.41739583333334,19.934444444444445
2026-04-15 16:50:00,34.358715277777776,19.971215277777777
2026-04-15 16:55:00,34.300104166666664,20.0115625
2026-04-15 17:00:00,34.24149305555555,20.056319444444444
2026-04-15 17:05:00,34.18295138888889,20.105694444444442
2026-04-15 17:10:00,34.12423611111112,20.160104166666667
2026-04-15 17:15:00,34.065416666666664,20.218680555555554
2026-04-15 17:20:00,34.00684027777778,20.281006944444446
2026-04-15 17:25:00,33.94861111111111,20.346215277777777
2026-04-15 17:30:00,33.890902777777775,20.414375
2026-04-15 17:35:00,33.83361111111111,20.484895833333333
2026-04-15 17:40:00,33.77670138888889,20.557222222222222
2026-04-15 17:45:00,33.72038194444445,20.63013888888889
2026-04-15 17:50:00,33.66458333333333,20.703263888888888
2026-04-15 17:55:00,33.60927083333333,20.77739583333333
2026-04-15 18:00:00,33.56097222222222,20.8421875
2026-04-15 18:05:00,33.512638888888894,20.90434027777778
2026-04-15 18:10:00,33.46236111111111,20.9709375
2026-04-15 18:15:00,33.41083333333333,21.040972222222223
2026-04-15 18:20:00,33.36548611111111,21.10364583333333
2026-04-15 18:25:00,33.31913194444444,21.1653125
2026-04-15 18:30:00,33.27027777777778,21.23263888888889
2026-04-15 18:35:00,33.2225,21.30263888888889
2026-04-15 18:40:00,33.178124999999994,21.363333333333333
2026-04-15 18:45:00,33.13041666666666,21.430520833333333
2026-04-15 18:50:00,33.08638888888889,21.496006944444446
2026-04-15 18:55:00,33.0421875,21.558611111111112
2026-04-15 19:00:00,32.9953125,21.630034722222224
2026-04-15 19:05:00,32.95458333333333,21.688854166666665
2026-04-15 19:10:00,32.909756944444446,21.754618055555554
2026-04-15 19:15:00,32.869166666666665,21.818055555555556
2026-04-15 19:20:00,32.82697916666667,21.88076388888889
2026-04-15 19:25:00,32.785451388888895,21.947569444444444
2026-04-15 19:30:00,32.74576388888889,22.007569444444446
2026-04-15 19:35:00,32.70399305555556,22.076354166666665
2026-04-15 19:40:00,32.66628472222222,22.13454861111111
2026-04-15 19:45:00,32.624027777777776,22.202395833333334
2026-04-15 19:50:00,32.58795138888889,22.262430555555554
2026-04-15 19:55:00,32.54777777777778,22.328333333333333
2026-04-15 20:00:00,32.513263888888886,22.387256944444445
2026-04-15 20:05:00,32.474999999999994,22.453541666666666
2026-04-15 20:10:00,32.44243055555555,22.510555555555555
2026-04-15 20:15:00,32.409444444444446,22.567395833333332
2026-04-15 20:20:00,32.37979166666667,22.62034722222222
2026-04-15 20:25:00,32.353402777777774,22.668472222222224
2026-04-15 20:30:00,32.324930555555554,22.720069444444444
2026-04-15 20:35:00,32.29934027777777,22.7671875
2026-04-15 20:40:00,32.275,22.809097222222224
2026-04-15 20:45:00,32.249340277777776,22.856145833333333
2026-04-15 20:50:00,32.225972222222225,22.899756944444444
2026-04-15 20:55:00,32.20420138888889,22.940763888888892
2026-04-15 21:00:00,32.17961805555555,22.985763888888886
2026-04-15 21:05:00,32.155277777777776,23.026215277777776
2026-04-15 21:10:00,32.13135416666667,23.070069444444442
2026-04-15 21:15:00,32.10472222222222,23.11753472222222
2026-04-15 21:20:00,32.08003472222222,23.158472222222223
2026-04-15 21:25:00,32.055173611111115,23.20274305555556
2026-04-15 21:30:00,32.02847222222223,23.248611111111114
2026-04-15 21:35:00,32.00541666666666,23.289965277777775
2026-04-15 21:40:00,31.980729166666663,23.33388888888889
2026-04-15 21:45:00,31.95815972222222,23.371631944444445
2026-04-15 21:50:00,31.93548611111111,23.4128125
2026-04-15 21:55:00,31.91236111111111,23.450659722222223
2026-04-15 22:00:00,31.891562500000003,23.48923611111111
2026-04-15 22:05:00,31.868541666666673,23.530381944444443
2026-04-15 22:10:00,31.849166666666665,23.56666666666667
2026-04-15 22:15:00,31.827291666666667,23.606354166666666
2026-04-15 22:20:00,31.807812499999997,23.639930555555555
2026-04-15 22:25:00,31.787673611111114,23.6771875
2026-04-15 22:30:00,31.770416666666662,23.70927083333333
2026-04-15 22:35:00,31.751215277777778,23.745104166666668
2026-04-15 22:40:00,31.734826388888887,23.7771875
2026-04-15 22:45:00,31.716076388888887,23.81222222222222
2026-04-15 22:50:00,31.700138888888887,23.843819444444446
2026-04-15 22:55:00,31.686354166666668,23.871701388888887
2026-04-15 23:00:00,31.67034722222222,23.90354166666667
2026-04-15 23:05:00,31.6565625,23.93232638888889
2026-04-15 23:10:00,31.64444444444444,23.959027777777777
2026-04-15 23:15:00,31.629722222222217,23.989270833333332
2026-04-15 23:20:00,31.617152777777775,24.016770833333332
2026-04-15 23:25:00,31.6059375,24.042326388888892
2026-04-15 23:30:00,31.59579861111111,24.066111111111113
2026-04-15 23:35:00,31.58291666666667,24.093819444444446
2026-04-15 23:40:00,31.571597222222223,24.119340277777777
2026-04-15 23:45:00,31.561597222222222,24.143263888888885
2026-04-15 23:50:00,31.552499999999995,24.166215277777777
2026-04-15 23:55:00,31.543541666666663,24.186666666666667
2026-04-16 00:00:00,31.532638888888886,24.212118055555557
2026-04-16 00:05:00,31.523125,24.235729166666665
2026-04-16 00:10:00,31.514652777777783,24.257881944444446
2026-04-16 00:15:00,31.506909722222222,24.278993055555556
2026-04-16 00:20:00,31.499791666666667,24.299305555555556
2026-04-16 00:25:00,31.493263888888887,24.31875
2026-04-16 00:30:00,31.487256944444443,24.33729166666667
2026-04-16 00:35:00,31.481840277777778,24.355
2026-04-16 00:40:00,31.47666666666667,24.37190972222222
2026-04-16 00:45:00,31.47180555555555,24.387812500000003
2026-04-16 00:50:00,31.46743055555556,24.402708333333333
2026-04-16 00:55:00,31.463298611111114,24.41670138888889
2026-04-16 01:00:00,31.45944444444445,24.429895833333333
2026-04-16 01:05:00,31.45576388888889,24.442222222222224
2026-04-16 01:10:00,31.45239583333333,24.453611111111112
2026-04-16 01:15:00,31.44927083333333,24.463993055555555
2026-04-16 01:20:00,31.44621527777777,24.473541666666666
2026-04-16 01:25:00,31.44329861111111,24.482222222222223
2026-04-16 01:30:00,31.440277777777776,24.490381944444447
2026-04-16 01:35:00,31.437430555555554,24.498055555555556
2026-04-16 01:40:00,31.43454861111111,24.50513888888889
2026-04-16 01:45:00,31.431944444444444,24.511631944444446
2026-04-16 01:50:00,31.429618055555554,24.517256944444444
2026-04-16 01:55:00,31.427500000000002,24.521979166666668
2026-04-16 02:00:00,31.425625,24.525416666666665
2026-04-16 02:05:00,31.42420138888889,24.52746527777778
2026-04-16 02:10:00,31.423055555555557,24.52809027777778
2026-04-16 02:15:00,31.422222222222224,24.527430555555554
2026-04-16 02:20:00,31.421770833333337,24.52545138888889
2026-04-16 02:25:00,31.421493055555555,24.522534722222225
2026-04-16 02:30:00,31.421493055555555,24.518819444444446
2026-04-16 02:35:00,31.421666666666667,24.514444444444447
2026-04-16 02:40:00,31.421944444444446,24.509583333333335
2026-04-16 02:45:00,31.42256944444444,24.504131944444442
2026-04-16 02:50:00,31.423472222222227,24.498125
2026-04-16 02:55:00,31.424687499999997,24.491493055555555
2026-04-16 03:00:00,31.425972222222224,24.484409722222225
2026-04-16 03:05:00,31.42746527777778,24.47694444444444
2026-04-16 03:10:00,31.4290625,24.468888888888888
2026-04-16 03:15:00,31.43069444444445,24.460625
2026-04-16 03:20:00,31.43232638888888,24.451979166666668
2026-04-16 03:25:00,31.43402777777778,24.443159722222223
2026-04-16 03:30:00,31.435833333333328,24.433819444444442
2026-04-16 03:35:00,31.43767361111111,24.424131944444444
2026-04-16 03:40:00,31.439479166666672,24.413993055555558
2026-04-16 03:45:00,31.44125,24.403402777777778
2026-04-16 03:50:00,31.443020833333335,24.39197916666667
2026-04-16 03:55:00,31.44486111111111,24.37954861111111
2026-04-16 04:00:00,31.446805555555557,24.366180555555555
2026-04-16 04:05:00,31.44875,24.352048611111112
2026-04-16 04:10:00,31.450694444444448,24.337152777777778
2026-04-16 04:15:00,31.452673611111113,24.3215625
2026-04-16 04:20:00,31.45465277777778,24.305625
2026-04-16 04:25:00,31.4565625,24.289548611111112
2026-04-16 04:30:00,31.45861111111111,24.27315972222222
2026-04-16 04:35:00,31.460625,24.2565625
2026-04-16 04:40:00,31.462708333333335,24.23979166666667
2026-04-16 04:45:00,31.46479166666667,24.222361111111113
2026-04-16 04:50:00,31.466875,24.204479166666665
2026-04-16 04:55:00,31.468888888888884,24.186041666666668
2026-04-16 05:00:00,31.471041666666665,24.166944444444443
2026-04-16 05:05:00,31.47309027777778,24.14746527777778
2026-04-16 05:10:00,31.475173611111114,24.12767361111111
2026-04-16 05:15:00,31.4771875,24.107743055555556
2026-04-16 05:20:00,31.479236111111113,24.08784722222222
2026-04-16 05:25:00,31.481111111111108,24.068125
2026-04-16 05:30:00,31.48267361111111,24.04920138888889
2026-04-16 05:35:00,31.48399305555556,24.03086805555556
2026-04-16 05:40:00,31.485138888888894,24.012986111111115
2026-04-16 05:45:00,31.486145833333335,23.99565972222222
2026-04-16 05:50:00,31.48708333333333,23.97875
2026-04-16 05:55:00,31.487604166666667,23.96267361111111
2026-04-16 06:00:00,31.488090277777783,23.947118055555553
2026-04-16 06:05:00,31.48857638888889,23.93211805555556
2026-04-16 06:10:00,31.488923611111108,23.917743055555555
2026-04-16 06:15:00,31.489305555555557,23.903923611111114
2026-04-16 06:20:00,31.489652777777778,23.890416666666667
2026-04-16 06:25:00,31.489895833333335,23.87722222222222
2026-04-16 06:30:00,31.49003472222222,23.86451388888889
2026-04-16 06:35:00,31.490069444444444,23.85215277777778
2026-04-16 06:40:00,31.48989583333333,23.840555555555554
2026-04-16 06:45:00,31.48954861111111,23.829513888888886
2026-04-16 06:50:00,31.489201388888894,23.81868055555556
2026-04-16 06:55:00,31.488784722222224,23.808263888888888
2026-04-16 07:00:00,31.488125,23.798194444444444
2026-04-16 07:05:00,31.487222222222222,23.7884375
2026-04-16 07:10:00,31.485868055555557,23.779340277777777
2026-04-16 07:15:00,31.484166666666667,23.77128472222222
2026-04-16 07:20:00,31.482430555555553,23.76375
2026-04-16 07:25:00,31.480625,23.756631944444443
2026-04-16 07:30:00,31.478958333333335,23.749270833333334
2026-04-16 07:35:00,31.477222222222224,23.741979166666667
2026-04-16 07:40:00,31.475590277777776,23.734548611111112
2026-04-16 07:45:00,31.474062500000002,23.727430555555557
2026-04-16 07:50:00,31.47274305555556,23.720590277777777
2026-04-16 07:55:00,31.471527777777776,23.71388888888889
2026-04-16 08:00:00,31.470590277777774,23.70746527777778
2026-04-16 08:05:00,31.469548611111115,23.701597222222222
2026-04-16 08:10:00,31.467777777777776,23.69666666666667
2026-04-16 08:15:00,31.465208333333333,23.693020833333335
2026-04-16 08:20:00,31.46204861111111,23.690416666666668
2026-04-16 08:25:00,31.45861111111111,23.688194444444445
2026-04-16 08:30:00,31.455034722222226,23.686006944444447
2026-04-16 08:35:00,31.451249999999998,23.683680555555554
2026-04-16 08:40:00,31.447256944444447,23.680868055555557
2026-04-16 08:45:00,31.44298611111111,23.677430555555553
2026-04-16 08:50:00,31.438750000000002,23.673333333333332
2026-04-16 08:55:00,31.434305555555554,23.669027777777778
2026-04-16 09:00:00,31.43,23.664131944444446
2026-04-16 09:05:00,31.425486111111113,23.658854166666668
2026-04-16 09:10:00,31.417812500000007,23.656180555555558
2026-04-16 09:15:00,31.410381944444445,23.653888888888886
2026-04-16 09:20:00,31.40378472222222,23.6496875
2026-04-16 09:25:00,31.397777777777776,23.643402777777776
2026-04-16 09:30:00,31.392187499999995,23.634791666666665
2026-04-16 09:35:00,31.386875,23.62375
2026-04-16 09:40:00,31.381875000000004,23.610520833333332
2026-04-16 09:45:00,31.373784722222222,23.5990625
2026-04-16 09:50:00,31.365243055555556,23.584583333333335
2026-04-16 09:55:00,31.355972222222224,23.572291666666665
2026-04-16 10:00:00,31.348020833333333,23.558402777777776
2026-04-16 10:05:00,31.34090277777777,23.543888888888887
2026-04-16 10:10:00,31.330625000000005,23.532708333333332
2026-04-16 10:15:00,31.321527777777778,23.52104166666667
2026-04-16 10:20:00,31.313263888888887,23.508784722222224
2026-04-16 10:25:00,31.30152777777778,23.499930555555554
2026-04-16 10:30:00,31.290590277777774,23.489618055555557
2026-04-16 10:35:00,31.276875,23.47965277777778
2026-04-16 10:40:00,31.26329861111111,23.4709375
2026-04-16 10:45:00,31.2503125,23.460208333333334
2026-04-16 10:50:00,31.234409722222217,23.45302083333333
2026-04-16 10:55:00,31.219930555555557,23.444166666666668
2026-04-16 11:00:00,31.202048611111113,23.438229166666666
2026-04-16 11:05:00,31.185694444444444,23.430590277777778
2026-04-16 11:10:00,31.165833333333335,23.42572916666667
2026-04-16 11:15:00,31.14743055555555,23.418055555555554
2026-04-16 11:20:00,31.126076388888894,23.413958333333333
2026-04-16 11:25:00,31.10246527777777,23.409305555555555
2026-04-16 11:30:00,31.07798611111111,23.40795138888889
2026-04-16 11:35:00,31.047534722222224,23.40923611111111
2026-04-16 11:40:00,31.01965277777778,23.40902777777778
2026-04-16 11:45:00,30.990868055555552,23.409513888888892
2026-04-16 11:50:00,30.973055555555554,23.40076388888889
2026-04-16 11:55:00,30.96194444444444,23.381354166666668
2026-04-16 12:00:00,30.95201388888889,23.360868055555553
2026-04-16 12:05:00,30.951041666666665,23.329479166666665
2026-04-16 12:10:00,30.94833333333333,23.29965277777778
2026-04-16 12:15:00,30.951666666666668,23.26621527777778
2026-04-16 12:20:00,30.957916666666662,23.227361111111108
2026-04-16 12:25:00,30.96701388888889,23.186180555555556
2026-04-16 12:30:00,30.967916666666667,23.155694444444446
2026-04-16 12:35:00,30.96802083333333,23.126354166666665
2026-04-16 12:40:00,30.963854166666668,23.100624999999997
2026-04-16 12:45:00,30.959756944444443,23.08288194444445
2026-04-16 12:50:00,30.961423611111115,23.057291666666668
2026-04-16 12:55:00,30.962187500000002,23.034062499999997
2026-04-16 13:00:00,30.96194444444445,23.014965277777776
2026-04-16 13:05:00,30.961006944444446,23.00059027777778
2026-04-16 13:10:00,30.959305555555552,22.99027777777778
2026-04-16 13:15:00,30.956944444444446,22.98340277777778
2026-04-16 13:20:00,30.953784722222224,22.979965277777776
2026-04-16 13:25:00,30.956770833333337,22.972847222222224
2026-04-16 13:30:00,30.95847222222222,22.966215277777778
2026-04-16 13:35:00,30.958020833333332,22.96361111111111
2026-04-16 13:40:00,30.95607638888889,22.964618055555558
2026-04-16 13:45:00,30.953055555555554,22.968854166666667
2026-04-16 13:50:00,30.9490625,22.975902777777776
2026-04-16 13:55:00,30.944444444444443,22.985243055555557
2026-04-16 14:00:00,30.93923611111111,22.996284722222224
2026-04-16 14:05:00,30.933576388888884,23.008298611111112
2026-04-16 14:10:00,30.927499999999995,23.02104166666667
2026-04-16 14:15:00,30.921041666666667,23.034965277777776
2026-04-16 14:20:00,30.914236111111116,23.050520833333334
2026-04-16 14:25:00,30.90729166666667,23.067638888888887
2026-04-16 14:30:00,30.900104166666665,23.08548611111111
2026-04-16 14:35:00,30.892812500000005,23.103541666666665
2026-04-16 14:40:00,30.885277777777773,23.121458333333337
2026-04-16 14:45:00,30.877604166666668,23.138194444444444
2026-04-16 14:50:00,30.86982638888888,23.15385416666667
2026-04-16 14:55:00,30.862048611111113,23.169548611111114
2026-04-16 15:00:00,30.854270833333334,23.18548611111111
2026-04-16 15:05:00,30.84645833333333,23.201736111111114
2026-04-16 15:10:00,30.838437499999998,23.21902777777778
2026-04-16 15:15:00,30.830486111111114,23.236944444444443
2026-04-16 15:20:00,30.82246527777778,23.255069444444445
2026-04-16 15:25:00,30.814479166666665,23.27388888888889
2026-04-16 15:30:00,30.80642361111111,23.29253472222222
2026-04-16 15:35:00,30.798437499999995,23.309652777777778
2026-04-16 15:40:00,30.79486111111111,23.32263888888889
2026-04-16 15:45:00,30.793576388888894,23.32979166666667
2026-04-16 15:50:00,30.79048611111111,23.339826388888888
2026-04-16 15:55:00,30.78642361111111,23.352465277777778
2026-04-16 16:00:00,30.78166666666667,23.36625
2026-04-16 16:05:00,30.776458333333338,23.380659722222223
2026-04-16 16:10:00,30.770833333333332,23.395694444444445
2026-04-16 16:15:00,30.772881944444446,23.403888888888886
2026-04-16 16:20:00,30.774513888888887,23.41059027777778
2026-04-16 16:25:00,30.776388888888885,23.419618055555553
2026-04-16 16:30:00,30.781909722222217,23.42246527777778
2026-04-16 16:35:00,30.783437499999998,23.429201388888888
2026-04-16 16:40:00,30.789965277777778,23.430902777777778
2026-04-16 16:45:00,30.794583333333335,23.43138888888889
2026-04-16 16:50:00,30.801493055555554,23.430625000000003
2026-04-16 16:55:00,30.80784722222222,23.425416666666663
2026-04-16 17:00:00,30.81402777777778,23.419131944444445
2026-04-16 17:05:00,30.82305555555556,23.403993055555556
2026-04-16 17:10:00,30.829965277777774,23.39
2026-04-16 17:15:00,30.840659722222224,23.367291666666667
2026-04-16 17:20:00,30.84878472222222,23.34826388888889
2026-04-16 17:25:00,30.859999999999996,23.322083333333335
2026-04-16 17:30:00,30.869861111111113,23.29829861111111
2026-04-16 17:35:00,30.88177083333333,23.268298611111113
2026-04-16 17:40:00,30.893749999999997,23.239722222222223
2026-04-16 17:45:00,30.90569444444444,23.208333333333332
2026-04-16 17:50:00,30.913090277777776,23.184097222222224
2026-04-16 17:55:00,30.925312500000004,23.1528125
2026-04-16 18:00:00,30.92666666666667,23.137083333333333
2026-04-16 18:05:00,30.92815972222222,23.128402777777776
2026-04-16 18:10:00,30.93434027777778,23.109340277777775
2026-04-16 18:15:00,30.937847222222224,23.095
2026-04-16 18:20:00,30.939652777777773,23.085416666666667
2026-04-16 18:25:00,30.940763888888892,23.079131944444445
2026-04-16 18:30:00,30.94215277777778,23.076909722222222
2026-04-16 18:35:00,30.948020833333334,23.061458333333334
2026-04-16 18:40:00,30.945972222222224,23.06451388888889
2026-04-16 18:45:00,30.951631944444443,23.059166666666666
2026-04-16 18:50:00,30.95138888888889,23.057118055555556
2026-04-16 18:55:00,30.952291666666667,23.064965277777777
2026-04-16 19:00:00,30.95756944444444,23.05611111111111
2026-04-16 19:05:00,30.95493055555555,23.0746875
2026-04-16 19:10:00,30.95902777777778,23.07427083333333
2026-04-16 19:15:00,30.955069444444444,23.09829861111111
2026-04-16 19:20:00,30.9590625,23.106875
2026-04-16 19:25:00,30.95777777777778,23.110833333333332
2026-04-16 19:30:00,30.95920138888889,23.12902777777778
2026-04-16 19:35:00,30.959687499999998,23.13003472222222
2026-04-16 19:40:00,30.959548611111114,23.151944444444446
2026-04-16 19:45:00,30.962534722222227,23.151284722222222
2026-04-16 19:50:00,30.96163194444445,23.170277777777777
2026-04-16 19:55:00,30.9646875,23.168055555555558
2026-04-16 20:00:00,30.963125000000005,23.185381944444444
2026-04-16 20:05:00,30.965659722222224,23.17996527777778
2026-04-16 20:10:00,30.963645833333334,23.194201388888885
2026-04-16 20:15:00,30.961770833333333,23.196145833333333
2026-04-16 21:00:00,30.92025,23.093357142857144
2026-04-16 21:05:00,30.92214285714286,23.089535714285716
2026-04-16 21:10:00,30.924250000000004,23.086357142857143
2026-04-16 21:15:00,30.92610714285714,23.083607142857144
2026-04-16 21:20:00,30.92610714285714,23.082392857142857
2026-04-16 21:25:00,30.92675,23.081714285714288
2026-04-16 21:30:00,30.926928571428576,23.081964285714285
2026-04-16 21:35:00,30.926928571428576,23.082214285714286
2026-04-16 21:40:00,30.926678571428575,23.082607142857142
2026-04-16 21:45:00,30.92789285714286,23.084214285714285
2026-04-16 21:50:00,30.926857142857138,23.085464285714288
2026-04-16 21:55:00,30.929785714285714,23.085107142857144
2026-04-16 22:00:00,30.92792857142857,23.087107142857143
2026-04-16 22:05:00,30.931142857142856,23.08025
2026-04-16 22:10:00,30.928857142857144,23.08267857142857
2026-04-16 22:15:00,30.930821428571427,23.075357142857143
2026-04-16 22:20:00,30.92989285714286,23.07760714285714
2026-04-16 22:25:00,30.930214285714282,23.071285714285715
2026-04-16 22:30:00,30.928,23.072642857142856
2026-04-16 22:35:00,30.92882142857143,23.064999999999998
2026-04-16 22:40:00,30.926785714285714,23.064214285714286
2026-04-16 22:45:00,30.927750000000003,23.055750000000003
2026-04-16 22:50:00,30.926071428571426,23.05375
2026-04-16 22:55:00,30.924892857142854,23.051928571428576
2026-04-16 23:00:00,30.923285714285715,23.049357142857144
2026-04-16 23:05:00,30.922035714285716,23.046749999999996
2026-04-16 23:10:00,30.92121428571429,23.043785714285715
2026-04-16 23:15:00,30.920428571428577,23.040857142857142
2026-04-16 23:20:00,30.919785714285712,23.03814285714286
2026-04-16 23:25:00,30.919357142857145,23.035642857142857
2026-04-16 23:30:00,30.91489285714285,23.038714285714285
2026-04-16 23:35:00,30.915249999999997,23.035642857142857
2026-04-16 23:40:00,30.915535714285717,23.033
2026-04-16 23:45:00,30.915607142857144,23.0305
2026-04-16 23:50:00,30.91432142857143,23.02639285714286
2026-04-16 23:55:00,30.911571428571428,23.029642857142857
2026-04-17 00:00:00,30.912142857142857,23.02575
2026-04-17 00:05:00,30.911964285714287,23.022285714285715
2026-04-17 00:10:00,30.911142857142853,23.01910714285714
2026-04-17 00:15:00,30.91003571428572,23.015821428571428
2026-04-17 00:20:00,30.90878571428571,23.01217857142857
2026-04-17 00:25:00,30.90764285714286,23.007892857142856
2026-04-17 00:30:00,30.906500000000005,23.003035714285712
2026-04-17 00:35:00,30.90535714285714,22.99760714285714
2026-04-17 00:40:00,30.904249999999994,22.991714285714288
2026-04-17 00:45:00,30.90325,22.985749999999996
2026-04-17 00:50:00,30.902321428571426,22.979535714285717
2026-04-17 00:55:00,30.90153571428571,22.973285714285716
2026-04-17 01:00:00,30.900892857142857,22.966892857142856
2026-04-17 01:05:00,30.90039285714285,22.960714285714285
2026-04-17 01:10:00,30.89992857142857,22.954642857142854
2026-04-17 01:15:00,30.89953571428572,22.949107142857144
2026-04-17 01:20:00,30.899321428571433,22.94407142857143
2026-04-17 01:25:00,30.89914285714286,22.93957142857143
2026-04-17 01:30:00,30.89914285714286,22.935464285714282
2026-04-17 01:35:00,30.899214285714287,22.9315
2026-04-17 01:40:00,30.899500000000003,22.92739285714286
2026-04-17 01:45:00,30.89975,22.922821428571428
2026-04-17 01:50:00,30.899821428571432,22.91867857142857
2026-04-17 01:55:00,30.899821428571432,22.915178571428573
2026-04-17 02:00:00,30.899642857142855,22.91289285714286
2026-04-17 02:05:00,30.89928571428571,22.91217857142857
2026-04-17 02:10:00,30.898892857142858,22.912964285714285
2026-04-17 02:15:00,30.89828571428571,22.915214285714285
2026-04-17 02:20:00,30.897607142857144,22.918928571428573
2026-04-17 02:25:00,30.89682142857143,22.923964285714288
2026-04-17 02:30:00,30.895928571428573,22.929785714285714
2026-04-17 02:35:00,30.894821428571426,22.93614285714286
2026-04-17 02:40:00,30.893571428571423,22.94242857142857
2026-04-17 02:45:00,30.892035714285715,22.948535714285715
2026-04-17 02:50:00,30.89028571428571,22.95467857142857
2026-04-17 02:55:00,30.88828571428572,22.961071428571426
2026-04-17 03:00:00,30.886214285714285,22.96767857142857
2026-04-17 03:05:00,30.883928571428573,22.97425
2026-04-17 03:10:00,30.881535714285715,22.980678571428573
2026-04-17 03:15:00,30.878928571428574,22.986357142857145
2026-04-17 03:20:00,30.876214285714287,22.9915
2026-04-17 03:25:00,30.873428571428576,22.995928571428575
2026-04-17 03:30:00,30.87071428571429,22.99957142857143
2026-04-17 03:35:00,30.86810714285714,23.00239285714286
2026-04-17 03:40:00,30.865499999999994,23.00442857142857
2026-04-17 03:45:00,30.86303571428572,23.005964285714285
2026-04-17 03:50:00,30.86060714285714,23.007357142857142
2026-04-17 03:55:00,30.85821428571429,23.00860714285714
2026-04-17 04:00:00,30.85592857142857,23.009857142857143
2026-04-17 04:05:00,30.853714285714283,23.011285714285712
2026-04-17 04:10:00,30.85142857142857,23.01325
2026-04-17 04:15:00,30.849107142857143,23.015607142857142
2026-04-17 04:20:00,30.84667857142857,23.018214285714286
2026-04-17 04:25:00,30.84421428571429,23.021035714285716
2026-04-17 04:30:00,30.841571428571434,23.024214285714283
2026-04-17 04:35:00,30.838964285714287,23.027857142857144
2026-04-17 04:40:00,30.836321428571427,23.032107142857143
2026-04-17 04:45:00,30.83367857142857,23.03707142857143
2026-04-17 04:50:00,30.831071428571423,23.042678571428574
2026-04-17 04:55:00,30.82839285714286,23.04921428571429
2026-04-17 05:00:00,30.825642857142856,23.05657142857143
2026-04-17 05:05:00,30.822857142857142,23.064642857142854
2026-04-17 05:10:00,30.82,23.073357142857144
2026-04-17 05:15:00,30.817107142857147,23.082642857142858
2026-04-17 05:20:00,30.814142857142855,23.09189285714286
2026-04-17 05:25:00,30.81132142857143,23.101321428571428
2026-04-17 05:30:00,30.808714285714288,23.110535714285714
2026-04-17 05:35:00,30.806357142857138,23.119464285714287
2026-04-17 05:40:00,30.803964285714283,23.128321428571425
2026-04-17 05:45:00,30.801678571428575,23.137
2026-04-17 05:50:00,30.799571428571433,23.14542857142857
2026-04-17 05:55:00,30.797678571428573,23.15367857142857
2026-04-17 06:00:00,30.79592857142857,23.161785714285713
2026-04-17 06:05:00,30.79442857142857,23.169571428571427
2026-04-17 06:10:00,30.793249999999997,23.176928571428572
2026-04-17 06:15:00,30.79214285714286,23.18392857142857
2026-04-17 06:20:00,30.791285714285713,23.190285714285714
2026-04-17 06:25:00,30.79060714285714,23.196035714285717
2026-04-17 06:30:00,30.790178571428573,23.20096428571429
2026-04-17 06:35:00,30.789964285714287,23.204964285714286
2026-04-17 06:40:00,30.790035714285718,23.20810714285714
2026-04-17 06:45:00,30.79042857142857,23.21032142857143
2026-04-17 06:50:00,30.791178571428567,23.211892857142857
2026-04-17 06:55:00,30.791964285714286,23.212892857142855
2026-04-17 07:00:00,30.792678571428574,23.213785714285716
2026-04-17 07:05:00,30.793285714285716,23.21475
2026-04-17 07:10:00,30.793964285714285,23.21539285714286
2026-04-17 07:15:00,30.794464285714287,23.21557142857143
2026-04-17 07:20:00,30.79492857142857,23.215214285714286
2026-04-17 07:25:00,30.79542857142857,23.2145
2026-04-17 07:30:00,30.79589285714286,23.213821428571432
2026-04-17 07:35:00,30.79635714285714,23.21307142857143
2026-04-17 07:40:00,30.79689285714286,23.212357142857144
2026-04-17 07:45:00,30.797392857142853,23.211392857142854
2026-04-17 07:50:00,30.79785714285714,23.21007142857143
2026-04-17 07:55:00,30.79825,23.208571428571428
2026-04-17 08:00:00,30.798750000000005,23.206607142857145
2026-04-17 08:05:00,30.79921428571428,23.204392857142857
2026-04-17 08:10:00,30.8,23.201642857142858
2026-04-17 08:15:00,30.801071428571433,23.198500000000003
2026-04-17 08:20:00,30.802571428571433,23.19475
2026-04-17 08:25:00,30.80460714285714,23.190392857142857
2026-04-17 08:30:00,30.807071428571426,23.185214285714284
2026-04-17 08:35:00,30.810035714285714,23.179142857142857
2026-04-17 08:40:00,30.81,23.176571428571428
2026-04-17 08:45:00,30.811107142857146,23.17292857142857
2026-04-17 08:50:00,30.812857142857144,23.168464285714286
2026-04-17 08:55:00,30.81132142857143,23.167607142857143
2026-04-17 09:00:00,30.810321428571427,23.16717857142857
2026-04-17 09:05:00,30.806607142857143,23.169
2026-04-17 09:10:00,30.806464285714284,23.17067857142857
2026-04-17 09:15:00,30.807178571428565,23.171392857142855
2026-04-17 09:20:00,30.807642857142863,23.17367857142857
2026-04-17 09:25:00,30.804178571428572,23.183000000000003
2026-04-17 09:30:00,30.802107142857142,23.193214285714287
2026-04-17 09:35:00,30.801071428571426,23.204392857142857
2026-04-17 09:40:00,30.800464285714284,23.21739285714286
2026-04-17 09:45:00,30.803500000000003,23.228571428571428
2026-04-17 09:50:00,30.807250000000003,23.243392857142855
2026-04-17 09:55:00,30.811821428571427,23.25732142857143
2026-04-17 10:00:00,30.812892857142852,23.27117857142857
2026-04-17 10:05:00,30.812357142857145,23.294392857142856
2026-04-17 10:10:00,30.815749999999998,23.314392857142856
2026-04-17 10:15:00,30.818250000000003,23.335964285714283
2026-04-17 10:20:00,30.816107142857145,23.364714285714285
2026-04-17 10:25:00,30.818785714285713,23.389571428571433
2026-04-17 10:30:00,30.816821428571433,23.42217857142857
2026-04-17 10:35:00,30.819,23.452999999999996
2026-04-17 10:40:00,30.817821428571428,23.487714285714286
2026-04-17 10:45:00,30.81771428571428,23.522499999999997
2026-04-17 10:50:00,30.81721428571429,23.55882142857143
2026-04-17 10:55:00,30.816642857142856,23.59210714285714
2026-04-17 11:00:00,30.81732142857143,23.62839285714286
2026-04-17 11:05:00,30.812107142857148,23.672857142857143
2026-04-17 11:10:00,30.809250000000002,23.711214285714288
2026-04-17 11:15:00,30.80410714285714,23.75882142857143
2026-04-17 11:20:00,30.797357142857138,23.805107142857143
2026-04-17 11:25:00,30.795071428571433,23.852571428571427
2026-04-17 11:30:00,30.78860714285715,23.89989285714286
2026-04-17 11:35:00,30.790107142857142,23.94514285714286
2026-04-17 11:40:00,30.78585714285714,23.99235714285714
2026-04-17 11:45:00,30.784000000000002,24.04410714285714
2026-04-17 11:50:00,30.786214285714284,24.08239285714286
2026-04-17 11:55:00,30.784964285714288,24.128107142857143
2026-04-17 12:00:00,30.78471428571429,24.172035714285716
2026-04-17 12:05:00,30.78117857142857,24.221642857142857
2026-04-17 12:10:00,30.78214285714286,24.2635
2026-04-17 12:15:00,30.776999999999997,24.31114285714286
2026-04-17 12:20:00,30.76946428571429,24.366785714285715
2026-04-17 12:25:00,30.768428571428572,24.407178571428574
2026-04-17 12:30:00,30.76439285714286,24.454214285714286
2026-04-17 12:35:00,30.770607142857145,24.489214285714286
2026-04-17 12:40:00,30.776214285714286,24.521785714285716
2026-04-17 12:45:00,30.783535714285712,24.550785714285713
2026-04-17 12:50:00,30.786178571428568,24.58525
2026-04-17 12:55:00,30.788107142857143,24.621214285714288
2026-04-17 13:00:00,30.790071428571427,24.656464285714286
2026-04-17 13:05:00,30.79217857142857,24.689928571428574
2026-04-17 13:10:00,30.794571428571434,24.72142857142857
2026-04-17 13:15:00,30.797285714285714,24.75110714285714
2026-04-17 13:20:00,30.800464285714284,24.77807142857143
2026-04-17 13:25:00,30.796964285714285,24.809250000000002
2026-04-17 13:30:00,30.794571428571427,24.839714285714287
2026-04-17 13:35:00,30.794249999999998,24.865928571428572
2026-04-17 13:40:00,30.795321428571423,24.88867857142857
2026-04-17 13:45:00,30.797392857142853,24.907857142857143
2026-04-17 13:50:00,30.800285714285714,24.92442857142857
2026-04-17 13:55:00,30.803892857142852,24.93914285714286
2026-04-17 14:00:00,30.808035714285715,24.951964285714286
2026-04-17 14:05:00,30.812642857142862,24.96260714285714
2026-04-17 14:10:00,30.81757142857143,24.97167857142857
2026-04-17 14:15:00,30.822857142857142,24.97921428571429
2026-04-17 14:20:00,30.82835714285714,24.985142857142858
2026-04-17 14:25:00,30.833999999999996,24.989285714285714
2026-04-17 14:30:00,30.839964285714288,24.992107142857144
2026-04-17 14:35:00,30.846071428571427,24.99439285714286
2026-04-17 14:40:00,30.852285714285717,24.996357142857143
2026-04-17 14:45:00,30.858642857142858,24.998464285714288
2026-04-17 14:50:00,30.865035714285717,25.00014285714286
2026-04-17 14:55:00,30.871571428571432,25.0005
2026-04-17 15:00:00,30.87817857142857,25.00089285714286
2026-04-17 15:05:00,30.88503571428572,25.00239285714286
2026-04-17 15:10:00,30.892107142857146,25.00539285714286
2026-04-17 15:15:00,30.89914285714286,25.010142857142856
2026-04-17 15:20:00,30.906214285714285,25.016428571428573
2026-04-17 15:25:00,30.913178571428567,25.023892857142858
2026-04-17 15:30:00,30.91985714285714,25.03342857142857
2026-04-17 15:35:00,30.925964285714286,25.045428571428573
2026-04-17 15:40:00,30.92703571428571,25.06357142857143
2026-04-17 15:45:00,30.92525,25.09017857142857
2026-04-17 15:50:00,30.92817857142857,25.113714285714288
2026-04-17 15:55:00,30.93442857142857,25.1305
2026-04-17 16:00:00,30.93989285714286,25.150071428571426
2026-04-17 16:05:00,30.944821428571426,25.172250000000002
2026-04-17 16:10:00,30.949250000000003,25.196571428571428
2026-04-17 16:15:00,30.945142857142855,25.230535714285715
2026-04-17 16:20:00,30.94107142857143,25.26764285714286
2026-04-17 16:25:00,30.936750000000004,25.30339285714286
2026-04-17 16:30:00,30.92871428571429,25.345714285714287
2026-04-17 16:35:00,30.92485714285714,25.383321428571428
2026-04-17 16:40:00,30.915857142857146,25.425214285714286
2026-04-17 16:45:00,30.909142857142854,25.467357142857143
2026-04-17 16:50:00,30.900107142857145,25.509035714285712
2026-04-17 16:55:00,30.891750000000002,25.551321428571427
2026-04-17 17:00:00,30.883714285714287,25.589499999999997
2026-04-17 17:05:00,30.8725,25.632285714285715
2026-04-17 17:10:00,30.86689285714286,25.665714285714284
2026-04-17 17:15:00,30.86242857142857,25.691892857142857
2026-04-17 17:20:00,30.857857142857146,25.718214285714282
2026-04-17 17:25:00,30.857107142857142,25.736678571428573
2026-04-17 17:30:00,30.85339285714286,25.755750000000003
2026-04-17 17:35:00,30.850500000000004,25.778535714285713
2026-04-17 17:40:00,30.845892857142857,25.79732142857143
2026-04-17 17:45:00,30.83814285714286,25.82357142857143
2026-04-17 17:50:00,30.83314285714286,25.845535714285713
2026-04-17 17:55:00,30.829142857142855,25.866321428571432
2026-04-17 18:00:00,30.827571428571428,25.88007142857143
2026-04-17 18:05:00,30.83014285714286,25.8855
2026-04-17 18:10:00,30.829428571428572,25.894392857142858
2026-04-17 18:15:00,30.829035714285713,25.901678571428572
2026-04-17 18:20:00,30.82878571428572,25.90760714285714
2026-04-17 18:25:00,30.828392857142852,25.911357142857145
2026-04-17 18:30:00,30.827178571428572,25.911571428571428
2026-04-17 18:35:00,30.823464285714284,25.92142857142857
2026-04-17 18:40:00,30.82596428571429,25.915357142857143
2026-04-17 18:45:00,30.820785714285712,25.920749999999998
2026-04-17 18:50:00,30.82303571428571,25.913607142857146
2026-04-17 18:55:00,30.820035714285716,25.907285714285713
2026-04-17 19:00:00,30.81889285714286,25.90807142857143
2026-04-17 19:05:00,30.819571428571432,25.890607142857142
2026-04-17 19:10:00,30.815714285714286,25.894535714285716
2026-04-17 19:15:00,30.819535714285717,25.866071428571427
2026-04-17 19:20:00,30.812321428571426,25.86471428571429
2026-04-17 19:25:00,30.81639285714286,25.85632142857143
2026-04-17 19:30:00,30.81189285714286,25.843535714285714
2026-04-17 19:35:00,30.813285714285712,25.84210714285714
2026-04-17 19:40:00,30.81139285714286,25.824107142857144
2026-04-17 19:45:00,30.81053571428571,25.82982142857143
2026-04-17 19:50:00,30.810499999999994,25.811285714285713
2026-04-17 19:55:00,30.808714285714288,25.821464285714285
2026-04-17 20:00:00,30.809571428571424,25.804785714285714
2026-04-17 20:05:00,30.807321428571427,25.817535714285714
2026-04-17 20:10:00,30.808035714285715,25.80503571428572
2026-04-17 20:15:00,30.80560714285714,25.8195
2026-04-17 20:20:00,30.806334519572953,25.834163701067617
2026-04-17 20:25:00,30.802304964539008,25.861808510638298
2026-04-17 20:30:00,30.80303886925795,25.875689045936394
2026-04-17 20:35:00,30.79947183098591,25.90073943661972
2026-04-17 20:40:00,30.800561403508773,25.91305263157895
2026-04-17 20:50:00,30.80513986013986,25.920664335664338
2026-04-17 20:55:00,30.806515679442505,25.936689895470384
2026-04-17 21:00:00,30.800592334494777,25.95229965156794
2026-04-17 21:05:00,30.793031358885013,25.982578397212542
2026-04-17 21:10:00,30.78773519163763,25.99836236933798
2026-04-17 21:15:00,30.783031358885022,26.02756097560976
2026-04-17 21:20:00,30.781080139372822,26.048188153310104
2026-04-17 21:25:00,30.77662020905923,26.086829268292682
2026-04-17 21:30:00,30.776062717770035,26.103728222996516
2026-04-17 21:35:00,30.77135888501742,26.151463414634147
2026-04-17 21:40:00,30.769756097560975,26.171777003484323
2026-04-17 21:45:00,30.76463414634146,26.227317073170735
2026-04-17 21:50:00,30.76324041811847,26.250696864111497
2026-04-17 21:55:00,30.758188153310105,26.31149825783972
2026-04-17 22:00:00,30.757665505226484,26.33836236933798
2026-04-17 22:05:00,30.752926829268294,26.406550522648086
2026-04-17 22:10:00,30.75268292682927,26.43710801393728
2026-04-17 22:15:00,30.748885017421603,26.508048780487805
2026-04-17 22:20:00,30.74881533101045,26.54369337979094
2026-04-17 22:25:00,30.745679442508713,26.61564459930314
2026-04-17 22:30:00,30.74560975609756,26.65560975609756
2026-04-17 22:35:00,30.74184668989547,26.729965156794428
2026-04-17 22:40:00,30.74174216027875,26.773066202090593
2026-04-17 22:45:00,30.738222996515677,26.847735191637632
2026-04-17 22:50:00,30.73815331010453,26.89094076655052
2026-04-17 22:55:00,30.733066202090598,26.963763066202088
2026-04-17 23:00:00,30.734006968641115,27.00404181184669
2026-04-17 23:05:00,30.730069686411152,27.07390243902439
2026-04-17 23:10:00,30.727282229965155,27.118815331010452
2026-04-17 23:15:00,30.724668989547038,27.186236933797908
2026-04-17 23:20:00,30.723519163763065,27.239477351916378
2026-04-17 23:25:00,30.71780487804878,27.3108362369338
2026-04-17 23:30:00,30.718466898954706,27.36686411149826
2026-04-17 23:35:00,30.71397212543554,27.43783972125436
2026-04-17 23:40:00,30.71146341463415,27.498188153310103
2026-04-17 23:45:00,30.70512195121951,27.574111498257842
2026-04-17 23:50:00,30.70205574912892,27.638919860627176
2026-04-17 23:55:00,30.7004181184669,27.66752613240418
2026-04-18 00:00:00,30.69797909407666,27.728153310104528
2026-04-18 00:05:00,30.697142857142858,27.78320557491289
2026-04-18 00:10:00,30.69763066202091,27.834912891986065
2026-04-18 00:15:00,30.69864111498257,27.88473867595819
2026-04-18 00:20:00,30.70020905923345,27.93327526132404
2026-04-18 00:25:00,30.697491289198606,27.993937282229965
2026-04-18 00:30:00,30.696445993031357,28.049442508710804
2026-04-18 00:35:00,30.692125435540067,28.115888501742162
2026-04-18 00:40:00,30.689651567944253,28.175993031358882
2026-04-18 00:45:00,30.68564459930314,28.20787456445993
2026-04-18 00:50:00,30.681846689895472,28.272613240418117
2026-04-18 00:55:00,30.68006968641115,28.331672473867595
2026-04-18 01:00:00,30.67508710801393,28.40090592334495
2026-04-18 01:05:00,30.67226480836237,28.463728222996515
2026-04-18 01:10:00,30.66947735191638,28.500940766550524
2026-04-18 01:15:00,30.66533101045296,28.568536585365855
2026-04-18 01:20:00,30.663101045296166,28.630905923344947
2026-04-18 01:25:00,30.658048780487807,28.704425087108014
2026-04-18 01:30:00,30.654843205574913,28.770452961672476
2026-04-18 01:35:00,30.652717770034844,28.81393728222996
2026-04-18 01:40:00,30.648745644599305,28.88348432055749
2026-04-18 01:45:00,30.647038327526136,28.947282229965154
2026-04-18 01:50:00,30.643205574912887,29.01477351916376
2026-04-18 01:55:00,30.64059233449477,29.081184668989543
2026-04-18 02:00:00,30.63993031358885,29.142299651567946
2026-04-18 02:05:00,30.6395818815331,29.180940766550524
2026-04-18 02:10:00,30.63679442508711,29.24627177700348
2026-04-18 02:15:00,30.63571428571429,29.30672473867596
2026-04-18 02:20:00,30.63574912891986,29.363867595818817
2026-04-18 02:25:00,30.636515679442503,29.40630662020906
2026-04-18 02:30:00,30.63428571428571,29.46989547038327
2026-04-18 02:35:00,30.633763066202096,29.528919860627177
2026-04-18 02:40:00,30.63445993031359,29.585574912891985
2026-04-18 02:45:00,30.632020905923344,29.652578397212547
2026-04-18 02:50:00,30.630940766550523,29.715505226480833
2026-04-18 02:55:00,30.631324041811848,29.775226480836235
2026-04-18 03:00:00,30.63278745644599,29.832613240418123
2026-04-18 03:05:00,30.632648083623693,29.86445993031359
2026-04-18 03:10:00,30.632020905923344,29.92794425087108
2026-04-18 03:15:00,30.63296167247387,29.98853658536585
2026-04-18 03:20:00,30.635121951219514,30.04682926829268
2026-04-18 03:25:00,30.634146341463413,30.11463414634147
2026-04-18 03:30:00,30.63445993031359,30.17829268292683
2026-04-18 03:35:00,30.63623693379791,30.238641114982578
2026-04-18 03:40:00,30.638606271777007,30.283414634146343
2026-04-18 03:45:00,30.638362369337976,30.348850174216025
2026-04-18 03:50:00,30.639790940766552,30.40965156794425
2026-04-18 03:55:00,30.642439024390242,30.467317073170733
2026-04-18 04:00:00,30.641672473867594,30.53254355400697
2026-04-18 04:05:00,30.642369337979098,30.59285714285714
2026-04-18 04:10:00,30.64425087108014,30.64951219512195
2026-04-18 04:15:00,30.64703832752613,30.70320557491289
2026-04-18 04:20:00,30.650662020905923,30.75425087108014
2026-04-18 04:25:00,30.651149825783968,30.81121951219512
2026-04-18 04:30:00,30.65320557491289,30.863240418118465
2026-04-18 04:35:00,30.656411149825782,30.911114982578397
2026-04-18 04:40:00,30.66038327526132,30.955505226480835
2026-04-18 04:45:00,30.66177700348432,31.00484320557491
2026-04-18 04:50:00,30.66365853658537,31.05108013937282
2026-04-18 04:55:00,30.666794425087105,31.09376306620209
2026-04-18 05:00:00,30.670836236933795,31.133972125435537
2026-04-18 05:05:00,30.67567944250871,31.172125435540067
2026-04-18 05:10:00,30.67773519163763,31.21547038327526
2026-04-18 05:15:00,30.681149825783972,31.255296167247387
2026-04-18 05:20:00,30.685609756097563,31.29285714285714
2026-04-18 05:25:00,30.690836236933798,31.328466898954705
2026-04-18 05:40:00,30.69242105263158,31.427649122807015
2026-04-18 05:45:00,30.698385964912276,31.458456140350876
2026-04-18 05:50:00,30.704175438596494,31.488315789473685
2026-04-18 05:55:00,30.709964912280704,31.51638596491228
2026-04-18 06:00:00,30.7160350877193,31.542666666666673
2026-04-18 06:05:00,30.722280701754386,31.567192982456138
2026-04-18 06:10:00,30.72880701754386,31.590245614035087
2026-04-18 06:15:00,30.732070175438594,31.61778947368421
2026-04-18 06:20:00,30.736210526315787,31.642736842105265
2026-04-18 06:25:00,30.741122807017543,31.665298245614036
2026-04-18 06:30:00,30.74666666666667,31.686
2026-04-18 06:35:00,30.752701754385967,31.705122807017545
2026-04-18 06:40:00,30.758982456140348,31.72291228070175
2026-04-18 06:45:00,30.765473684210527,31.73968421052632
2026-04-18 06:50:00,30.768491228070175,31.760912280701756
2026-04-18 06:55:00,30.772491228070177,31.780070175438595
2026-04-18 07:00:00,30.777684210526314,31.797087719298247
2026-04-18 07:05:00,30.78378947368421,31.812
2026-04-18 07:10:00,30.79056140350877,31.823719298245614
2026-04-18 07:15:00,30.794842105263154,31.840736842105265
2026-04-18 07:20:00,30.800385964912284,31.855228070175443
2026-04-18 07:25:00,30.806701754385966,31.868210526315792
2026-04-18 07:30:00,30.809824561403506,31.88470175438597
2026-04-18 07:35:00,30.813754385964913,31.899754385964915
2026-04-18 07:40:00,30.81856140350877,31.912771929824558
2026-04-18 07:45:00,30.8201403508772,31.929298245614035
2026-04-18 07:50:00,30.822596491228065,31.944456140350876
2026-04-18 07:55:00,30.826035087719298,31.95747368421053
2026-04-18 08:00:00,30.825929824561403,31.974982456140346
2026-04-18 08:05:00,30.827263157894738,31.989649122807016
2026-04-18 08:10:00,30.82533333333333,32.00835087719298
2026-04-18 08:15:00,30.825192982456134,32.02361403508772
2026-04-18 08:20:00,30.821929824561405,32.042280701754386
2026-04-18 08:25:00,30.820491228070175,32.05761403508772
2026-04-18 08:30:00,30.816035087719296,32.076280701754385
2026-04-18 08:35:00,30.813754385964913,32.09122807017544
2026-04-18 08:40:00,30.811684210526316,32.106385964912285
2026-04-18 08:45:00,30.810456140350876,32.116175438596485
2026-04-18 08:50:00,30.806771929824563,32.132771929824564
2026-04-18 08:55:00,30.80821052631579,32.142842105263156
2026-04-18 09:00:00,30.810000000000002,32.15133333333333
2026-04-18 09:05:00,30.814842105263157,32.15757894736842
2026-04-18 09:10:00,30.819473684210525,32.16168421052632
2026-04-18 09:15:00,30.823192982456142,32.16663157894737
2026-04-18 09:20:00,30.823122807017544,32.17656140350877
2026-04-18 09:25:00,30.827508771929825,32.17968421052632
2026-04-18 09:30:00,30.830842105263162,32.182526315789474
2026-04-18 09:35:00,30.829719298245617,32.19084210526316
2026-04-18 09:40:00,30.824877192982456,32.20326315789474
2026-04-18 09:45:00,30.82101754385965,32.20950877192982
2026-04-18 09:50:00,30.815578947368415,32.22073684210526
2026-04-18 09:55:00,30.80670175438597,32.235368421052634
2026-04-18 10:00:00,30.800912280701755,32.24635087719298
2026-04-18 10:05:00,30.79438596491228,32.25568421052631
2026-04-18 10:10:00,30.783649122807017,32.26582456140351
2026-04-18 10:15:00,30.775017543859647,32.273754385964914
2026-04-18 10:20:00,30.76445614035088,32.28428070175439
2026-04-18 10:25:00,30.756456140350878,32.28856140350877
2026-04-18 10:30:00,30.746070175438593,32.295087719298245
2026-04-18 10:35:00,30.737894736842108,32.29754385964912
2026-04-18 10:40:00,30.727333333333338,32.302280701754384
2026-04-18 10:45:00,30.71824561403509,32.30743859649123
2026-04-18 10:50:00,30.708385964912278,32.309649122807016
2026-04-18 10:55:00,30.693929824561405,32.3240701754386
2026-04-18 11:00:00,30.68529824561403,32.32298245614035
2026-04-18 11:05:00,30.676421052631575,32.32140350877193
2026-04-18 11:10:00,30.665508771929826,32.32698245614035
2026-04-18 11:15:00,30.652912280701756,32.329719298245614
2026-04-18 11:20:00,30.650842105263155,32.321157894736835
2026-04-18 11:25:00,30.64301754385965,32.31575438596491
2026-04-18 11:30:00,30.637052631578946,32.31101754385965
2026-04-18 11:35:00,30.62715789473684,32.30842105263159
2026-04-18 11:40:00,30.618596491228075,32.30768421052632
2026-04-18 11:45:00,30.61221052631579,32.30091228070175
2026-04-18 11:50:00,30.608526315789476,32.29277192982456
2026-04-18 11:55:00,30.606280701754383,32.282456140350874
2026-04-18 12:00:00,30.605087719298243,32.27087719298246
2026-04-18 12:05:00,30.600315789473683,32.261508771929826
2026-04-18 12:10:00,30.594596491228074,32.256666666666675
2026-04-18 12:15:00,30.59866666666667,32.238456140350884
2026-04-18 12:20:00,30.602315789473685,32.21431578947369
2026-04-18 12:25:00,30.601649122807014,32.20231578947369
2026-04-18 12:30:00,30.604842105263156,32.18161403508772
2026-04-18 12:35:00,30.602175438596486,32.17119298245614
2026-04-18 12:40:00,30.604912280701754,32.15361403508772
2026-04-18 12:45:00,30.601929824561406,32.144877192982456
2026-04-18 12:50:00,30.60522807017544,32.12817543859649
2026-04-18 12:55:00,30.60828070175438,32.11340350877193
2026-04-18 13:00:00,30.617473684210523,32.08778947368421
2026-04-18 13:05:00,30.623298245614034,32.065999999999995
2026-04-18 13:10:00,30.633999999999997,32.04045614035088
2026-04-18 13:15:00,30.64231578947368,32.015719298245614
2026-04-18 13:20:00,30.64750877192983,31.99617543859649
2026-04-18 13:25:00,30.650912280701757,31.980105263157895
2026-04-18 13:30:00,30.653263157894738,31.966350877192983
2026-04-18 13:35:00,30.654736842105265,31.95424561403509
2026-04-18 13:40:00,30.65578947368421,31.943263157894737
2026-04-18 13:45:00,30.656456140350876,31.93347368421053
2026-04-18 13:50:00,30.656561403508775,31.92477192982456
2026-04-18 13:55:00,30.66185964912281,31.911087719298244
2026-04-18 14:00:00,30.667999999999996,31.89435087719298
2026-04-18 14:05:00,30.671157894736837,31.882842105263155
2026-04-18 14:10:00,30.679122807017542,31.86761403508772
2026-04-18 14:15:00,30.68543859649123,31.852035087719297
2026-04-18 14:20:00,30.68922807017544,31.840701754385965
2026-04-18 14:25:00,30.69143859649123,31.832105263157892
2026-04-18 14:30:00,30.69249122807018,31.82529824561404
2026-04-18 14:35:00,30.692807017543863,31.819929824561406
2026-04-18 14:40:00,30.692666666666668,31.81540350877193
2026-04-18 14:45:00,30.692175438596486,31.81150877192982
2026-04-18 14:50:00,30.69168421052631,31.8081052631579
2026-04-18 14:55:00,30.690947368421046,31.805473684210526
2026-04-18 15:00:00,30.689999999999998,31.802982456140345
2026-04-18 15:05:00,30.68856140350877,31.80059649122807
2026-04-18 15:10:00,30.686456140350874,31.798421052631582
2026-04-18 15:15:00,30.684,31.797614035087726
2026-04-18 15:20:00,30.68866666666667,31.78550877192982
2026-04-18 15:25:00,30.69084210526316,31.776491228070174
2026-04-18 15:30:00,30.691578947368424,31.77021052631579
2026-04-18 15:35:00,30.69547368421053,31.762982456140353
2026-04-18 15:40:00,30.701894736842107,31.749614035087724
2026-04-18 15:45:00,30.706105263157895,31.738877192982457
2026-04-18 15:50:00,30.70747368421053,31.731684210526318
2026-04-18 15:55:00,30.710210526315787,31.721859649122813
2026-04-18 16:00:00,30.711614035087717,31.71259649122807
2026-04-18 16:05:00,30.712315789473685,31.703473684210525
2026-04-18 16:10:00,30.71287719298245,31.69438596491228
2026-04-18 16:15:00,30.713368421052635,31.68421052631579
2026-04-18 16:20:00,30.713719298245614,31.67329824561404
2026-04-18 16:25:00,30.713894736842104,31.6619298245614
2026-04-18 16:30:00,30.7139649122807,31.65049122807018
2026-04-18 16:35:00,30.713929824561408,31.639508771929826
2026-04-18 16:40:00,30.7139298245614,31.628771929824563
2026-04-18 16:45:00,30.713649122807016,31.618491228070177
2026-04-18 16:50:00,30.713263157894733,31.608421052631577
2026-04-18 16:55:00,30.71277192982456,31.598666666666663
2026-04-18 17:00:00,30.71214035087719,31.58926315789473
2026-04-18 17:05:00,30.711789473684213,31.579894736842107
2026-04-18 17:10:00,30.711684210526315,31.57133333333333
2026-04-18 17:15:00,30.711649122807017,31.56642105263158
2026-04-18 17:20:00,30.712912280701754,31.56140350877193
2026-04-18 17:25:00,30.713473684210527,31.559298245614034
2026-04-18 17:30:00,30.714947368421054,31.560982456140348
2026-04-18 17:35:00,30.719473684210524,31.553649122807013
2026-04-18 17:40:00,30.72214035087719,31.55438596491228
2026-04-18 17:45:00,30.733228070175443,31.54035087719298
2026-04-18 17:50:00,30.742807017543857,31.52968421052632
2026-04-18 17:55:00,30.75150877192982,31.517192982456137
2026-04-18 18:00:00,30.758982456140348,31.51235087719298
2026-04-18 18:05:00,30.766140350877187,31.50245614035088
2026-04-18 18:10:00,30.77224561403509,31.502070175438597
2026-04-18 18:15:00,30.783192982456136,31.488842105263156
2026-04-18 18:20:00,30.789719298245615,31.48557894736842
2026-04-18 18:25:00,30.795929824561405,31.481684210526318
2026-04-18 18:30:00,30.8039298245614,31.482245614035083
2026-04-18 18:35:00,30.80894736842105,31.478771929824557
2026-04-18 18:40:00,30.80817543859649,31.496701754385963
2026-04-18 18:45:00,30.815929824561408,31.493157894736846
2026-04-18 18:50:00,30.81424561403509,31.506631578947367
2026-04-18 18:55:00,30.82035087719298,31.51508771929825
2026-04-18 19:00:00,30.820736842105262,31.521578947368425
2026-04-18 19:05:00,30.818701754385966,31.548385964912285
2026-04-18 19:10:00,30.82354385964912,31.54877192982456
2026-04-18 19:15:00,30.82056140350877,31.56477192982456
2026-04-18 19:20:00,30.825543859649127,31.577754385964912
2026-04-18 19:25:00,30.823684210526316,31.58919298245614
2026-04-18 19:30:00,30.824491228070173,31.62168421052632
2026-04-18 19:35:00,30.8260701754386,31.630245614035083
2026-04-18 19:40:00,30.824315789473687,31.679578947368416
2026-04-18 19:45:00,30.828771929824565,31.69161403508772
2026-04-18 19:50:00,30.826140350877196,31.74985964912281
2026-04-18 19:55:00,30.831122807017547,31.769929824561405
2026-04-18 20:00:00,30.827894736842108,31.828070175438597
2026-04-18 20:05:00,30.83284210526316,31.858666666666664
2026-04-18 20:10:00,30.829789473684208,31.925298245614034
2026-04-18 20:15:00,30.835473684210527,31.95778947368421
2026-04-18 20:20:00,30.834596491228066,32.01912280701754
2026-04-18 20:25:00,30.842070175438597,32.0500701754386
2026-04-18 20:30:00,30.846456140350877,32.06708771929824
2026-04-18 20:35:00,30.853543859649122,32.10175438596491
2026-04-18 20:40:00,30.858771929824563,32.138666666666666
2026-04-18 20:45:00,30.86174825174825,32.17895104895105
2026-04-18 20:50:00,30.862902097902094,32.22104895104895
2026-04-18 20:55:00,30.868461538461542,32.23227272727272
2026-04-18 21:00:00,30.868811188811186,32.275
2026-04-18 21:05:00,30.87618881118881,32.295909090909085
2026-04-18 21:10:00,30.87870629370629,32.32937062937062
2026-04-18 21:15:00,30.885349650349646,32.3448951048951
2026-04-18 21:20:00,30.89143356643357,32.36814685314685
2026-04-18 21:25:00,30.896223776223774,32.38164335664336
2026-04-18 21:30:00,30.90118881118881,32.38755244755245
2026-04-18 21:35:00,30.90426573426574,32.39755244755245
2026-04-18 21:40:00,30.90604895104895,32.39839160839161
2026-04-18 21:45:00,30.90951048951049,32.39951048951049
2026-04-18 21:50:00,30.909052631578948,32.39715789473684
2026-04-18 21:55:00,30.911035087719295,32.39912280701754
2026-04-18 22:00:00,30.909526315789467,32.44017543859649
2026-04-18 22:05:00,30.913666666666668,32.42494736842105
2026-04-18 22:10:00,30.91159649122807,32.462350877192975
2026-04-18 22:15:00,30.914087719298244,32.42835087719298
2026-04-18 22:20:00,30.911491228070176,32.46108771929825
2026-04-18 22:25:00,30.914017543859654,32.42624561403509
2026-04-18 22:30:00,30.911350877192984,32.454701754385965
2026-04-18 22:35:00,30.913350877192983,32.417157894736846
2026-04-18 22:40:00,30.910228070175435,32.44470175438597
2026-04-18 22:45:00,30.912438596491228,32.40922807017544
2026-04-18 22:50:00,30.909526315789474,32.435929824561406
2026-04-18 22:55:00,30.913035087719294,32.422245614035084
2026-04-18 23:00:00,30.915877192982453,32.43042105263158
2026-04-18 23:05:00,30.920894736842104,32.38764912280702
2026-04-18 23:10:00,30.922578947368425,32.39775438596491
2026-04-18 23:15:00,30.924122807017543,32.383929824561406
2026-04-18 23:20:00,30.92447368421053,32.38571929824562
2026-04-18 23:25:00,30.92447368421053,32.3840350877193
2026-04-18 23:30:00,30.924649122807015,32.38049122807018
2026-04-18 23:35:00,30.92482456140351,32.37519298245614
2026-04-18 23:40:00,30.92517543859649,32.37007017543859
2026-04-18 23:45:00,30.928614035087723,32.323929824561404
2026-04-18 23:50:00,30.92931578947369,32.31698245614035
2026-04-18 23:55:00,30.932157894736847,32.335824561403506
2026-04-19 00:00:00,30.936122807017536,32.32063157894736
2026-04-19 00:05:00,30.939,32.30982456140351
2026-04-19 00:10:00,30.941140350877188,32.30122807017544
2026-04-19 00:15:00,30.939842105263164,32.281438596491235
2026-04-19 00:20:00,30.938017543859647,32.283614035087716
2026-04-19 00:25:00,30.94152631578947,32.27101754385966
2026-04-19 00:30:00,30.94398245614035,32.26249122807018
2026-04-19 00:35:00,30.95019298245614,32.24242105263158
2026-04-19 00:40:00,30.954894736842107,32.22877192982456
2026-04-19 00:45:00,30.961280701754387,32.24382456140351
2026-04-19 00:50:00,30.963491228070172,32.23719298245614
2026-04-19 00:55:00,30.96478947368421,32.23361403508772
2026-04-19 01:00:00,30.96612280701755,32.23164912280702
2026-04-19 01:05:00,30.967070175438597,32.23014035087719
2026-04-19 01:10:00,30.965315789473685,32.266210526315795
2026-04-19 01:15:00,30.966859649122807,32.26424561403509
2026-04-19 01:20:00,30.964754385964913,32.249192982456144
2026-04-19 01:25:00,30.96671929824561,32.24424561403509
2026-04-19 01:30:00,30.966052631578943,32.21533333333333
2026-04-19 01:35:00,30.964754385964913,32.242105263157896
2026-04-19 01:40:00,30.96377192982456,32.21919298245614
2026-04-19 01:45:00,30.962157894736837,32.22631578947368
2026-04-19 01:50:00,30.96040350877193,32.2400350877193
2026-04-19 01:55:00,30.960122807017544,32.24291228070175
2026-04-19 02:00:00,30.955771929824564,32.257438596491234
2026-04-19 02:05:00,30.95335087719298,32.28698245614035
2026-04-19 02:10:00,30.95177192982456,32.26238596491228
2026-04-19 02:15:00,30.950017543859648,32.26905263157895
2026-04-19 02:20:00,30.946368421052632,32.24891228070176
2026-04-19 02:25:00,30.94264912280702,32.272456140350876
2026-04-19 02:30:00,30.942263157894736,32.24691228070176
2026-04-19 02:35:00,30.939842105263157,32.253438596491236
2026-04-19 02:40:00,30.9369649122807,32.236000000000004
2026-04-19 02:45:00,30.936684210526316,32.23480701754386
2026-04-19 02:50:00,30.93566666666667,32.211964912280706
2026-04-19 02:55:00,30.932649122807014,32.218315789473685
2026-04-19 03:00:00,30.92885964912281,32.20045614035087
2026-04-19 03:05:00,30.926684210526314,32.2339649122807
2026-04-19 03:10:00,30.9250701754386,32.209719298245616
2026-04-19 03:15:00,30.922192982456135,32.21438596491228
2026-04-19 03:20:00,30.91815789473684,32.196000000000005
2026-04-19 03:25:00,30.91763157894737,32.19315789473684
2026-04-19 03:30:00,30.915807017543855,32.17031578947369
2026-04-19 03:35:00,30.912508771929826,32.1759649122807
2026-04-19 03:40:00,30.908754385964915,32.173087719298245
2026-04-19 03:45:00,30.907701754385965,32.17347368421053
2026-04-19 03:50:00,30.905315789473683,32.154631578947374
2026-04-19 03:55:00,30.901385964912283,32.16266666666666
2026-04-19 04:00:00,30.903140350877194,32.150456140350876
2026-04-19 04:05:00,30.900859649122804,32.155192982456136
2026-04-19 04:10:00,30.900087719298245,32.15589473684211
2026-04-19 04:15:00,30.89566666666667,32.16515789473684
2026-04-19 04:20:00,30.89321052631579,32.16859649122807
2026-04-19 04:25:00,30.891315789473683,32.170421052631575
2026-04-19 04:30:00,30.89078947368421,32.168280701754384
2026-04-19 04:35:00,30.886333333333337,32.174
2026-04-19 04:40:00,30.88380701754386,32.174456140350884
2026-04-19 04:45:00,30.881245614035084,32.17340350877193
2026-04-19 04:50:00,30.881070175438595,32.167298245614035
2026-04-19 04:55:00,30.877280701754383,32.16740350877193
2026-04-19 05:00:00,30.87545614035088,32.16259649122807
2026-04-19 05:05:00,30.87043859649123,32.16287719298246
2026-04-19 05:10:00,30.87054385964912,32.1520350877193
2026-04-19 05:15:00,30.870754385964908,32.13480701754386
2026-04-19 05:20:00,30.868228070175437,32.12821052631579
2026-04-19 05:25:00,30.867105263157896,32.118842105263155
2026-04-19 05:30:00,30.870227272727274,32.11283216783217
2026-04-19 05:35:00,30.87548780487805,32.102334494773515
2026-04-19 05:40:00,30.87371080139373,32.090557491289196
2026-04-19 05:45:00,30.870574912891986,32.08637630662021
2026-04-19 05:50:00,30.869494773519158,32.0795818815331
2026-04-19 05:55:00,30.865522648083626,32.07867595818815
2026-04-19 06:00:00,30.86343205574913,32.075540069686404
2026-04-19 06:05:00,30.859599303135887,32.06651567944251
2026-04-19 06:10:00,30.856219512195125,32.066550522648086
2026-04-19 06:15:00,30.857926829268294,32.05860627177701
2026-04-19 06:20:00,30.85590592334495,32.05721254355401
2026-04-19 06:25:00,30.855243902439025,32.05428571428571
2026-04-19 06:30:00,30.851759581881534,32.055365853658536
2026-04-19 06:35:00,30.849216027874558,32.05616724738676
2026-04-19 06:40:00,30.84796167247387,32.05522648083624
2026-04-19 06:45:00,30.84343205574913,32.059059233449474
2026-04-19 06:50:00,30.844128919860626,32.05540069686411
2026-04-19 06:55:00,30.845348432055747,32.0508362369338
2026-04-19 07:00:00,30.842874564459933,32.05118466898955
2026-04-19 07:05:00,30.84155052264808,32.049721254355404
2026-04-19 07:10:00,30.841062717770036,32.04853658536585
2026-04-19 07:15:00,30.84423344947735,32.03996515679442
2026-04-19 07:20:00,30.843222996515678,32.0374912891986
2026-04-19 07:25:00,30.842560975609757,32.03435540069686
2026-04-19 07:30:00,30.84576655052265,32.02606271777003
2026-04-19 07:35:00,30.848519163763065,32.01777003484321
2026-04-19 07:40:00,30.847369337979092,32.01351916376307
2026-04-19 07:45:00,30.84963414634146,32.00595818815331
2026-04-19 07:50:00,30.84747386759582,32.00341463414634
2026-04-19 07:55:00,30.846184668989544,31.998257839721255
2026-04-19 08:00:00,30.8456968641115,31.99243902439025
2026-04-19 08:05:00,30.84489547038328,31.984285714285715
2026-04-19 08:10:00,30.845522648083627,31.97606271777003
2026-04-19 08:15:00,30.8461149825784,31.967560975609757
2026-04-19 08:20:00,30.85088850174216,31.95337979094077
2026-04-19 08:25:00,30.8543031358885,31.941149825783974
2026-04-19 08:30:00,30.85904181184669,31.924041811846692
2026-04-19 08:35:00,30.86064459930314,31.914494773519166
2026-04-19 08:40:00,30.865731707317074,31.897979094076653
2026-04-19 08:45:00,30.866742160278744,31.89268292682927
2026-04-19 08:50:00,30.86639372822299,31.885156794425082
2026-04-19 08:55:00,30.866045296167247,31.87644599303136
2026-04-19 09:00:00,30.86231707317073,31.87425087108014
2026-04-19 09:05:00,30.85635888501742,31.871672473867598
2026-04-19 09:10:00,30.85186411149826,31.869790940766553
2026-04-19 09:15:00,30.843606271777002,31.87261324041812
2026-04-19 09:20:00,30.83907665505226,31.86682926829268
2026-04-19 09:25:00,30.831136363636364,31.885629370629367
2026-04-19 09:30:00,30.822228070175434,31.906070175438597
2026-04-19 09:35:00,30.816249999999997,31.922570422535212
2026-04-19 09:40:00,30.813021201413424,31.935653710247347
2026-04-19 09:45:00,30.808173758865244,31.95531914893617
2026-04-19 09:50:00,30.80443060498221,31.97
2026-04-19 09:55:00,30.80376785714285,31.98117857142857
2026-04-19 10:00:00,30.801810035842294,31.999032258064513
2026-04-19 10:05:00,30.801025179856115,32.0113309352518
2026-04-19 10:10:00,30.803447653429597,32.02393501805054
2026-04-19 10:15:00,30.802952898550725,32.03938405797101
2026-04-19 10:20:00,30.807799999999997,32.047090909090905
2026-04-19 10:25:00,30.808010948905103,32.0634306569343
2026-04-19 10:30:00,30.813608058608057,32.07282051282051
2026-04-19 10:35:00,30.81461397058823,32.08970588235294
2026-04-19 10:40:00,30.82064575645756,32.10044280442804
2026-04-19 10:45:00,30.822759259259254,32.11433333333333
2026-04-19 10:50:00,30.82838289962825,32.127397769516726
2026-04-19 10:55:00,30.836809701492534,32.13388059701492
2026-04-19 11:00:00,30.84061797752809,32.15194756554307
2026-04-19 11:05:00,30.848515037593984,32.16503759398496
2026-04-19 11:10:00,30.859113207547168,32.17520754716981
2026-04-19 11:15:00,30.871647727272727,32.18295454545454
2026-04-19 11:20:00,30.876939163498097,32.20186311787072
2026-04-19 11:25:00,30.88547709923664,32.217862595419845
2026-04-19 11:30:00,30.89657088122605,32.230842911877396
2026-04-19 11:35:00,30.909365384615384,32.24173076923076
2026-04-19 11:40:00,30.923416988416985,32.2511583011583
2026-04-19 11:45:00,30.938391472868215,32.25848837209302
2026-04-19 11:50:00,30.945661478599217,32.27957198443579
2026-04-19 11:55:00,30.955878906249996,32.297109375
2026-04-19 12:00:00,30.96805882352941,32.31188235294117
2026-04-19 12:05:00,30.981476377952752,32.3253937007874
2026-04-19 12:10:00,30.99594861660079,32.33770750988142
2026-04-19 12:15:00,31.002242063492062,32.35996031746031
2026-04-19 12:20:00,31.010976095617526,32.38330677290836
2026-04-19 12:25:00,31.016219999999997,32.40844
2026-04-19 12:30:00,31.021506024096382,32.437710843373495
2026-04-19 12:35:00,31.027036290322577,32.46322580645161
2026-04-19 12:40:00,31.03046558704453,32.49534412955465
2026-04-19 12:45:00,31.03619918699187,32.52130081300813
2026-04-19 12:50:00,31.037857142857142,32.55534693877551
2026-04-19 12:55:00,31.044200819672128,32.580983606557375
2026-04-19 13:00:00,31.045823045267486,32.61584362139917
2026-04-19 13:05:00,31.052871900826442,32.64454545454545
2026-04-19 13:10:00,31.055124481327795,32.67709543568464
2026-04-19 13:15:00,31.06077083333333,32.708499999999994
2026-04-19 13:20:00,31.07043933054393,32.73435146443514
2026-04-19 13:25:00,31.08254201680672,32.75689075630252
2026-04-19 13:30:00,31.0960970464135,32.777468354430376
2026-04-19 13:35:00,31.110656779661017,32.796737288135596
2026-04-19 13:40:00,31.125723404255314,32.81548936170213
2026-04-19 13:45:00,31.141217948717944,32.83418803418803
2026-04-19 13:50:00,31.157403433476393,32.852489270386265
2026-04-19 13:55:00,31.1670474137931,32.877974137931034
2026-04-19 14:00:00,31.175519480519476,32.908701298701295
2026-04-19 14:05:00,31.187499999999996,32.93517391304348
2026-04-19 14:10:00,31.193471615720522,32.968209606986896
2026-04-19 14:15:00,31.201337719298245,33.00315789473684
2026-04-19 14:20:00,31.212312775330396,33.03392070484581
2026-04-19 14:25:00,31.225243362831858,33.06265486725663
2026-04-19 14:30:00,31.23953333333333,33.090577777777774
2026-04-19 14:35:00,31.25470982142857,33.11772321428571
2026-04-19 14:40:00,31.270470852017937,33.14484304932735
2026-04-19 14:45:00,31.28664414414414,33.17234234234234
2026-04-19 14:50:00,31.302963800904973,33.199999999999996
2026-04-19 14:55:00,31.31956818181818,33.227681818181814
2026-04-19 15:00:00,31.33646118721461,33.25570776255707
2026-04-19 15:05:00,31.353922018348623,33.28344036697247
2026-04-19 15:10:00,31.372235023041473,33.31036866359447
2026-04-19 15:15:00,31.391134259259257,33.335
2026-04-19 15:20:00,31.40076744186046,33.37409302325581
2026-04-19 15:25:00,31.413901869158877,33.40883177570093
2026-04-19 15:30:00,31.42950704225352,33.43957746478873
2026-04-19 15:35:00,31.441721698113206,33.470990566037734
2026-04-19 15:40:00,31.451303317535544,33.509194312796204
2026-04-19 15:45:00,31.464738095238094,33.54185714285714
2026-04-19 15:50:00,31.47844497607655,33.57076555023923
2026-04-19 15:55:00,31.487427884615382,33.61028846153846
2026-04-19 16:00:00,31.50050724637681,33.644396135265694
2026-04-19 16:05:00,31.516189320388346,33.674805825242714
2026-04-19 16:10:00,31.533585365853654,33.70234146341463
2026-04-19 16:15:00,31.52851219512195,33.72780487804878
2026-04-19 16:20:00,31.523439024390246,33.754
2026-04-19 16:25:00,31.518170731707315,33.78131707317073
2026-04-19 16:30:00,31.519195121951217,33.80239024390244
2026-04-19 16:35:00,31.5230487804878,33.813219512195126
2026-04-19 16:40:00,31.523975609756096,33.83009756097561
2026-04-19 16:45:00,31.522951219512194,33.851902439024386
2026-04-19 16:50:00,31.520512195121952,33.87741463414634
2026-04-19 16:55:00,31.522073170731705,33.900878048780484
2026-04-19 17:00:00,31.527926829268296,33.91136585365854
2026-04-19 17:05:00,31.53051219512195,33.927317073170734
2026-04-19 17:10:00,31.525975609756095,33.95068292682927
2026-04-19 17:15:00,31.517975609756096,33.98443902439024
2026-04-19 17:20:00,31.515926829268288,33.99517073170732
2026-04-19 17:25:00,31.501975609756098,34.02521951219512
2026-04-19 17:30:00,31.49060975609756,34.04609756097561
2026-04-19 17:35:00,31.479829268292683,34.068536585365855
2026-04-19 17:40:00,31.472317073170732,34.07756097560976
2026-04-19 17:45:00,31.45387804878049,34.10473170731707
2026-04-19 17:50:00,31.444170731707313,34.11892682926829
2026-04-19 17:55:00,31.431390243902438,34.13292682926829
2026-04-19 18:00:00,31.419097560975608,34.14287804878049
2026-04-19 18:05:00,31.39953658536585,34.16931707317073
2026-04-19 18:10:00,31.387926829268295,34.180878048780485
2026-04-19 18:15:00,31.375780487804878,34.19492682926829
2026-04-19 18:20:00,31.359682926829272,34.20917073170732
2026-04-19 18:25:00,31.34441463414634,34.231121951219514
2026-04-19 18:30:00,31.33968292682927,34.22712195121951
2026-04-19 18:35:00,31.33109756097561,34.236487804878045
2026-04-19 18:40:00,31.32509756097561,34.23346341463415
2026-04-19 18:45:00,31.319,34.240731707317074
2026-04-19 18:50:00,31.316951219512198,34.23882926829268
2026-04-19 18:55:00,31.309048780487807,34.24346341463414
2026-04-19 19:00:00,31.309536585365855,34.23736585365854
2026-04-19 19:05:00,31.308170731707317,34.21878048780488
2026-04-19 19:10:00,31.30841463414634,34.21590243902439
2026-04-19 19:15:00,31.309243902439025,34.20931707317073
2026-04-19 19:20:00,31.30831707317073,34.19917073170732
2026-04-19 19:25:00,31.30841463414634,34.19268292682927
2026-04-19 19:30:00,31.30778048780488,34.174243902439024
2026-04-19 19:35:00,31.3079756097561,34.16463414634146
2026-04-19 19:40:00,31.306707317073172,34.138
2026-04-19 19:45:00,31.306024390243902,34.12619512195122
2026-04-19 19:50:00,31.304658536585364,34.066634146341464
2026-04-19 19:55:00,31.30270731707317,34.05448780487805
2026-04-19 20:00:00,31.302219512195123,33.99482926829268
2026-04-19 20:05:00,31.299341463414635,33.976975609756096
2026-04-19 20:10:00,31.29870731707317,33.90658536585366
2026-04-19 20:15:00,31.294609756097564,33.89243902439024
2026-04-19 20:20:00,31.29890243902439,33.83073170731707
2026-04-19 20:25:00,31.295878048780487,33.814341463414635
2026-04-19 20:30:00,31.29553658536585,33.82190243902439
2026-04-19 20:35:00,31.294268292682926,33.800634146341466
2026-04-19 20:40:00,31.292658536585364,33.7809756097561
2026-04-19 20:45:00,31.295926829268293,33.71848780487805
2026-04-19 20:50:00,31.294463414634144,33.69780487804878
2026-04-19 20:55:00,31.294707317073172,33.69853658536585
2026-04-19 21:00:00,31.29334146341463,33.67453658536585
2026-04-19 21:05:00,31.292170731707316,33.64370731707317
2026-04-19 21:10:00,31.289585365853657,33.62736585365853
2026-04-19 21:15:00,31.283829268292685,33.5850243902439
2026-04-19 21:20:00,31.275975609756095,33.57526829268293
2026-04-19 21:25:00,31.269634146341467,33.5299512195122
2026-04-19 21:30:00,31.265975609756097,33.533756097560975
2026-04-19 21:35:00,31.261292682926832,33.505024390243904
2026-04-19 21:40:00,31.2620243902439,33.49829268292683
2026-04-19 21:45:00,31.258463414634146,33.46556097560976
2026-04-19 21:50:00,31.257208737864076,33.45218446601942
2026-04-19 21:55:00,31.256747572815534,33.406699029126216
2026-04-19 22:00:00,31.255436893203882,33.35398058252427
2026-04-19 22:05:00,31.254126213592233,33.316893203883495
2026-04-19 22:10:00,31.25257281553398,33.26480582524272
2026-04-19 22:15:00,31.251553398058256,33.2423786407767
2026-04-19 22:20:00,31.251699029126215,33.185
2026-04-19 22:25:00,31.248155339805823,33.16169902912622
2026-04-19 22:30:00,31.25014563106796,33.0976213592233
2026-04-19 22:35:00,31.24616504854369,33.08728155339806
2026-04-19 22:40:00,31.24995145631068,33.01082524271845
2026-04-19 22:45:00,31.246893203883495,32.99140776699029
2026-04-19 22:50:00,31.24805825242718,32.91242718446602
2026-04-19 22:55:00,31.244417475728156,32.85844660194175
2026-04-19 23:00:00,31.23354368932039,32.81728155339806
2026-04-19 23:05:00,31.22873786407767,32.7995145631068
2026-04-19 23:10:00,31.221019417475727,32.75247572815534
2026-04-19 23:15:00,31.218883495145633,32.69208737864078
2026-04-19 23:20:00,31.21470873786408,32.636893203883496
2026-04-19 23:25:00,31.21242718446602,32.56587378640777
2026-04-19 23:30:00,31.210631067961167,32.50645631067961
2026-04-19 23:35:00,31.209757281553397,32.43640776699029
2026-04-19 23:40:00,31.208058252427183,32.37276699029126
2026-04-19 23:45:00,31.20407766990291,32.35257281553398
2026-04-19 23:50:00,31.1995145631068,32.291699029126214
2026-04-19 23:55:00,31.195242718446604,32.23868932038835
2026-04-20 00:00:00,31.185533980582527,32.194223300970876
2026-04-20 00:05:00,31.178300970873785,32.14247572815534
2026-04-20 00:10:00,31.16907766990291,32.09742718446602
2026-04-20 00:15:00,31.161699029126215,32.07058252427184
2026-04-20 00:20:00,31.158009708737865,32.012135922330096
2026-04-20 00:25:00,31.149126213592233,31.961941747572816
2026-04-20 00:30:00,31.14364077669903,31.908398058252427
2026-04-20 00:35:00,31.140339805825242,31.852038834951458
2026-04-20 00:40:00,31.138155339805824,31.79412621359223
2026-04-20 00:45:00,31.136601941747575,31.73495145631068
2026-04-20 00:50:00,31.14101941747573,31.659708737864076
2026-04-20 00:55:00,31.144077669902913,31.58781553398058
2026-04-20 01:00:00,31.15145631067961,31.499611650485438
2026-04-20 01:05:00,31.156504854368936,31.419368932038836
2026-04-20 01:10:00,31.165242718446603,31.322718446601943
2026-04-20 01:15:00,31.17131067961165,31.238349514563108
2026-04-20 01:20:00,31.17917475728155,31.183106796116505
2026-04-20 01:25:00,31.18485436893204,31.105776699029125
2026-04-20 01:30:00,31.190631067961167,31.079417475728153
2026-04-20 01:35:00,31.194563106796117,31.015436893203884
2026-04-20 01:40:00,31.19970873786408,30.99378640776699
2026-04-20 01:45:00,31.201941747572818,30.947038834951456
2026-04-20 01:50:00,31.207038834951454,30.890825242718442
2026-04-20 01:55:00,31.20810679611651,30.855582524271846
2026-04-20 02:00:00,31.211941747572816,30.814320388349515
2026-04-20 02:05:00,31.2123786407767,30.785631067961166
2026-04-20 02:15:00,31.211756097560976,30.749560975609754
2026-04-20 02:20:00,31.21360975609756,30.763073170731708
2026-04-20 02:25:00,31.214731707317075,30.73721951219512
2026-04-20 02:30:00,31.21570731707317,30.75121951219512
2026-04-20 02:35:00,31.21760975609756,30.728243902439026
2026-04-20 02:40:00,31.218682926829267,30.744682926829267
2026-04-20 02:45:00,31.220926829268294,30.72658536585366
2026-04-20 02:50:00,31.222634146341466,30.745414634146343
2026-04-20 02:55:00,31.225414634146343,30.728829268292685
2026-04-20 03:00:00,31.228048780487804,30.74970731707317
2026-04-20 03:05:00,31.230780487804875,30.736682926829268
2026-04-20 03:10:00,31.23331707317073,30.762
2026-04-20 03:15:00,31.235658536585362,30.7530243902439
2026-04-20 03:20:00,31.237951219512194,30.780975609756098
2026-04-20 03:25:00,31.239804878048783,30.775170731707316
2026-04-20 03:30:00,31.24160975609756,30.804634146341467
2026-04-20 03:35:00,31.24360975609756,30.800097560975612
2026-04-20 03:40:00,31.245658536585367,30.829951219512193
2026-04-20 03:45:00,31.24751219512195,30.826780487804882
2026-04-20 03:50:00,31.2490243902439,30.85643902439024
2026-04-20 03:55:00,31.25121951219512,30.852243902439024
2026-04-20 04:00:00,31.25058536585366,30.86429268292683
2026-04-20 04:05:00,31.254048780487803,30.85770731707317
2026-04-20 04:10:00,31.254341463414637,30.859951219512194
2026-04-20 04:15:00,31.2589756097561,30.853024390243903
2026-04-20 04:20:00,31.260146341463415,30.85668292682927
2026-04-20 04:25:00,31.265463414634148,30.852585365853663
2026-04-20 04:30:00,31.267268292682928,30.85912195121951
2026-04-20 04:35:00,31.273365853658536,30.8590243902439
2026-04-20 04:40:00,31.275853658536587,30.870292682926834
2026-04-20 04:45:00,31.282341463414635,30.875951219512192
2026-04-20 04:50:00,31.285170731707318,30.892195121951218
2026-04-20 04:55:00,31.291512195121953,30.90341463414634
2026-04-20 05:00:00,31.294243902439025,30.923170731707316
2026-04-20 05:05:00,31.300634146341466,30.93731707317073
2026-04-20 05:10:00,31.304292682926825,30.958487804878047
2026-04-20 05:15:00,31.306439024390244,30.992195121951223
2026-04-20 05:20:00,31.31141463414634,31.013658536585368
2026-04-20 05:25:00,31.313707317073174,31.04058536585366
2026-04-20 05:30:00,31.320341463414636,31.061121951219516
2026-04-20 05:35:00,31.324048780487807,31.088243902439025
2026-04-20 05:40:00,31.32668292682927,31.12463414634146
2026-04-20 05:45:00,31.33195121951219,31.15073170731707
2026-04-20 05:50:00,31.334731707317072,31.181853658536586
2026-04-20 05:55:00,31.34160975609756,31.2069756097561
2026-04-20 06:00:00,31.345707317073174,31.237365853658535
2026-04-20 06:05:00,31.35209756097561,31.278536585365856
2026-04-20 06:10:00,31.35736585365854,31.309609756097558
2026-04-20 06:15:00,31.359463414634146,31.34668292682927
2026-04-20 06:20:00,31.36487804878049,31.379658536585364
2026-04-20 06:25:00,31.366829268292683,31.419658536585363
2026-04-20 06:30:00,31.371170731707313,31.458536585365852
2026-04-20 06:35:00,31.37292682926829,31.50209756097561
2026-04-20 06:40:00,31.371560975609757,31.551707317073173
2026-04-20 06:45:00,31.374097560975613,31.597317073170732
2026-04-20 06:50:00,31.37390243902439,31.647756097560976
2026-04-20 06:55:00,31.371804878048778,31.702048780487804
2026-04-20 07:00:00,31.373902439024388,31.75131707317073
2026-04-20 07:05:00,31.373560975609756,31.805463414634147
2026-04-20 07:10:00,31.37112195121951,31.864243902439025
2026-04-20 07:15:00,31.367024390243905,31.92629268292683
2026-04-20 07:20:00,31.36687804878049,31.983756097560978
2026-04-20 07:25:00,31.3649756097561,32.044487804878045
2026-04-20 07:30:00,31.36214634146342,32.107365853658536
2026-04-20 07:35:00,31.35878048780488,32.17151219512195
2026-04-20 07:40:00,31.359658536585364,32.23170731707317
2026-04-20 07:45:00,31.360097560975607,32.29082926829268
2026-04-20 07:50:00,31.36551219512195,32.34370731707317
2026-04-20 07:55:00,31.36843902439024,32.402
2026-04-20 08:00:00,31.373560975609756,32.428048780487806
2026-04-20 08:05:00,31.37360975609756,32.49839024390244
2026-04-20 08:10:00,31.37692682926829,32.55917073170732
2026-04-20 08:15:00,31.378097560975608,32.62209756097561
2026-04-20 08:20:00,31.377707317073167,32.68614634146341
2026-04-20 08:25:00,31.376243902439022,32.75073170731707
2026-04-20 08:30:00,31.376780487804876,32.81643902439024
2026-04-20 08:35:00,31.378292682926826,32.87604878048781
2026-04-20 08:40:00,31.378780487804875,32.9389268292683
2026-04-20 08:45:00,31.382682926829272,32.993756097560976
2026-04-20 08:50:00,31.390487804878045,33.02156097560976
2026-04-20 08:55:00,31.391121951219514,33.087560975609755
2026-04-20 09:00:00,31.3950243902439,33.11429268292683
2026-04-20 09:05:00,31.398097560975607,33.180926829268294
2026-04-20 09:10:00,31.400975609756095,33.238975609756096
2026-04-20 09:15:00,31.410048780487806,33.28570731707317
2026-04-20 09:20:00,31.413902439024387,33.3479512195122
2026-04-20 09:25:00,31.419708737864077,33.36514563106796
2026-04-20 09:30:00,31.423091787439613,33.34816425120773
2026-04-20 09:35:00,31.427115384615384,33.36754807692308
2026-04-20 09:40:00,31.43358851674641,33.37866028708134
2026-04-20 09:45:00,31.43638095238095,33.38538095238095
2026-04-20 09:50:00,31.441042654028433,33.397677725118484
2026-04-20 09:55:00,31.44075471698113,33.42207547169811
2026-04-20 10:00:00,31.441971830985914,33.414084507042254
2026-04-20 10:05:00,31.44214953271028,33.43401869158878
2026-04-20 10:10:00,31.43846511627907,33.44451162790698
2026-04-20 10:15:00,31.439120370370368,33.45967592592593
2026-04-20 10:20:00,31.434055299539168,33.491566820276496
2026-04-20 10:25:00,31.432935779816514,33.49110091743119
2026-04-20 10:30:00,31.426803652968033,33.52502283105023
2026-04-20 10:35:00,31.42354545454545,33.52381818181818
2026-04-20 10:40:00,31.416651583710408,33.557420814479634
2026-04-20 10:45:00,31.412477477477477,33.557252252252255
2026-04-20 10:50:00,31.402511210762327,33.601793721973095
2026-04-20 10:55:00,31.39892857142857,33.61013392857143
2026-04-20 11:00:00,31.388533333333335,33.61515555555555
2026-04-20 11:05:00,31.383938053097342,33.63725663716814
2026-04-20 11:10:00,31.375066079295152,33.64057268722467
2026-04-20 11:15:00,31.363421052631576,33.68258771929825
2026-04-20 11:20:00,31.356724890829692,33.688733624454144
2026-04-20 11:25:00,31.344521739130435,33.69830434782609
2026-04-20 11:30:00,31.334588744588743,33.73038961038961
2026-04-20 11:35:00,31.32551724137931,33.737543103448274
2026-04-20 11:40:00,31.31188841201717,33.75115879828326
2026-04-20 11:45:00,31.303076923076922,33.77820512820512
2026-04-20 11:50:00,31.293617021276596,33.78672340425532
2026-04-20 11:55:00,31.280127118644067,33.80118644067797
2026-04-20 12:00:00,31.26392405063291,33.82071729957806
2026-04-20 12:05:00,31.255420168067225,33.84672268907563
2026-04-20 12:10:00,31.244016736401672,33.85774058577406
2026-04-20 12:15:00,31.238125,33.871916666666664
2026-04-20 12:20:00,31.231327800829874,33.872821576763485
2026-04-20 12:25:00,31.226157024793388,33.882107438016526
2026-04-20 12:30:00,31.222098765432097,33.8779012345679
2026-04-20 12:35:00,31.21684426229508,33.88573770491803
2026-04-20 12:40:00,31.213877551020406,33.87897959183674
2026-04-20 12:45:00,31.208089430894308,33.885772357723575
2026-04-20 12:50:00,31.20591093117409,33.877085020242916
2026-04-20 12:55:00,31.19798387096774,33.87883064516129
2026-04-20 13:00:00,31.186787148594373,33.88779116465863
2026-04-20 13:05:00,31.173759999999998,33.900839999999995
2026-04-20 13:10:00,31.159760956175298,33.915896414342626
2026-04-20 13:15:00,31.145198412698413,33.931507936507934
2026-04-20 13:20:00,31.130237154150198,33.94766798418972
2026-04-20 13:25:00,31.11511811023622,33.96385826771653
2026-04-20 13:30:00,31.1,33.97956862745097
2026-04-20 13:35:00,31.0851171875,33.994296874999996
2026-04-20 13:40:00,31.070350194552528,34.00793774319066
2026-04-20 13:45:00,31.055426356589145,34.021240310077516
2026-04-20 13:50:00,31.044594594594592,34.03054054054054
2026-04-20 13:55:00,31.03746153846154,34.027884615384615
2026-04-20 14:00:00,31.028045977011494,34.03007662835249
2026-04-20 14:05:00,31.01759541984733,34.03557251908397
2026-04-20 14:10:00,31.006730038022813,34.04304182509505
2026-04-20 14:15:00,30.99579545454545,34.0514393939394
2026-04-20 14:20:00,30.984981132075472,34.0606037735849
2026-04-20 14:25:00,30.97424812030075,34.0712030075188
2026-04-20 14:30:00,30.963632958801494,34.083146067415726
2026-04-20 14:35:00,30.9530223880597,34.0965671641791
2026-04-20 14:40:00,30.94252788104089,34.11100371747212
2026-04-20 14:45:00,30.932148148148148,34.12637037037037
2026-04-20 14:50:00,30.921918819188193,34.14243542435425
2026-04-20 14:55:00,30.911801470588237,34.159375000000004
2026-04-20 15:00:00,30.901868131868127,34.17677655677656
2026-04-20 15:05:00,30.892043795620438,34.19463503649635
2026-04-20 15:10:00,30.882363636363635,34.212872727272725
2026-04-20 15:15:00,30.87286231884058,34.2313768115942
2026-04-20 15:20:00,30.863501805054153,34.249927797833934
2026-04-20 15:25:00,30.85413669064748,34.26838129496403
2026-04-20 15:30:00,30.844444444444445,34.28727598566308
2026-04-20 15:35:00,30.8345,34.30639285714285
2026-04-20 15:40:00,30.824163701067615,34.326120996441276
2026-04-20 15:45:00,30.813439716312054,34.34613475177305
2026-04-20 15:50:00,30.802261484098935,34.36678445229682
2026-04-20 15:55:00,30.7906338028169,34.38792253521127
2026-04-20 16:00:00,30.78617543859649,34.398631578947374
2026-04-20 16:05:00,30.77979020979021,34.40825174825175
2026-04-20 16:10:00,30.771393728222993,34.42202090592334
2026-04-20 16:15:00,30.775853658536587,34.44146341463414
2026-04-20 16:20:00,30.787665505226478,34.44926829268293
2026-04-20 16:25:00,30.79724738675958,34.457317073170735
2026-04-20 16:30:00,30.800592334494777,34.47362369337979
2026-04-20 16:35:00,30.800871080139373,34.49923344947735
2026-04-20 16:40:00,30.80254355400697,34.52209059233449
2026-04-20 16:45:00,30.80522648083624,34.54233449477352
2026-04-20 16:50:00,30.8087456445993,34.56038327526132
2026-04-20 16:55:00,30.809163763066202,34.58006968641115
2026-04-20 17:00:00,30.80644599303136,34.609024390243896
2026-04-20 17:05:00,30.80602787456446,34.63320557491289
2026-04-20 17:10:00,30.807003484320553,34.65310104529617
2026-04-20 17:15:00,30.806271777003484,34.68707317073171
2026-04-20 17:20:00,30.810766550522644,34.70578397212543
2026-04-20 17:25:00,30.814494773519158,34.71602787456446
2026-04-20 17:30:00,30.824599303135887,34.72390243902439
2026-04-20 17:35:00,30.827665505226477,34.731045296167245
2026-04-20 17:40:00,30.832891986062716,34.747526132404175
2026-04-20 17:45:00,30.839686411149824,34.75240418118467
2026-04-20 17:50:00,30.840836236933796,34.76421602787456
2026-04-20 17:55:00,30.83749128919861,34.78864111498258
2026-04-20 18:00:00,30.83574912891986,34.81149825783972
2026-04-20 18:05:00,30.838083623693382,34.84324041811847
2026-04-20 18:10:00,30.83909407665505,34.85923344947735
2026-04-20 18:15:00,30.836689895470386,34.88355400696864
2026-04-20 18:20:00,30.835226480836234,34.90609756097561
2026-04-20 18:25:00,30.84247386759582,34.927526132404175
2026-04-20 18:30:00,30.841567944250873,34.94505226480836
2026-04-20 18:35:00,30.840313588850176,34.967421602787454
2026-04-20 18:40:00,30.847979094076656,34.98393728222997
2026-04-20 18:45:00,30.846933797909408,34.99658536585366
2026-04-20 18:50:00,30.844634146341463,35.01470383275261
2026-04-20 18:55:00,30.848675958188153,35.03926829268293
2026-04-20 19:00:00,30.84644599303136,35.057526132404185
2026-04-20 19:05:00,30.847386759581877,35.09891986062718
2026-04-20 19:10:00,30.846655052264808,35.113902439024386
2026-04-20 19:15:00,30.84564459930314,35.12665505226481
2026-04-20 19:20:00,30.846411149825784,35.15271777003484
2026-04-20 19:25:00,30.845993031358883,35.16358885017422
2026-04-20 19:30:00,30.84397212543554,35.18310104529616
2026-04-20 19:35:00,30.843867595818818,35.20344947735192
2026-04-20 19:40:00,30.843902439024394,35.193763066202095
2026-04-20 19:45:00,30.842717770034845,35.21651567944251
2026-04-20 19:50:00,30.843972125435545,35.2191637630662
2026-04-20 19:55:00,30.84205574912892,35.236411149825784
2026-04-20 20:00:00,30.84428571428571,35.23756097560976
2026-04-20 20:05:00,30.84275261324042,35.25024390243903
2026-04-20 20:10:00,30.84494773519164,35.25104529616724
2026-04-20 20:15:00,30.845993031358883,35.251777003484314
2026-04-20 20:20:00,30.847177700348436,35.26034843205575
2026-04-20 20:25:00,30.84745644599303,35.26156794425087
2026-04-20 20:30:00,30.847491289198604,35.262752613240416
2026-04-20 20:35:00,30.8505574912892,35.23864111498258
2026-04-20 20:40:00,30.850069686411146,35.241080139372826
2026-04-20 20:45:00,30.851602787456446,35.25470383275261
2026-04-20 20:50:00,30.85101045296167,35.258989547038325
2026-04-20 20:55:00,30.85024390243902,35.26317073170731
2026-04-20 21:00:00,30.851393728222998,35.24397212543554
2026-04-20 21:05:00,30.850383275261322,35.25630662020907
2026-04-20 21:10:00,30.8493031358885,35.26578397212544
2026-04-20 21:15:00,30.851428571428567,35.27337979094077
2026-04-20 21:20:00,30.851254355400695,35.28132404181185
2026-04-20 21:25:00,30.853101045296167,35.280627177700346
2026-04-20 21:30:00,30.853031358885016,35.28961672473867
2026-04-20 21:35:00,30.853728222996516,35.29909407665505
2026-04-20 21:40:00,30.855261324041816,35.31463414634147
2026-04-20 21:45:00,30.855714285714285,35.325121951219515
2026-04-20 21:50:00,30.858397212543554,35.32979094076655
2026-04-20 21:55:00,30.859128919860627,35.33968641114983
2026-04-20 22:00:00,30.861114982578403,35.328153310104526
2026-04-20 22:05:00,30.861254355400696,35.34097560975609
2026-04-20 22:10:00,30.862369337979093,35.35310104529617
2026-04-20 22:15:00,30.86404181184669,35.36383275261324
2026-04-20 22:20:00,30.86456445993031,35.37749128919861
2026-04-20 22:25:00,30.868013937282225,35.38418118466899
2026-04-20 22:30:00,30.86822299651568,35.39937282229965
2026-04-20 22:35:00,30.87264808362369,35.39480836236934
2026-04-20 22:40:00,30.872613240418115,35.41501742160279
2026-04-20 22:45:00,30.87466898954704,35.41334494773519
2026-04-20 22:50:00,30.87693379790941,35.43491289198606
2026-04-20 22:55:00,30.87641114982578,35.458815331010456
2026-04-20 23:00:00,30.881986062717775,35.46982578397213
2026-04-20 23:05:00,30.8809756097561,35.496864111498255
2026-04-20 23:10:00,30.884703832752614,35.503554006968635
2026-04-20 23:15:00,30.886097560975614,35.5295818815331
2026-04-20 23:20:00,30.88731707317073,35.53675958188154
2026-04-20 23:25:00,30.890975609756094,35.55484320557491
2026-04-20 23:30:00,30.889512195121956,35.56390243902439
2026-04-20 23:35:00,30.892578397212542,35.579930313588854
2026-04-20 23:40:00,30.89,35.60783972125436
2026-04-20 23:45:00,30.892369337979098,35.62222996515679
2026-04-20 23:50:00,30.892857142857142,35.64351916376307
2026-04-20 23:55:00,30.89428571428572,35.65714285714286
2026-04-21 00:00:00,30.896202090592336,35.67010452961672
2026-04-21 00:05:00,30.897700348432053,35.68564459930314
2026-04-21 00:10:00,30.899268292682926,35.6893031358885
2026-04-21 00:15:00,30.902996515679447,35.699895470383275
2026-04-21 00:20:00,30.90418118466899,35.70536585365854
2026-04-21 00:25:00,30.907073170731707,35.71508710801393
2026-04-21 00:30:00,30.905888501742158,35.72226480836237
2026-04-21 00:35:00,30.903205574912896,35.73836236933798
2026-04-21 00:40:00,30.90128919860627,35.752682926829266
2026-04-21 00:45:00,30.895888501742157,35.77219512195121
2026-04-21 00:50:00,30.89205574912892,35.7891637630662
2026-04-21 00:55:00,30.88947735191638,35.80439024390244
2026-04-21 01:00:00,30.88407665505226,35.82439024390244
2026-04-21 01:05:00,30.880452961672475,35.842195121951214
2026-04-21 01:10:00,30.877839721254357,35.85728222996516
2026-04-21 01:15:00,30.87299651567944,35.87686411149826
2026-04-21 01:20:00,30.87010452961672,35.89209059233449
2026-04-21 01:25:00,30.866759581881535,35.8970731707317
2026-04-21 01:30:00,30.86365853658537,35.90533101045296
2026-04-21 01:35:00,30.86303135888502,35.90620209059234
2026-04-21 01:40:00,30.86327526132404,35.895400696864115
2026-04-21 01:45:00,30.86229965156794,35.88783972125435
2026-04-21 01:50:00,30.863170731707317,35.87494773519164
2026-04-21 01:55:00,30.865470383275266,35.857770034843206
2026-04-21 02:00:00,30.868745644599304,35.837804878048786
2026-04-21 02:05:00,30.871672473867598,35.81080139372823
2026-04-21 02:10:00,30.87722222222222,35.78784722222222
2026-04-21 02:15:00,30.878993055555554,35.76996527777778
2026-04-21 02:20:00,30.881874999999997,35.750729166666666
2026-04-21 02:25:00,30.88524305555556,35.72989583333334
2026-04-21 02:30:00,30.88888888888889,35.70729166666666
2026-04-21 02:35:00,30.88909722222222,35.68888888888889
2026-04-21 02:40:00,30.890381944444446,35.666666666666664
2026-04-21 02:45:00,30.892291666666672,35.64159722222222
2026-04-21 02:50:00,30.894479166666663,35.61506944444445
2026-04-21 02:55:00,30.896944444444443,35.587291666666665
2026-04-21 03:00:00,30.899583333333332,35.558506944444446
2026-04-21 03:05:00,30.90256944444444,35.52802083333333
2026-04-21 03:10:00,30.90597222222222,35.49576388888889
2026-04-21 03:15:00,30.909479166666667,35.462673611111114
2026-04-21 03:20:00,30.91322916666666,35.428472222222226
2026-04-21 03:25:00,30.91711805555556,35.39347222222222
2026-04-21 03:30:00,30.92125,35.35746527777778
2026-04-21 03:35:00,30.925381944444446,35.3209375
2026-04-21 03:40:00,30.929513888888884,35.28427083333333
2026-04-21 03:45:00,30.933819444444445,35.24736111111111
2026-04-21 03:50:00,30.93798611111111,35.210798611111116
2026-04-21 03:55:00,30.942013888888894,35.17520833333334
2026-04-21 04:00:00,30.945729166666663,35.14072916666666
2026-04-21 04:05:00,30.94895833333333,35.10760416666667
2026-04-21 04:10:00,30.951805555555552,35.07559027777778
2026-04-21 04:15:00,30.954340277777778,35.04416666666666
2026-04-21 04:20:00,30.956527777777776,35.01336805555555
2026-04-21 04:25:00,30.958402777777774,34.98319444444444
2026-04-21 04:30:00,30.959999999999997,34.953715277777775
2026-04-21 04:35:00,30.96121527777778,34.9246875
2026-04-21 04:40:00,30.962326388888886,34.895520833333336
2026-04-21 04:45:00,30.963229166666665,34.86642361111111
2026-04-21 04:50:00,30.96409722222222,34.83677083333333
2026-04-21 04:55:00,30.965034722222224,34.80701388888889
2026-04-21 05:00:00,30.96579861111111,34.77760416666666
2026-04-21 05:05:00,30.966388888888886,34.7486111111111
2026-04-21 05:10:00,30.966562499999995,34.72
2026-04-21 05:15:00,30.966250000000002,34.6921875
2026-04-21 05:20:00,30.965520833333333,34.66527777777778
2026-04-21 05:25:00,30.964375,34.63930555555556
2026-04-21 05:30:00,30.962638888888893,34.61430555555555
2026-04-21 05:35:00,30.960416666666667,34.589861111111105
2026-04-21 05:40:00,30.9575,34.56628472222222
2026-04-21 05:45:00,30.954305555555557,34.5434375
2026-04-21 05:50:00,30.95097222222222,34.520833333333336
2026-04-21 05:55:00,30.947708333333328,34.49840277777778
2026-04-21 06:00:00,30.944409722222222,34.47607638888889
2026-04-21 06:05:00,30.941111111111113,34.453159722222225
2026-04-21 06:10:00,30.93791666666667,34.429722222222225
2026-04-21 06:15:00,30.935243055555556,34.405625
2026-04-21 06:20:00,30.933090277777776,34.38059027777778
2026-04-21 06:25:00,30.931527777777774,34.354375
2026-04-21 06:30:00,30.930590277777778,34.32697916666667
2026-04-21 06:35:00,30.93027777777778,34.29805555555556
2026-04-21 06:40:00,30.93069444444444,34.26795138888889
2026-04-21 06:45:00,30.931493055555556,34.23701388888889
2026-04-21 06:50:00,30.932534722222222,34.205486111111114
2026-04-21 06:55:00,30.933680555555554,34.17395833333333
2026-04-21 07:00:00,30.93475694444444,34.142604166666665
2026-04-21 07:05:00,30.936006944444443,34.110937500000006
2026-04-21 07:10:00,30.937708333333333,34.07819444444445
2026-04-21 07:15:00,30.939999999999998,34.04486111111111
2026-04-21 07:20:00,30.942465277777778,34.01128472222222
2026-04-21 07:25:00,30.94517361111111,33.97743055555556
2026-04-21 07:30:00,30.947847222222226,33.943472222222226
2026-04-21 07:35:00,30.950416666666666,33.910034722222214
2026-04-21 07:40:00,30.95270833333333,33.87753472222222
2026-04-21 07:45:00,30.95475694444444,33.84600694444444
2026-04-21 07:50:00,30.953055555555554,33.821284722222224
2026-04-21 07:55:00,30.951631944444443,33.796597222222225
2026-04-21 08:00:00,30.95138888888889,33.790625000000006
2026-04-21 08:05:00,30.953784722222224,33.75788194444444
2026-04-21 08:10:00,30.951979166666668,33.73461805555556
2026-04-21 08:15:00,30.951041666666665,33.71142361111111
2026-04-21 08:20:00,30.950763888888886,33.68840277777778
2026-04-21 08:25:00,30.950833333333335,33.66548611111111
2026-04-21 08:30:00,30.951215277777774,33.642743055555556
2026-04-21 08:35:00,30.951770833333327,33.61986111111111
2026-04-21 08:40:00,30.95267361111111,33.59621527777777
2026-04-21 08:45:00,30.95149305555556,33.562465277777775
2026-04-21 08:50:00,30.949861111111108,33.55715277777777
2026-04-21 08:55:00,30.947916666666668,33.533854166666664
2026-04-21 09:00:00,30.94777777777778,33.52923611111111
2026-04-21 09:05:00,30.946875000000002,33.501284722222216
2026-04-21 09:10:00,30.94309027777778,33.46940972222222
2026-04-21 09:15:00,30.939305555555556,33.44840277777777
2026-04-21 09:20:00,30.93565972222222,33.42420138888889
2026-04-21 09:25:00,30.931770833333335,33.39427083333334
2026-04-21 09:30:00,30.929722222222225,33.39534722222223
2026-04-21 09:35:00,30.924270833333328,33.37479166666667
2026-04-21 09:40:00,30.919583333333335,33.35076388888889
2026-04-21 09:45:00,30.91579861111111,33.337534722222216
2026-04-21 09:50:00,30.908923611111113,33.31552083333333
2026-04-21 09:55:00,30.908680555555552,33.28579861111111
2026-04-21 10:00:00,30.903784722222227,33.285277777777786
2026-04-21 10:05:00,30.901666666666667,33.25527777777778
2026-04-21 10:10:00,30.900798611111107,33.23902777777778
2026-04-21 10:15:00,30.896215277777774,33.21451388888889
2026-04-21 10:20:00,30.89597222222222,33.181284722222216
2026-04-21 10:25:00,30.891770833333332,33.16840277777778
2026-04-21 10:30:00,30.89163194444445,33.13211805555555
2026-04-21 10:35:00,30.888715277777774,33.11864583333333
2026-04-21 10:40:00,30.88451388888889,33.08458333333333
2026-04-21 10:45:00,30.883541666666662,33.06809027777778
2026-04-21 10:50:00,30.883020833333333,33.02121527777778
2026-04-21 10:55:00,30.879479166666663,33.00201388888889
2026-04-21 11:00:00,30.881180555555552,32.9815625
2026-04-21 11:05:00,30.87475694444444,32.954027777777775
2026-04-21 11:10:00,30.877118055555556,32.93138888888889
2026-04-21 11:15:00,30.877881944444443,32.88333333333333
2026-04-21 11:20:00,30.872083333333332,32.86763888888889
2026-04-21 11:25:00,30.86909722222222,32.85187499999999
2026-04-21 11:30:00,30.863194444444446,32.82013888888889
2026-04-21 11:35:00,30.855763888888887,32.809583333333336
2026-04-21 11:40:00,30.851493055555554,32.794374999999995
2026-04-21 11:45:00,30.84302083333333,32.76833333333333
2026-04-21 11:50:00,30.834861111111113,32.757673611111116
2026-04-21 11:55:00,30.83,32.74208333333333
2026-04-21 12:00:00,30.827465277777783,32.72170138888889
2026-04-21 12:05:00,30.81871527777778,32.6953125
2026-04-21 12:10:00,30.812430555555554,32.679513888888884
2026-04-21 12:15:00,30.809409722222224,32.64986111111111
2026-04-21 12:20:00,30.80659722222222,32.62809027777777
2026-04-21 12:25:00,30.80409722222222,32.59923611111111
2026-04-21 12:30:00,30.802534722222227,32.57534722222222
2026-04-21 12:35:00,30.79857638888889,32.54760416666667
2026-04-21 12:40:00,30.79840277777778,32.521631944444444
2026-04-21 12:45:00,30.79604166666666,32.48840277777778
2026-04-21 12:50:00,30.79413194444444,32.46527777777778
2026-04-21 12:55:00,30.795694444444443,32.43090277777778
2026-04-21 13:00:00,30.800381944444446,32.391979166666665
2026-04-21 13:05:00,30.806215277777774,32.346944444444446
2026-04-21 13:10:00,30.810138888888886,32.30371527777778
2026-04-21 13:15:00,30.813055555555554,32.261875
2026-04-21 13:20:00,30.81545138888889,32.220625
2026-04-21 13:25:00,30.817534722222224,32.179965277777775
2026-04-21 13:30:00,30.819340277777776,32.14013888888889
2026-04-21 13:35:00,30.8209375,32.10163194444445
2026-04-21 13:40:00,30.822395833333335,32.064618055555556
2026-04-21 13:45:00,30.82399305555556,32.028333333333336
2026-04-21 13:50:00,30.821979166666665,31.99611111111111
2026-04-21 13:55:00,30.816701388888887,31.974791666666665
2026-04-21 14:00:00,30.813472222222224,31.94913194444444
2026-04-21 14:05:00,30.81135416666666,31.920069444444444
2026-04-21 14:10:00,30.80975694444444,31.889166666666668
2026-04-21 14:15:00,30.8084375,31.857777777777773
2026-04-21 14:20:00,30.807291666666668,31.82548611111111
2026-04-21 14:25:00,30.80631944444444,31.791423611111107
2026-04-21 14:30:00,30.805625000000003,31.75510416666667
2026-04-21 14:35:00,30.805208333333333,31.716770833333335
2026-04-21 14:40:00,30.805034722222224,31.67704861111111
2026-04-21 14:45:00,30.804930555555554,31.636354166666667
2026-04-21 14:50:00,30.804895833333333,31.594618055555557
2026-04-21 14:55:00,30.80506944444444,31.55184027777777
2026-04-21 15:00:00,30.805347222222224,31.508159722222224
2026-04-21 15:05:00,30.805763888888887,31.463715277777776
2026-04-21 15:10:00,30.80631944444444,31.41864583333334
2026-04-21 15:15:00,30.806840277777773,31.373194444444444
2026-04-21 15:20:00,30.807187499999998,31.327881944444446
2026-04-21 15:25:00,30.807500000000005,31.28270833333333
2026-04-21 15:30:00,30.808055555555555,31.237291666666668
2026-04-21 15:35:00,30.808819444444445,31.192187500000003
2026-04-21 15:40:00,30.809687499999995,31.146979166666668
2026-04-21 15:45:00,30.810520833333335,31.101805555555554
2026-04-21 15:50:00,30.811562500000004,31.056354166666665
2026-04-21 15:55:00,30.812986111111115,31.010694444444443
2026-04-21 16:00:00,30.807361111111113,30.975138888888882
2026-04-21 16:05:00,30.80368055555555,30.94055555555555
2026-04-21 16:10:00,30.80204861111111,30.901631944444446
2026-04-21 16:15:00,30.80166666666667,30.859548611111116
2026-04-21 16:20:00,30.794270833333332,30.82763888888889
2026-04-21 16:25:00,30.78923611111111,30.79440972222222
2026-04-21 16:30:00,30.785763888888887,30.757083333333338
2026-04-21 16:35:00,30.783125,30.717569444444443
2026-04-21 16:40:00,30.78135416666667,30.676423611111115
2026-04-21 16:45:00,30.780312499999997,30.634201388888886
2026-04-21 16:50:00,30.77993055555556,30.590833333333332
2026-04-21 16:55:00,30.780034722222226,30.54673611111111
2026-04-21 17:00:00,30.780625,30.501944444444447
2026-04-21 17:05:00,30.78173611111111,30.45659722222222
2026-04-21 17:10:00,30.782916666666672,30.411944444444444
2026-04-21 17:15:00,30.782812500000002,30.354374999999997
2026-04-21 17:20:00,30.77388888888889,30.32246527777778
2026-04-21 17:25:00,30.775034722222227,30.288333333333338
2026-04-21 17:30:00,30.770451388888887,30.25607638888889
2026-04-21 17:35:00,30.767812500000005,30.23715277777778
2026-04-21 17:40:00,30.767326388888893,30.20486111111111
2026-04-21 17:45:00,30.764652777777783,30.186527777777776
2026-04-21 17:50:00,30.76315972222222,30.168055555555554
2026-04-21 17:55:00,30.762534722222224,30.149409722222224
2026-04-21 18:00:00,30.762395833333333,30.13076388888889
2026-04-21 18:05:00,30.759479166666665,30.10284722222222
2026-04-21 18:10:00,30.753402777777776,30.097083333333337
2026-04-21 18:15:00,30.749618055555555,30.090104166666663
2026-04-21 18:20:00,30.750555555555554,30.078680555555554
2026-04-21 18:25:00,30.74774305555555,30.054895833333337
2026-04-21 18:30:00,30.744548611111114,30.049270833333335
2026-04-21 18:35:00,30.74267361111111,30.03916666666667
2026-04-21 18:40:00,30.73607638888889,30.031388888888884
2026-04-21 18:45:00,30.736319444444444,30.021666666666665
2026-04-21 18:50:00,30.73659722222222,30.013437500000002
2026-04-21 18:55:00,30.729479166666668,29.99625
2026-04-21 19:00:00,30.731111111111115,29.991666666666667
2026-04-21 19:05:00,30.73173611111111,29.95274305555556
2026-04-21 19:10:00,30.725069444444443,29.95243055555556
2026-04-21 19:15:00,30.728750000000005,29.947465277777773
2026-04-21 19:20:00,30.725312500000005,29.92357638888889
2026-04-21 19:25:00,30.720138888888894,29.92711805555555
2026-04-21 19:30:00,30.72513888888889,29.905034722222222
2026-04-21 19:35:00,30.721111111111114,29.893854166666667
2026-04-21 19:40:00,30.722013888888885,29.905069444444443
2026-04-21 19:45:00,30.719965277777774,29.88333333333334
2026-04-21 19:50:00,30.71652777777778,29.886805555555554
2026-04-21 19:55:00,30.714375,29.880833333333335
2026-04-21 20:00:00,30.712395833333332,29.882152777777783
2026-04-21 20:05:00,30.70777777777778,29.88597222222222
2026-04-21 20:10:00,30.70788194444445,29.890659722222225
2026-04-21 20:15:00,30.705034722222226,29.88920138888889
2026-04-21 20:20:00,30.703229166666663,29.885486111111106
2026-04-21 20:25:00,30.70170138888889,29.880694444444448
2026-04-21 20:30:00,30.700833333333335,29.875347222222224
2026-04-21 20:35:00,30.696979166666665,29.893298611111113
2026-04-21 20:40:00,30.696875000000002,29.88625
2026-04-21 20:45:00,30.69388888888889,29.871076388888884
2026-04-21 20:50:00,30.69461805555555,29.861250000000002
2026-04-21 20:55:00,30.694444444444443,29.845729166666665
2026-04-21 21:00:00,30.69388888888889,29.860243055555557
2026-04-21 21:05:00,30.688993055555557,29.848368055555554
2026-04-21 21:10:00,30.69013888888888,29.831944444444446
2026-04-21 21:15:00,30.685173611111118,29.853368055555556
2026-04-21 21:20:00,30.684375000000003,29.835277777777776
2026-04-21 21:25:00,30.682118055555552,29.86
2026-04-21 21:30:00,30.67940972222222,29.845312500000002
2026-04-21 21:35:00,30.67975694444444,29.840937500000003
2026-04-21 21:40:00,30.674965277777776,29.830243055555556
2026-04-21 21:45:00,30.67548611111111,29.827465277777776
2026-04-21 21:50:00,30.669999999999998,29.857604166666665
2026-04-21 21:55:00,30.669826388888893,29.854062500000005
2026-04-21 22:00:00,30.6675,29.882777777777775
2026-04-21 22:05:00,30.665104166666666,29.873333333333335
2026-04-21 22:10:00,30.665277777777778,29.8753125
2026-04-21 22:15:00,30.660972222222224,29.874027777777776
2026-04-21 22:20:00,30.661388888888894,29.877534722222222
2026-04-21 22:25:00,30.655902777777776,29.909097222222222
2026-04-21 22:30:00,30.655902777777776,29.915416666666673
2026-04-21 22:35:00,30.651145833333334,29.948993055555555
2026-04-21 22:40:00,30.65076388888889,29.947916666666668
2026-04-21 22:45:00,30.64795138888889,29.982291666666672
2026-04-21 22:50:00,30.645,29.97826388888889
2026-04-21 22:55:00,30.644236111111113,29.99013888888889
2026-04-21 23:00:00,30.64017361111111,29.98954861111111
2026-04-21 23:05:00,30.640277777777776,29.999652777777783
2026-04-21 23:10:00,30.637708333333332,30.00416666666667
2026-04-21 23:15:00,30.637812499999995,30.01618055555556
2026-04-21 23:20:00,30.63444444444444,30.05486111111111
2026-04-21 23:25:00,30.634479166666672,30.062361111111116
2026-04-21 23:30:00,30.633020833333333,30.100173611111106
2026-04-21 23:35:00,30.631597222222222,30.102118055555554
2026-04-21 23:40:00,30.632569444444446,30.12121527777778
2026-04-21 23:45:00,30.62892361111111,30.125243055555554
2026-04-21 23:50:00,30.629548611111108,30.149097222222224
2026-04-21 23:55:00,30.624027777777776,30.192881944444448
2026-04-22 00:00:00,30.62458333333333,30.219687500000003
2026-04-22 00:05:00,30.620208333333338,30.259999999999998
2026-04-22 00:10:00,30.620173611111106,30.289722222222224
2026-04-22 00:15:00,30.616909722222218,30.32763888888889
2026-04-22 00:20:00,30.61555555555556,30.350138888888882
2026-04-22 00:25:00,30.613645833333333,30.385034722222226
2026-04-22 00:30:00,30.612465277777776,30.403541666666666
2026-04-22 00:35:00,30.611458333333335,30.436666666666667
2026-04-22 00:40:00,30.606493055555557,30.46916666666667
2026-04-22 00:45:00,30.606805555555557,30.499652777777776
2026-04-22 00:50:00,30.602361111111108,30.541493055555552
2026-04-22 00:55:00,30.5996875,30.575729166666665
2026-04-22 01:00:00,30.59722222222222,30.61298611111111
2026-04-22 01:05:00,30.595868055555552,30.644062500000004
2026-04-22 01:10:00,30.59069444444444,30.686041666666668
2026-04-22 01:15:00,30.59083333333334,30.714027777777776
2026-04-22 01:20:00,30.586597222222224,30.751597222222227
2026-04-22 01:25:00,30.586145833333333,30.786597222222227
2026-04-22 01:30:00,30.583576388888886,30.82079861111111
2026-04-22 01:35:00,30.58190972222222,30.849895833333335
2026-04-22 01:40:00,30.578680555555554,30.886111111111106
2026-04-22 01:45:00,30.57861111111111,30.911041666666662
2026-04-22 01:50:00,30.578611111111115,30.933784722222224
2026-04-22 01:55:00,30.578333333333333,30.954965277777774
2026-04-22 02:00:00,30.577916666666663,30.974965277777773
2026-04-22 02:05:00,30.5784375,30.99895833333333
2026-04-22 02:10:00,30.581006944444443,31.012048611111116
2026-04-22 02:15:00,30.583090277777778,31.025069444444448
2026-04-22 02:20:00,30.580937500000005,31.046111111111113
2026-04-22 02:25:00,30.579791666666665,31.06409722222222
2026-04-22 02:30:00,30.579340277777778,31.080416666666665
2026-04-22 02:35:00,30.579027777777778,31.098125
2026-04-22 02:40:00,30.579201388888887,31.114374999999995
2026-04-22 02:45:00,30.579791666666665,31.129305555555554
2026-04-22 02:50:00,30.58076388888889,31.14295138888889
2026-04-22 02:55:00,30.580486111111114,31.144756944444445
2026-04-22 03:00:00,30.578576388888887,31.163159722222222
2026-04-22 03:05:00,30.577708333333337,31.17899305555555
2026-04-22 03:10:00,30.57743055555556,31.191493055555554
2026-04-22 03:15:00,30.574375,31.210729166666667
2026-04-22 03:20:00,30.572847222222226,31.226527777777775
2026-04-22 03:25:00,30.568506944444444,31.247812499999995
2026-04-22 03:30:00,30.566041666666667,31.264861111111113
2026-04-22 03:35:00,30.560694444444444,31.287499999999998
2026-04-22 03:40:00,30.55746527777778,31.305451388888894
2026-04-22 03:45:00,30.5546875,31.31291666666667
2026-04-22 03:50:00,30.550590277777776,31.332118055555554
2026-04-22 03:55:00,30.548263888888886,31.34756944444444
2026-04-22 04:00:00,30.54701388888889,31.360694444444448
2026-04-22 04:05:00,30.54263888888889,31.37923611111111
2026-04-22 04:10:00,30.53989583333334,31.394444444444446
2026-04-22 04:15:00,30.53864583333333,31.406076388888884
2026-04-22 04:20:00,30.534930555555555,31.42243055555556
2026-04-22 04:25:00,30.533055555555556,31.434965277777778
2026-04-22 04:30:00,30.532465277777778,31.44482638888889
2026-04-22 04:35:00,30.52920138888889,31.45930555555556
2026-04-22 04:40:00,30.52746527777778,31.470625000000002
2026-04-22 04:45:00,30.526840277777776,31.479756944444446
2026-04-22 04:50:00,30.526249999999997,31.482291666666665
2026-04-22 04:55:00,30.523472222222225,31.495555555555555
2026-04-22 05:00:00,30.522187499999998,31.50638888888889
2026-04-22 05:05:00,30.521944444444443,31.515486111111116
2026-04-22 05:10:00,30.522569444444443,31.521458333333335
2026-04-22 05:15:00,30.520729166666666,31.533819444444443
2026-04-22 05:20:00,30.51996527777778,31.54402777777777
2026-04-22 05:25:00,30.519756944444445,31.553194444444443
2026-04-22 05:30:00,30.51986111111111,31.56190972222222
2026-04-22 05:35:00,30.520243055555554,31.570277777777775
2026-04-22 05:40:00,30.520902777777778,31.57857638888889
2026-04-22 05:45:00,30.52159722222222,31.587118055555557
2026-04-22 05:50:00,30.522395833333334,31.59597222222222
2026-04-22 05:55:00,30.523229166666667,31.604965277777783
2026-04-22 06:00:00,30.52427083333334,31.613958333333333
2026-04-22 06:05:00,30.525381944444444,31.623541666666668
2026-04-22 06:10:00,30.526701388888885,31.633263888888887
2026-04-22 06:15:00,30.528263888888887,31.642604166666672
2026-04-22 06:20:00,30.529965277777777,31.651875
2026-04-22 06:25:00,30.53166666666667,31.66135416666667
2026-04-22 06:30:00,30.53329861111111,31.671006944444443
2026-04-22 06:35:00,30.534861111111113,31.681180555555557
2026-04-22 06:40:00,30.536388888888894,31.69170138888889
2026-04-22 06:45:00,30.537777777777777,31.70243055555556
2026-04-22 06:50:00,30.53888888888889,31.71357638888889
2026-04-22 06:55:00,30.539861111111108,31.72493055555556
2026-04-22 07:00:00,30.540729166666665,31.73638888888889
2026-04-22 07:05:00,30.541562499999998,31.74795138888889
2026-04-22 07:10:00,30.542291666666667,31.759652777777774
2026-04-22 07:15:00,30.542881944444446,31.771319444444444
2026-04-22 07:20:00,30.54354166666667,31.78267361111111
2026-04-22 07:25:00,30.544097222222224,31.794027777777778
2026-04-22 07:30:00,30.54128472222222,31.811875
2026-04-22 07:35:00,30.53934027777778,31.82763888888889
2026-04-22 07:40:00,30.538020833333334,31.84184027777778
2026-04-22 07:45:00,30.537256944444444,31.85451388888889
2026-04-22 07:50:00,30.53659722222222,31.86746527777778
2026-04-22 07:55:00,30.53659722222222,31.878263888888892
2026-04-22 08:00:00,30.53701388888889,31.887534722222217
2026-04-22 08:05:00,30.534062499999997,31.90309027777778
2026-04-22 08:10:00,30.536076388888887,31.90829861111111
2026-04-22 08:15:00,30.537847222222226,31.912881944444443
2026-04-22 08:20:00,30.539375,31.916909722222222
2026-04-22 08:25:00,30.53805555555556,31.924756944444443
2026-04-22 08:30:00,30.536701388888886,31.933472222222218
2026-04-22 08:35:00,30.536076388888894,31.94052083333333
2026-04-22 08:40:00,30.53590277777778,31.947118055555556
2026-04-22 08:45:00,30.534166666666668,31.970729166666665
2026-04-22 08:50:00,30.53354166666667,31.969131944444445
2026-04-22 08:55:00,30.534652777777776,31.97673611111111
2026-04-22 09:00:00,30.53065972222222,31.995173611111113
2026-04-22 09:05:00,30.530451388888885,31.99451388888889
2026-04-22 09:10:00,30.530347222222222,32.017187500000006
2026-04-22 09:15:00,30.52645833333333,32.03798611111111
2026-04-22 09:20:00,30.528159722222224,32.039409722222224
2026-04-22 09:25:00,30.527048611111113,32.06121527777778
2026-04-22 09:30:00,30.52375,32.06538194444445
2026-04-22 09:35:00,30.526041666666668,32.068472222222226
2026-04-22 09:40:00,30.521944444444443,32.0934375
2026-04-22 09:45:00,30.52072916666667,32.096250000000005
2026-04-22 09:50:00,30.52065972222222,32.11479166666667
2026-04-22 09:55:00,30.51666666666667,32.12243055555555
2026-04-22 10:00:00,30.51552083333333,32.13607638888888
2026-04-22 10:05:00,30.512118055555554,32.14881944444445
2026-04-22 10:10:00,30.510312500000005,32.163125
2026-04-22 10:15:00,30.50923611111111,32.173541666666665
2026-04-22 10:20:00,30.504131944444445,32.187222222222225
2026-04-22 10:25:00,30.50399305555556,32.205104166666665
2026-04-22 10:30:00,30.501666666666665,32.21649305555556
2026-04-22 10:35:00,30.49736111111111,32.24434027777777
2026-04-22 10:40:00,30.50163194444444,32.2509375
2026-04-22 10:45:00,30.49684027777778,32.27201388888889
2026-04-22 10:50:00,30.493576388888886,32.29486111111111
2026-04-22 10:55:00,30.494687499999998,32.307291666666664
2026-04-22 11:00:00,30.492534722222224,32.32729166666667
2026-04-22 11:05:00,30.49149305555556,32.34538194444445
2026-04-22 11:10:00,30.483472222222222,32.37638888888889
2026-04-22 11:15:00,30.47819444444444,32.404409722222226
2026-04-22 11:20:00,30.479409722222222,32.425868055555554
2026-04-22 11:25:00,30.483645833333338,32.43638888888889
2026-04-22 11:30:00,30.489270833333332,32.448298611111106
2026-04-22 11:35:00,30.49798611111111,32.45034722222222
2026-04-22 11:40:00,30.504270833333333,32.45753472222222
2026-04-22 11:45:00,30.509062500000002,32.468611111111116
2026-04-22 11:50:00,30.512812499999995,32.482083333333335
2026-04-22 11:55:00,30.51576388888889,32.497638888888886
2026-04-22 12:00:00,30.518090277777773,32.51524305555555
2026-04-22 12:05:00,30.52,32.53434027777777
2026-04-22 12:10:00,30.521631944444444,32.555486111111115
2026-04-22 12:15:00,30.521493055555553,32.579930555555556
2026-04-22 12:20:00,30.522256944444443,32.6021875
2026-04-22 12:25:00,30.52180555555556,32.62822916666667
2026-04-22 12:30:00,30.52243055555555,32.65010416666667
2026-04-22 12:35:00,30.523055555555555,32.67704861111111
2026-04-22 12:40:00,30.523402777777775,32.70118055555556
2026-04-22 12:45:00,30.52371527777778,32.72743055555556
2026-04-22 12:50:00,30.52454861111111,32.75371527777778
2026-04-22 12:55:00,30.524652777777778,32.78239583333333
2026-04-22 13:00:00,30.521215277777774,32.81611111111111
2026-04-22 13:05:00,30.516423611111115,32.85649305555555
2026-04-22 13:10:00,30.513402777777774,32.895694444444445
2026-04-22 13:15:00,30.511354166666667,32.93465277777778
2026-04-22 13:20:00,30.510034722222226,32.973194444444445
2026-04-22 13:25:00,30.509201388888886,33.011631944444446
2026-04-22 13:30:00,30.508715277777778,33.04965277777777
2026-04-22 13:35:00,30.50840277777778,33.08701388888889
2026-04-22 13:40:00,30.5084375,33.12413194444444
2026-04-22 13:45:00,30.50871527777777,33.16059027777778
2026-04-22 13:50:00,30.509201388888894,33.19635416666667
2026-04-22 13:55:00,30.509791666666672,33.23180555555555
2026-04-22 14:00:00,30.510590277777776,33.26680555555556
2026-04-22 14:05:00,30.511354166666667,33.30225694444445
2026-04-22 14:10:00,30.512222222222224,33.33777777777778
2026-04-22 14:15:00,30.513159722222227,33.37284722222223
2026-04-22 14:20:00,30.514270833333327,33.4075
2026-04-22 14:25:00,30.515486111111116,33.441944444444445
2026-04-22 14:30:00,30.51673611111111,33.476701388888884
2026-04-22 14:35:00,30.51805555555556,33.511319444444446
2026-04-22 14:40:00,30.519305555555555,33.54597222222222
2026-04-22 14:45:00,30.52069444444444,33.580312500000005
2026-04-22 14:50:00,30.52211805555556,33.61465277777777
2026-04-22 14:55:00,30.523472222222225,33.64916666666667
2026-04-22 15:00:00,30.52475694444444,33.683784722222214
2026-04-22 15:05:00,30.525937499999998,33.71819444444444
2026-04-22 15:10:00,30.527083333333337,33.75215277777777
2026-04-22 15:15:00,30.52833333333334,33.78541666666666
2026-04-22 15:20:00,30.529756944444443,33.81809027777778
2026-04-22 15:25:00,30.53131944444444,33.85013888888889
2026-04-22 15:30:00,30.53295138888889,33.88131944444444
2026-04-22 15:35:00,30.534444444444446,33.91163194444445
2026-04-22 15:40:00,30.53590277777778,33.9415625
2026-04-22 15:45:00,30.537395833333335,33.971423611111106
2026-04-22 15:50:00,30.53878472222222,34.00072916666667
2026-04-22 15:55:00,30.539861111111108,34.02975694444444
2026-04-22 16:00:00,30.540624999999995,34.05940972222223
2026-04-22 16:05:00,30.541354166666665,34.08909722222222
2026-04-22 16:10:00,30.542361111111113,34.11854166666667
2026-04-22 16:15:00,30.54371527777778,34.14732638888889
2026-04-22 16:20:00,30.545520833333335,34.175
2026-04-22 16:25:00,30.547847222222224,34.20135416666667
2026-04-22 16:30:00,30.550868055555554,34.226527777777775
2026-04-22 16:35:00,30.55440972222222,34.25045138888889
2026-04-22 16:40:00,30.558125,34.273159722222225
2026-04-22 16:45:00,30.56180555555555,34.29503472222222
2026-04-22 16:50:00,30.565312499999997,34.31635416666667
2026-04-22 16:55:00,30.568749999999998,34.33736111111111
2026-04-22 17:00:00,30.571944444444448,34.35809027777778
2026-04-22 17:05:00,30.574861111111108,34.3790625
2026-04-22 17:10:00,30.57802083333333,34.39975694444444
2026-04-22 17:15:00,30.58145833333333,34.42003472222222
2026-04-22 17:20:00,30.58493055555555,34.44048611111111
2026-04-22 17:25:00,30.580624999999998,34.47003472222222
2026-04-22 17:30:00,30.576354166666665,34.5
2026-04-22 17:35:00,30.573576388888885,34.52475694444444
2026-04-22 17:40:00,30.571874999999995,34.5434375
2026-04-22 17:45:00,30.570937499999996,34.559131944444445
2026-04-22 17:50:00,30.570520833333337,34.57190972222222
2026-04-22 17:55:00,30.570520833333333,34.581493055555555
2026-04-22 18:00:00,30.57090277777778,34.58805555555555
2026-04-22 18:05:00,30.57142361111111,34.591875
2026-04-22 18:10:00,30.572083333333335,34.59336805555555
2026-04-22 18:15:00,30.57871527777778,34.58454861111111
2026-04-22 18:20:00,30.581527777777783,34.57395833333334
2026-04-22 18:30:00,30.593379790940762,34.561393728223
2026-04-22 18:35:00,30.59770034843206,34.549163763066204
2026-04-22 18:40:00,30.59815331010453,34.54024390243903
2026-04-22 18:45:00,30.593797909407666,34.5469337979094
2026-04-22 18:50:00,30.591289198606276,34.551602787456446
2026-04-22 18:55:00,30.589895470383272,34.55494773519164
2026-04-22 19:00:00,30.585818815331006,34.56209059233449
2026-04-22 19:05:00,30.586202090592334,34.56275261324042
2026-04-22 19:10:00,30.586794425087106,34.563693379790934
2026-04-22 19:15:00,30.579477351916374,34.57292682926829
2026-04-22 19:20:00,30.574216027874563,34.586620209059234
2026-04-22 19:25:00,30.578780487804874,34.58822299651568
2026-04-22 19:30:00,30.574355400696863,34.58905923344948
2026-04-22 19:35:00,30.57073170731707,34.597630662020904
2026-04-22 19:40:00,30.565296167247393,34.61142857142857
2026-04-22 19:45:00,30.564703832752617,34.6167944250871
2026-04-22 19:50:00,30.56463414634146,34.6188850174216
2026-04-22 19:55:00,30.559198606271778,34.618432055749125
2026-04-22 20:00:00,30.560034843205575,34.625365853658536
2026-04-22 20:05:00,30.5604181184669,34.59926829268293
2026-04-22 20:10:00,30.55261324041812,34.62466898954703
2026-04-22 20:15:00,30.552160278745642,34.60989547038328
2026-04-22 20:20:00,30.542787456445996,34.609756097560975
2026-04-22 20:25:00,30.535574912891988,34.62306620209059
2026-04-22 20:30:00,30.531114982578398,34.62749128919861
2026-04-22 20:35:00,30.526550522648087,34.62996515679442
2026-04-22 20:40:00,30.52411149825784,34.62759581881533
2026-04-22 20:45:00,30.520731707317076,34.6291637630662
2026-04-22 20:50:00,30.519024390243906,34.62327526132404
2026-04-22 20:55:00,30.51700348432056,34.61898954703833
2026-04-22 21:00:00,30.51613240418118,34.60909407665505
2026-04-22 21:05:00,30.51724738675958,34.599303135888505
2026-04-22 21:10:00,30.51672473867596,34.59320557491289
2026-04-22 21:15:00,30.515574912891985,34.57609756097561
2026-04-22 21:20:00,30.51578397212543,34.57006968641115
2026-04-22 21:25:00,30.513379790940768,34.55630662020906
2026-04-22 21:30:00,30.514041811846685,34.54867595818815
2026-04-22 21:35:00,30.51101045296167,34.53533101045296
2026-04-22 21:40:00,30.511045296167246,34.52672473867596
2026-04-22 21:45:00,30.507108013937284,34.51425087108014
2026-04-22 21:50:00,30.508083623693377,34.47777003484321
2026-04-22 21:55:00,30.504111498257835,34.468048780487806
2026-04-22 22:00:00,30.50369337979094,34.43473867595819
2026-04-22 22:05:00,30.502090592334497,34.43020905923345
2026-04-22 22:10:00,30.5002787456446,34.3991637630662
2026-04-22 22:15:00,30.50170731707317,34.39038327526133
2026-04-22 22:20:00,30.50456445993031,34.35710801393728
2026-04-22 22:25:00,30.50860627177701,34.31540069686411
2026-04-22 22:30:00,30.511358885017422,34.280905923344946
2026-04-22 22:35:00,30.518780487804875,34.22979094076655
2026-04-22 22:40:00,30.5209756097561,34.20393728222996
2026-04-22 22:45:00,30.528571428571425,34.15449477351916
2026-04-22 22:50:00,30.531533101045294,34.13351916376307
2026-04-22 22:55:00,30.536062717770037,34.085017421602785
2026-04-22 23:00:00,30.539581881533103,34.06470383275261
2026-04-22 23:05:00,30.538571428571426,34.02843205574913
2026-04-22 23:10:00,30.540557491289196,34.007003484320556
2026-04-22 23:15:00,30.53961672473868,33.97097560975609
2026-04-22 23:20:00,30.53951219512195,33.92317073170732
2026-04-22 23:25:00,30.5390243902439,33.89296167247387
2026-04-22 23:30:00,30.538571428571426,33.85010452961673
2026-04-22 23:35:00,30.537665505226478,33.826933797909405
2026-04-22 23:40:00,30.537700348432054,33.78170731707317
2026-04-22 23:45:00,30.53808362369338,33.758989547038325
2026-04-22 23:50:00,30.538954703832754,33.71341463414634
2026-04-22 23:55:00,30.540348432055747,33.658710801393724
2026-04-23 00:00:00,30.54076655052265,33.61233449477352
2026-04-23 00:05:00,30.54275261324042,33.561393728223
2026-04-23 00:10:00,30.539756097560982,33.52933797909407
2026-04-23 00:15:00,30.542055749128924,33.48128919860628
2026-04-23 00:20:00,30.53954703832752,33.46062717770035
2026-04-23 00:25:00,30.541184668989548,33.41456445993031
2026-04-23 00:30:00,30.541358885017424,33.39672473867596
2026-04-23 00:35:00,30.53951219512195,33.35675958188153
2026-04-23 00:40:00,30.54170731707317,33.321742160278745
2026-04-23 00:45:00,30.538397212543554,33.28996515679443
2026-04-23 00:50:00,30.539651567944247,33.24414634146341
2026-04-23 00:55:00,30.537665505226478,33.21188153310104
2026-04-23 01:00:00,30.53721254355401,33.16979094076655
2026-04-23 01:05:00,30.53595818815331,33.13724738675958
2026-04-23 01:10:00,30.534912891986064,33.1001393728223
2026-04-23 01:15:00,30.53428571428571,33.06463414634147
2026-04-23 01:20:00,30.534216027874564,33.02536585365854
2026-04-23 01:25:00,30.53059233449477,32.99034843205575
2026-04-23 01:30:00,30.53146341463415,32.947909407665506
2026-04-23 01:35:00,30.527560975609756,32.91449477351916
2026-04-23 01:40:00,30.528606271777,32.873484320557495
2026-04-23 01:45:00,30.52564459930314,32.83787456445994
2026-04-23 01:50:00,30.524181184668986,32.80024390243902
2026-04-23 01:55:00,30.519651567944248,32.76937282229966
2026-04-23 02:00:00,30.515470383275265,32.73547038327526
2026-04-23 02:05:00,30.511045296167246,32.704773519163766
2026-04-23 02:10:00,30.504320557491287,32.675818815331006
2026-04-23 02:15:00,30.499965156794424,32.64473867595819
2026-04-23 02:20:00,30.496724738675958,32.60846689895471
2026-04-23 02:25:00,30.49487804878049,32.5720905923345
2026-04-23 02:30:00,30.48951219512195,32.540278745644606
2026-04-23 02:35:00,30.489930313588854,32.49871080139373
2026-04-23 02:40:00,30.486306620209056,32.462961672473874
2026-04-23 02:45:00,30.484216027874563,32.42648083623694
2026-04-23 02:50:00,30.478815331010452,32.39445993031359
2026-04-23 02:55:00,30.476829268292683,32.37031358885017
2026-04-23 03:00:00,30.474146341463413,32.33317073170732
2026-04-23 03:05:00,30.47,32.29588850174216
2026-04-23 03:10:00,30.46585365853658,32.26341463414634
2026-04-23 03:15:00,30.462369337979098,32.22470383275261
2026-04-23 03:20:00,30.459756097560973,32.187491289198604
2026-04-23 03:25:00,30.457386759581883,32.14707317073171
2026-04-23 03:30:00,30.45595818815331,32.1076306620209
2026-04-23 03:35:00,30.455087108013938,32.065017421602796
2026-04-23 03:40:00,30.45484320557491,32.02278745644599
2026-04-23 03:45:00,30.45188153310104,31.99418118466899
2026-04-23 03:50:00,30.452369337979093,31.949651567944247
2026-04-23 03:55:00,30.449651567944247,31.911428571428573
2026-04-23 04:00:00,30.447351916376306,31.87149825783972
2026-04-23 04:05:00,30.447073170731706,31.828675958188153
2026-04-23 04:10:00,30.445226480836233,31.78613240418118
2026-04-23 04:15:00,30.44216027874565,31.74864111498258
2026-04-23 04:20:00,30.44101045296167,31.70386759581881
2026-04-23 04:25:00,30.439372822299653,31.663449477351914
2026-04-23 04:30:00,30.435226480836235,31.62379790940766
2026-04-23 04:35:00,30.43526132404181,31.5795818815331
2026-04-23 04:40:00,30.43365853658537,31.535818815331012
2026-04-23 04:45:00,30.431114982578404,31.49550522648084
2026-04-23 04:50:00,30.428885017421603,31.459233449477356
2026-04-23 04:55:00,30.42822299651568,31.414529616724742
2026-04-23 05:00:00,30.42731707317073,31.368989547038332
2026-04-23 05:05:00,30.42425087108014,31.32752613240418
2026-04-23 05:10:00,30.422055749128923,31.285644599303133
2026-04-23 05:15:00,30.421184668989543,31.23951219512195
2026-04-23 05:20:00,30.42149825783972,31.191951219512195
2026-04-23 05:25:00,30.419407665505222,31.147491289198605
2026-04-23 05:30:00,30.419547038327526,31.100557491289194
2026-04-23 05:35:00,30.421045296167247,31.05160278745645
2026-04-23 05:40:00,30.423379790940768,31.001045296167245
2026-04-23 05:45:00,30.426376306620213,30.948989547038323
2026-04-23 05:50:00,30.42595818815331,30.899024390243905
2026-04-23 05:55:00,30.426864111498258,30.847630662020908
2026-04-23 06:00:00,30.42634146341463,30.79519163763066
2026-04-23 06:05:00,30.42560975609756,30.74445993031359
2026-04-23 06:10:00,30.426167247386765,30.692160278745643
2026-04-23 06:15:00,30.42351916376307,30.642682926829263
2026-04-23 06:20:00,30.42254355400697,30.59177700348432
2026-04-23 06:25:00,30.42020905923345,30.54010452961672
2026-04-23 06:30:00,30.417874564459932,30.4904181184669
2026-04-23 06:35:00,30.41648083623693,30.439616724738677
2026-04-23 06:40:00,30.415540069686404,30.388257839721255
2026-04-23 06:45:00,30.414878048780487,30.336794425087106
2026-04-23 06:50:00,30.414634146341463,30.285296167247385
2026-04-23 06:55:00,30.41473867595819,30.23376306620209
2026-04-23 07:00:00,30.415191637630663,30.182369337979093
2026-04-23 07:05:00,30.415609756097563,30.13128919860627
2026-04-23 07:10:00,30.41574912891986,30.080836236933802
2026-04-23 07:15:00,30.41554006968641,30.031080139372822
2026-04-23 07:20:00,30.414982578397215,29.98205574912892
2026-04-23 07:25:00,30.414425087108015,29.93365853658537
2026-04-23 07:30:00,30.417386759581877,29.879163763066202
2026-04-23 07:35:00,30.419616724738678,29.82693379790941
2026-04-23 07:40:00,30.420557491289202,29.77564459930314
2026-04-23 07:45:00,30.418745644599305,29.729860627177697
2026-04-23 07:50:00,30.42118466898955,29.677456445993034
2026-04-23 07:55:00,30.419372822299653,29.6306968641115
2026-04-23 08:00:00,30.417874564459932,29.586202090592334
2026-04-23 08:05:00,30.416655052264808,29.538815331010458
2026-04-23 08:10:00,30.41592334494774,29.49344947735192
2026-04-23 08:15:00,30.41547038327526,29.449477351916375
2026-04-23 08:20:00,30.415121951219515,29.40665505226481
2026-04-23 08:25:00,30.4176306620209,29.360766550522644
2026-04-23 08:30:00,30.420139372822298,29.314668989547044
2026-04-23 08:35:00,30.42191637630662,29.271289198606272
2026-04-23 08:40:00,30.423135888501744,29.229756097560976
2026-04-23 08:45:00,30.42435540069686,29.185993031358883
2026-04-23 08:50:00,30.424425087108013,29.15383275261324
2026-04-23 08:55:00,30.425470383275265,29.111080139372827
2026-04-23 09:00:00,30.427073170731706,29.064703832752613
2026-04-23 09:05:00,30.429477351916375,29.0305574912892
2026-04-23 09:10:00,30.431114982578396,28.986341463414632
2026-04-23 09:15:00,30.432648083623693,28.939163763066198
2026-04-23 09:20:00,30.43386759581881,28.903414634146337
2026-04-23 09:25:00,30.43466898954704,28.86142857142857
2026-04-23 09:30:00,30.434599303135887,28.83191637630662
2026-04-23 09:35:00,30.43435540069687,28.796933797909407
2026-04-23 09:40:00,30.43536585365854,28.75494773519164
2026-04-23 09:45:00,30.435435540069683,28.724808362369334
2026-04-23 09:50:00,30.437247386759587,28.684878048780487
2026-04-23 09:55:00,30.436759581881528,28.656341463414638
2026-04-23 10:00:00,30.439651567944253,28.615574912891987
2026-04-23 10:05:00,30.438989547038325,28.58700348432056
2026-04-23 10:10:00,30.43745644599303,28.55397212543554
2026-04-23 10:15:00,30.43742160278746,28.524216027874566
2026-04-23 10:20:00,30.437386759581877,28.492648083623695
2026-04-23 10:25:00,30.438501742160273,28.455714285714286
2026-04-23 10:30:00,30.4380487804878,28.42540069686411
2026-04-23 10:35:00,30.437282229965156,28.38665505226481
2026-04-23 10:40:00,30.43017421602788,28.36616724738676
2026-04-23 10:45:00,30.430243902439027,28.33759581881533
2026-04-23 10:50:00,30.433728222996514,28.299268292682928
2026-04-23 10:55:00,30.42829268292683,28.275783972125435
2026-04-23 11:00:00,30.424599303135892,28.251672473867597
2026-04-23 11:05:00,30.42229965156794,28.225574912891986
2026-04-23 11:10:00,30.420801393728226,28.198118466898958
2026-04-23 11:15:00,30.419895470383278,28.170104529616722
2026-04-23 11:20:00,30.414878048780487,28.145156794425088
2026-04-23 11:25:00,30.408327526132407,28.128885017421602
2026-04-23 11:30:00,30.401602787456447,28.109303135888503
2026-04-23 11:35:00,30.39278745644599,28.09836236933798
2026-04-23 11:40:00,30.38714285714286,28.081045296167247
2026-04-23 11:45:00,30.383344947735193,28.059477351916378
2026-04-23 11:50:00,30.380940766550523,28.034982578397212
2026-04-23 11:55:00,30.379477351916375,28.008501742160277
2026-04-23 12:00:00,30.37881533101045,27.980313588850173
2026-04-23 12:05:00,30.378571428571426,27.95149825783972
2026-04-23 12:10:00,30.37878048780488,27.92247386759582
2026-04-23 12:15:00,30.37296167247387,27.90184668989547
2026-04-23 12:20:00,30.36777003484321,27.888013937282228
2026-04-23 12:25:00,30.36843205574913,27.858222996515682
2026-04-23 12:30:00,30.362822299651572,27.844216027874566
2026-04-23 12:35:00,30.364076655052266,27.816062717770034
2026-04-23 12:40:00,30.360174216027872,27.797839721254356
2026-04-23 12:45:00,30.357456445993034,27.780174216027874
2026-04-23 12:50:00,30.35703832752613,27.757003484320556
2026-04-23 12:55:00,30.355017421602785,27.738118466898953
2026-04-23 13:00:00,30.357247386759585,27.714285714285715
2026-04-23 13:05:00,30.362543554006965,27.68160278745645
2026-04-23 13:10:00,30.366097560975614,27.651324041811847
2026-04-23 13:15:00,30.368780487804873,27.622090592334494
2026-04-23 13:20:00,30.370940766550518,27.593414634146338
2026-04-23 13:25:00,30.372822299651567,27.564947735191634
2026-04-23 13:30:00,30.374738675958184,27.53696864111498
2026-04-23 13:35:00,30.376620209059233,27.50951219512195
2026-04-23 13:40:00,30.378501742160275,27.48132404181185
2026-04-23 13:45:00,30.38048780487805,27.452857142857145
2026-04-23 13:50:00,30.38240418118467,27.424250871080137
2026-04-23 13:55:00,30.384320557491286,27.39547038327526
2026-04-23 14:00:00,30.386271777003486,27.366794425087107
2026-04-23 14:05:00,30.388188153310104,27.337700348432055
2026-04-23 14:10:00,30.389965156794425,27.308501742160278
2026-04-23 14:15:00,30.39156794425087,27.279198606271777
2026-04-23 14:20:00,30.393066202090598,27.250452961672476
2026-04-23 14:25:00,30.39449477351916,27.22219512195122
2026-04-23 14:30:00,30.395783972125436,27.194494773519164
2026-04-23 14:35:00,30.396968641114984,27.167317073170732
2026-04-23 14:40:00,30.39804878048781,27.140313588850173
2026-04-23 14:45:00,30.39888501742161,27.11327526132404
2026-04-23 14:50:00,30.399686411149823,27.086480836236934
2026-04-23 14:55:00,30.4004181184669,27.059756097560975
2026-04-23 15:00:00,30.4011149825784,27.03369337979094
2026-04-23 15:05:00,30.401881533101047,27.008466898954705
2026-04-23 15:10:00,30.402682926829268,26.983832752613242
2026-04-23 15:15:00,30.403519163763065,26.95909407665505
2026-04-23 15:20:00,30.404494773519165,26.933867595818818
2026-04-23 15:25:00,30.405644599303137,26.90864111498258
2026-04-23 15:30:00,30.40672473867596,26.88379790940767
2026-04-23 15:35:00,30.40783972125435,26.859268292682927
2026-04-23 15:40:00,30.408850174216028,26.83529616724739
2026-04-23 15:45:00,30.409756097560976,26.81149825783972
2026-04-23 15:50:00,30.410522648083624,26.788885017421602
2026-04-23 15:55:00,30.411219512195125,26.766864111498258
2026-04-23 16:00:00,30.411846689895473,26.745365853658537
2026-04-23 16:05:00,30.412020905923345,26.72529616724739
2026-04-23 16:10:00,30.411393728222997,26.70623693379791
2026-04-23 16:15:00,30.41038327526132,26.68780487804878
2026-04-23 16:20:00,30.409233449477348,26.670487804878046
2026-04-23 16:25:00,30.407909407665503,26.654216027874565
2026-04-23 16:30:00,30.406341463414638,26.638850174216024
2026-04-23 16:35:00,30.404703832752617,26.62411149825784
2026-04-23 16:40:00,30.402891986062716,26.610348432055748
2026-04-23 16:45:00,30.400940766550523,26.59724738675958
2026-04-23 16:50:00,30.39898954703833,26.58501742160279
2026-04-23 16:55:00,30.397038327526136,26.573344947735194
2026-04-23 17:00:00,30.395226480836232,26.56205574912892
2026-04-23 17:05:00,30.39348432055749,26.550871080139373
2026-04-23 17:10:00,30.391533101045297,26.539965156794423
2026-04-23 17:15:00,30.389825783972128,26.5290243902439
2026-04-23 17:20:00,30.388606271777007,26.516550522648085
2026-04-23 17:25:00,30.388188153310104,26.500871080139373
2026-04-23 17:30:00,30.38850174216028,26.482020905923346
2026-04-23 17:35:00,30.38714285714286,26.464494773519164
2026-04-23 17:40:00,30.387874564459928,26.445540069686412
2026-04-23 17:45:00,30.388675958188156,26.425365853658537
2026-04-23 17:50:00,30.38951219512195,26.404355400696865
2026-04-23 17:55:00,30.390313588850177,26.383031358885017
2026-04-23 18:00:00,30.391010452961677,26.361672473867593
2026-04-23 18:05:00,30.39177700348432,26.340069686411148
2026-04-23 18:10:00,30.392543554006966,26.318153310104528
2026-04-23 18:15:00,30.38752613240418,26.30397212543554
2026-04-23 18:20:00,30.383170731707313,26.291986062717772
2026-04-23 18:25:00,30.373090277777774,26.30479166666667
2026-04-23 18:30:00,30.364236111111115,26.300069444444446
2026-04-23 18:35:00,30.358506944444443,26.288229166666667
2026-04-23 18:40:00,30.35458333333333,26.270694444444445
2026-04-23 18:45:00,30.351944444444445,26.248194444444447
2026-04-23 18:50:00,30.350104166666668,26.221493055555555
2026-04-23 18:55:00,30.34892361111112,26.191145833333334
2026-04-23 19:00:00,30.344409722222224,26.163229166666667
2026-04-23 19:05:00,30.344375,26.131770833333334
2026-04-23 19:10:00,30.344513888888887,26.097118055555555
2026-04-23 19:15:00,30.344687500000003,26.060208333333335
2026-04-23 19:20:00,30.34506944444444,26.02170138888889
2026-04-23 19:25:00,30.33763888888889,25.990972222222226
2026-04-23 19:30:00,30.334548611111114,25.963229166666665
2026-04-23 19:35:00,30.338125000000005,25.922256944444445
2026-04-23 19:40:00,30.340243055555554,25.865729166666668
2026-04-23 19:45:00,30.334062499999998,25.83795138888889
2026-04-23 19:50:00,30.33430555555556,25.806770833333335
2026-04-23 19:55:00,30.338854166666668,25.758715277777775
2026-04-23 20:00:00,30.33361111111111,25.72684027777778
2026-04-23 20:05:00,30.330694444444443,25.703263888888888
2026-04-23 20:10:00,30.3359375,25.644479166666667
2026-04-23 20:15:00,30.334131944444444,25.61690972222222
2026-04-23 20:20:00,30.34204861111111,25.580381944444444
2026-04-23 20:25:00,30.347465277777776,25.526944444444442
2026-04-23 20:30:00,30.350763888888892,25.486944444444447
2026-04-23 20:35:00,30.35361111111111,25.445486111111112
2026-04-23 20:40:00,30.35541666666667,25.41208333333333
2026-04-23 20:45:00,30.35590277777778,25.391631944444445
2026-04-23 20:50:00,30.35736111111111,25.36125
2026-04-23 20:55:00,30.355069444444446,25.344444444444445
2026-04-23 21:00:00,30.356458333333332,25.316388888888888
2026-04-23 21:05:00,30.35635416666667,25.29822916666667
2026-04-23 21:10:00,30.357569444444444,25.268194444444443
2026-04-23 21:15:00,30.35836805555555,25.24010416666667
2026-04-23 21:20:00,30.35756944444445,25.217465277777777
2026-04-23 21:25:00,30.35875,25.187638888888888
2026-04-23 21:30:00,30.357534722222226,25.16809027777778
2026-04-23 21:35:00,30.358541666666667,25.140590277777775
2026-04-23 21:40:00,30.358472222222222,25.121979166666666
2026-04-23 21:45:00,30.358333333333334,25.096979166666664
2026-04-23 21:50:00,30.35774305555556,25.079201388888887
2026-04-23 21:55:00,30.35704861111111,25.05642361111111
2026-04-23 22:00:00,30.35666666666667,25.03920138888889
2026-04-23 22:05:00,30.354583333333338,25.02072916666667
2026-04-23 22:10:00,30.353368055555556,25.00607638888889
2026-04-23 22:15:00,30.34954861111111,24.992743055555554
2026-04-23 22:20:00,30.34375,24.981284722222224
2026-04-23 22:25:00,30.338124999999998,24.973715277777778
2026-04-23 22:30:00,30.333090277777778,24.963854166666668
2026-04-23 22:35:00,30.324375,24.965868055555557
2026-04-23 22:40:00,30.320069444444446,24.956875000000004
2026-04-23 22:45:00,30.311250000000005,24.957534722222224
2026-04-23 22:50:00,30.30784722222222,24.948854166666667
2026-04-23 22:55:00,30.30020833333333,24.952222222222222
2026-04-23 23:00:00,30.2965625,24.94420138888889
2026-04-23 23:05:00,30.29295138888889,24.93920138888889
2026-04-23 23:10:00,30.289375,24.934652777777774
2026-04-23 23:15:00,30.284756944444446,24.93138888888889
2026-04-23 23:20:00,30.28440972222222,24.923506944444444
2026-04-23 23:25:00,30.27951388888889,24.9215625
2026-04-23 23:30:00,30.27881944444444,24.91111111111111
2026-04-23 23:35:00,30.276250000000005,24.910173611111112
2026-04-23 23:40:00,30.273506944444446,24.906111111111112
2026-04-23 23:45:00,30.271944444444443,24.90597222222222
2026-04-23 23:50:00,30.267187500000002,24.90357638888889
2026-04-23 23:55:00,30.26663194444444,24.898576388888888
2026-04-24 00:00:00,30.26159722222222,24.89881944444444
2026-04-24 00:05:00,30.260381944444443,24.894131944444442
2026-04-24 00:10:00,30.256701388888885,24.893125
2026-04-24 00:15:00,30.254583333333333,24.889097222222222
2026-04-24 00:20:00,30.250902777777778,24.886319444444446
2026-04-24 00:25:00,30.249131944444443,24.883298611111112
2026-04-24 00:30:00,30.245277777777776,24.88048611111111
2026-04-24 00:35:00,30.246666666666663,24.872638888888886
2026-04-24 00:40:00,30.242847222222224,24.869999999999997
2026-04-24 00:45:00,30.243645833333332,24.85760416666667
2026-04-24 00:50:00,30.241770833333337,24.8553125
2026-04-24 00:55:00,30.243645833333332,24.844375
2026-04-24 01:00:00,30.246701388888887,24.833298611111115
2026-04-24 01:05:00,30.248229166666672,24.82298611111111
2026-04-24 01:10:00,30.254131944444445,24.8071875
2026-04-24 01:15:00,30.257777777777783,24.79649305555556
2026-04-24 01:20:00,30.264444444444443,24.78079861111111
2026-04-24 01:25:00,30.27232638888889,24.767777777777777
2026-04-24 01:30:00,30.278715277777774,24.753333333333334
2026-04-24 01:35:00,30.284618055555555,24.740902777777777
2026-04-24 01:40:00,30.288333333333338,24.732152777777777
2026-04-24 01:45:00,30.291562499999998,24.724375
2026-04-24 01:50:00,30.29385416666667,24.72041666666667
2026-04-24 01:55:00,30.295937499999997,24.71576388888889
2026-04-24 02:00:00,30.29871527777778,24.7121875
2026-04-24 02:05:00,30.299861111111106,24.710833333333333
2026-04-24 02:10:00,30.303298611111114,24.706041666666668
2026-04-24 02:15:00,30.303923611111113,24.707118055555558
2026-04-24 02:20:00,30.305069444444445,24.7075
2026-04-24 02:25:00,30.305520833333333,24.710277777777776
2026-04-24 02:30:00,30.308229166666667,24.708854166666665
2026-04-24 02:35:00,30.308506944444446,24.713020833333335
2026-04-24 02:40:00,30.31079861111111,24.71333333333333
2026-04-24 02:45:00,30.31090277777778,24.719166666666666
2026-04-24 02:50:00,30.311145833333335,24.725
2026-04-24 02:55:00,30.311319444444443,24.733368055555555
2026-04-24 03:00:00,30.311319444444443,24.74152777777778
2026-04-24 03:05:00,30.314131944444448,24.748923611111113
2026-04-24 03:10:00,30.314305555555556,24.759305555555557
2026-04-24 03:15:00,30.31565972222222,24.76857638888889
2026-04-24 03:20:00,30.31607638888889,24.781319444444446
2026-04-24 03:25:00,30.316701388888887,24.795729166666664
2026-04-24 03:30:00,30.316597222222224,24.809270833333333
2026-04-24 03:35:00,30.317500000000003,24.82486111111111
2026-04-24 03:40:00,30.316041666666667,24.842083333333335
2026-04-24 03:45:00,30.31715277777778,24.858958333333334
2026-04-24 03:50:00,30.314131944444448,24.88263888888889
2026-04-24 03:55:00,30.315347222222222,24.90107638888889
2026-04-24 04:00:00,30.31277777777778,24.927152777777778
2026-04-24 04:05:00,30.313854166666673,24.945833333333336
2026-04-24 04:10:00,30.31354166666667,24.97152777777778
2026-04-24 04:15:00,30.312881944444445,24.99295138888889
2026-04-24 04:20:00,30.313854166666673,25.018854166666667
2026-04-24 04:25:00,30.311354166666668,25.046944444444446
2026-04-24 04:30:00,30.31291666666667,25.07340277777778
2026-04-24 04:35:00,30.310902777777773,25.10267361111111
2026-04-24 04:40:00,30.31177083333333,25.12982638888889
2026-04-24 04:45:00,30.310624999999998,25.159479166666667
2026-04-24 04:50:00,30.309236111111115,25.18826388888889
2026-04-24 04:55:00,30.309236111111108,25.217291666666668
2026-04-24 05:00:00,30.308645833333337,25.245763888888888
2026-04-24 05:05:00,30.308784722222224,25.275729166666665
2026-04-24 05:10:00,30.308784722222224,25.304895833333333
2026-04-24 05:15:00,30.30885416666667,25.336076388888888
2026-04-24 05:20:00,30.30892361111111,25.367708333333333
2026-04-24 05:25:00,30.30857638888889,25.400694444444444
2026-04-24 05:30:00,30.308194444444446,25.43315972222222
2026-04-24 05:35:00,30.30399305555556,25.47072916666667
2026-04-24 05:40:00,30.301458333333333,25.50645833333333
2026-04-24 05:45:00,30.296423611111113,25.54465277777778
2026-04-24 05:50:00,30.29663194444444,25.578472222222224
2026-04-24 05:55:00,30.29298611111111,25.616180555555555
2026-04-24 06:00:00,30.292604166666667,25.652256944444446
2026-04-24 06:05:00,30.290381944444448,25.68777777777778
2026-04-24 06:10:00,30.2884375,25.723229166666666
2026-04-24 06:15:00,30.28690972222222,25.759062500000002
2026-04-24 06:20:00,30.28590277777778,25.793333333333337
2026-04-24 06:25:00,30.283819444444443,25.83138888888889
2026-04-24 06:30:00,30.28427083333333,25.862881944444446
2026-04-24 06:35:00,30.281527777777782,25.898923611111112
2026-04-24 06:40:00,30.280729166666667,25.9315625
2026-04-24 06:45:00,30.277430555555554,25.967152777777777
2026-04-24 06:50:00,30.276006944444443,25.99954861111111
2026-04-24 06:55:00,30.27274305555555,26.03086805555556
2026-04-24 07:00:00,30.27,26.06451388888889
2026-04-24 07:05:00,30.268749999999997,26.095868055555556
2026-04-24 07:10:00,30.265173611111113,26.130625
2026-04-24 07:15:00,30.26388888888889,26.161597222222223
2026-04-24 07:20:00,30.26045138888888,26.195868055555554
2026-04-24 07:25:00,30.258541666666662,26.225173611111114
2026-04-24 07:30:00,30.25458333333334,26.259340277777778
2026-04-24 07:35:00,30.24847222222222,26.295034722222223
2026-04-24 07:40:00,30.24520833333333,26.329305555555557
2026-04-24 07:45:00,30.241388888888892,26.36378472222222
2026-04-24 07:50:00,30.238923611111108,26.393125
2026-04-24 07:55:00,30.23784722222222,26.42465277777778
2026-04-24 08:00:00,30.237673611111113,26.451180555555553
2026-04-24 08:05:00,30.23829861111111,26.48027777777778
2026-04-24 08:10:00,30.238923611111108,26.5071875
2026-04-24 08:15:00,30.236215277777774,26.54097222222222
2026-04-24 08:20:00,30.234618055555554,26.573020833333334
2026-04-24 08:25:00,30.233819444444446,26.60333333333333
2026-04-24 08:30:00,30.231562500000003,26.62902777777778
2026-04-24 08:35:00,30.228819444444444,26.66111111111111
2026-04-24 08:40:00,30.227222222222217,26.690868055555555
2026-04-24 08:45:00,30.22586805555556,26.721874999999997
2026-04-24 08:50:00,30.22239583333333,26.75753472222222
2026-04-24 08:55:00,30.221423611111113,26.78423611111111
2026-04-24 09:00:00,30.220243055555557,26.815277777777776
2026-04-24 09:05:00,30.21559027777778,26.84652777777778
2026-04-24 09:10:00,30.214305555555555,26.875902777777778
2026-04-24 09:15:00,30.211493055555554,26.910729166666666
2026-04-24 09:20:00,30.20822916666667,26.942013888888887
2026-04-24 09:25:00,30.204201388888887,26.979305555555555
2026-04-24 09:30:00,30.204305555555557,27.008298611111112
2026-04-24 09:35:00,30.200590277777774,27.046527777777776
2026-04-24 09:40:00,30.200208333333332,27.073229166666668
2026-04-24 09:45:00,30.196770833333332,27.11232638888889
2026-04-24 09:50:00,30.195416666666663,27.13986111111111
2026-04-24 09:55:00,30.192951388888886,27.17329861111111
2026-04-24 10:00:00,30.191909722222224,27.20371527777778
2026-04-24 10:05:00,30.191875,27.232916666666668
2026-04-24 10:10:00,30.18972222222222,27.267152777777778
2026-04-24 10:15:00,30.19236111111111,27.29503472222222
2026-04-24 10:20:00,30.19635416666667,27.319270833333334
2026-04-24 10:25:00,30.200034722222224,27.341805555555553
2026-04-24 10:30:00,30.203888888888894,27.365381944444447
2026-04-24 10:35:00,30.214652777777783,27.376006944444445
2026-04-24 10:40:00,30.22236111111111,27.390486111111112
2026-04-24 10:45:00,30.223437499999996,27.412256944444447
2026-04-24 10:50:00,30.221423611111113,27.44152777777778
2026-04-24 10:55:00,30.220659722222226,27.469236111111112
2026-04-24 11:00:00,30.22059027777778,27.495798611111113
2026-04-24 11:05:00,30.22100694444445,27.5209375
2026-04-24 11:10:00,30.22177083333333,27.544791666666665
2026-04-24 11:15:00,30.22277777777778,27.567187500000003
2026-04-24 11:20:00,30.223888888888887,27.589166666666667
2026-04-24 11:25:00,30.224999999999998,27.610763888888886
2026-04-24 11:30:00,30.22607638888889,27.63170138888889
2026-04-24 11:35:00,30.22715277777778,27.651666666666667
2026-04-24 11:40:00,30.22819444444444,27.67128472222222
2026-04-24 11:45:00,30.229374999999997,27.69065972222222
2026-04-24 11:50:00,30.230520833333337,27.709791666666668
2026-04-24 11:55:00,30.231701388888887,27.72826388888889
2026-04-24 12:00:00,30.232916666666668,27.74621527777778
2026-04-24 12:05:00,30.23395833333333,27.76392361111111
2026-04-24 12:10:00,30.239826388888886,27.774687500000002
2026-04-24 12:15:00,30.247222222222224,27.77809027777778
2026-04-24 12:20:00,30.250625,27.785104166666667
2026-04-24 12:25:00,30.253402777777776,27.798055555555557
2026-04-24 12:30:00,30.2571875,27.806180555555557
2026-04-24 12:35:00,30.255868055555556,27.82302083333333
2026-04-24 12:40:00,30.258923611111115,27.833020833333332
2026-04-24 12:45:00,30.261527777777783,27.842152777777777
2026-04-24 12:50:00,30.258090277777782,27.862708333333334
2026-04-24 12:55:00,30.261215277777776,27.87152777777778
2026-04-24 13:00:00,30.26024305555556,27.883541666666666
2026-04-24 13:05:00,30.25618055555556,27.903125
2026-04-24 13:10:00,30.25375,27.91954861111111
2026-04-24 13:15:00,30.252361111111114,27.934340277777775
2026-04-24 13:20:00,30.25163194444444,27.94847222222222
2026-04-24 13:25:00,30.251388888888886,27.962048611111115
2026-04-24 13:30:00,30.251458333333332,27.974791666666665
2026-04-24 13:35:00,30.251805555555556,27.986666666666665
2026-04-24 13:40:00,30.25232638888889,27.998368055555556
2026-04-24 13:45:00,30.253020833333338,28.009652777777777
2026-04-24 13:50:00,30.253854166666663,28.020555555555557
2026-04-24 13:55:00,30.254895833333332,28.031180555555554
2026-04-24 14:00:00,30.256041666666665,28.041597222222222
2026-04-24 14:05:00,30.25732638888889,28.05204861111111
2026-04-24 14:10:00,30.258888888888887,28.061736111111113
2026-04-24 14:15:00,30.260624999999997,28.07128472222222
2026-04-24 14:20:00,30.262395833333333,28.080937499999997
2026-04-24 14:25:00,30.264375000000005,28.090590277777775
2026-04-24 14:30:00,30.266458333333333,28.09989583333333
2026-04-24 14:35:00,30.26868055555555,28.108888888888888
2026-04-24 14:40:00,30.27114583333333,28.117430555555554
2026-04-24 14:45:00,30.273888888888887,28.126041666666666
2026-04-24 14:50:00,30.276805555555555,28.134583333333335
2026-04-24 14:55:00,30.27982638888889,28.142708333333335
2026-04-24 15:00:00,30.28295138888889,28.15020833333333
2026-04-24 15:05:00,30.286111111111115,28.156909722222224
2026-04-24 15:10:00,30.28934027777778,28.16305555555555
2026-04-24 15:15:00,30.292638888888884,28.16965277777778
2026-04-24 15:20:00,30.295972222222222,28.176423611111108
2026-04-24 15:25:00,30.299409722222226,28.183263888888888
2026-04-24 15:30:00,30.30295138888889,28.18940972222222
2026-04-24 15:35:00,30.30638888888889,28.195000000000004
2026-04-24 15:40:00,30.309895833333332,28.199756944444445
2026-04-24 15:45:00,30.31350694444444,28.204097222222224
2026-04-24 15:50:00,30.31715277777778,28.207430555555554
2026-04-24 15:55:00,30.32100694444444,28.20996527777778
2026-04-24 16:00:00,30.324930555555554,28.211875000000003
2026-04-24 16:05:00,30.328923611111108,28.21302083333333
2026-04-24 16:10:00,30.333020833333332,28.213854166666668
2026-04-24 16:15:00,30.336909722222224,28.214756944444446
2026-04-24 16:20:00,30.3403125,28.21576388888889
2026-04-24 16:25:00,30.343333333333337,28.2165625
2026-04-24 16:30:00,30.346180555555552,28.21704861111111
2026-04-24 16:35:00,30.348472222222217,28.217152777777777
2026-04-24 16:40:00,30.34993055555556,28.217222222222222
2026-04-24 16:45:00,30.35055555555556,28.217569444444443
2026-04-24 16:50:00,30.350173611111114,28.2184375
2026-04-24 16:55:00,30.348888888888887,28.22
2026-04-24 17:00:00,30.347048611111113,28.222256944444446
2026-04-24 17:05:00,30.345000000000002,28.2246875
2026-04-24 17:10:00,30.343090277777776,28.227291666666666
2026-04-24 17:15:00,30.341041666666666,28.230416666666667
2026-04-24 17:20:00,30.338923611111113,28.234791666666666
2026-04-24 17:25:00,30.344305555555554,28.230486111111112
2026-04-24 17:30:00,30.348715277777778,28.226284722222218
2026-04-24 17:35:00,30.350104166666668,28.2259375
2026-04-24 17:40:00,30.35125,28.23173611111111
2026-04-24 17:45:00,30.3534375,28.233888888888888
2026-04-24 17:50:00,30.355243055555555,28.23642361111111
2026-04-24 17:55:00,30.35694444444444,28.238333333333333
2026-04-24 18:00:00,30.358819444444446,28.238819444444445
2026-04-24 18:05:00,30.36079861111111,28.238055555555558
2026-04-24 18:10:00,30.363020833333337,28.235972222222223
2026-04-24 18:15:00,30.3653125,28.232326388888893
2026-04-24 18:20:00,30.36767361111111,28.227430555555557
2026-04-24 18:25:00,30.37034722222222,28.221006944444444
2026-04-24 18:30:00,30.372916666666665,28.213854166666668
2026-04-24 18:35:00,30.37538194444444,28.208090277777778
2026-04-24 18:40:00,30.385937499999997,28.190729166666667
2026-04-24 18:45:00,30.394166666666667,28.17361111111111
2026-04-24 18:50:00,30.400416666666665,28.158993055555555
2026-04-24 18:55:00,30.40541666666666,28.145972222222223
2026-04-24 19:00:00,30.40920138888889,28.132326388888888
2026-04-24 19:05:00,30.40565972222222,28.133854166666666
2026-04-24 19:10:00,30.410937500000003,28.121180555555558
2026-04-24 19:15:00,30.415138888888887,28.108888888888888
2026-04-24 19:20:00,30.4184375,28.097083333333334
2026-04-24 19:25:00,30.421354166666667,28.085104166666664
2026-04-24 19:30:00,30.426041666666663,28.07003472222222
2026-04-24 19:35:00,30.427291666666665,28.059826388888887
2026-04-24 19:40:00,30.42864583333333,28.048125
2026-04-24 19:45:00,30.43013888888889,28.0346875
2026-04-24 19:50:00,30.433958333333333,28.017743055555556
2026-04-24 19:55:00,30.43385416666667,28.005833333333335
2026-04-24 20:00:00,30.434409722222224,27.991770833333334
2026-04-24 20:05:00,30.434513888888887,27.97486111111111
2026-04-24 20:10:00,30.435381944444444,27.961840277777778
2026-04-24 20:15:00,30.43479166666667,27.94628472222222
2026-04-24 20:20:00,30.425555555555555,27.944236111111113
2026-04-24 20:25:00,30.4253125,27.932534722222226
2026-04-24 20:30:00,30.42177083333333,27.923819444444444
2026-04-24 20:35:00,30.422499999999996,27.913715277777776
2026-04-24 20:40:00,30.421388888888885,27.9053125
2026-04-24 20:45:00,30.4225,27.89902777777778
2026-04-24 20:50:00,30.422118055555554,27.894305555555558
2026-04-24 20:55:00,30.42347222222222,27.89236111111111
2026-04-24 21:00:00,30.423819444444447,27.890868055555558
2026-04-24 21:05:00,30.425868055555554,27.892743055555556
2026-04-24 21:10:00,30.422430555555554,27.901631944444446
2026-04-24 21:15:00,30.424965277777783,27.90451388888889
2026-04-24 21:20:00,30.421979166666663,27.917638888888888
2026-04-24 21:25:00,30.424479166666668,27.924374999999998
2026-04-24 21:30:00,30.421875,27.941493055555554
2026-04-24 21:35:00,30.42388888888889,27.95322916666667
2026-04-24 21:40:00,30.42170138888889,27.97378472222222
2026-04-24 21:45:00,30.424618055555552,27.989062500000003
2026-04-24 21:50:00,30.424340277777773,28.010243055555556
2026-04-24 21:55:00,30.426770833333332,28.031006944444442
2026-04-24 22:00:00,30.42611111111111,28.054756944444442
2026-04-24 22:05:00,30.42923611111111,28.07767361111111
2026-04-24 22:10:00,30.430104166666663,28.100416666666668
2026-04-24 22:15:00,30.43371527777778,28.125694444444445
2026-04-24 22:20:00,30.433958333333333,28.149479166666666
2026-04-24 22:25:00,30.43777777777778,28.176666666666666
2026-04-24 22:30:00,30.441875,28.203541666666666
2026-04-24 22:35:00,30.446284722222224,28.22986111111111
2026-04-24 22:40:00,30.450763888888886,28.25628472222222
2026-04-24 22:45:00,30.459722222222222,28.27298611111111
2026-04-24 22:50:00,30.463819444444443,28.300590277777776
2026-04-24 22:55:00,30.47277777777778,28.311354166666668
2026-04-24 23:00:00,30.476388888888884,28.339930555555554
2026-04-24 23:05:00,30.482465277777774,28.350590277777776
2026-04-24 23:10:00,30.486562500000005,28.378368055555555
2026-04-24 23:15:00,30.49114583333333,28.39170138888889
2026-04-24 23:20:00,30.495833333333337,28.418055555555554
2026-04-24 23:25:00,30.498923611111113,28.446215277777778
2026-04-24 23:30:00,30.5040625,28.47107638888889
2026-04-24 23:35:00,30.506180555555552,28.500763888888894
2026-04-24 23:40:00,30.510624999999997,28.519930555555554
2026-04-24 23:45:00,30.512638888888887,28.548680555555556
2026-04-24 23:50:00,30.51621527777778,28.565486111111113
2026-04-24 23:55:00,30.51847222222223,28.59232638888889
2026-04-25 00:00:00,30.521458333333335,28.609166666666663
2026-04-25 00:05:00,30.52329861111111,28.635520833333334
2026-04-25 00:10:00,30.527083333333337,28.66104166666667
2026-04-25 00:15:00,30.52954861111111,28.68527777777778
2026-04-25 00:20:00,30.533541666666665,28.70892361111111
2026-04-25 00:25:00,30.536145833333332,28.73048611111111
2026-04-25 00:30:00,30.539895833333333,28.752569444444443
2026-04-25 00:35:00,30.54069444444444,28.77173611111111
2026-04-25 00:40:00,30.54440972222222,28.79208333333333
2026-04-25 00:45:00,30.544756944444444,28.813020833333333
2026-04-25 00:50:00,30.548333333333332,28.83170138888889
2026-04-25 00:55:00,30.545590277777777,28.859618055555554
2026-04-25 01:00:00,30.545833333333334,28.88180555555556
2026-04-25 01:05:00,30.543229166666663,28.908541666666665
2026-04-25 01:10:00,30.540312499999995,28.928611111111113
2026-04-25 01:15:00,30.53559027777778,28.9565625
2026-04-25 01:20:00,30.529583333333335,28.97920138888889
2026-04-25 01:25:00,30.52447916666667,29.006597222222222
2026-04-25 01:30:00,30.516388888888894,29.039444444444445
2026-04-25 01:35:00,30.513472222222227,29.059791666666666
2026-04-25 01:40:00,30.50809027777778,29.087812500000002
2026-04-25 01:45:00,30.506944444444443,29.10420138888889
2026-04-25 01:50:00,30.50361111111111,29.128402777777783
2026-04-25 01:55:00,30.502187500000005,29.143854166666667
2026-04-25 02:00:00,30.500520833333333,29.16708333333333
2026-04-25 02:05:00,30.498229166666672,29.189618055555552
2026-04-25 02:10:00,30.498506944444443,29.210520833333337
2026-04-25 02:15:00,30.496458333333333,29.233020833333327
2026-04-25 02:20:00,30.497326388888887,29.247187500000003
2026-04-25 02:25:00,30.4959375,29.268715277777776
2026-04-25 02:30:00,30.492604166666663,29.296041666666667
2026-04-25 02:35:00,30.49190972222222,29.316909722222224
2026-04-25 02:40:00,30.48954861111111,29.34420138888889
2026-04-25 02:45:00,30.489479166666666,29.364687499999995
2026-04-25 02:50:00,30.489826388888886,29.387500000000003
2026-04-25 02:55:00,30.49017361111111,29.407500000000002
2026-04-25 03:00:00,30.490520833333335,29.43010416666667
2026-04-25 03:05:00,30.490659722222226,29.45274305555556
2026-04-25 03:10:00,30.49034722222222,29.47597222222223
2026-04-25 03:15:00,30.49329861111111,29.49621527777778
2026-04-25 03:20:00,30.492222222222225,29.52038194444445
2026-04-25 03:25:00,30.495798611111113,29.53715277777778
2026-04-25 03:30:00,30.494548611111107,29.563472222222224
2026-04-25 03:35:00,30.49704861111111,29.581423611111113
2026-04-25 03:40:00,30.496736111111108,29.606944444444448
2026-04-25 03:45:00,30.498506944444443,29.625625
2026-04-25 03:50:00,30.5,29.64621527777778
2026-04-25 03:55:00,30.50104166666667,29.66506944444444
2026-04-25 04:00:00,30.502118055555556,29.684097222222217
2026-04-25 04:05:00,30.502569444444443,29.704479166666665
2026-04-25 04:10:00,30.505937499999998,29.717604166666668
2026-04-25 04:15:00,30.506631944444443,29.737916666666667
2026-04-25 04:20:00,30.508229166666663,29.752534722222222
2026-04-25 04:25:00,30.513090277777778,29.761875
2026-04-25 04:30:00,30.515625,29.773090277777776
2026-04-25 04:35:00,30.520590277777778,29.780277777777783
2026-04-25 04:40:00,30.522777777777783,29.791562500000005
2026-04-25 04:45:00,30.526736111111113,29.79861111111111
2026-04-25 04:50:00,30.53069444444444,29.808854166666663
2026-04-25 04:55:00,30.534097222222222,29.816180555555555
2026-04-25 05:00:00,30.537256944444444,29.826840277777777
2026-04-25 05:05:00,30.541249999999998,29.833125000000003
2026-04-25 05:10:00,30.544201388888887,29.84305555555556
2026-04-25 05:15:00,30.548750000000002,29.847118055555555
2026-04-25 05:20:00,30.548437500000002,29.859166666666667
2026-04-25 05:25:00,30.551701388888887,29.86565972222222
2026-04-25 05:30:00,30.553506944444443,29.873784722222222
2026-04-25 05:35:00,30.558402777777776,29.877361111111114
2026-04-25 05:40:00,30.561423611111113,29.88295138888889
2026-04-25 05:45:00,30.563645833333332,29.89107638888889
2026-04-25 05:50:00,30.565000000000005,29.89902777777778
2026-04-25 05:55:00,30.56940972222223,29.90305555555556
2026-04-25 06:00:00,30.57215277777778,29.908750000000005
2026-04-25 06:05:00,30.57711805555555,29.91243055555556
2026-04-25 06:10:00,30.57739583333333,29.92138888888889
2026-04-25 06:15:00,30.580798611111113,29.926840277777778
2026-04-25 06:20:00,30.582604166666663,29.93392361111111
2026-04-25 06:25:00,30.587152777777774,29.937013888888885
2026-04-25 06:30:00,30.589583333333337,29.943923611111114
2026-04-25 06:35:00,30.594513888888887,29.94684027777778
2026-04-25 06:40:00,30.596979166666667,29.950902777777774
2026-04-25 06:45:00,30.599131944444448,29.958645833333335
2026-04-25 06:50:00,30.599965277777773,29.968020833333338
2026-04-25 06:55:00,30.602847222222223,29.97756944444445
2026-04-25 07:00:00,30.60534722222222,29.984166666666667
2026-04-25 07:05:00,30.606666666666666,29.99236111111111
2026-04-25 07:10:00,30.607430555555553,30.00184027777778
2026-04-25 07:15:00,30.607430555555556,30.012812500000003
2026-04-25 07:20:00,30.610659722222223,30.018854166666667
2026-04-25 07:25:00,30.61284722222222,30.028750000000002
2026-04-25 07:30:00,30.613576388888887,30.039444444444445
2026-04-25 07:35:00,30.61777777777778,30.04628472222222
2026-04-25 07:40:00,30.617048611111116,30.06027777777778
2026-04-25 07:45:00,30.621041666666663,30.06673611111111
2026-04-25 07:50:00,30.62024305555555,30.083541666666665
2026-04-25 07:55:00,30.62309027777778,30.091354166666665
2026-04-25 08:00:00,30.621319444444445,30.108124999999998
2026-04-25 08:05:00,30.620798611111113,30.11090277777778
2026-04-25 08:10:00,30.61920138888889,30.124166666666667
2026-04-25 08:15:00,30.61770833333334,30.134062500000002
2026-04-25 08:20:00,30.61677083333333,30.140833333333333
2026-04-25 08:25:00,30.616145833333334,30.14569444444444
2026-04-25 08:30:00,30.614375000000003,30.157430555555557
2026-04-25 08:35:00,30.614270833333332,30.15986111111111
2026-04-25 08:40:00,30.614201388888887,30.16128472222222
2026-04-25 08:45:00,30.614583333333332,30.157569444444448
2026-04-25 08:50:00,30.617951388888894,30.148506944444446
2026-04-25 08:55:00,30.617013888888884,30.151979166666667
2026-04-25 09:00:00,30.61513888888889,30.15319444444444
2026-04-25 09:05:00,30.616666666666667,30.150833333333335
2026-04-25 09:10:00,30.614583333333332,30.15309027777778
2026-04-25 09:15:00,30.615798611111114,30.14479166666667
2026-04-25 09:20:00,30.615624999999998,30.146493055555556
2026-04-25 09:25:00,30.615798611111114,30.13840277777778
2026-04-25 09:30:00,30.61708333333333,30.13680555555556
2026-04-25 09:35:00,30.61670138888889,30.129548611111108
2026-04-25 09:40:00,30.6165625,30.129861111111115
2026-04-25 09:45:00,30.618159722222217,30.11881944444444
2026-04-25 09:50:00,30.613611111111116,30.12548611111111
2026-04-25 09:55:00,30.61708333333333,30.11517361111111
2026-04-25 10:00:00,30.612916666666663,30.114305555555557
2026-04-25 10:05:00,30.609131944444446,30.116423611111106
2026-04-25 10:10:00,30.609583333333337,30.11041666666667
2026-04-25 10:15:00,30.60621527777778,30.107708333333328
2026-04-25 10:20:00,30.602812500000002,30.107604166666665
2026-04-25 10:25:00,30.592916666666667,30.117430555555554
2026-04-25 10:30:00,30.58520833333333,30.125347222222224
2026-04-25 10:35:00,30.572604166666665,30.143541666666668
2026-04-25 10:40:00,30.564409722222226,30.155416666666667
2026-04-25 10:45:00,30.559236111111115,30.161944444444444
2026-04-25 10:50:00,30.556319444444448,30.163715277777776
2026-04-25 10:55:00,30.554791666666663,30.161944444444444
2026-04-25 11:00:00,30.55427083333333,30.157326388888887
2026-04-25 11:05:00,30.55458333333333,30.150729166666665
2026-04-25 11:10:00,30.555555555555557,30.14232638888889
2026-04-25 11:15:00,30.556770833333335,30.13222222222222
2026-04-25 11:20:00,30.558020833333337,30.120173611111113
2026-04-25 11:25:00,30.565590277777776,30.098715277777778
2026-04-25 11:30:00,30.572118055555556,30.075451388888894
2026-04-25 11:35:00,30.57743055555556,30.053749999999997
2026-04-25 11:40:00,30.5821875,30.03298611111111
2026-04-25 11:45:00,30.58663194444445,30.012083333333337
2026-04-25 11:50:00,30.591180555555557,29.990381944444444
2026-04-25 11:55:00,30.59579861111111,29.96805555555555
2026-04-25 12:00:00,30.600590277777783,29.945
2026-04-25 12:05:00,30.606006944444445,29.920520833333335
2026-04-25 12:10:00,30.60631944444445,29.901840277777776
2026-04-25 12:15:00,30.604548611111106,29.890173611111113
2026-04-25 12:20:00,30.605104166666663,29.873680555555552
2026-04-25 12:25:00,30.59934027777778,29.863263888888884
2026-04-25 12:30:00,30.595243055555557,29.852777777777774
2026-04-25 12:35:00,30.592256944444443,29.836597222222217
2026-04-25 12:40:00,30.583958333333328,29.833159722222224
2026-04-25 12:45:00,30.578958333333333,29.826770833333335
2026-04-25 12:50:00,30.573194444444443,29.817222222222224
2026-04-25 12:55:00,30.564618055555556,29.81423611111111
2026-04-25 13:00:00,30.559687499999995,29.80527777777778
2026-04-25 13:05:00,30.557499999999997,29.791319444444444
2026-04-25 13:10:00,30.557430555555552,29.774097222222224
2026-04-25 13:15:00,30.55888888888889,29.75395833333333
2026-04-25 13:20:00,30.561423611111113,29.73131944444444
2026-04-25 13:25:00,30.564791666666665,29.706631944444446
2026-04-25 13:30:00,30.56868055555556,29.68079861111111
2026-04-25 13:35:00,30.573055555555552,29.654062500000002
2026-04-25 13:40:00,30.577777777777776,29.626944444444447
2026-04-25 13:45:00,30.582638888888887,29.599999999999998
2026-04-25 13:50:00,30.587812500000002,29.57305555555556
2026-04-25 13:55:00,30.59326388888889,29.545972222222222
2026-04-25 14:00:00,30.598958333333332,29.518611111111113
2026-04-25 14:05:00,30.60503472222222,29.49086805555556
2026-04-25 14:10:00,30.611354166666665,29.463055555555556
2026-04-25 14:15:00,30.618055555555557,29.434895833333332
2026-04-25 14:20:00,30.62489583333333,29.405833333333337
2026-04-25 14:25:00,30.631736111111106,29.376215277777778
2026-04-25 14:30:00,30.63857638888889,29.346423611111106
2026-04-25 14:35:00,30.645312500000003,29.317013888888887
2026-04-25 14:40:00,30.65190972222222,29.287986111111113
2026-04-25 14:45:00,30.658506944444444,29.259305555555557
2026-04-25 14:50:00,30.66506944444445,29.230763888888887
2026-04-25 14:55:00,30.671770833333337,29.202152777777783
2026-04-25 15:00:00,30.678437499999998,29.173541666666665
2026-04-25 15:05:00,30.68517361111111,29.145173611111115
2026-04-25 15:10:00,30.691805555555554,29.116875
2026-04-25 15:15:00,30.698333333333338,29.088541666666668
2026-04-25 15:20:00,30.704930555555556,29.060416666666665
2026-04-25 15:25:00,30.711493055555554,29.032534722222223
2026-04-25 15:30:00,30.71836805555556,29.004895833333332
2026-04-25 15:35:00,30.725590277777776,28.977361111111108
2026-04-25 15:40:00,30.732986111111114,28.949826388888887
2026-04-25 15:45:00,30.740520833333335,28.922291666666663
2026-04-25 15:50:00,30.748194444444444,28.89496527777778
2026-04-25 15:55:00,30.75579861111111,28.867986111111108
2026-04-25 16:00:00,30.763263888888886,28.840937500000003
2026-04-25 16:05:00,30.770555555555557,28.813888888888886
2026-04-25 16:10:00,30.777708333333333,28.787187499999998
2026-04-25 16:15:00,30.784618055555555,28.761041666666667
2026-04-25 16:20:00,30.791354166666665,28.735277777777778
2026-04-25 16:25:00,30.79777777777777,28.710104166666667
2026-04-25 16:30:00,30.803819444444443,28.68559027777778
2026-04-25 16:35:00,30.810104166666672,28.66184027777778
2026-04-25 16:40:00,30.817083333333333,28.638263888888886
2026-04-25 16:45:00,30.824895833333333,28.614618055555557
2026-04-25 16:50:00,30.83350694444444,28.59059027777778
2026-04-25 16:55:00,30.842847222222222,28.566006944444446
2026-04-25 17:00:00,30.85256944444445,28.54111111111111
2026-04-25 17:05:00,30.86232638888889,28.51663194444445
2026-04-25 17:10:00,30.87204861111111,28.4921875
2026-04-25 17:15:00,30.882152777777783,28.46684027777778
2026-04-25 17:20:00,30.892013888888886,28.441076388888888
2026-04-25 17:25:00,30.893819444444446,28.425625
2026-04-25 17:30:00,30.895763888888887,28.41243055555556
2026-04-25 17:35:00,30.899201388888887,28.395763888888887
2026-04-25 17:40:00,30.89680555555556,28.385694444444443
2026-04-25 17:45:00,30.896006944444448,28.37579861111111
2026-04-25 17:50:00,30.897222222222226,28.36333333333333
2026-04-25 17:55:00,30.899722222222223,28.350104166666668
2026-04-25 18:00:00,30.902986111111108,28.3375
2026-04-25 18:05:00,30.906805555555554,28.32579861111111
2026-04-25 18:10:00,30.910868055555554,28.315486111111113
2026-04-25 18:15:00,30.915243055555557,28.30763888888889
2026-04-25 18:20:00,30.919895833333335,28.302256944444444
2026-04-25 18:25:00,30.92461805555556,28.299618055555555
2026-04-25 18:30:00,30.9296875,28.29920138888889
2026-04-25 18:35:00,30.935069444444448,28.299027777777777
2026-04-25 18:40:00,30.93253472222223,28.312013888888888
2026-04-25 18:45:00,30.932361111111113,28.326215277777777
2026-04-25 18:50:00,30.934236111111108,28.33909722222222
2026-04-25 18:55:00,30.937256944444446,28.351701388888888
2026-04-25 19:00:00,30.94114583333333,28.36447916666667
2026-04-25 19:05:00,30.94493055555556,28.376527777777778
2026-04-25 19:10:00,30.942048611111115,28.401180555555555
2026-04-25 19:15:00,30.941493055555554,28.424340277777777
2026-04-25 19:20:00,30.942534722222224,28.446770833333332
2026-04-25 19:25:00,30.944583333333338,28.469097222222224
2026-04-25 19:30:00,30.94260416666667,28.495729166666667
2026-04-25 19:35:00,30.93951388888889,28.528715277777778
2026-04-25 19:40:00,30.93854166666667,28.561562499999997
2026-04-25 19:45:00,30.939027777777774,28.59545138888889
2026-04-25 19:50:00,30.933680555555554,28.637291666666663
2026-04-25 19:55:00,30.92986111111111,28.683437500000007
2026-04-25 20:00:00,30.928090277777773,28.73
2026-04-25 20:05:00,30.927500000000002,28.777430555555554
2026-04-25 20:10:00,30.924409722222222,28.82826388888889
2026-04-25 20:15:00,30.928715277777776,28.86559027777778
2026-04-25 20:20:00,30.932812499999997,28.909548611111113
2026-04-25 20:25:00,30.936319444444443,28.950451388888887
2026-04-25 20:30:00,30.934791666666666,29.005694444444444
2026-04-25 20:35:00,30.936527777777783,29.050104166666667
2026-04-25 20:40:00,30.932881944444446,29.103472222222226
2026-04-25 20:45:00,30.933576388888884,29.148368055555554
2026-04-25 20:50:00,30.92986111111111,29.188958333333332
2026-04-25 20:55:00,30.92996527777778,29.23277777777778
2026-04-25 21:00:00,30.92579861111111,29.270312500000003
2026-04-25 21:05:00,30.925972222222224,29.311875
2026-04-25 21:10:00,30.927222222222227,29.339166666666667
2026-04-25 21:15:00,30.929722222222225,29.374791666666667
2026-04-25 21:20:00,30.933784722222224,29.394722222222217
2026-04-25 21:25:00,30.93763888888889,29.423263888888886
2026-04-25 21:30:00,30.94225694444444,29.44993055555556
2026-04-25 21:35:00,30.946631944444448,29.47267361111111
2026-04-25 21:40:00,30.951458333333335,29.498749999999998
2026-04-25 21:45:00,30.956354166666667,29.51579861111111
2026-04-25 21:50:00,30.96076388888889,29.538993055555554
2026-04-25 21:55:00,30.96371527777778,29.544201388888887
2026-04-25 22:00:00,30.965138888888887,29.574930555555554
2026-04-25 22:05:00,30.966215277777778,29.582638888888894
2026-04-25 22:10:00,30.964652777777776,29.603506944444447
2026-04-25 22:15:00,30.965763888888887,29.616111111111106
2026-04-25 22:20:00,30.964375,29.63392361111111
2026-04-25 22:25:00,30.96076388888889,29.659479166666667
2026-04-25 22:30:00,30.956215277777776,29.67225694444444
2026-04-25 22:35:00,30.949826388888887,29.70079861111111
2026-04-25 22:40:00,30.94590277777778,29.717777777777776
2026-04-25 22:45:00,30.93548611111111,29.737291666666668
2026-04-25 22:50:00,30.931006944444448,29.75649305555556
2026-04-25 22:55:00,30.923263888888886,29.776458333333338
2026-04-25 23:00:00,30.91840277777778,29.79527777777778
2026-04-25 23:05:00,30.91416666666667,29.813784722222223
2026-04-25 23:10:00,30.907916666666665,29.83392361111111
2026-04-25 23:15:00,30.905694444444446,29.84760416666667
2026-04-25 23:20:00,30.897083333333327,29.860833333333332
2026-04-25 23:25:00,30.895451388888887,29.86618055555555
2026-04-25 23:30:00,30.888263888888893,29.875902777777778
2026-04-25 23:35:00,30.884479166666672,29.88413194444444
2026-04-25 23:40:00,30.879583333333333,29.895624999999995
2026-04-25 23:45:00,30.87329861111111,29.90625
2026-04-25 23:50:00,30.871076388888884,29.916215277777773
2026-04-25 23:55:00,30.86444444444444,29.92086805555555
2026-04-26 00:00:00,30.86069444444444,29.936180555555552
2026-04-26 00:05:00,30.85555555555556,29.936458333333334
2026-04-26 00:10:00,30.850729166666667,29.940347222222222
2026-04-26 00:15:00,30.846562499999997,29.93809027777777
2026-04-26 00:20:00,30.840763888888894,29.940277777777776
2026-04-26 00:25:00,30.83694444444445,29.93913194444444
2026-04-26 00:30:00,30.830868055555552,29.93791666666667
2026-04-26 00:35:00,30.826979166666668,29.943506944444444
2026-04-26 00:40:00,30.82055555555556,29.94194444444444
2026-04-26 00:45:00,30.817916666666672,29.943368055555556
2026-04-26 00:50:00,30.811597222222222,29.940173611111113
2026-04-26 00:55:00,30.80746527777778,29.93576388888889
2026-04-26 01:00:00,30.80204861111111,29.93201388888889
2026-04-26 01:05:00,30.797083333333333,29.927083333333332
2026-04-26 01:10:00,30.793368055555554,29.923020833333332
2026-04-26 01:15:00,30.788854166666663,29.917152777777776
2026-04-26 01:20:00,30.78569444444444,29.912604166666668
2026-04-26 01:25:00,30.781076388888884,29.90652777777778
2026-04-26 01:30:00,30.779583333333335,29.89145833333334
2026-04-26 01:35:00,30.776736111111106,29.885659722222222
2026-04-26 01:40:00,30.77333333333333,29.872326388888887
2026-04-26 01:45:00,30.771180555555556,29.865625000000005
2026-04-26 01:50:00,30.766493055555557,29.854131944444443
2026-04-26 01:55:00,30.76625,29.84364583333333
2026-04-26 02:00:00,30.760833333333338,29.833993055555553
2026-04-26 02:05:00,30.761701388888884,29.813472222222224
2026-04-26 02:10:00,30.756562500000005,29.803020833333335
2026-04-26 02:15:00,30.75638888888889,29.782083333333333
2026-04-26 02:20:00,30.753541666666667,29.772499999999997
2026-04-26 02:25:00,30.750729166666662,29.753819444444446
2026-04-26 02:30:00,30.750902777777778,29.732777777777773
2026-04-26 02:35:00,30.745416666666667,29.717187499999998
2026-04-26 02:40:00,30.745798611111113,29.69340277777778
2026-04-26 02:45:00,30.74027777777778,29.677743055555556
2026-04-26 02:50:00,30.740069444444444,29.650798611111114
2026-04-26 02:55:00,30.735347222222224,29.63309027777778
2026-04-26 03:00:00,30.73336805555556,29.606145833333333
2026-04-26 03:05:00,30.72972222222222,29.584687500000005
2026-04-26 03:10:00,30.725347222222226,29.561319444444443
2026-04-26 03:15:00,30.722638888888884,29.53722222222222
2026-04-26 03:20:00,30.719618055555557,29.511111111111113
2026-04-26 03:25:00,30.717118055555552,29.482916666666668
2026-04-26 03:30:00,30.71569444444445,29.452986111111116
2026-04-26 03:35:00,30.711076388888884,29.42472222222223
2026-04-26 03:40:00,30.710798611111116,29.39114583333334
2026-04-26 03:45:00,30.70527777777778,29.363888888888887
2026-04-26 03:50:00,30.705590277777773,29.326006944444444
2026-04-26 03:55:00,30.701319444444444,29.295798611111113
2026-04-26 04:00:00,30.699375,29.258159722222224
2026-04-26 04:05:00,30.697083333333335,29.224027777777774
2026-04-26 04:10:00,30.690833333333337,29.19461805555555
2026-04-26 04:15:00,30.690381944444443,29.154861111111114
2026-04-26 04:20:00,30.68649305555556,29.12121527777778
2026-04-26 04:25:00,30.68128472222222,29.08694444444444
2026-04-26 04:30:00,30.67684027777777,29.054375
2026-04-26 04:35:00,30.669791666666665,29.023645833333333
2026-04-26 04:40:00,30.66638888888889,28.989826388888886
2026-04-26 04:45:00,30.66003472222222,28.958749999999995
2026-04-26 04:50:00,30.656423611111116,28.922604166666662
2026-04-26 04:55:00,30.651006944444443,28.889652777777776
2026-04-26 05:00:00,30.645729166666666,28.85420138888888
2026-04-26 05:05:00,30.64072916666667,28.820625
2026-04-26 05:10:00,30.633055555555554,28.789409722222224
2026-04-26 05:15:00,30.62847222222223,28.756840277777776
2026-04-26 05:20:00,30.624340277777776,28.721041666666665
2026-04-26 05:25:00,30.62204861111111,28.684722222222224
2026-04-26 05:30:00,30.616666666666667,28.651875
2026-04-26 05:35:00,30.613645833333333,28.617534722222217
2026-04-26 05:40:00,30.607916666666668,28.58607638888889
2026-04-26 05:45:00,30.607777777777773,28.547638888888894
2026-04-26 05:50:00,30.60420138888889,28.51329861111111
2026-04-26 05:55:00,30.602395833333333,28.47673611111111
2026-04-26 06:00:00,30.59819444444444,28.444131944444443
2026-04-26 06:05:00,30.59246527777778,28.411180555555557
2026-04-26 06:10:00,30.591388888888886,28.374861111111112
2026-04-26 06:15:00,30.587604166666665,28.340416666666666
2026-04-26 06:20:00,30.585625000000007,28.305694444444445
2026-04-26 06:25:00,30.580833333333334,28.274131944444445
2026-04-26 06:30:00,30.578333333333333,28.241006944444443
2026-04-26 06:35:00,30.57295138888889,28.2109375
2026-04-26 06:40:00,30.570104166666667,28.181527777777777
2026-04-26 06:45:00,30.56715277777778,28.14833333333333
2026-04-26 06:50:00,30.565798611111113,28.115347222222223
2026-04-26 06:55:00,30.56138888888889,28.086701388888887
2026-04-26 07:00:00,30.55916666666667,28.05673611111111
2026-04-26 07:05:00,30.557986111111113,28.026319444444443
2026-04-26 07:10:00,30.560659722222226,27.99055555555556
2026-04-26 07:15:00,30.562534722222225,27.956875
2026-04-26 07:20:00,30.56381944444444,27.924722222222226
2026-04-26 07:25:00,30.56465277777778,27.893854166666667
2026-04-26 07:30:00,30.568819444444443,27.857777777777777
2026-04-26 07:35:00,30.571493055555557,27.824305555555558
2026-04-26 07:40:00,30.574513888888887,27.787013888888893
2026-04-26 07:45:00,30.575659722222227,27.755833333333335
2026-04-26 07:50:00,30.577048611111113,27.7225
2026-04-26 07:55:00,30.57770833333333,27.6934375
2026-04-26 08:00:00,30.58215277777778,27.659270833333334
2026-04-26 08:05:00,30.585034722222222,27.638194444444444
2026-04-26 08:10:00,30.58826388888889,27.610277777777778
2026-04-26 08:15:00,30.592465277777777,27.58017361111111
2026-04-26 08:20:00,30.593923611111116,27.559409722222224
2026-04-26 08:25:00,30.595208333333332,27.540312500000002
2026-04-26 08:30:00,30.596354166666668,27.52295138888889
2026-04-26 08:35:00,30.597569444444446,27.504687500000003
2026-04-26 08:40:00,30.595555555555556,27.493472222222223
2026-04-26 08:45:00,30.595208333333332,27.480868055555554
2026-04-26 08:50:00,30.596006944444444,27.47027777777778
2026-04-26 08:55:00,30.59652777777778,27.456249999999997
2026-04-26 09:00:00,30.600486111111106,27.435555555555556
2026-04-26 09:05:00,30.603055555555557,27.4234375
2026-04-26 09:10:00,30.604687500000004,27.409131944444443
2026-04-26 09:15:00,30.60979166666667,27.392777777777777
2026-04-26 09:20:00,30.612604166666667,27.379131944444442
2026-04-26 09:25:00,30.616249999999997,27.36611111111111
2026-04-26 09:30:00,30.620173611111113,27.353125
2026-04-26 09:35:00,30.623819444444443,27.344791666666666
2026-04-26 09:40:00,30.627604166666668,27.331875
2026-04-26 09:45:00,30.629131944444445,27.32923611111111
2026-04-26 09:50:00,30.635729166666668,27.313368055555557
2026-04-26 09:55:00,30.63642361111111,27.3134375
2026-04-26 10:00:00,30.64305555555556,27.301597222222224
2026-04-26 10:05:00,30.64916666666667,27.293194444444445
2026-04-26 10:10:00,30.656805555555554,27.27659722222222
2026-04-26 10:15:00,30.657534722222223,27.275034722222223
2026-04-26 10:20:00,30.66565972222222,27.262256944444445
2026-04-26 10:25:00,30.6715625,27.25107638888889
2026-04-26 10:30:00,30.68010416666667,27.237743055555555
2026-04-26 10:35:00,30.689375,27.220104166666665
2026-04-26 10:40:00,30.695972222222217,27.206840277777776
2026-04-26 10:45:00,30.703993055555557,27.194027777777777
2026-04-26 10:50:00,30.713402777777773,27.176493055555554
2026-04-26 10:55:00,30.720069444444448,27.1640625
2026-04-26 11:00:00,30.72486111111111,27.155069444444443
2026-04-26 11:05:00,30.728541666666665,27.150520833333335
2026-04-26 11:10:00,30.73743055555556,27.135833333333338
2026-04-26 11:15:00,30.743749999999995,27.12642361111111
2026-04-26 11:20:00,30.748611111111106,27.12152777777778
2026-04-26 11:25:00,30.74618055555556,27.127916666666668
2026-04-26 11:30:00,30.744027777777774,27.13798611111111
2026-04-26 11:35:00,30.74246527777778,27.148402777777775
2026-04-26 11:40:00,30.741006944444443,27.1596875
2026-04-26 11:45:00,30.739513888888887,27.172222222222224
2026-04-26 11:50:00,30.737743055555555,27.186666666666664
2026-04-26 11:55:00,30.735763888888886,27.203020833333333
2026-04-26 12:00:00,30.733437499999997,27.221215277777773
2026-04-26 12:05:00,30.730625,27.24121527777778
2026-04-26 12:10:00,30.728090277777774,27.26267361111111
2026-04-26 12:15:00,30.726319444444446,27.283819444444443
2026-04-26 12:20:00,30.72545138888889,27.30451388888889
2026-04-26 12:25:00,30.72545138888889,27.325243055555557
2026-04-26 12:30:00,30.72625,27.34538194444444
2026-04-26 12:35:00,30.727812500000002,27.36545138888889
2026-04-26 12:40:00,30.730277777777783,27.382847222222225
2026-04-26 12:45:00,30.733472222222222,27.396666666666665
2026-04-26 12:50:00,30.73743055555555,27.41020833333333
2026-04-26 12:55:00,30.741631944444446,27.423819444444447
2026-04-26 13:00:00,30.745520833333337,27.43784722222222
2026-04-26 13:05:00,30.748819444444443,27.453333333333333
2026-04-26 13:10:00,30.751597222222227,27.469687500000003
2026-04-26 13:15:00,30.753715277777776,27.486597222222223
2026-04-26 13:20:00,30.755416666666665,27.503854166666667
2026-04-26 13:25:00,30.756979166666667,27.521284722222223
2026-04-26 13:30:00,30.758576388888887,27.53847222222222
2026-04-26 13:35:00,30.760347222222226,27.555277777777775
2026-04-26 13:40:00,30.76229166666667,27.571006944444445
2026-04-26 13:45:00,30.764548611111113,27.585451388888888
2026-04-26 13:50:00,30.767013888888886,27.598506944444445
2026-04-26 13:55:00,30.76958333333333,27.610243055555557
2026-04-26 14:00:00,30.772291666666668,27.620798611111113
2026-04-26 14:05:00,30.77496527777778,27.63038194444444
2026-04-26 14:10:00,30.777569444444445,27.638993055555556
2026-04-26 14:15:00,30.779861111111114,27.6465625
2026-04-26 14:30:00,30.776818181818182,27.685664335664338
2026-04-26 14:35:00,30.775874125874125,27.6934965034965
2026-04-26 14:40:00,30.77506993006993,27.70118881118881
2026-04-26 14:45:00,30.774650349650354,27.707657342657345
2026-04-26 14:50:00,30.77451048951049,27.71335664335664
2026-04-26 14:55:00,30.774335664335663,27.718671328671327
2026-04-26 15:00:00,30.77395104895105,27.72395104895105
2026-04-26 15:05:00,30.773216783216782,27.729335664335665
2026-04-26 15:10:00,30.77216783216783,27.735244755244754
2026-04-26 15:15:00,30.770944055944057,27.741643356643355
2026-04-26 15:20:00,30.7693006993007,27.74856643356643
2026-04-26 15:25:00,30.767132867132865,27.755909090909093
2026-04-26 15:30:00,30.764650349650346,27.764020979020977
2026-04-26 15:35:00,30.76206293706294,27.772657342657343
2026-04-26 15:40:00,30.759615384615383,27.781503496503497
2026-04-26 15:45:00,30.757447552447548,27.790314685314684
2026-04-26 15:50:00,30.75562937062937,27.799055944055947
2026-04-26 15:55:00,30.754125874125876,27.807552447552446
2026-04-26 16:00:00,30.753076923076925,27.815874125874128
2026-04-26 16:05:00,30.752622377622377,27.823706293706294
2026-04-26 16:10:00,30.75269230769231,27.831083916083916
2026-04-26 16:15:00,30.75325174825175,27.838111888111886
2026-04-26 16:20:00,30.754230769230773,27.844790209790208
2026-04-26 16:25:00,30.75573426573427,27.85118881118881
2026-04-26 16:30:00,30.75762237762238,27.85748251748252
2026-04-26 16:35:00,30.759545454545453,27.86398601398601
2026-04-26 16:40:00,30.761363636363637,27.871013986013985
2026-04-26 16:45:00,30.76297202797203,27.87867132867133
2026-04-26 16:50:00,30.76437062937063,27.887237762237763
2026-04-26 16:55:00,30.765594405594403,27.896538461538462
2026-04-26 17:00:00,30.766853146853144,27.906363636363636
2026-04-26 17:05:00,30.768251748251746,27.916223776223777
2026-04-26 17:10:00,30.769860139860143,27.92604895104895
2026-04-26 17:15:00,30.771328671328668,27.936573426573425
2026-04-26 17:20:00,30.77276223776224,27.94783216783217
2026-04-26 17:25:00,30.773986013986015,27.959335664335665
2026-04-26 17:30:00,30.775279720279727,27.970384615384614
2026-04-26 17:35:00,30.776223776223777,27.9822027972028
2026-04-26 17:40:00,30.77608391608392,27.996573426573423
2026-04-26 17:45:00,30.775209790209786,28.013076923076923
2026-04-26 17:50:00,30.774195804195806,28.030384615384616
2026-04-26 17:55:00,30.773216783216782,28.048181818181817
2026-04-26 18:00:00,30.77248251748252,28.065944055944055
2026-04-26 18:05:00,30.77199300699301,28.083391608391608
2026-04-26 18:10:00,30.77181818181818,28.1006993006993
2026-04-26 18:15:00,30.771923076923073,28.117027972027973
2026-04-26 18:20:00,30.77227272727273,28.132587412587412
2026-04-26 18:25:00,30.77283216783217,28.14727272727273
2026-04-26 18:30:00,30.773531468531466,28.16097902097902
2026-04-26 18:35:00,30.774370629370626,28.17356643356643
2026-04-26 18:40:00,30.77534965034965,28.185244755244756
2026-04-26 18:45:00,30.7763986013986,28.19604895104895
2026-04-26 18:50:00,30.777587412587415,28.206153846153846
2026-04-26 18:55:00,30.77888111888112,28.215979020979024
2026-04-26 19:00:00,30.780314685314686,28.22534965034965
2026-04-26 19:05:00,30.781818181818178,28.23451048951049
2026-04-26 19:10:00,30.78363636363636,28.2434965034965
2026-04-26 19:15:00,30.78566433566434,28.252482517482516
2026-04-26 19:20:00,30.787832167832168,28.261468531468534
2026-04-26 19:25:00,30.79013986013986,28.270594405594405
2026-04-26 19:30:00,30.792517482517482,28.279510489510493
2026-04-26 19:35:00,30.79503496503497,28.28800699300699
2026-04-26 19:40:00,30.797587412587408,28.295909090909092
2026-04-26 19:45:00,30.80013986013986,28.303706293706295
2026-04-26 19:50:00,30.802797202797205,28.311503496503498
2026-04-26 19:55:00,30.80555944055944,28.318636363636365
2026-04-26 20:00:00,30.808286713286712,28.325
2026-04-26 20:05:00,30.811153846153847,28.330524475524474
2026-04-26 20:10:00,30.80916083916084,28.342062937062938
2026-04-26 20:15:00,30.801433566433563,28.36769230769231
2026-04-26 20:20:00,30.801608391608394,28.376293706293705
2026-04-26 20:25:00,30.797412587412584,28.383846153846154
2026-04-26 20:30:00,30.795524475524477,28.39293706293706
2026-04-26 20:35:00,30.7941958041958,28.39513986013986
2026-04-26 20:40:00,30.791748251748253,28.405
2026-04-26 20:45:00,30.790524475524474,28.406643356643357
2026-04-26 20:50:00,30.78853146853147,28.41293706293706
2026-04-26 20:55:00,30.786433566433566,28.408216783216783
2026-04-26 21:00:00,30.782447552447554,28.418496503496506
2026-04-26 21:05:00,30.77342657342657,28.424440559440562
2026-04-26 21:10:00,30.76496503496503,28.443671328671325
2026-04-26 21:15:00,30.75286713286713,28.454090909090908
2026-04-26 21:20:00,30.741818181818182,28.4763986013986
2026-04-26 21:25:00,30.727412587412584,28.49062937062937
2026-04-26 21:30:00,30.721748251748252,28.49258741258741
2026-04-26 21:35:00,30.712062937062935,28.495664335664337
2026-04-26 21:40:00,30.703251748251745,28.494615384615386
2026-04-26 21:45:00,30.68937062937063,28.505944055944056
2026-04-26 21:50:00,30.67755244755245,28.51118881118881
2026-04-26 21:55:00,30.671083916083916,28.521853146853147
2026-04-26 22:00:00,30.667027972027974,28.506153846153847
2026-04-26 22:05:00,30.658461538461538,28.513496503496505
2026-04-26 22:10:00,30.652902097902103,28.513566433566435
2026-04-26 22:15:00,30.64825174825175,28.50653846153846
2026-04-26 22:20:00,30.646748251748257,28.49828671328671
2026-04-26 22:25:00,30.643076923076922,28.47800699300699
2026-04-26 22:30:00,30.64160839160839,28.47174825174825
2026-04-26 22:35:00,30.641958041958045,28.44409090909091
2026-04-26 22:40:00,30.633951048951047,28.439825174825174
2026-04-26 22:45:00,30.629510489510487,28.4420979020979
2026-04-26 22:50:00,30.627552447552446,28.424825174825173
2026-04-26 22:55:00,30.623636363636365,28.423006993006993
2026-04-26 23:00:00,30.621118881118885,28.41125874125874
2026-04-26 23:05:00,30.61944055944056,28.405734265734267
2026-04-26 23:10:00,30.615664335664334,28.395
2026-04-26 23:15:00,30.615209790209793,28.392657342657344
2026-04-26 23:20:00,30.61653846153846,28.3843006993007
2026-04-26 23:25:00,30.615454545454547,28.37839160839161
2026-04-26 23:30:00,30.616328671328667,28.37262237762238
2026-04-26 23:35:00,30.613916083916084,28.370174825174825
2026-04-26 23:40:00,30.615454545454547,28.36587412587413
2026-04-26 23:45:00,30.61625874125874,28.356783216783217
2026-04-26 23:50:00,30.6172027972028,28.357377622377623
2026-04-26 23:55:00,30.6184965034965,28.355
2026-04-27 00:00:00,30.62174825174825,28.350244755244756
2026-04-27 00:05:00,30.621643356643354,28.352797202797202
2026-04-27 00:10:00,30.626888111888107,28.34737762237762
2026-04-27 00:15:00,30.624965034965033,28.354895104895103
2026-04-27 00:20:00,30.63104895104895,28.35174825174825
2026-04-27 00:25:00,30.628006993006995,28.361993006993007
2026-04-27 00:30:00,30.63304195804196,28.366153846153843
2026-04-27 00:35:00,30.630979020979023,28.37472027972028
2026-04-27 00:40:00,30.635384615384613,28.382062937062937
2026-04-27 00:45:00,30.63433566433566,28.39143356643357
2026-04-27 00:50:00,30.638531468531472,28.40146853146853
2026-04-27 00:55:00,30.63835664335664,28.41755244755245
2026-04-27 01:00:00,30.641083916083918,28.433041958041954
2026-04-27 01:05:00,30.6415034965035,28.45339160839161
2026-04-27 01:10:00,30.64339160839161,28.470454545454547
2026-04-27 01:15:00,30.643566433566438,28.494090909090907
2026-04-27 01:20:00,30.645769230769233,28.51132867132867
2026-04-27 01:25:00,30.64597902097902,28.537587412587413
2026-04-27 01:30:00,30.647132867132868,28.558286713286712
2026-04-27 01:35:00,30.646678321678323,28.58888111888112
2026-04-27 01:40:00,30.647972027972035,28.6120979020979
2026-04-27 01:45:00,30.64776223776224,28.646293706293708
2026-04-27 01:50:00,30.649475524475523,28.670629370629367
2026-04-27 01:55:00,30.648811188811187,28.710419580419583
2026-04-27 02:00:00,30.65045454545454,28.735384615384614
2026-04-27 02:05:00,30.65027972027972,28.78017482517483
2026-04-27 02:10:00,30.65034965034965,28.828951048951048
2026-04-27 02:15:00,30.651258741258744,28.876853146853144
2026-04-27 02:20:00,30.65083916083916,28.931818181818183
2026-04-27 02:25:00,30.653741258741263,28.973251748251748
2026-04-27 02:30:00,30.65283216783217,29.033216783216783
2026-04-27 02:35:00,30.657377622377616,29.07048951048951
2026-04-27 02:40:00,30.656433566433567,29.133286713286715
2026-04-27 02:45:00,30.660069930069927,29.16874125874126
2026-04-27 02:50:00,30.65965034965035,29.235944055944053
2026-04-27 02:55:00,30.661573426573423,29.273811188811187
2026-04-27 03:00:00,30.66318181818182,29.34276223776224
2026-04-27 03:05:00,30.663706293706294,29.382832167832166
2026-04-27 03:10:00,30.66793706293706,29.44905594405594
2026-04-27 03:15:00,30.66713286713287,29.49146853146853
2026-04-27 03:20:00,30.670279720279716,29.5606993006993
2026-04-27 03:25:00,30.669265734265732,29.60643356643357
2026-04-27 03:30:00,30.671083916083916,29.679825174825176
2026-04-27 03:35:00,30.67241258741259,29.724895104895104
2026-04-27 03:40:00,30.673321678321678,29.801608391608394
2026-04-27 03:45:00,30.675664335664337,29.844755244755245
2026-04-27 03:50:00,30.67590909090909,29.926748251748254
2026-04-27 03:55:00,30.67737762237762,29.972832167832166
2026-04-27 04:00:00,30.67961538461538,30.057622377622376
2026-04-27 04:05:00,30.68055944055944,30.108076923076922
2026-04-27 04:10:00,30.68398601398601,30.191643356643354
2026-04-27 04:15:00,30.682727272727274,30.24632867132867
2026-04-27 04:20:00,30.68454545454545,30.335104895104894
2026-04-27 04:25:00,30.68646853146853,30.390559440559443
2026-04-27 04:30:00,30.687237762237768,30.48395104895105
2026-04-27 04:35:00,30.68989510489511,30.53853146853147
2026-04-27 04:40:00,30.68947552447552,30.635734265734264
2026-04-27 04:45:00,30.69451048951049,30.723111888111887
2026-04-27 04:50:00,30.693706293706292,30.82800699300699
2026-04-27 04:55:00,30.696888111888118,30.921293706293707
2026-04-27 05:00:00,30.696923076923078,31.032377622377624
2026-04-27 05:05:00,30.698321678321676,31.13076923076923
2026-04-27 05:10:00,30.70402097902098,31.22146853146853
2026-04-27 05:15:00,30.70328671328671,31.32727272727272
2026-04-27 05:20:00,30.707097902097907,31.422622377622375
2026-04-27 05:25:00,30.70933566433567,31.49954545454546
2026-04-27 05:30:00,30.711363636363632,31.600524475524477
2026-04-27 05:35:00,30.71248251748252,31.696678321678323
2026-04-27 05:40:00,30.71573426573427,31.75611888111888
2026-04-27 05:45:00,30.715034965034967,31.857027972027975
2026-04-27 05:50:00,30.718496503496503,31.94902097902098
2026-04-27 05:55:00,30.716713286713286,32.04461538461538
2026-04-27 06:00:00,30.718216783216782,32.1405944055944
2026-04-27 06:05:00,30.722587412587412,32.229860139860136
2026-04-27 06:10:00,30.7222027972028,32.329825174825174
2026-04-27 06:15:00,30.72594405594406,32.42013986013986
2026-04-27 06:20:00,30.727132867132863,32.480524475524476
2026-04-27 06:25:00,30.72909090909091,32.57384615384615
2026-04-27 06:30:00,30.730104895104894,32.662832167832164
2026-04-27 06:35:00,30.73328671328671,32.717237762237765
2026-04-27 06:40:00,30.732692307692304,32.81
2026-04-27 06:45:00,30.736363636363638,32.894475524475524
2026-04-27 06:50:00,30.738566433566433,32.976888111888115
2026-04-27 06:55:00,30.740384615384617,33.05632867132867
2026-04-27 07:00:00,30.74034965034965,33.14325174825175
2026-04-27 07:05:00,30.74027972027972,33.22636363636364
2026-04-27 07:10:00,30.736993006993004,33.29377622377623
2026-04-27 07:15:00,30.734090909090906,33.38
2026-04-27 07:20:00,30.732517482517483,33.459930069930074
2026-04-27 07:25:00,30.727657342657338,33.54839160839161
2026-04-27 07:30:00,30.72458041958042,33.61604895104895
2026-04-27 07:35:00,30.71909090909091,33.701958041958044
2026-04-27 07:40:00,30.716783216783217,33.755139860139856
2026-04-27 07:45:00,30.71339160839161,33.83458041958042
2026-04-27 07:50:00,30.711853146853148,33.879790209790215
2026-04-27 07:55:00,30.709195804195804,33.95538461538462
2026-04-27 08:00:00,30.702062937062934,34.04363636363637
2026-04-27 08:05:00,30.69968531468532,34.0987062937063
2026-04-27 08:10:00,30.693391608391615,34.179300699300704
2026-04-27 08:15:00,30.68916083916084,34.22524475524475
2026-04-27 08:20:00,30.68520979020979,34.294755244755244
2026-04-27 08:25:00,30.68248251748252,34.35674825174825
2026-04-27 08:30:00,30.682202797202798,34.38975524475524
2026-04-27 08:35:00,30.679825174825176,34.449370629370634
2026-04-27 08:40:00,30.681153846153844,34.49807692307692
2026-04-27 08:45:00,30.681153846153844,34.52797202797203
2026-04-27 08:50:00,30.68034965034965,34.571363636363635
2026-04-27 08:55:00,30.677062937062935,34.63475524475524
2026-04-27 09:00:00,30.675069930069935,34.67293706293706
2026-04-27 09:05:00,30.66846153846154,34.74244755244755
2026-04-27 09:10:00,30.66643356643356,34.77916083916084
2026-04-27 09:15:00,30.657342657342657,34.84454545454546
2026-04-27 09:20:00,30.654510489510493,34.88800699300699
2026-04-27 09:25:00,30.649195804195806,34.928006993006996
2026-04-27 09:30:00,30.640874125874124,34.990944055944055
2026-04-27 09:35:00,30.638531468531472,35.02279720279721
2026-04-27 09:40:00,30.6313986013986,35.06283216783216
2026-04-27 09:45:00,30.625174825174827,35.098986013986014
2026-04-27 09:50:00,30.622447552447547,35.14048951048951
2026-04-27 09:55:00,30.618986013986017,35.170804195804195
2026-04-27 10:00:00,30.610664335664335,35.21234265734265
2026-04-27 10:05:00,30.60367132867133,35.249685314685316
2026-04-27 10:10:00,30.595034965034966,35.30804195804196
2026-04-27 10:15:00,30.594650349650347,35.336993006993005
2026-04-27 10:20:00,30.586783216783214,35.378111888111896
2026-04-27 10:25:00,30.58125874125874,35.41832167832168
2026-04-27 10:30:00,30.57597902097902,35.46608391608391
2026-04-27 10:35:00,30.57587412587413,35.49531468531468
2026-04-27 10:40:00,30.575314685314687,35.525734265734265
2026-04-27 10:45:00,30.57800699300699,35.55451048951049
2026-04-27 10:50:00,30.577027972027974,35.585699300699304
2026-04-27 10:55:00,30.57604895104895,35.61954545454546
2026-04-27 11:00:00,30.575244755244757,35.655314685314686
2026-04-27 11:05:00,30.57437062937063,35.690384615384616
2026-04-27 11:10:00,30.56723776223776,35.73923076923077
2026-04-27 11:15:00,30.562237762237768,35.78597902097902
2026-04-27 11:20:00,30.5586013986014,35.83108391608392
2026-04-27 11:25:00,30.55590909090909,35.8748951048951
2026-04-27 11:30:00,30.553916083916086,35.91772727272727
2026-04-27 11:35:00,30.552482517482517,35.95958041958042
2026-04-27 11:40:00,30.551678321678324,36.00024475524476
2026-04-27 11:45:00,30.551328671328672,36.0398951048951
2026-04-27 11:50:00,30.55136363636364,36.07818181818181
2026-04-27 11:55:00,30.55171328671329,36.114930069930075
2026-04-27 12:00:00,30.552412587412586,36.15
2026-04-27 12:05:00,30.55339160839161,36.18332167832168
2026-04-27 12:10:00,30.554405594405598,36.21412587412588
2026-04-27 12:15:00,30.555034965034963,36.24342657342657
2026-04-27 12:20:00,30.555244755244757,36.272342657342655
2026-04-27 12:25:00,30.55506993006993,36.30066433566434
2026-04-27 12:30:00,30.554125874125873,36.32986013986014
2026-04-27 12:35:00,30.552307692307696,36.36041958041958
2026-04-27 12:40:00,30.549545454545456,36.39199300699301
2026-04-27 12:45:00,30.546118881118883,36.42489510489511
2026-04-27 12:50:00,30.542202797202798,36.466048951048954
2026-04-27 12:55:00,30.545314685314683,36.48916083916084
2026-04-27 13:00:00,30.546223776223773,36.515314685314685
2026-04-27 13:05:00,30.546048951048952,36.54381118881118
2026-04-27 13:10:00,30.54548951048951,36.5729020979021
2026-04-27 13:15:00,30.544895104895105,36.6022027972028
2026-04-27 13:20:00,30.544265734265732,36.631538461538454
2026-04-27 13:25:00,30.54339160839161,36.66108391608392
2026-04-27 13:30:00,30.542097902097904,36.6908041958042
2026-04-27 13:35:00,30.540279720279717,36.72122377622377
2026-04-27 13:40:00,30.538006993006988,36.75248251748252
2026-04-27 13:45:00,30.53527972027972,36.78465034965035
2026-04-27 13:50:00,30.532307692307693,36.81818181818182
2026-04-27 13:55:00,30.528776223776223,36.853706293706296
2026-04-27 14:00:00,30.52451048951049,36.89143356643357
2026-04-27 14:05:00,30.51961538461538,36.931118881118884
2026-04-27 14:10:00,30.51402097902098,36.972552447552445
2026-04-27 14:15:00,30.507867132867133,37.01632867132867
2026-04-27 14:20:00,30.50543554006969,37.021219512195124
2026-04-27 14:25:00,30.503263888888892,37.026354166666664
2026-04-27 14:30:00,30.499652777777783,37.07215277777778
2026-04-27 14:35:00,30.49614583333333,37.11829861111111
2026-04-27 14:40:00,30.49260416666667,37.1646875
2026-04-27 14:45:00,30.48871527777778,37.211527777777775
2026-04-27 14:50:00,30.4846875,37.258159722222224
2026-04-27 14:55:00,30.48072916666667,37.30458333333334
2026-04-27 15:00:00,30.477222222222224,37.349895833333335
2026-04-27 15:05:00,30.47409722222222,37.39402777777778
2026-04-27 15:10:00,30.47138888888889,37.437048611111116
2026-04-27 15:15:00,30.46888888888889,37.47895833333334
2026-04-27 15:20:00,30.46670138888889,37.52010416666667
2026-04-27 15:25:00,30.464930555555554,37.559895833333336
2026-04-27 15:30:00,30.46340277777778,37.598506944444445
2026-04-27 15:35:00,30.461770833333333,37.63625
2026-04-27 15:40:00,30.459861111111113,37.67378472222222
2026-04-27 15:45:00,30.45760416666667,37.710972222222225
2026-04-27 15:50:00,30.455312499999998,37.74784722222223
2026-04-27 15:55:00,30.453125,37.78420138888889
2026-04-27 16:00:00,30.451145833333335,37.81885416666667
2026-04-27 16:05:00,30.44930555555556,37.852604166666666
2026-04-27 16:10:00,30.44763888888889,37.88611111111111
2026-04-27 16:15:00,30.446180555555557,37.91944444444445
2026-04-27 16:20:00,30.445,37.952673611111116
2026-04-27 16:25:00,30.444027777777777,37.98625
2026-04-27 16:30:00,30.443159722222227,38.020520833333336
2026-04-27 16:35:00,30.44236111111111,38.05524305555556
2026-04-27 16:40:00,30.441701388888887,38.08972222222222
2026-04-27 16:45:00,30.441180555555555,38.123958333333334
2026-04-27 16:50:00,30.440868055555555,38.15746527777778
2026-04-27 16:55:00,30.440798611111113,38.19020833333334
2026-04-27 17:00:00,30.440624999999997,38.222881944444445
2026-04-27 17:05:00,30.440243055555552,38.25628472222222
2026-04-27 17:10:00,30.438993055555557,38.29236111111111
2026-04-27 17:15:00,30.436562500000004,38.33246527777778
2026-04-27 17:20:00,30.43361111111111,38.37684027777778
2026-04-27 17:25:00,30.430520833333333,38.424930555555555
2026-04-27 17:30:00,30.427291666666665,38.47576388888889
2026-04-27 17:35:00,30.424062500000005,38.5275
2026-04-27 17:40:00,30.42125,38.579930555555556
2026-04-27 17:45:00,30.41840277777778,38.63381944444445
2026-04-27 17:50:00,30.415138888888887,38.68965277777778
2026-04-27 17:55:00,30.411145833333332,38.74777777777777
2026-04-27 18:00:00,30.406458333333333,38.807118055555556
2026-04-27 18:05:00,30.401041666666668,38.86756944444445
2026-04-27 18:10:00,30.39496527777778,38.92871527777778
2026-04-27 18:15:00,30.388229166666672,38.990381944444444
2026-04-27 18:20:00,30.381006944444444,39.05204861111111
2026-04-27 18:25:00,30.373333333333328,39.11340277777778
2026-04-27 18:30:00,30.365381944444444,39.17496527777777
2026-04-27 18:35:00,30.357083333333335,39.23625
2026-04-27 18:40:00,30.348541666666662,39.297152777777775
2026-04-27 18:45:00,30.33972222222222,39.35802083333333
2026-04-27 18:50:00,30.333993055555556,39.50673611111111
2026-04-27 18:55:00,30.33430555555556,39.607534722222226
2026-04-27 19:00:00,30.332256944444445,39.66385416666667
2026-04-27 19:05:00,30.328333333333337,39.71854166666667
2026-04-27 19:10:00,30.32305555555556,39.77243055555556
2026-04-27 19:15:00,30.316909722222217,39.82503472222223
2026-04-27 19:20:00,30.31392361111111,39.982777777777784
2026-04-27 19:25:00,30.316631944444445,40.09534722222222
2026-04-27 19:30:00,30.316909722222224,40.14100694444444
2026-04-27 19:35:00,30.314895833333328,40.18538194444445
2026-04-27 19:40:00,30.311458333333334,40.228368055555556
2026-04-27 19:45:00,30.30743055555556,40.32586805555556
2026-04-27 19:50:00,30.309583333333332,40.482569444444444
2026-04-27 19:55:00,30.314062500000002,40.521840277777784
2026-04-27 20:00:00,30.315486111111113,40.550972222222214
2026-04-27 20:05:00,30.31482638888889,40.578576388888884
2026-04-27 20:10:00,30.316805555555554,40.717187499999994
2026-04-27 20:15:00,30.325000000000003,40.855624999999996
2026-04-27 20:20:00,30.3321875,40.98454861111111
2026-04-27 20:25:00,30.334548611111114,41.023020833333334
2026-04-27 20:30:00,30.3403125,41.14836805555556
2026-04-27 20:35:00,30.34392361111111,41.26638888888888
2026-04-27 20:40:00,30.34881944444444,41.2965625
2026-04-27 20:45:00,30.35027777777778,41.41003472222222
2026-04-27 20:50:00,30.357986111111114,41.50006944444445
2026-04-27 20:55:00,30.358854166666667,41.611180555555556
2026-04-27 21:00:00,30.36618055555555,41.669270833333336
2026-04-27 21:05:00,30.370902777777776,41.683611111111105
2026-04-27 21:10:00,30.377500000000005,41.79559027777778
2026-04-27 21:15:00,30.38625,41.811527777777776
2026-04-27 21:20:00,30.391597222222224,41.82548611111111
2026-04-27 21:25:00,30.399513888888894,41.94277777777778
2026-04-27 21:30:00,30.404097222222227,41.972638888888895
2026-04-27 21:35:00,30.405069444444443,41.998888888888885
2026-04-27 21:40:00,30.41,42.12590277777778
2026-04-27 21:45:00,30.41892361111111,42.15347222222223
2026-04-27 21:50:00,30.424444444444443,42.204930555555556
2026-04-27 21:55:00,30.42795138888889,42.317083333333336
2026-04-27 22:00:00,30.43201388888889,42.34451388888888
2026-04-27 22:05:00,30.43586805555556,42.46302083333333
2026-04-27 22:10:00,30.44600694444444,42.55746527777777
2026-04-27 22:15:00,30.446493055555557,42.586527777777775
2026-04-27 22:20:00,30.449826388888887,42.70600694444445
2026-04-27 22:25:00,30.457951388888887,42.735347222222224
2026-04-27 22:30:00,30.456666666666667,42.846493055555555
2026-04-27 22:35:00,30.46152777777778,42.94940972222222
2026-04-27 22:40:00,30.46805555555556,42.973368055555554
2026-04-27 22:45:00,30.474375000000002,43.08065972222222
2026-04-27 22:50:00,30.47899305555556,43.144513888888895
2026-04-27 22:55:00,30.48232638888889,43.23628472222222
2026-04-27 23:00:00,30.487465277777776,43.32680555555556
2026-04-27 23:05:00,30.4903125,43.35489583333333
2026-04-27 23:10:00,30.496597222222224,43.4521875
2026-04-27 23:15:00,30.498749999999998,43.48180555555555
2026-04-27 23:20:00,30.50072916666667,43.59454861111111
2026-04-27 23:25:00,30.50517361111111,43.669375
2026-04-27 23:30:00,30.505000000000003,43.754131944444445
2026-04-27 23:35:00,30.511805555555554,43.83513888888889
2026-04-27 23:40:00,30.511527777777776,43.86486111111111
2026-04-27 23:45:00,30.51524305555556,43.96548611111111
2026-04-27 23:50:00,30.51694444444444,44.004305555555554
2026-04-27 23:55:00,30.519652777777782,44.105451388888895
2026-04-28 00:00:00,30.522083333333335,44.18409722222222
2026-04-28 00:05:00,30.524930555555557,44.24833333333333
2026-04-28 00:10:00,30.52649305555556,44.3284375
2026-04-28 00:15:00,30.531875,44.35100694444444
2026-04-28 00:20:00,30.53225694444445,44.43649305555555
2026-04-28 00:25:00,30.538090277777776,44.4653125
2026-04-28 00:30:00,30.537812499999998,44.55708333333333
2026-04-28 00:35:00,30.54454861111111,44.62184027777778
2026-04-28 00:40:00,30.543854166666662,44.7173611111111
2026-04-28 00:45:00,30.54965277777778,44.79145833333334
2026-04-28 00:50:00,30.548958333333328,44.84923611111112
2026-04-28 00:55:00,30.55496527777778,44.919687499999995
2026-04-28 01:00:00,30.55690972222222,44.94201388888889
2026-04-28 01:05:00,30.56149305555555,45.01399305555556
2026-04-28 01:10:00,30.56451388888889,45.06871527777778
2026-04-28 01:15:00,30.56746527777777,45.14440972222222
2026-04-28 01:20:00,30.57048611111111,45.21621527777777
2026-04-28 01:25:00,30.57201388888889,45.29739583333334
2026-04-28 01:30:00,30.574930555555554,45.370625
2026-04-28 01:35:00,30.57628472222222,45.406284722222225
2026-04-28 01:40:00,30.579340277777774,45.47888888888889
2026-04-28 01:45:00,30.582534722222224,45.49097222222222
2026-04-28 01:50:00,30.584791666666668,45.565000000000005
2026-04-28 01:55:00,30.588124999999998,45.61572916666667
2026-04-28 02:00:00,30.590173611111116,45.69145833333333
2026-04-28 02:05:00,30.592222222222226,45.740624999999994
2026-04-28 02:10:00,30.59739583333333,45.734513888888884
2026-04-28 02:15:00,30.597743055555554,45.784375
2026-04-28 02:20:00,30.60319444444444,45.81298611111111
2026-04-28 02:25:00,30.60215277777778,45.87447916666666
2026-04-28 02:30:00,30.60621527777778,45.90336805555555
2026-04-28 02:35:00,30.604756944444446,45.96885416666666
2026-04-28 02:40:00,30.607291666666665,45.9986111111111
2026-04-28 02:45:00,30.60847222222223,46.00756944444444
2026-04-28 02:50:00,30.60965277777778,46.03722222222222
2026-04-28 02:55:00,30.612395833333338,46.06111111111111
2026-04-28 03:00:00,30.612361111111106,46.088854166666664
2026-04-28 03:05:00,30.615104166666665,46.131770833333334
2026-04-28 03:10:00,30.614444444444448,46.15625
2026-04-28 03:15:00,30.616979166666667,46.19607638888888
2026-04-28 03:20:00,30.615798611111114,46.21590277777778
2026-04-28 03:25:00,30.61802083333334,46.25225694444444
2026-04-28 03:30:00,30.61673611111111,46.26524305555555
2026-04-28 03:35:00,30.618854166666665,46.296145833333334
2026-04-28 03:40:00,30.61690972222222,46.30347222222222
2026-04-28 03:45:00,30.61881944444444,46.32892361111111
2026-04-28 03:50:00,30.617152777777775,46.326562499999994
2026-04-28 03:55:00,30.618993055555556,46.345312500000006
2026-04-28 04:00:00,30.618437500000002,46.31434027777778
2026-04-28 04:05:00,30.619166666666665,46.32763888888889
2026-04-28 04:10:00,30.61961805555556,46.28496527777778
2026-04-28 04:15:00,30.621597222222224,46.295
2026-04-28 04:20:00,30.62319444444445,46.25118055555556
2026-04-28 04:25:00,30.623819444444443,46.25767361111111
2026-04-28 04:30:00,30.626458333333332,46.220034722222216
2026-04-28 04:35:00,30.627152777777773,46.2251736111111
2026-04-28 04:40:00,30.62947916666667,46.18586805555556
2026-04-28 04:45:00,30.626944444444444,46.159618055555555
2026-04-28 04:50:00,30.629444444444445,46.11638888888889
2026-04-28 04:55:00,30.630243055555557,46.06951388888889
2026-04-28 05:00:00,30.632395833333337,46.021631944444444
2026-04-28 05:05:00,30.634270833333332,45.98104166666667
2026-04-28 05:10:00,30.635243055555552,45.943472222222226
2026-04-28 05:15:00,30.639826388888892,45.89177083333333
2026-04-28 05:20:00,30.642395833333328,45.84722222222222
2026-04-28 05:25:00,30.64368055555555,45.8225
2026-04-28 05:30:00,30.647361111111113,45.77111111111111
2026-04-28 05:35:00,30.64888888888889,45.72666666666667
2026-04-28 05:40:00,30.65034722222222,45.71597222222223
2026-04-28 05:45:00,30.652708333333333,45.66638888888889
2026-04-28 05:50:00,30.653402777777778,45.62256944444445
2026-04-28 05:55:00,30.657118055555557,45.57739583333333
2026-04-28 06:00:00,30.659895833333337,45.52760416666667
2026-04-28 06:05:00,30.66131944444444,45.48427083333334
2026-04-28 06:10:00,30.666041666666665,45.428472222222226
2026-04-28 06:15:00,30.66586805555555,45.38559027777777
2026-04-28 06:20:00,30.66652777777778,45.37145833333333
2026-04-28 06:25:00,30.669340277777778,45.320590277777775
2026-04-28 06:30:00,30.670798611111113,45.27475694444444
2026-04-28 06:35:00,30.672951388888887,45.2595138888889
2026-04-28 06:40:00,30.676701388888887,45.207118055555554
2026-04-28 06:45:00,30.675659722222218,45.16527777777778
2026-04-28 06:50:00,30.674722222222222,45.12427083333333
2026-04-28 06:55:00,30.67739583333333,45.08111111111111
2026-04-28 07:00:00,30.67979166666667,45.031215277777775
2026-04-28 07:05:00,30.677847222222226,44.99041666666667
2026-04-28 07:10:00,30.67940972222222,44.96378472222222
2026-04-28 07:15:00,30.681180555555557,44.91607638888889
2026-04-28 07:20:00,30.68152777777778,44.86833333333333
2026-04-28 07:25:00,30.683020833333337,44.82013888888889
2026-04-28 07:30:00,30.68402777777778,44.78923611111111
2026-04-28 07:35:00,30.684548611111115,44.74465277777778
2026-04-28 07:40:00,30.68621527777778,44.72739583333333
2026-04-28 07:45:00,30.686006944444443,44.685937499999994
2026-04-28 07:50:00,30.688298611111108,44.67194444444444
2026-04-28 07:55:00,30.688125,44.630625
2026-04-28 08:00:00,30.692812500000002,44.5746875
2026-04-28 08:05:00,30.692465277777778,44.550625
2026-04-28 08:10:00,30.696979166666665,44.49711805555555
2026-04-28 08:15:00,30.697777777777773,44.48170138888889
2026-04-28 08:20:00,30.700868055555556,44.43423611111111
2026-04-28 08:25:00,30.702743055555555,44.39315972222223
2026-04-28 08:30:00,30.702743055555555,44.37857638888889
2026-04-28 08:35:00,30.70430555555555,44.34038194444444
2026-04-28 08:40:00,30.70503472222222,44.30513888888889
2026-04-28 08:45:00,30.70586805555556,44.29625
2026-04-28 08:50:00,30.703368055555554,44.27770833333333
2026-04-28 08:55:00,30.70708333333333,44.230277777777786
2026-04-28 09:00:00,30.70690972222222,44.2196875
2026-04-28 09:05:00,30.709583333333327,44.17243055555556
2026-04-28 09:10:00,30.712291666666673,44.15607638888889
2026-04-28 09:15:00,30.715763888888887,44.122638888888886
2026-04-28 09:20:00,30.717291666666668,44.096493055555555
2026-04-28 09:25:00,30.72017361111111,44.083124999999995
2026-04-28 09:30:00,30.72392361111112,44.04163194444445
2026-04-28 09:35:00,30.723333333333333,44.03357638888889
2026-04-28 09:40:00,30.727847222222223,44.01260416666666
2026-04-28 09:45:00,30.731562499999995,43.99788194444445
2026-04-28 09:50:00,30.733159722222222,43.97243055555556
2026-04-28 09:55:00,30.733437499999997,43.95951388888889
2026-04-28 10:00:00,30.74059027777778,43.935972222222226
2026-04-28 10:05:00,30.74565972222222,43.913125
2026-04-28 10:10:00,30.748368055555552,43.88361111111111
2026-04-28 10:15:00,30.750729166666662,43.86548611111111
2026-04-28 10:20:00,30.752256944444444,43.84909722222222
2026-04-28 10:25:00,30.753090277777776,43.83378472222222
2026-04-28 10:30:00,30.757465277777776,43.80420138888889
2026-04-28 10:35:00,30.754687500000003,43.79600694444444
2026-04-28 10:40:00,30.75295138888889,43.78684027777777
2026-04-28 10:45:00,30.74513888888889,43.78190972222222
2026-04-28 10:50:00,30.74236111111111,43.77784722222222
2026-04-28 10:55:00,30.7440625,43.7590625
2026-04-28 11:00:00,30.744965277777776,43.74
2026-04-28 11:05:00,30.745381944444446,43.7209375
2026-04-28 11:10:00,30.74565972222222,43.70135416666667
2026-04-28 11:15:00,30.745763888888884,43.68079861111111
2026-04-28 11:20:00,30.74576388888889,43.65902777777777
2026-04-28 11:25:00,30.745694444444446,43.63621527777778
2026-04-28 11:30:00,30.74565972222222,43.6121875
2026-04-28 11:35:00,30.745555555555555,43.58704861111111
2026-04-28 11:40:00,30.745277777777776,43.560937499999994
2026-04-28 11:45:00,30.74489583333333,43.534305555555555
2026-04-28 11:50:00,30.74440972222222,43.507534722222225
2026-04-28 11:55:00,30.743854166666665,43.48083333333333
2026-04-28 12:00:00,30.743090277777778,43.45451388888889
2026-04-28 12:05:00,30.742222222222225,43.429027777777776
2026-04-28 12:10:00,30.741423611111106,43.40517361111111
2026-04-28 12:15:00,30.741145833333334,43.3821875
2026-04-28 12:20:00,30.741388888888885,43.35913194444444
2026-04-28 12:25:00,30.742118055555554,43.336423611111115
2026-04-28 12:55:00,30.798409893992936,43.30971731448763
2026-04-28 13:00:00,30.801872791519436,43.27628975265018
2026-04-28 13:05:00,30.80353356890459,43.246466431095406
2026-04-28 13:10:00,30.80353356890459,43.22007067137809
2026-04-28 13:15:00,30.80219081272085,43.195936395759716
2026-04-28 13:20:00,30.799787985865724,43.17409893992933
2026-04-28 13:25:00,30.79639575971731,43.15388692579506
2026-04-28 13:30:00,30.792402826855124,43.13508833922261
2026-04-28 13:35:00,30.78787985865725,43.117243816254415
2026-04-28 13:40:00,30.78303886925795,43.09950530035336
2026-04-28 13:45:00,30.777950530035334,43.082155477031804
2026-04-28 13:50:00,30.772508833922263,43.06487632508834
2026-04-28 13:55:00,30.766961130742054,43.047349823321554
2026-04-28 14:00:00,30.76162544169611,43.029752650176675
2026-04-28 14:05:00,30.756466431095404,43.01173144876325
2026-04-28 14:10:00,30.75166077738516,42.99349823321555
2026-04-28 14:15:00,30.747420494699647,42.974310954063604
2026-04-28 14:20:00,30.74388692579505,42.95413427561838
2026-04-28 14:25:00,30.740918727915194,42.93303886925795
2026-04-28 14:30:00,30.738515901060072,42.911236749116604
2026-04-28 14:35:00,30.736713780918727,42.88844522968198
2026-04-28 14:40:00,30.735371024734985,42.86459363957597
2026-04-28 14:45:00,30.734381625441696,42.840106007067135
2026-04-28 14:50:00,30.73356890459364,42.815441696113076
2026-04-28 14:55:00,30.732791519434628,42.79091872791519
2026-04-28 15:00:00,30.73201413427562,42.76689045936396
2026-04-28 15:05:00,30.731272084805656,42.74363957597173
2026-04-28 15:10:00,30.730565371024735,42.72162544169611
2026-04-28 15:15:00,30.73,42.700954063604236
2026-04-28 15:20:00,30.729505300353352,42.68109540636043
2026-04-28 15:25:00,30.72904593639576,42.66247349823322
2026-04-28 15:30:00,30.72855123674912,42.64473498233215
2026-04-28 15:35:00,30.728339222614842,42.62756183745583
2026-04-28 15:40:00,30.72865724381625,42.610388692579505
2026-04-28 15:45:00,30.72946996466431,42.59353356890459
2026-04-28 15:50:00,30.73053003533569,42.57639575971731
2026-04-28 15:55:00,30.731731448763252,42.55943462897526
2026-04-28 16:00:00,30.73286219081272,42.543462897526496
2026-04-28 16:05:00,30.73395759717314,42.52749116607774
2026-04-28 16:10:00,30.73498233215548,42.51070671378091
2026-04-28 16:15:00,30.735901060070674,42.49310954063604
2026-04-28 16:20:00,30.73660777385159,42.47491166077739
2026-04-28 16:25:00,30.737173144876326,42.45590106007067
2026-04-28 16:30:00,30.737773851590102,42.435300353356894
2026-04-28 16:35:00,30.738233215547705,42.41353356890459
2026-04-28 16:40:00,30.738657243816256,42.39106007067138
2026-04-28 16:45:00,30.739010600706713,42.368127208480566
2026-04-28 16:50:00,30.73925795053004,42.34519434628975
2026-04-28 16:55:00,30.739363957597174,42.32243816254417
2026-04-28 17:00:00,30.739434628975264,42.299399293286214
2026-04-28 17:05:00,30.739187279151945,42.27590106007067
2026-04-28 17:10:00,30.739045936395758,42.25074204946996
2026-04-28 17:15:00,30.739010600706713,42.22303886925795
2026-04-28 17:20:00,30.73897526501767,42.191342756183744
2026-04-28 17:25:00,30.73886925795053,42.1565371024735
2026-04-28 17:30:00,30.73886925795053,42.11904593639576
2026-04-28 17:35:00,30.738975265017665,42.081095406360426
2026-04-28 17:40:00,30.738833922261485,42.04137809187279
2026-04-28 17:45:00,30.73876325088339,41.999575971731446
2026-04-28 17:50:00,30.73876325088339,41.95544169611307
2026-04-28 17:55:00,30.738904593639578,41.908869257950535
2026-04-28 18:00:00,30.739081272084807,41.86095406360424
2026-04-28 18:05:00,30.73939929328622,41.81159010600707
2026-04-28 18:10:00,30.739823321554766,41.760353356890455
2026-04-28 18:15:00,30.7403886925795,41.707703180212015
2026-04-28 18:20:00,30.740954063604242,41.654063604240285
2026-04-28 18:25:00,30.74148409893993,41.60017667844523
2026-04-28 18:30:00,30.741978798586572,41.546113074204946
2026-04-28 18:35:00,30.742508833922265,41.492756183745584
2026-04-28 18:40:00,30.742932862190813,41.44053003533569
2026-04-28 18:45:00,30.743286219081273,41.389434628975266
2026-04-28 18:50:00,30.745406360424024,41.24318021201413
2026-04-28 18:55:00,30.743074204946993,41.13925795053004
2026-04-28 19:00:00,30.74091872791519,41.08494699646643
2026-04-28 19:05:00,30.739257950530032,41.03505300353357
2026-04-28 19:10:00,30.73978798586572,40.98742049469964
2026-04-28 19:15:00,30.747314487632515,40.92650176678445
2026-04-28 19:20:00,30.74851590106007,40.76303886925795
2026-04-28 19:25:00,30.741802120141344,40.64872791519435
2026-04-28 19:30:00,30.73844522968198,40.603462897526505
2026-04-28 19:35:00,30.742579505300352,40.54473498233215
2026-04-28 19:40:00,30.745300353356892,40.48943462897527
2026-04-28 19:45:00,30.74671378091873,40.37865724381626
2026-04-28 19:50:00,30.746219081272084,40.19922261484099
2026-04-28 19:55:00,30.74434628975265,40.13017667844523
2026-04-28 20:00:00,30.742897526501768,40.07243816254417
2026-04-28 20:05:00,30.743250883392225,40.016855123674915
2026-04-28 20:10:00,30.747349823321557,39.83282685512368
2026-04-28 20:15:00,30.74254416961131,39.65127208480566
2026-04-28 20:20:00,30.733710247349823,39.48840989399294
2026-04-28 20:25:00,30.732508833922264,39.41939929328621
2026-04-28 20:30:00,30.725300353356893,39.25671378091873
2026-04-28 20:35:00,30.71787985865725,39.117420494699644
2026-04-28 20:40:00,30.713886925795055,39.05265017667845
2026-04-28 20:45:00,30.705441696113073,38.925653710247346
2026-04-28 20:50:00,30.69929328621908,38.81498233215547
2026-04-28 20:55:00,30.692826855123673,38.69575971731449
2026-04-28 21:00:00,30.6865371024735,38.62565371024735
2026-04-28 21:05:00,30.684805653710253,38.595936395759715
2026-04-28 21:10:00,30.68042402826855,38.47643109540636
2026-04-28 21:15:00,30.679787985865723,38.44141342756184
2026-04-28 21:20:00,30.67893992932862,38.41745583038869
2026-04-28 21:25:00,30.680848056537105,38.28840989399293
2026-04-28 21:30:00,30.67734982332155,38.25515901060071
2026-04-28 21:35:00,30.67893992932862,38.24533568904594
2026-04-28 21:40:00,30.680353356890464,38.11204946996466
2026-04-28 21:45:00,30.675371024734986,38.1116961130742
2026-04-28 21:50:00,30.680494699646644,38.06710247349823
2026-04-28 21:55:00,30.677526501766785,37.9595406360424
2026-04-28 22:00:00,30.679116607773853,37.95862190812721
2026-04-28 22:05:00,30.68053003533569,37.84247349823322
2026-04-28 22:10:00,30.678515901060074,37.77763250883392
2026-04-28 22:15:00,30.68063604240283,37.75897526501767
2026-04-28 22:20:00,30.67939929328622,37.69162544169611
2026-04-28 22:25:00,30.680494699646644,37.68031802120141
2026-04-28 22:30:00,30.681307420494697,37.62826855123675
2026-04-28 22:35:00,30.68250883392226,37.56314487632509
2026-04-28 22:40:00,30.68173144876325,37.54667844522968
2026-04-28 22:45:00,30.684452296819792,37.46855123674912
2026-04-28 22:50:00,30.68265017667844,37.417985865724376
2026-04-28 22:55:00,30.68547703180212,37.365300353356886
2026-04-28 23:00:00,30.68618374558304,37.27996466431095
2026-04-28 23:05:00,30.686607773851588,37.293074204947
2026-04-28 23:10:00,30.68918727915194,37.196996466431095
2026-04-28 23:15:00,30.687985865724386,37.20272084805654
2026-04-28 23:20:00,30.69250883392226,37.09625441696113
2026-04-28 23:25:00,30.689787985865728,37.04674911660777
2026-04-28 23:30:00,30.695159010600705,36.968268551236754
2026-04-28 23:35:00,30.694169611307416,36.89763250883392
2026-04-28 23:40:00,30.69805653710247,36.87385159010601
2026-04-28 23:45:00,30.698339222614837,36.78575971731449
2026-04-28 23:50:00,30.699611307420493,36.75183745583039
2026-04-28 23:55:00,30.70067137809187,36.65886925795053
2026-04-29 00:00:00,30.701625441696113,36.58173144876325
2026-04-29 00:05:00,30.702544169611308,36.523886925795054
2026-04-29 00:10:00,30.704310954063605,36.44452296819788
2026-04-29 00:15:00,30.702473498233214,36.43014134275618
2026-04-29 00:20:00,30.705053003533564,36.3464664310954
2026-04-29 00:25:00,30.702932862190814,36.32583038869258
2026-04-29 00:30:00,30.706501766784456,36.23558303886926
2026-04-29 00:35:00,30.70388692579505,36.1777738515901
2026-04-29 00:40:00,30.70766784452297,36.08409893992933
2026-04-29 00:45:00,30.70597173144876,36.012402826855116
2026-04-29 00:50:00,30.709187279151948,35.957667844522966
2026-04-29 00:55:00,30.70780918727915,35.885583038869264
2026-04-29 01:00:00,30.708727915194345,35.86399293286219
2026-04-29 01:05:00,30.708303886925798,35.78632508833922
2026-04-29 01:10:00,30.70812720848057,35.73074204946997
2026-04-29 01:15:00,30.70819787985866,35.6469964664311
2026-04-29 01:20:00,30.708339222614843,35.57173144876325
2026-04-29 01:25:00,30.70939929328622,35.47890459363957
2026-04-29 01:30:00,30.71,35.39508833922261
2026-04-29 01:35:00,30.710671378091874,35.34537102473498
2026-04-29 01:40:00,30.709469964664315,35.25897526501767
2026-04-29 01:45:00,30.70819787985866,35.228939929328625
2026-04-29 01:50:00,30.70964664310954,35.137031802120134
2026-04-29 01:55:00,30.70766784452297,35.06416961130743
2026-04-29 02:00:00,30.71091872791519,34.97155477031802
2026-04-29 02:05:00,30.709257950530034,34.897420494699645
2026-04-29 02:10:00,30.709752650176682,34.86551236749117
2026-04-29 02:15:00,30.709081272084806,34.78787985865725
2026-04-29 02:20:00,30.708586572438165,34.716254416961135
2026-04-29 02:25:00,30.7086925795053,34.63236749116608
2026-04-29 02:30:00,30.708869257950525,34.55756183745583
2026-04-29 02:35:00,30.709611307420495,34.470247349823325
2026-04-29 02:40:00,30.710282685512368,34.39378091872792
2026-04-29 02:45:00,30.708374558303884,34.36586572438162
2026-04-29 02:50:00,30.709469964664315,34.288409893992934
2026-04-29 02:55:00,30.70636042402827,34.2447703180212
2026-04-29 03:00:00,30.70837455830389,34.165689045936396
2026-04-29 03:05:00,30.705371024734987,34.10187279151943
2026-04-29 03:10:00,30.70780918727915,34.022614840989405
2026-04-29 03:15:00,30.705795053003534,33.95908127208481
2026-04-29 03:20:00,30.708833922261487,33.88137809187279
2026-04-29 03:25:00,30.7073144876325,33.819681978798585
2026-04-29 03:30:00,30.710318021201417,33.74660777385159
2026-04-29 03:35:00,30.71017667844523,33.68328621908127
2026-04-29 03:40:00,30.712826855123673,33.61593639575972
2026-04-29 03:45:00,30.714664310954063,33.55911660777385
2026-04-29 03:50:00,30.71628975265018,33.500636042402824
2026-04-29 03:55:00,30.717349823321555,33.45028268551237
2026-04-29 04:00:00,30.717879858657245,33.41618374558304
2026-04-29 04:05:00,30.71840989399293,33.37021201413427
2026-04-29 04:10:00,30.720636042402823,33.34335689045936
2026-04-29 04:15:00,30.720212014134276,33.30120141342756
2026-04-29 04:20:00,30.720600706713775,33.273992932862186
2026-04-29 04:25:00,30.723462897526503,33.2295406360424
2026-04-29 04:30:00,30.72187279151943,33.19558303886926
2026-04-29 04:35:00,30.724416961130743,33.15424028268552
2026-04-29 04:40:00,30.72554770318021,33.11604240282686
2026-04-29 04:45:00,30.72703180212014,33.077349823321555
2026-04-29 04:50:00,30.727879858657243,33.04208480565371
2026-04-29 04:55:00,30.72904593639576,33.01851590106007
2026-04-29 05:00:00,30.728763250883393,32.98540636042403
2026-04-29 05:05:00,30.728233215547704,32.95452296819788
2026-04-29 05:10:00,30.727738515901063,32.925441696113076
2026-04-29 05:15:00,30.7264664310954,32.89554770318021
2026-04-29 05:20:00,30.72342756183746,32.87233215547703
2026-04-29 05:25:00,30.721660777385164,32.84773851590106
2026-04-29 05:30:00,30.720918727915198,32.82197879858658
2026-04-29 05:35:00,30.720954063604236,32.795265017667845
2026-04-29 05:40:00,30.71840989399293,32.77226148409894
2026-04-29 05:45:00,30.71742049469965,32.74717314487632
2026-04-29 05:50:00,30.71706713780918,32.72120141342756
2026-04-29 05:55:00,30.71696113074205,32.695017667844525
2026-04-29 06:00:00,30.71660777385159,32.667879858657244
2026-04-29 06:05:00,30.71332155477032,32.64607773851589
2026-04-29 06:10:00,30.710848056537102,32.62363957597173
2026-04-29 06:15:00,30.71201413427562,32.595053003533565
2026-04-29 06:20:00,30.712226148409894,32.56689045936396
2026-04-29 06:25:00,30.709858657243814,32.54469964664312
2026-04-29 06:30:00,30.708056537102472,32.52247349823322
2026-04-29 06:35:00,30.706678445229688,32.50017667844523
2026-04-29 06:40:00,30.705477031802126,32.477985865724385
2026-04-29 06:45:00,30.707597173144876,32.448833922261485
2026-04-29 06:50:00,30.70618374558304,32.42678445229682
2026-04-29 06:55:00,30.705017667844526,32.40505300353357
2026-04-29 07:00:00,30.703922261484095,32.383710247349825
2026-04-29 07:05:00,30.70632508833922,32.35720848056537
2026-04-29 07:10:00,30.708091872791524,32.33187279151944
2026-04-29 07:15:00,30.705653710247354,32.31240282685512
2026-04-29 07:20:00,30.704275618374556,32.29752650176678
2026-04-29 07:25:00,30.705865724381628,32.27265017667845
2026-04-29 07:30:00,30.703356890459368,32.25416961130742
2026-04-29 07:35:00,30.70533568904593,32.22855123674911
2026-04-29 07:40:00,30.702544169611308,32.210353356890465
2026-04-29 07:45:00,30.704381625441698,32.18565371024735
2026-04-29 07:50:00,30.70173144876325,32.16720848056538
2026-04-29 07:55:00,30.703144876325087,32.144558303886924
2026-04-29 08:00:00,30.700141342756183,32.12848056537102
2026-04-29 08:05:00,30.701342756183745,32.10434628975265
2026-04-29 08:10:00,30.69893992932862,32.08872791519435
2026-04-29 08:15:00,30.70141342756184,32.06590106007067
2026-04-29 08:20:00,30.699611307420493,32.04968197879859
2026-04-29 08:25:00,30.69795053003534,32.03505300353357
2026-04-29 08:30:00,30.699505300353355,32.01660777385159
2026-04-29 08:35:00,30.700989399293288,31.9973851590106
2026-04-29 08:40:00,30.700989399293288,31.98014134275618
2026-04-29 08:45:00,30.701766784452293,31.96063604240283
2026-04-29 08:50:00,30.702049469964667,31.941060070671377
2026-04-29 08:55:00,30.700459363957602,31.924982332155473
2026-04-29 09:00:00,30.701802120141338,31.90151943462898
2026-04-29 09:05:00,30.700671378091876,31.88593639575972
2026-04-29 09:10:00,30.7003886925795,31.8616961130742
2026-04-29 09:15:00,30.700494699646644,31.837526501766785
2026-04-29 09:20:00,30.699505300353355,31.817632508833928
2026-04-29 09:25:00,30.698621908127205,31.7935335689046
2026-04-29 09:30:00,30.69883392226148,31.769787985865726
2026-04-29 09:35:00,30.696855123674908,31.745441696113073
2026-04-29 09:40:00,30.698162544169612,31.71975265017668
2026-04-29 09:45:00,30.697879858657245,31.6886925795053
2026-04-29 09:50:00,30.69826855123675,31.66487632508834
2026-04-29 09:55:00,30.698975265017673,31.636007067137808
2026-04-29 10:00:00,30.69325088339222,31.618621908127206
2026-04-29 10:05:00,30.695936395759713,31.58696113074205
2026-04-29 10:10:00,30.69575971731449,31.553286219081272
2026-04-29 10:15:00,30.690070671378095,31.535795053003536
2026-04-29 10:20:00,30.692932862190816,31.500494699646648
2026-04-29 10:25:00,30.69448763250884,31.464381625441696
2026-04-29 10:30:00,30.688233215547704,31.4386925795053
2026-04-29 10:35:00,30.68265017667844,31.414770318021205
2026-04-29 10:40:00,30.685053003533564,31.37992932862191
2026-04-29 10:45:00,30.688056537102472,31.34007067137809
2026-04-29 10:50:00,30.68600706713781,31.305583038869255
2026-04-29 10:55:00,30.680812720848056,31.281024734982328
2026-04-29 11:00:00,30.677102473498238,31.253745583038867
2026-04-29 11:05:00,30.674204946996465,31.22484098939929
2026-04-29 11:10:00,30.6717667844523,31.19480565371025
2026-04-29 11:15:00,30.66964664310954,31.164416961130744
2026-04-29 11:20:00,30.667632508833925,31.134169611307417
2026-04-29 11:25:00,30.66572438162544,31.103922261484097
2026-04-29 11:30:00,30.663780918727916,31.073816254416965
2026-04-29 11:35:00,30.66180212014134,31.04494699646643
2026-04-29 11:40:00,30.659717314487636,31.017208480565372
2026-04-29 11:45:00,30.65756183745583,30.99010600706714
2026-04-29 11:50:00,30.655441696113073,30.963745583038868
2026-04-29 11:55:00,30.65325088339222,30.938586572438165
2026-04-29 12:00:00,30.651095406360426,30.914310954063605
2026-04-29 12:05:00,30.648869257950526,30.89017667844523
2026-04-29 12:10:00,30.646148409893996,30.866042402826857
2026-04-29 12:15:00,30.646819787985862,30.838869257950535
2026-04-29 12:20:00,30.65067137809188,30.803851590106007
2026-04-29 12:25:00,30.651484098939925,30.77187279151943
2026-04-29 12:30:00,30.644295774647887,30.7581338028169
2026-04-29 12:35:00,30.64319298245614,30.734456140350876
2026-04-29 12:40:00,30.638881118881116,30.71482517482517
2026-04-29 12:45:00,30.63240418118467,30.698501742160275
2026-04-29 12:50:00,30.62864583333333,30.680902777777774
2026-04-29 12:55:00,30.624201388888892,30.665208333333332
2026-04-29 13:00:00,30.621076388888884,30.647951388888885
2026-04-29 13:05:00,30.618958333333335,30.628402777777776
2026-04-29 13:10:00,30.61756944444444,30.607604166666665
2026-04-29 13:15:00,30.616631944444446,30.58704861111111
2026-04-29 13:20:00,30.61607638888889,30.566631944444445
2026-04-29 13:25:00,30.61576388888889,30.54645833333333
2026-04-29 13:30:00,30.615694444444443,30.526736111111113
2026-04-29 13:35:00,30.615798611111114,30.50711805555556
2026-04-29 13:40:00,30.615937499999998,30.488090277777776
2026-04-29 13:45:00,30.61607638888889,30.46902777777778
2026-04-29 13:50:00,30.616284722222222,30.44996527777778
2026-04-29 13:55:00,30.61677083333333,30.430659722222224
2026-04-29 14:00:00,30.617361111111116,30.411145833333332
2026-04-29 14:05:00,30.618159722222224,30.39190972222222
2026-04-29 14:10:00,30.619097222222226,30.37326388888889
2026-04-29 14:15:00,30.620208333333338,30.355173611111113
2026-04-29 14:20:00,30.620694444444446,30.337881944444444
2026-04-29 14:25:00,30.62034722222222,30.32173611111111
2026-04-29 14:30:00,30.618958333333328,30.307048611111114
2026-04-29 14:35:00,30.61628472222223,30.294722222222227
2026-04-29 14:40:00,30.61239583333333,30.28472222222222
2026-04-29 14:45:00,30.607499999999998,30.27729166666667
2026-04-29 14:50:00,30.60163194444444,30.272291666666668
2026-04-29 14:55:00,30.595034722222223,30.269166666666663
2026-04-29 15:00:00,30.58777777777778,30.267812499999998
2026-04-29 15:05:00,30.580000000000002,30.26777777777778
2026-04-29 15:10:00,30.57159722222222,30.26763888888889
2026-04-29 15:15:00,30.562638888888884,30.26666666666667
2026-04-29 15:20:00,30.553229166666668,30.26569444444444
2026-04-29 15:25:00,30.54340277777778,30.266145833333333
2026-04-29 15:30:00,30.53736111111111,30.263263888888886
2026-04-29 15:35:00,30.53347222222222,30.254722222222224
2026-04-29 15:40:00,30.52743055555556,30.249652777777776
2026-04-29 15:45:00,30.51986111111111,30.247013888888887
2026-04-29 15:50:00,30.511354166666667,30.246875000000003
2026-04-29 15:55:00,30.50232638888889,30.248923611111113
2026-04-29 16:00:00,30.493020833333333,30.253125000000004
2026-04-29 16:05:00,30.483576388888892,30.2596875
2026-04-29 16:10:00,30.47413194444444,30.268611111111113
2026-04-29 16:15:00,30.46482638888889,30.27934027777778
2026-04-29 16:20:00,30.455729166666668,30.291493055555552
2026-04-29 16:25:00,30.446840277777774,30.30517361111111
2026-04-29 16:30:00,30.438125,30.321041666666662
2026-04-29 16:35:00,30.429722222222225,30.338437500000005
2026-04-29 16:40:00,30.4215625,30.35746527777778
2026-04-29 16:45:00,30.413645833333337,30.37802083333333
2026-04-29 16:50:00,30.406006944444446,30.399652777777778
2026-04-29 16:55:00,30.398680555555554,30.421875
2026-04-29 17:00:00,30.391458333333333,30.444930555555555
2026-04-29 17:05:00,30.384756944444444,30.46857638888889
2026-04-29 17:10:00,30.378715277777776,30.49277777777778
2026-04-29 17:15:00,30.373715277777777,30.517430555555556
2026-04-29 17:20:00,30.369861111111106,30.542152777777776
2026-04-29 17:25:00,30.367152777777775,30.566041666666667
2026-04-29 17:30:00,30.36534722222222,30.590868055555557
2026-04-29 17:35:00,30.364513888888887,30.616111111111113
2026-04-29 17:40:00,30.364618055555557,30.642187500000002
2026-04-29 17:45:00,30.365243055555556,30.66871527777778
2026-04-29 17:50:00,30.36586805555556,30.6959375
2026-04-29 17:55:00,30.366388888888885,30.723368055555554
2026-04-29 18:00:00,30.3665625,30.751041666666666
2026-04-29 18:05:00,30.366388888888892,30.779340277777774
2026-04-29 18:10:00,30.36607638888889,30.80885416666667
2026-04-29 18:15:00,30.365625000000005,30.83895833333333
2026-04-29 18:20:00,30.365069444444444,30.86989583333333
2026-04-29 18:25:00,30.36447916666667,30.901180555555552
2026-04-29 18:30:00,30.363784722222224,30.93274305555556
2026-04-29 18:35:00,30.36298611111111,30.96458333333333
2026-04-29 18:40:00,30.366631944444446,30.99076388888889
2026-04-29 18:45:00,30.373645833333327,31.004131944444445
2026-04-29 18:50:00,30.37357638888889,31.028784722222227
2026-04-29 18:55:00,30.370520833333337,31.063854166666665
2026-04-29 19:00:00,30.368645833333332,31.098020833333333
2026-04-29 19:05:00,30.372222222222224,31.126944444444444
2026-04-29 19:10:00,30.37642361111111,31.143854166666667
2026-04-29 19:15:00,30.37236111111111,31.180347222222224
2026-04-29 19:20:00,30.36993055555556,31.21559027777778
2026-04-29 19:25:00,30.374826388888884,31.24621527777778
2026-04-29 19:30:00,30.37934027777778,31.262881944444448
2026-04-29 19:35:00,30.376111111111115,31.298437499999995
2026-04-29 19:40:00,30.374062499999997,31.33423611111111
2026-04-29 19:45:00,30.376458333333332,31.38454861111111
2026-04-29 19:50:00,30.37847222222222,31.412986111111106
2026-04-29 19:55:00,30.376354166666673,31.452048611111113
2026-04-29 20:00:00,30.378541666666667,31.507395833333337
2026-04-29 20:05:00,30.383472222222224,31.534062499999997
2026-04-29 20:10:00,30.379270833333333,31.57822916666667
2026-04-29 20:15:00,30.382951388888884,31.628819444444446
2026-04-29 20:20:00,30.386319444444446,31.65597222222222
2026-04-29 20:25:00,30.383437499999996,31.719409722222224
2026-04-29 20:30:00,30.39,31.75333333333333
2026-04-29 20:35:00,30.389201388888882,31.781041666666667
2026-04-29 20:40:00,30.391458333333333,31.81972222222222
2026-04-29 20:45:00,30.39548611111111,31.833333333333332
2026-04-29 20:50:00,30.393437499999997,31.87357638888889
2026-04-29 20:55:00,30.398645833333333,31.883020833333333
2026-04-29 21:00:00,30.39638888888889,31.909236111111113
2026-04-29 21:05:00,30.39972222222222,31.924687499999997
2026-04-29 21:10:00,30.40208333333333,31.921145833333338
2026-04-29 21:15:00,30.40138888888889,31.936666666666667
2026-04-29 21:20:00,30.405625,31.928854166666667
2026-04-29 21:25:00,30.404444444444444,31.931180555555557
2026-04-29 21:30:00,30.40868055555556,31.92024305555556
2026-04-29 21:35:00,30.409687500000004,31.906458333333337
2026-04-29 21:40:00,30.412812499999998,31.89541666666667
2026-04-29 21:45:00,30.416805555555552,31.86170138888889
2026-04-29 21:50:00,30.419270833333332,31.836770833333333
2026-04-29 21:55:00,30.42458333333333,31.815868055555555
2026-04-29 22:00:00,30.426770833333332,31.785555555555554
2026-04-29 22:05:00,30.430243055555554,31.767291666666665
2026-04-29 22:10:00,30.43326388888889,31.72888888888889
2026-04-29 22:15:00,30.435208333333335,31.711493055555554
2026-04-29 22:20:00,30.439583333333335,31.66347222222222
2026-04-29 22:25:00,30.43791666666667,31.638437500000002
2026-04-29 22:30:00,30.443541666666665,31.584027777777774
2026-04-29 22:35:00,30.442812500000002,31.542881944444446
2026-04-29 22:40:00,30.44732638888889,31.536597222222227
2026-04-29 22:45:00,30.447083333333328,31.494965277777776
2026-04-29 22:50:00,30.44989583333334,31.492569444444445
2026-04-29 22:55:00,30.450034722222224,31.455833333333334
2026-04-29 23:00:00,30.451493055555552,31.455104166666665
2026-04-29 23:05:00,30.451631944444443,31.433854166666663
2026-04-29 23:10:00,30.453055555555554,31.434513888888887
2026-04-29 23:15:00,30.453784722222224,31.41892361111111
2026-04-29 23:20:00,30.454722222222227,31.42086805555556
2026-04-29 23:25:00,30.455902777777776,31.412812499999998
2026-04-29 23:30:00,30.45690972222222,31.419062500000003
2026-04-29 23:35:00,30.458437500000002,31.41784722222222
2026-04-29 23:40:00,30.45913194444445,31.42940972222222
2026-04-29 23:45:00,30.46298611111111,31.40972222222222
2026-04-29 23:50:00,30.46350694444445,31.423368055555557
2026-04-29 23:55:00,30.467916666666667,31.41243055555556
2026-04-30 00:00:00,30.46763888888889,31.43128472222222
2026-04-30 00:05:00,30.471874999999997,31.428159722222226
2026-04-30 00:10:00,30.470625,31.451180555555556
2026-04-30 00:15:00,30.47475694444445,31.45322916666667
2026-04-30 00:20:00,30.47340277777778,31.476215277777783
2026-04-30 00:25:00,30.475763888888892,31.47034722222222
2026-04-30 00:30:00,30.47486111111111,31.491250000000004
2026-04-30 00:35:00,30.478784722222226,31.49208333333333
2026-04-30 00:40:00,30.47809027777778,31.51177083333333
2026-04-30 00:45:00,30.481875000000002,31.52385416666667
2026-04-30 00:50:00,30.480625,31.544687500000002
2026-04-30 00:55:00,30.484236111111116,31.55357638888889
2026-04-30 01:00:00,30.483472222222222,31.550590277777776
2026-04-30 01:05:00,30.486319444444444,31.56149305555556
2026-04-30 01:10:00,30.48819444444444,31.573229166666668
2026-04-30 01:15:00,30.490520833333335,31.585694444444446
2026-04-30 01:20:00,30.49177083333333,31.59923611111111
2026-04-30 01:25:00,30.492847222222224,31.614895833333335
2026-04-30 01:30:00,30.493437499999995,31.634270833333332
2026-04-30 01:35:00,30.495555555555555,31.630694444444448
2026-04-30 01:40:00,30.497812500000002,31.650868055555552
2026-04-30 01:45:00,30.500625,31.662291666666665
2026-04-30 01:50:00,30.503402777777776,31.678888888888892
2026-04-30 01:55:00,30.507604166666667,31.687118055555555
2026-04-30 02:00:00,30.506423611111114,31.705833333333334
2026-04-30 02:05:00,30.50913194444444,31.717256944444443
2026-04-30 02:10:00,30.510312499999998,31.73059027777778
2026-04-30 02:15:00,30.514687499999997,31.73861111111111
2026-04-30 02:20:00,30.516423611111108,31.74267361111111
2026-04-30 02:25:00,30.518715277777776,31.75465277777778
2026-04-30 02:30:00,30.51979166666667,31.768124999999998
2026-04-30 02:35:00,30.52385416666667,31.776944444444446
2026-04-30 02:40:00,30.526180555555552,31.787916666666668
2026-04-30 02:45:00,30.531041666666667,31.79006944444445
2026-04-30 02:50:00,30.53142361111111,31.80527777777778
2026-04-30 02:55:00,30.53520833333333,31.815763888888892
2026-04-30 03:00:00,30.537361111111107,31.82840277777778
2026-04-30 03:05:00,30.53934027777778,31.84274305555555
2026-04-30 03:10:00,30.54017361111111,31.858506944444443
2026-04-30 03:15:00,30.54409722222222,31.868576388888886
2026-04-30 03:20:00,30.54284722222222,31.886493055555555
2026-04-30 03:25:00,30.545208333333335,31.898125
2026-04-30 03:30:00,30.54638888888889,31.910729166666663
2026-04-30 03:35:00,30.549131944444444,31.923125000000002
2026-04-30 03:40:00,30.549236111111114,31.936701388888892
2026-04-30 03:45:00,30.54902777777778,31.949513888888887
2026-04-30 03:50:00,30.55204861111111,31.956840277777776
2026-04-30 03:55:00,30.553749999999997,31.965416666666663
2026-04-30 04:00:00,30.557881944444446,31.971527777777776
2026-04-30 04:05:00,30.56076388888889,31.97798611111111
2026-04-30 04:10:00,30.562291666666667,31.986319444444444
2026-04-30 04:15:00,30.56670138888889,31.990902777777777
2026-04-30 04:20:00,30.569375000000004,31.997569444444448
2026-04-30 04:25:00,30.57076388888889,32.00663194444445
2026-04-30 04:30:00,30.574409722222224,32.01125
2026-04-30 04:35:00,30.57642361111111,32.01784722222222
2026-04-30 04:40:00,30.57767361111111,32.02694444444444
2026-04-30 04:45:00,30.581145833333338,32.030798611111116
2026-04-30 04:50:00,30.58017361111111,32.0409375
2026-04-30 04:55:00,30.57881944444444,32.05107638888889
2026-04-30 05:00:00,30.580624999999998,32.05649305555555
2026-04-30 05:05:00,30.581319444444446,32.06326388888889
2026-04-30 05:10:00,30.58107638888889,32.070972222222224
2026-04-30 05:15:00,30.580833333333334,32.08170138888889
2026-04-30 05:20:00,30.581840277777776,32.08770833333333
2026-04-30 05:25:00,30.58114583333333,32.096562500000005
2026-04-30 05:30:00,30.579201388888887,32.10795138888889
2026-04-30 05:35:00,30.576145833333335,32.12152777777778
2026-04-30 05:40:00,30.575451388888887,32.1328125
2026-04-30 05:45:00,30.572986111111113,32.14736111111111
2026-04-30 05:50:00,30.569375000000004,32.164479166666666
2026-04-30 05:55:00,30.564791666666665,32.18385416666667
2026-04-30 06:00:00,30.559895833333332,32.20597222222222
2026-04-30 06:05:00,30.557499999999997,32.22444444444445
2026-04-30 06:10:00,30.554131944444446,32.244861111111106
2026-04-30 06:15:00,30.550173611111113,32.26666666666667
2026-04-30 06:20:00,30.546354166666667,32.290729166666665
2026-04-30 06:25:00,30.544687499999995,32.31072916666667
2026-04-30 06:30:00,30.54222222222223,32.332118055555554
2026-04-30 06:35:00,30.53913194444444,32.3546875
2026-04-30 06:40:00,30.535659722222217,32.37833333333334
2026-04-30 06:45:00,30.53229166666667,32.403749999999995
2026-04-30 06:50:00,30.53142361111111,32.42465277777777
2026-04-30 06:55:00,30.529861111111114,32.4465625
2026-04-30 07:00:00,30.527881944444445,32.469166666666666
2026-04-30 07:05:00,30.52576388888889,32.492152777777775
2026-04-30 07:10:00,30.52319444444444,32.515659722222225
2026-04-30 07:15:00,30.523576388888884,32.53597222222222
2026-04-30 07:20:00,30.522881944444446,32.55795138888889
2026-04-30 07:25:00,30.521458333333328,32.58128472222222
2026-04-30 07:30:00,30.52302083333333,32.60104166666667
2026-04-30 07:35:00,30.5234375,32.62298611111111
2026-04-30 07:40:00,30.52704861111111,32.64125
2026-04-30 07:45:00,30.52690972222222,32.654374999999995
2026-04-30 07:50:00,30.52920138888889,32.67645833333333
2026-04-30 07:55:00,30.528055555555554,32.69274305555555
2026-04-30 08:00:00,30.530069444444443,32.715069444444445
2026-04-30 08:05:00,30.531076388888884,32.73322916666667
2026-04-30 08:10:00,30.53170138888889,32.7578125
2026-04-30 08:15:00,30.53170138888889,32.7809375
2026-04-30 08:20:00,30.53173611111111,32.8075
2026-04-30 08:25:00,30.531909722222217,32.83201388888889
2026-04-30 08:30:00,30.53177083333334,32.85621527777778
2026-04-30 08:35:00,30.53142361111111,32.880208333333336
2026-04-30 08:40:00,30.532048611111108,32.9046875
2026-04-30 08:45:00,30.534444444444446,32.92267361111111
2026-04-30 08:50:00,30.537430555555552,32.941875
2026-04-30 08:55:00,30.537847222222222,32.96791666666667
2026-04-30 09:00:00,30.538958333333337,32.9829861111111
2026-04-30 09:05:00,30.543125,32.9996875
2026-04-30 09:10:00,30.541458333333335,33.02628472222223
2026-04-30 09:15:00,30.544895833333335,33.03711805555556
2026-04-30 09:20:00,30.544131944444448,33.05961805555555
2026-04-30 09:25:00,30.54628472222222,33.06979166666666
2026-04-30 09:30:00,30.546458333333337,33.087673611111114
2026-04-30 09:35:00,30.549756944444443,33.09350694444444
2026-04-30 09:40:00,30.5475,33.111666666666665
2026-04-30 09:45:00,30.550833333333337,33.11795138888888
2026-04-30 09:50:00,30.546319444444446,33.13305555555556
2026-04-30 09:55:00,30.550138888888885,33.13993055555555
2026-04-30 10:00:00,30.553229166666668,33.14100694444445
2026-04-30 10:05:00,30.55482638888889,33.14944444444444
2026-04-30 10:10:00,30.55784722222222,33.15375
2026-04-30 10:15:00,30.559791666666666,33.157534722222216
2026-04-30 10:20:00,30.555034722222224,33.1746875
2026-04-30 10:25:00,30.55263888888889,33.18975694444444
2026-04-30 10:30:00,30.55638888888889,33.198125000000005
2026-04-30 10:35:00,30.562395833333337,33.200381944444445
2026-04-30 10:40:00,30.560833333333335,33.21204861111111
2026-04-30 10:45:00,30.55892361111111,33.22774305555556
2026-04-30 10:50:00,30.558298611111113,33.24194444444444
2026-04-30 10:55:00,30.55854166666667,33.25510416666667
2026-04-30 11:00:00,30.559409722222217,33.26739583333333
2026-04-30 11:05:00,30.56086805555556,33.27875
2026-04-30 11:10:00,30.562847222222217,33.28958333333333
2026-04-30 11:15:00,30.56524305555556,33.299791666666664
2026-04-30 11:20:00,30.567951388888886,33.30965277777778
2026-04-30 11:25:00,30.570833333333333,33.319895833333334
2026-04-30 11:30:00,30.574027777777776,33.330416666666665
2026-04-30 11:35:00,30.57753472222222,33.34020833333334
2026-04-30 11:40:00,30.581215277777776,33.349687499999995
2026-04-30 11:45:00,30.585138888888892,33.358784722222225
2026-04-30 11:50:00,30.589131944444446,33.3671875
2026-04-30 11:55:00,30.593333333333337,33.37479166666667
2026-04-30 12:00:00,30.59753472222222,33.382152777777776
2026-04-30 12:05:00,30.601805555555554,33.38954861111111
2026-04-30 12:10:00,30.60642361111111,33.3971875
2026-04-30 12:15:00,30.60763888888889,33.40847222222222
2026-04-30 12:20:00,30.605451388888884,33.42826388888889
2026-04-30 12:25:00,30.605833333333337,33.446111111111115
2026-04-30 12:30:00,30.606770833333332,33.46163194444445
2026-04-30 12:35:00,30.601423611111116,33.488125
2026-04-30 12:40:00,30.59885416666667,33.51177083333334
2026-04-30 12:45:00,30.598125,33.53288194444444
2026-04-30 12:50:00,30.595868055555556,33.55614583333333
2026-04-30 12:55:00,30.59694444444444,33.572500000000005
2026-04-30 13:00:00,30.598611111111115,33.588368055555556
2026-04-30 13:05:00,30.600798611111113,33.60395833333334
2026-04-30 13:10:00,30.60340277777778,33.61888888888889
2026-04-30 13:15:00,30.60642361111111,33.633229166666666
2026-04-30 13:20:00,30.609756944444445,33.64725694444444
2026-04-30 13:25:00,30.61357638888889,33.66149305555555
2026-04-30 13:30:00,30.61760416666667,33.67559027777778
2026-04-30 13:35:00,30.621805555555554,33.68940972222222
2026-04-30 13:40:00,30.626215277777778,33.70302083333333
2026-04-30 13:45:00,30.630798611111103,33.71732638888889
2026-04-30 13:50:00,30.63552083333333,33.73236111111111
2026-04-30 13:55:00,30.640173611111113,33.748263888888886
2026-04-30 14:00:00,30.64486111111111,33.76444444444444
2026-04-30 14:05:00,30.649479166666666,33.78041666666667
2026-04-30 14:10:00,30.654062499999995,33.79614583333333
2026-04-30 14:15:00,30.658506944444444,33.811388888888885
2026-04-30 14:20:00,30.663124999999997,33.82545138888889
2026-04-30 14:25:00,30.66798611111111,33.83826388888889
2026-04-30 14:30:00,30.673159722222223,33.85
2026-04-30 14:35:00,30.67885416666666,33.86083333333333
2026-04-30 14:40:00,30.68517361111111,33.87079861111111
2026-04-30 14:45:00,30.691909722222224,33.87979166666667
2026-04-30 14:50:00,30.69909722222222,33.88774305555555
2026-04-30 14:55:00,30.7065625,33.894826388888895
2026-04-30 15:00:00,30.714305555555555,33.900729166666665
2026-04-30 15:05:00,30.72222222222222,33.90520833333333
2026-04-30 15:10:00,30.730520833333337,33.90895833333334
2026-04-30 15:15:00,30.739201388888887,33.91288194444444
2026-04-30 15:20:00,30.74819444444445,33.91673611111111
2026-04-30 15:25:00,30.75753472222222,33.91920138888889
2026-04-30 15:30:00,30.76298611111111,33.92590277777778
2026-04-30 15:35:00,30.766006944444445,33.93972222222222
2026-04-30 15:40:00,30.77055555555555,33.951840277777784
2026-04-30 15:45:00,30.77607638888889,33.96333333333334
2026-04-30 15:50:00,30.781805555555554,33.974583333333335
2026-04-30 15:55:00,30.787708333333335,33.98524305555556
2026-04-30 16:00:00,30.79371527777778,33.99440972222222
2026-04-30 16:05:00,30.799687499999997,34.000625
2026-04-30 16:10:00,30.805659722222224,34.003368055555555
2026-04-30 16:15:00,30.811597222222222,34.00232638888889
2026-04-30 16:20:00,30.817534722222224,33.998263888888886
2026-04-30 16:25:00,30.823437499999997,33.99142361111112
2026-04-30 16:30:00,30.829166666666666,33.98184027777778
2026-04-30 16:35:00,30.834722222222222,33.97052083333333
2026-04-30 16:40:00,30.839930555555554,33.95753472222222
2026-04-30 16:45:00,30.844826388888887,33.94315972222223
2026-04-30 16:50:00,30.849479166666665,33.927638888888886
2026-04-30 16:55:00,30.853854166666665,33.91173611111111
2026-04-30 17:00:00,30.858124999999998,33.89572916666667
2026-04-30 17:05:00,30.861979166666668,33.87927083333333
2026-04-30 17:10:00,30.864895833333335,33.862881944444446
2026-04-30 17:15:00,30.866736111111113,33.84659722222222
2026-04-30 17:20:00,30.867534722222224,33.83114583333334
2026-04-30 17:25:00,30.86965277777778,33.81503472222222
2026-04-30 17:30:00,30.87732638888889,33.78392361111111
2026-04-30 17:35:00,30.88180555555556,33.75559027777777
2026-04-30 17:40:00,30.884201388888886,33.72972222222222
2026-04-30 17:45:00,30.885347222222222,33.705486111111114
2026-04-30 17:50:00,30.885763888888885,33.68246527777777
2026-04-30 17:55:00,30.885798611111113,33.660868055555554
2026-04-30 18:00:00,30.88576388888889,33.63996527777778
2026-04-30 18:05:00,30.885555555555552,33.61913194444445
2026-04-30 18:10:00,30.891145833333333,33.589444444444446
2026-04-30 18:15:00,30.897361111111106,33.55298611111111
2026-04-30 18:20:00,30.901527777777776,33.51711805555556
2026-04-30 18:25:00,30.904374999999998,33.48097222222222
2026-04-30 18:30:00,30.909583333333337,33.44135416666666
2026-04-30 18:35:00,30.919062500000003,33.38930555555556
2026-04-30 18:40:00,30.92118055555555,33.346041666666665
2026-04-30 18:45:00,30.918194444444445,33.31777777777777
2026-04-30 18:50:00,30.92357638888889,33.27670138888888
2026-04-30 18:55:00,30.92826388888889,33.23215277777778
2026-04-30 19:00:00,30.931284722222227,33.18934027777778
2026-04-30 19:05:00,30.93413194444444,33.14586805555555
2026-04-30 19:10:00,30.93607638888889,33.10930555555555
2026-04-30 19:15:00,30.93725694444444,33.07256944444444
2026-04-30 19:20:00,30.943368055555553,33.029409722222226
2026-04-30 19:25:00,30.945381944444446,32.982395833333335
2026-04-30 19:30:00,30.94347222222222,32.95388888888888
2026-04-30 19:35:00,30.948437499999997,32.91565972222222
2026-04-30 19:40:00,30.954444444444448,32.87246527777778
2026-04-30 19:45:00,30.955729166666668,32.81993055555555
2026-04-30 19:50:00,30.95878472222222,32.78413194444445
2026-04-30 19:55:00,30.96100694444444,32.751215277777774
2026-04-30 20:00:00,30.963819444444443,32.69895833333333
2026-04-30 20:05:00,30.96496527777778,32.66986111111111
2026-04-30 20:10:00,30.967222222222226,32.644930555555554
2026-04-30 20:15:00,30.97065972222222,32.59854166666666
2026-04-30 20:20:00,30.97260416666667,32.578715277777775
2026-04-30 20:25:00,30.98055555555556,32.52569444444444
2026-04-30 20:30:00,30.984201388888884,32.49076388888889
2026-04-30 20:35:00,30.991562500000004,32.469722222222224
2026-04-30 20:40:00,30.998229166666665,32.43586805555555
2026-04-30 20:45:00,31.00375,32.42364583333333
2026-04-30 20:50:00,31.01197916666667,32.39190972222222
2026-04-30 20:55:00,31.01920138888889,32.37861111111111
2026-04-30 21:00:00,31.027916666666663,32.35625
2026-04-30 21:05:00,31.03166666666667,32.33461805555556
2026-04-30 21:10:00,31.03743055555556,32.33447916666667
2026-04-30 21:15:00,31.04006944444445,32.317881944444444
2026-04-30 21:20:00,31.043750000000003,32.32590277777778
2026-04-30 21:25:00,31.045069444444444,32.33326388888889
2026-04-30 21:30:00,31.047326388888887,32.34677083333334
2026-04-30 21:35:00,31.048090277777774,32.36201388888888
2026-04-30 21:40:00,31.049131944444444,32.37902777777778
2026-04-30 21:45:00,31.04909722222222,32.398090277777776
2026-04-30 21:50:00,31.04920138888889,32.41357638888889
2026-04-30 21:55:00,31.04729166666667,32.445972222222224
2026-04-30 22:00:00,31.048020833333332,32.45
2026-04-30 22:05:00,31.04704861111111,32.48114583333333
2026-04-30 22:10:00,31.048958333333328,32.490520833333335
2026-04-30 22:15:00,31.048437499999995,32.521076388888886
2026-04-30 22:20:00,31.049652777777776,32.521770833333335
2026-04-30 22:25:00,31.0503125,32.549791666666664
2026-04-30 22:30:00,31.05065972222222,32.550868055555554
2026-04-30 22:35:00,31.051180555555554,32.58013888888889
2026-04-30 22:40:00,31.051770833333332,32.57975694444444
2026-04-30 22:45:00,31.053020833333335,32.60680555555555
2026-04-30 22:50:00,31.054201388888885,32.60684027777778
2026-04-30 22:55:00,31.056076388888886,32.62784722222222
2026-04-30 23:00:00,31.05784722222223,32.638020833333336
2026-04-30 23:05:00,31.05954861111111,32.649375
2026-04-30 23:10:00,31.06090277777778,32.660138888888895
2026-04-30 23:15:00,31.062604166666663,32.67100694444444
2026-04-30 23:20:00,31.063472222222217,32.671527777777776
2026-04-30 23:25:00,31.064861111111114,32.681979166666665
2026-04-30 23:30:00,31.065833333333337,32.69225694444444
2026-04-30 23:35:00,31.070625,32.69177083333333
2026-04-30 23:40:00,31.07395833333333,32.69454861111112
2026-04-30 23:45:00,31.078576388888887,32.71333333333334
2026-04-30 23:50:00,31.08298611111111,32.71194444444444
2026-04-30 23:55:00,31.086701388888887,32.72819444444444
2026-05-01 00:00:00,31.091493055555556,32.72451388888889
2026-05-01 00:05:00,31.094618055555557,32.737291666666664
2026-05-01 00:10:00,31.09986111111111,32.73121527777778
2026-05-01 00:15:00,31.102916666666665,32.73854166666666
2026-05-01 00:20:00,31.108333333333334,32.73121527777778
2026-05-01 00:25:00,31.11298611111111,32.745381944444446
2026-05-01 00:30:00,31.118263888888887,32.73809027777778
2026-05-01 00:35:00,31.12163194444444,32.743923611111114
2026-05-01 00:40:00,31.127187499999998,32.73600694444445
2026-05-01 00:45:00,31.12947916666667,32.715625
2026-05-01 00:50:00,31.132638888888884,32.713680555555555
2026-05-01 00:55:00,31.134201388888886,32.71673611111111
2026-05-01 01:00:00,31.137743055555557,32.73701388888889
2026-05-01 01:05:00,31.140625,32.73802083333333
2026-05-01 01:10:00,31.141979166666673,32.74420138888889
2026-05-01 01:15:00,31.14600694444444,32.74440972222222
2026-05-01 01:20:00,31.14836805555556,32.749965277777775
2026-05-01 01:25:00,31.1503125,32.75850694444445
2026-05-01 01:30:00,31.15121527777778,32.76940972222222
2026-05-01 01:35:00,31.15354166666667,32.79434027777778
2026-05-01 01:40:00,31.15642361111111,32.80211805555555
2026-05-01 01:45:00,31.158229166666665,32.812916666666666
2026-05-01 01:50:00,31.15940972222223,32.82565972222222
2026-05-01 01:55:00,31.156701388888887,32.848645833333336
2026-05-01 02:00:00,31.15829861111111,32.86208333333333
2026-05-01 02:05:00,31.159340277777783,32.87708333333333
2026-05-01 02:10:00,31.16013888888889,32.893055555555556
2026-05-01 02:15:00,31.16059027777778,32.909756944444446
2026-05-01 02:20:00,31.161631944444448,32.93409722222222
2026-05-01 02:25:00,31.164930555555557,32.94614583333333
2026-05-01 02:30:00,31.167326388888892,32.95840277777778
2026-05-01 02:35:00,31.165937500000002,32.982395833333335
2026-05-01 02:40:00,31.164930555555557,33.00510416666667
2026-05-01 02:45:00,31.164409722222217,33.03246527777778
2026-05-01 02:50:00,31.16638888888889,33.04934027777777
2026-05-01 02:55:00,31.16753472222222,33.067951388888886
2026-05-01 03:00:00,31.16805555555556,33.087916666666665
2026-05-01 03:05:00,31.171354166666667,33.10284722222222
2026-05-01 03:10:00,31.17329861111111,33.12107638888889
2026-05-01 03:15:00,31.174444444444443,33.14190972222222
2026-05-01 03:20:00,31.178472222222222,33.15881944444445
2026-05-01 03:25:00,31.18121527777778,33.17881944444444
2026-05-01 03:30:00,31.18284722222222,33.20135416666667
2026-05-01 03:35:00,31.18375,33.22711805555556
2026-05-01 03:40:00,31.18701388888889,33.24829861111111
2026-05-01 03:45:00,31.188888888888886,33.27288194444444
2026-05-01 03:50:00,31.18982638888889,33.29975694444445
2026-05-01 03:55:00,31.190104166666668,33.328541666666666
2026-05-01 04:00:00,31.189895833333335,33.35875
2026-05-01 04:05:00,31.189479166666665,33.39000000000001
2026-05-01 04:10:00,31.188958333333332,33.42201388888889
2026-05-01 04:15:00,31.188437499999996,33.45434027777778
2026-05-01 04:20:00,31.187847222222217,33.48701388888889
2026-05-01 04:25:00,31.18722222222222,33.52003472222222
2026-05-01 04:30:00,31.186527777777783,33.55350694444444
2026-05-01 04:35:00,31.185868055555552,33.5871875
2026-05-01 04:40:00,31.185208333333335,33.62111111111111
2026-05-01 04:45:00,31.184409722222224,33.65517361111111
2026-05-01 04:50:00,31.18645833333333,33.685
2026-05-01 04:55:00,31.187847222222224,33.716006944444445
2026-05-01 05:00:00,31.188715277777778,33.74763888888889
2026-05-01 05:05:00,31.189097222222227,33.77993055555555
2026-05-01 05:10:00,31.188888888888886,33.81298611111111
2026-05-01 05:15:00,31.188263888888887,33.846736111111106
2026-05-01 05:20:00,31.1871875,33.881145833333335
2026-05-01 05:25:00,31.185833333333335,33.91631944444444
2026-05-01 05:30:00,31.184201388888887,33.95208333333333
2026-05-01 05:35:00,31.18232638888889,33.988506944444445
2026-05-01 05:40:00,31.18020833333334,34.02565972222222
2026-05-01 05:45:00,31.17798611111111,34.0634375
2026-05-01 05:50:00,31.175590277777776,34.101840277777775
2026-05-01 05:55:00,31.173020833333332,34.14065972222222
2026-05-01 06:00:00,31.17034722222222,34.17993055555556
2026-05-01 06:05:00,31.167777777777776,34.219166666666666
2026-05-01 06:10:00,31.165208333333332,34.25833333333334
2026-05-01 06:15:00,31.162777777777777,34.297326388888884
2026-05-01 06:20:00,31.16048611111111,34.335902777777775
2026-05-01 06:25:00,31.158229166666672,34.37420138888889
2026-05-01 06:30:00,31.15597222222222,34.41236111111111
2026-05-01 06:35:00,31.153819444444448,34.450138888888894
2026-05-01 06:40:00,31.151701388888892,34.48753472222222
2026-05-01 06:45:00,31.149583333333332,34.52465277777778
2026-05-01 06:50:00,31.147395833333334,34.56166666666667
2026-05-01 06:55:00,31.145104166666663,34.598819444444445
2026-05-01 07:00:00,31.142777777777773,34.63583333333334
2026-05-01 08:05:00,31.08098181818182,34.81978181818182
2026-05-01 08:10:00,31.077372262773718,34.825328467153284
2026-05-01 08:15:00,31.071904761904758,34.83586080586081
2026-05-01 08:20:00,31.06830882352941,34.840992647058826
2026-05-01 08:25:00,31.062767527675277,34.85
2026-05-01 08:30:00,31.055999999999997,34.86155555555556
2026-05-01 08:35:00,31.04836431226766,34.87494423791822
2026-05-01 08:40:00,31.040037313432833,34.8901119402985
2026-05-01 08:45:00,31.03123595505618,34.907865168539324
2026-05-01 08:50:00,31.02515037593985,34.91988721804511
2026-05-01 08:55:00,31.02218867924528,34.9271320754717
2026-05-01 09:00:00,31.01810606060606,34.943636363636365
2026-05-01 09:05:00,31.014486692015208,34.95395437262357
2026-05-01 09:10:00,31.01419847328244,34.96011450381679
2026-05-01 09:15:00,31.011762452107277,34.97624521072797
2026-05-01 09:20:00,31.012038461538463,34.9855
2026-05-01 09:25:00,31.01200772200772,35.001428571428576
2026-05-01 09:30:00,31.012441860465117,35.01492248062016
2026-05-01 09:35:00,31.013657587548636,35.032840466926075
2026-05-01 09:40:00,31.015820312499997,35.047265625
2026-05-01 09:45:00,31.01713725490196,35.068705882352944
2026-05-01 09:50:00,31.02259842519685,35.08492125984252
2026-05-01 09:55:00,31.02308300395257,35.10715415019763
2026-05-01 10:00:00,31.026547619047616,35.129841269841265
2026-05-01 10:05:00,31.02649402390438,35.15553784860558
2026-05-01 10:10:00,31.02948,35.18056
2026-05-01 10:15:00,31.03578313253012,35.20088353413655
2026-05-01 10:20:00,31.044274193548386,35.21802419354839
2026-05-01 10:25:00,31.05425101214575,35.23291497975709
2026-05-01 10:30:00,31.05991869918699,35.25191056910569
2026-05-01 10:35:00,31.064775510204083,35.27587755102041
2026-05-01 10:40:00,31.07237704918033,35.29549180327869
2026-05-01 10:45:00,31.081728395061727,35.31255144032922
2026-05-01 10:50:00,31.092190082644628,35.32814049586777
2026-05-01 10:55:00,31.103319502074687,35.342863070539416
2026-05-01 11:00:00,31.114958333333334,35.356874999999995
2026-05-01 11:05:00,31.126820083682006,35.37066945606695
2026-05-01 11:10:00,31.13873949579832,35.384453781512605
2026-05-01 11:15:00,31.15067510548523,35.398607594936706
2026-05-01 11:20:00,31.16266949152542,35.41322033898305
2026-05-01 11:25:00,31.174723404255317,35.428
2026-05-01 11:30:00,31.186581196581194,35.443290598290595
2026-05-01 11:35:00,31.19824034334764,35.459442060085834
2026-05-01 11:40:00,31.20978448275862,35.476336206896555
2026-05-01 11:45:00,31.22108225108225,35.494112554112554
2026-05-01 11:50:00,31.232173913043475,35.51286956521739
2026-05-01 11:55:00,31.24292576419214,35.532227074235806
2026-05-01 12:00:00,31.25350877192982,35.55206140350877
2026-05-01 12:05:00,31.26396475770925,35.572378854625555
2026-05-01 12:10:00,31.27433628318584,35.593053097345134
2026-05-01 12:15:00,31.284444444444443,35.614044444444446
2026-05-01 12:20:00,31.294642857142858,35.635044642857146
2026-05-01 12:25:00,31.30511210762332,35.65533632286996
2026-05-01 12:30:00,31.316036036036035,35.674774774774775
2026-05-01 12:35:00,31.327466063348417,35.69303167420814
2026-05-01 12:40:00,31.339545454545455,35.710136363636366
2026-05-01 12:45:00,31.35219178082192,35.72657534246575
2026-05-01 12:50:00,31.363440366972476,35.74215596330275
2026-05-01 12:55:00,31.368387096774192,35.77221198156682
2026-05-01 13:00:00,31.376342592592593,35.7975
2026-05-01 13:05:00,31.38581395348837,35.81944186046512
2026-05-01 13:10:00,31.395981308411216,35.839766355140185
2026-05-01 13:15:00,31.40633802816901,35.85910798122065
2026-05-01 13:20:00,31.416556603773582,35.87778301886792
2026-05-01 13:25:00,31.4263981042654,35.8957345971564
2026-05-01 13:30:00,31.435904761904762,35.91352380952381
2026-05-01 13:35:00,31.44511961722488,35.931866028708136
2026-05-01 13:40:00,31.45389423076923,35.951298076923074
2026-05-01 13:45:00,31.462270531400964,35.970917874396136
2026-05-01 13:50:00,31.470194174757278,35.990582524271844
2026-05-01 13:55:00,31.477853658536585,36.01
2026-05-01 14:00:00,31.485196078431372,36.0293137254902
2026-05-01 14:05:00,31.492315270935958,36.04891625615764
2026-05-01 14:10:00,31.499158415841585,36.06866336633664
2026-05-01 14:15:00,31.505621890547264,36.08890547263682
2026-05-01 14:20:00,31.511749999999996,36.11045
2026-05-01 14:25:00,31.51763819095477,36.13326633165829
2026-05-01 14:30:00,31.523484848484845,36.15681818181818
2026-05-01 14:35:00,31.52928934010152,36.18005076142132
2026-05-01 14:40:00,31.534897959183674,36.203061224489794
2026-05-01 14:45:00,31.540461538461535,36.22589743589744
2026-05-01 14:50:00,31.5459793814433,36.24855670103093
2026-05-01 14:55:00,31.55160621761658,36.27113989637306
2026-05-01 15:00:00,31.55723958333333,36.294375
2026-05-01 15:05:00,31.562984293193715,36.31869109947644
2026-05-01 15:10:00,31.56868421052631,36.34431578947368
2026-05-01 15:15:00,31.574179894179892,36.370740740740736
2026-05-01 15:20:00,31.579521276595745,36.39728723404256
2026-05-01 15:25:00,31.584705882352942,36.42385026737968
2026-05-01 15:30:00,31.58983870967742,36.449569892473114
2026-05-01 15:35:00,31.595297297297297,36.47351351351352
2026-05-01 15:40:00,31.60157608695652,36.495
2026-05-01 15:45:00,31.608633879781422,36.51377049180328
2026-05-01 15:50:00,31.61664835164835,36.52972527472527
2026-05-01 15:55:00,31.625027624309393,36.543812154696134
2026-05-01 16:00:00,31.633611111111108,36.557833333333335
2026-05-01 16:05:00,31.64240223463687,36.574134078212296
2026-05-01 16:10:00,31.651179775280898,36.593764044943825
2026-05-01 16:15:00,31.659887005649715,36.61807909604519
2026-05-01 16:20:00,31.66846590909091,36.64602272727273
2026-05-01 16:25:00,31.676914285714286,36.67662857142857
2026-05-01 16:30:00,31.68540229885057,36.709195402298846
2026-05-01 16:35:00,31.694046242774565,36.74260115606936
2026-05-01 16:40:00,31.703023255813953,36.77680232558139
2026-05-01 16:45:00,31.71233918128655,36.8112865497076
2026-05-01 16:50:00,31.721941176470587,36.84594117647059
2026-05-01 16:55:00,31.731834319526623,36.88
2026-05-01 17:00:00,31.742083333333333,36.91255952380953
2026-05-01 17:05:00,31.753113772455087,36.9437125748503
2026-05-01 17:10:00,31.765963855421685,36.97156626506024
2026-05-01 17:15:00,31.78115151515151,36.99466666666667
2026-05-01 17:20:00,31.79871951219512,37.01219512195122
2026-05-01 17:25:00,31.814601226993865,37.02754601226994
2026-05-01 17:30:00,31.821358024691357,37.06388888888889
2026-05-01 17:35:00,31.834223602484467,37.089689440993794
2026-05-01 17:40:00,31.8513125,37.106812500000004
2026-05-01 17:45:00,31.871132075471692,37.11798742138365
2026-05-01 17:50:00,31.89303797468354,37.12525316455696
2026-05-01 17:55:00,31.916624203821655,37.12949044585987
2026-05-01 18:00:00,31.941666666666663,37.13224358974359
2026-05-01 18:05:00,31.968258064516128,37.13470967741936
2026-05-01 18:10:00,31.984935064935062,37.15311688311688
2026-05-01 18:15:00,32.001176470588234,37.18477124183007
2026-05-01 18:20:00,32.02203947368421,37.21506578947369
2026-05-01 18:25:00,32.04629139072848,37.245695364238415
2026-05-01 18:30:00,32.06693333333333,37.281866666666666
2026-05-01 18:35:00,32.08033557046979,37.34046979865772
2026-05-01 18:40:00,32.10027027027027,37.39148648648649
2026-05-04 16:40:00,,
2026-05-04 16:45:00,,
2026-05-04 16:50:00,,
2026-05-04 16:55:00,,
2026-05-04 17:00:00,,
2026-05-04 17:05:00,,
2026-05-04 17:10:00,,
2026-05-04 17:15:00,,
2026-05-04 17:20:00,,
2026-05-04 17:25:00,,
2026-05-04 17:30:00,,
2026-05-04 17:35:00,,
2026-05-04 17:40:00,,
2026-05-04 17:45:00,,
2026-05-04 17:50:00,,
2026-05-04 17:55:00,,
2026-05-04 18:00:00,,
2026-05-04 18:05:00,,
2026-05-04 18:10:00,,
2026-05-04 18:15:00,29.0725,42.3405
2026-05-04 18:20:00,29.11619047619048,42.16190476190476
2026-05-04 18:25:00,29.107727272727274,41.96909090909091
2026-05-04 18:30:00,29.126521739130432,42.06913043478261
2026-05-04 18:35:00,29.155,41.8575
2026-05-04 18:40:00,29.146,42.111599999999996
2026-05-04 18:45:00,29.19961538461538,41.996538461538464
2026-05-04 18:50:00,29.203333333333333,41.82629629629629
2026-05-04 18:55:00,29.247142857142855,41.902499999999996
2026-05-04 19:00:00,29.267931034482757,41.72689655172414
2026-05-04 19:05:00,29.302,41.87066666666667
2026-05-04 19:10:00,29.32967741935484,41.705161290322586
2026-05-04 19:15:00,29.356875,41.8890625
2026-05-04 19:20:00,29.401515151515152,41.734848484848484
2026-05-04 19:25:00,29.429411764705883,41.91294117647059
2026-05-04 19:30:00,29.47285714285714,41.76457142857143
2026-05-04 19:35:00,29.494444444444444,41.95777777777778
2026-05-04 19:40:00,29.535135135135135,41.822162162162165
2026-05-04 19:45:00,29.551315789473687,42.01973684210526
2026-05-04 19:50:00,29.595641025641026,41.92666666666667
2026-05-04 19:55:00,29.610750000000003,42.102999999999994
2026-05-04 20:00:00,29.65390243902439,42.03292682926829
2026-05-04 20:05:00,29.671666666666667,42.16619047619048
2026-05-04 20:10:00,29.711162790697674,42.053255813953484
2026-05-04 20:15:00,29.72931818181818,42.16795454545455
2026-05-04 20:20:00,29.766666666666666,42.04666666666667
2026-05-04 20:25:00,29.78608695652174,42.13847826086957
2026-05-04 20:30:00,29.820851063829785,42.007234042553186
2026-05-04 20:35:00,29.842291666666668,42.08020833333333
2026-05-04 20:40:00,29.873877551020406,41.93959183673469
2026-05-04 20:45:00,29.8954,42.003
2026-05-04 20:50:00,29.925098039215687,41.86333333333334
2026-05-04 20:55:00,29.947115384615383,41.91519230769231
2026-05-04 21:00:00,29.975471698113207,41.77679245283019
2026-05-04 21:05:00,29.99685185185185,41.828518518518514
2026-05-04 21:10:00,30.01727272727273,41.686181818181815
2026-05-04 21:15:00,30.038214285714286,41.738214285714285
2026-05-04 21:20:00,30.073333333333334,41.66947368421052
2026-05-04 21:25:00,30.092758620689654,41.721724137931034
2026-05-04 21:30:00,30.120338983050846,41.60745762711865
2026-05-04 21:35:00,30.137833333333333,41.65983333333334
2026-05-04 21:40:00,30.158360655737706,41.540163934426225
2026-05-04 21:45:00,30.17274193548387,41.60209677419355
2026-05-04 21:50:00,30.185873015873018,41.48428571428572
2026-05-04 21:55:00,30.201875,41.53703125
2026-05-04 22:00:00,30.219538461538463,41.425230769230765
2026-05-04 22:05:00,30.236969696969698,41.47560606060606
2026-05-04 22:10:00,30.258059701492538,41.37119402985074
2026-05-04 22:15:00,30.275,41.42529411764706
2026-05-04 22:20:00,30.301449275362323,41.36304347826087
2026-05-04 22:25:00,30.316,41.43114285714285
2026-05-04 22:30:00,30.34253521126761,41.452816901408454
2026-05-04 22:35:00,30.35388888888889,41.53791666666667
2026-05-04 22:40:00,30.377260273972603,41.56904109589041
2026-05-04 22:45:00,30.38972972972973,41.653513513513516
2026-05-04 22:50:00,30.411066666666667,41.69066666666667
2026-05-04 22:55:00,30.421842105263156,41.75078947368421
2026-05-04 23:00:00,30.44077922077922,41.79558441558442
2026-05-04 23:05:00,30.453589743589745,41.690769230769234
2026-05-04 23:10:00,30.46987341772152,41.7473417721519
2026-05-04 23:15:00,30.484875,41.65125
2026-05-04 23:20:00,30.498765432098768,41.71950617283951
2026-05-04 23:25:00,30.51658536585366,41.643780487804875
2026-05-04 23:30:00,30.52903614457831,41.71686746987952
2026-05-04 23:35:00,30.55047619047619,41.75226190476191
2026-05-04 23:40:00,30.560823529411767,41.83294117647059
2026-05-04 23:45:00,30.580232558139535,41.87313953488372
2026-05-04 23:50:00,30.588505747126433,41.96034482758621
2026-05-04 23:55:00,30.604999999999997,42.00386363636364
2026-05-05 00:00:00,30.627640449438204,42.02348314606742
2026-05-05 00:05:00,30.653555555555556,42.029111111111106
2026-05-05 00:10:00,30.681098901098903,42.026813186813186
2026-05-05 00:15:00,30.70923913043478,42.02
2026-05-05 00:20:00,30.732043010752687,41.91150537634409
2026-05-05 00:25:00,30.749893617021275,41.935106382978724
2026-05-05 00:30:00,30.771789473684212,41.94357894736842
2026-05-05 00:35:00,30.783020833333335,41.989062499999996
2026-05-05 00:40:00,30.79938144329897,42.01092783505155
2026-05-05 00:45:00,30.81948979591837,42.01908163265306
2026-05-05 00:50:00,30.836565656565657,41.9220202020202
2026-05-05 00:55:00,30.8497,41.95140000000001
2026-05-05 01:00:00,30.866831683168318,41.96594059405941
2026-05-05 01:05:00,30.886372549019608,41.97186274509804
2026-05-05 01:10:00,30.90757281553398,41.97126213592233
2026-05-05 01:15:00,30.918653846153845,42.00278846153846
2026-05-05 01:20:00,30.933238095238092,42.02066666666667
2026-05-05 01:25:00,30.95056603773585,42.02971698113207
2026-05-05 01:30:00,30.959158878504674,42.07093457943925
2026-05-05 01:35:00,30.969814814814814,42.100648148148146
2026-05-05 01:40:00,30.983853211009173,42.118256880733945
2026-05-05 01:45:00,31.00018181818182,42.12763636363636
2026-05-05 01:50:00,31.01801801801802,42.13099099099099
2026-05-05 01:55:00,31.026875,42.16223214285714
2026-05-05 02:00:00,31.038761061946904,42.180353982300886
2026-05-05 02:05:00,31.052894736842106,42.18956140350877
2026-05-05 02:10:00,31.068347826086956,42.19278260869565
2026-05-05 02:15:00,31.08448275862069,42.19215517241379
2026-05-05 02:20:00,31.100854700854704,42.189230769230775
2026-05-05 02:25:00,31.117542372881356,42.18440677966102
2026-05-05 02:30:00,31.134369747899157,42.177899159663866
2026-05-05 02:35:00,31.151416666666666,42.17025
2026-05-05 02:40:00,31.168677685950414,42.16148760330579
2026-05-05 02:45:00,31.18581967213115,42.151803278688526
2026-05-05 02:50:00,31.202845528455285,42.14178861788618
2026-05-05 02:55:00,31.219596774193548,42.13161290322581
2026-05-05 03:00:00,31.235919999999997,42.1216
2026-05-05 03:05:00,31.25190476190476,42.111825396825395
2026-05-05 03:10:00,31.267322834645668,42.102519685039375
2026-05-05 03:15:00,31.282109375,42.09421875
2026-05-05 03:20:00,31.29627906976744,42.08674418604651
2026-05-05 03:25:00,31.309923076923077,42.08038461538462
2026-05-05 03:30:00,31.323053435114502,42.07503816793893
2026-05-05 03:35:00,31.335681818181822,42.07083333333333
2026-05-05 03:40:00,31.34781954887218,42.06774436090226
2026-05-05 03:45:00,31.35962686567164,42.06537313432836
2026-05-05 03:50:00,31.371185185185183,42.06377777777777
2026-05-05 03:55:00,31.38235294117647,42.06279411764706
2026-05-05 04:00:00,31.39306569343066,42.06255474452554
2026-05-05 04:05:00,31.403478260869566,42.063188405797106
2026-05-05 04:10:00,31.413669064748202,42.06410071942446
2026-05-05 04:15:00,31.42364285714286,42.0655
2026-05-05 04:20:00,31.43326241134752,42.067730496453905
2026-05-05 04:25:00,31.442535211267607,42.0706338028169
2026-05-05 04:30:00,31.4513986013986,42.0744055944056
2026-05-05 04:35:00,31.460069444444443,42.07861111111111
2026-05-05 04:40:00,31.46848275862069,42.08337931034483
2026-05-05 04:45:00,31.476575342465754,42.08897260273972
2026-05-05 04:50:00,31.484761904761907,42.09469387755102
2026-05-05 04:55:00,31.492837837837836,42.100405405405404
2026-05-05 05:00:00,31.500805369127516,42.106442953020135
2026-05-05 05:05:00,31.50846666666667,42.1128
2026-05-05 05:10:00,31.515629139072846,42.12013245033113
2026-05-05 05:15:00,31.522565789473685,42.12782894736842
2026-05-05 05:20:00,31.529542483660133,42.13490196078432
2026-05-05 05:25:00,31.53668831168831,42.14064935064935
2026-05-05 05:30:00,31.54393548387097,42.145483870967745
2026-05-05 05:35:00,31.551217948717948,42.14967948717949
2026-05-05 05:40:00,31.558726114649684,42.15292993630573
2026-05-05 05:45:00,31.566075949367086,42.15632911392405
2026-05-05 05:50:00,31.573459119496857,42.159559748427675
2026-05-05 05:55:00,31.580937499999997,42.162375
2026-05-05 06:00:00,31.588385093167698,42.16465838509317
2026-05-05 06:05:00,31.59586419753086,42.166358024691355
2026-05-05 06:10:00,31.603374233128836,42.167423312883436
2026-05-05 06:15:00,31.610792682926828,42.168597560975606
2026-05-05 06:20:00,31.618303030303032,42.16927272727273
2026-05-05 06:25:00,31.625662650602408,42.17
2026-05-05 06:30:00,31.632934131736526,42.17101796407186
2026-05-05 06:35:00,31.64011904761905,42.172559523809525
2026-05-05 06:40:00,31.647100591715976,42.17491124260355
2026-05-05 06:45:00,31.65405882352941,42.178000000000004
2026-05-05 06:50:00,31.660935672514622,42.18187134502924
2026-05-05 06:55:00,31.667325581395346,42.1868023255814
2026-05-05 07:00:00,31.673063583815026,42.19329479768786
2026-05-05 07:05:00,31.677988505747127,42.20183908045977
2026-05-05 07:10:00,31.682228571428574,42.212114285714286
2026-05-05 07:15:00,31.686079545454547,42.223977272727275
2026-05-05 07:20:00,31.689604519774015,42.23666666666667
2026-05-05 07:25:00,31.69297752808989,42.250280898876404
2026-05-05 07:30:00,31.696089385474863,42.264748603351954
2026-05-05 07:35:00,31.698944444444447,42.28055555555556
2026-05-05 07:40:00,31.70160220994475,42.297237569060776
2026-05-05 07:45:00,31.704285714285717,42.31434065934066
2026-05-05 07:50:00,31.70693989071038,42.33229508196722
2026-05-05 07:55:00,31.70940217391304,42.35097826086957
2026-05-05 08:00:00,31.711837837837837,42.37037837837838
2026-05-05 08:05:00,31.714247311827958,42.39005376344086
2026-05-05 08:10:00,31.71657754010695,42.40978609625669
2026-05-05 08:15:00,31.718936170212764,42.42978723404256
2026-05-05 08:20:00,31.721216931216933,42.45031746031746
2026-05-05 08:25:00,31.72357894736842,42.47126315789474
2026-05-05 08:30:00,31.725968586387435,42.492303664921465
2026-05-05 08:35:00,31.7284375,42.513020833333336
2026-05-05 08:40:00,31.731036269430053,42.53310880829015
2026-05-05 08:45:00,31.73360824742268,42.55309278350515
2026-05-05 08:50:00,31.73625641025641,42.57287179487179
2026-05-05 08:55:00,31.73887755102041,42.59239795918368
2026-05-05 09:00:00,31.742030456852792,42.61040609137056
2026-05-05 09:05:00,31.745959595959594,42.62616161616162
2026-05-05 09:10:00,31.75075376884422,42.63939698492462
2026-05-05 09:15:00,31.75645,42.6498
2026-05-05 09:20:00,31.7626368159204,42.63333333333333
2026-05-05 09:25:00,31.764257425742574,42.658019801980195
2026-05-05 09:30:00,31.768177339901477,42.65625615763547
2026-05-05 09:35:00,31.767745098039214,42.688676470588234
2026-05-05 09:40:00,31.770341463414635,42.67941463414635
2026-05-05 09:45:00,31.769271844660196,42.71601941747573
2026-05-05 09:50:00,31.770676328502415,42.69410628019324
2026-05-05 09:55:00,31.768798076923076,42.73625
2026-05-05 10:00:00,31.767320574162678,42.705023923444976
2026-05-05 10:05:00,31.765285714285714,42.74909523809524
2026-05-05 10:10:00,31.762511848341234,42.71943127962085
2026-05-05 10:15:00,31.760754716981133,42.76353773584906
2026-05-05 10:20:00,31.75619718309859,42.73549295774648
2026-05-05 10:25:00,31.75392523364486,42.78331775700934
2026-05-05 10:30:00,31.747441860465116,42.76390697674419
2026-05-05 10:35:00,31.744861111111113,42.81439814814815
2026-05-05 10:40:00,31.737972350230415,42.793133640552995
2026-05-05 10:45:00,31.73422018348624,42.85275229357798
2026-05-05 10:50:00,31.727488584474884,42.83461187214612
2026-05-05 10:55:00,31.72140909090909,42.91172727272727
2026-05-05 11:00:00,31.714977375565613,42.89714932126697
2026-05-05 11:05:00,31.706666666666667,42.99207207207207
2026-05-05 11:10:00,31.702286995515692,42.98668161434978
2026-05-05 11:15:00,31.69200892857143,43.04071428571429
2026-05-05 11:20:00,31.688000000000002,43.10542222222222
2026-05-05 11:25:00,31.679469026548674,43.093230088495574
2026-05-05 11:30:00,31.668237885462553,43.19687224669604
2026-05-05 11:35:00,31.663201754385966,43.21758771929825
2026-05-05 11:40:00,31.65305676855895,43.20886462882096
2026-05-05 11:45:00,31.642434782608696,43.32069565217392
2026-05-05 11:50:00,31.636493506493505,43.3248051948052
2026-05-05 11:55:00,31.62573275862069,43.31784482758621
2026-05-05 12:00:00,31.612489270386266,43.39918454935622
2026-05-05 12:05:00,31.606538461538463,43.458119658119664
2026-05-05 12:10:00,31.5963829787234,43.45076595744681
2026-05-05 12:15:00,31.59101694915254,43.516059322033904
2026-05-05 12:20:00,31.587383966244726,43.50147679324895
2026-05-05 12:25:00,31.582352941176474,43.55810924369748
2026-05-05 12:30:00,31.58163179916318,43.55251046025104
2026-05-05 12:35:00,31.576583333333335,43.604124999999996
2026-05-05 12:40:00,31.576639004149378,43.61925311203319
2026-05-05 12:45:00,31.571280991735538,43.66652892561983
2026-05-05 12:50:00,31.570905349794238,43.684485596707816
2026-05-05 12:55:00,31.565532786885246,43.663360655737705
2026-05-05 13:00:00,31.555795918367348,43.64869387755102
2026-05-05 13:05:00,31.543252032520325,43.64032520325203
2026-05-05 13:10:00,31.52894736842105,43.6361943319838
2026-05-05 13:15:00,31.513387096774192,43.63495967741935
2026-05-05 13:20:00,31.499477911646586,43.72654618473896
2026-05-05 13:25:00,31.49152,43.741
2026-05-05 13:30:00,31.480796812749006,43.74119521912351
2026-05-05 13:35:00,31.46813492063492,43.74075396825397
2026-05-05 13:40:00,31.454347826086956,43.741778656126485
2026-05-05 13:45:00,31.4398031496063,43.74358267716536
2026-05-05 13:50:00,31.424666666666667,43.745999999999995
2026-05-05 13:55:00,31.4091796875,43.7484375
2026-05-05 14:00:00,31.393385214007782,43.75155642023346
2026-05-05 14:05:00,31.377558139534884,43.75480620155039
2026-05-05 14:10:00,31.361776061776062,43.758339768339766
2026-05-05 14:15:00,31.346,43.76207692307692
2026-05-05 14:20:00,31.330268199233714,43.76597701149425
2026-05-05 14:25:00,31.31465648854962,43.769656488549614
2026-05-05 14:30:00,31.299125475285173,43.77319391634981
2026-05-05 14:35:00,31.28371212121212,43.77617424242424
2026-05-05 14:40:00,31.26841509433962,43.77958490566038
2026-05-05 14:45:00,31.25334586466165,43.78285714285714
2026-05-05 14:50:00,31.238464419475655,43.786367041198496
2026-05-05 14:55:00,31.223656716417914,43.79003731343283
2026-05-05 15:00:00,31.20907063197026,43.79368029739777
2026-05-05 15:05:00,31.194444444444443,43.797000000000004
2026-05-05 15:10:00,31.18457564575646,43.89125461254613
2026-05-05 15:15:00,31.18047794117647,43.92139705882353
2026-05-05 15:20:00,31.173076923076923,43.92124542124542
2026-05-05 15:25:00,31.1657299270073,44.017445255474456
2026-05-05 15:30:00,31.164181818181817,44.06810909090909
2026-05-05 15:35:00,31.159021739130434,44.06257246376812
2026-05-05 15:40:00,31.153321299638986,44.14805054151625
2026-05-05 15:45:00,31.152482014388486,44.16258992805756
2026-05-05 15:50:00,31.1473476702509,44.15304659498208
2026-05-05 15:55:00,31.142892857142858,44.22289285714286
2026-05-05 16:00:00,31.142170818505342,44.22014234875445
2026-05-05 16:05:00,31.137021276595743,44.20794326241135
2026-05-05 16:10:00,31.135971731448763,44.245547703180215
2026-05-05 16:15:00,31.133380281690137,44.22992957746479
2026-05-05 16:20:00,31.126912280701756,44.21582456140351
2026-05-05 16:25:00,31.117902097902096,44.2056993006993
2026-05-05 16:30:00,31.114146341463414,44.252891986062714
2026-05-05 16:35:00,31.108402777777776,44.24395833333333
2026-05-05 16:40:00,31.11315972222222,44.243298611111115
2026-05-05 16:45:00,31.116423611111106,44.24444444444444
2026-05-05 16:50:00,31.120173611111113,44.32121527777778
2026-05-05 16:55:00,31.131041666666665,44.371388888888895
2026-05-05 17:00:00,31.138437500000002,44.325381944444445
2026-05-05 17:05:00,31.142812499999998,44.352673611111115
2026-05-05 17:10:00,31.148541666666663,44.34868055555555
2026-05-05 17:15:00,31.15451388888889,44.34715277777778
2026-05-05 17:20:00,31.155381944444443,44.343020833333334
2026-05-05 17:25:00,31.158854166666668,44.35788194444444
2026-05-05 17:30:00,31.15940972222222,44.36017361111111
2026-05-05 17:35:00,31.161944444444448,44.385000000000005
2026-05-05 17:40:00,31.165347222222223,44.39440972222222
2026-05-05 17:45:00,31.170486111111106,44.41684027777777
2026-05-05 17:50:00,31.176562500000003,44.44638888888889
2026-05-05 17:55:00,31.183402777777783,44.49520833333333
2026-05-05 18:00:00,31.19493055555556,44.49697916666667
2026-05-05 18:05:00,31.19954861111111,44.543749999999996
2026-05-05 18:10:00,31.210868055555554,44.571666666666665
2026-05-05 18:15:00,31.224618055555553,44.52875
2026-05-05 18:20:00,31.231666666666666,44.551631944444445
2026-05-05 18:25:00,31.244930555555552,44.565000000000005
2026-05-05 18:30:00,31.252812499999997,44.566944444444445
2026-05-05 18:35:00,31.262326388888894,44.58135416666667
2026-05-05 18:40:00,31.274618055555557,44.52847222222222
2026-05-05 18:45:00,31.28065972222222,44.53482638888889
2026-05-05 18:50:00,31.287118055555556,44.56364583333333
2026-05-05 18:55:00,31.292743055555555,44.54666666666666
2026-05-05 19:00:00,31.29628472222222,44.580416666666665
2026-05-05 19:05:00,31.30163194444445,44.552083333333336
2026-05-05 19:10:00,31.30430555555556,44.58875
2026-05-05 19:15:00,31.309131944444445,44.550555555555555
2026-05-05 19:20:00,31.308819444444445,44.596805555555555
2026-05-05 19:25:00,31.311875,44.559374999999996
2026-05-05 19:30:00,31.31100694444445,44.612118055555555
2026-05-05 19:35:00,31.314375000000002,44.57340277777778
2026-05-05 19:40:00,31.31295138888889,44.63375
2026-05-05 19:45:00,31.31642361111111,44.59517361111111
2026-05-05 19:50:00,31.313576388888894,44.65802083333333
2026-05-05 19:55:00,31.31788194444444,44.63208333333333
2026-05-05 20:00:00,31.314618055555556,44.69694444444444
2026-05-05 20:05:00,31.31899305555556,44.70413194444445
2026-05-05 20:10:00,31.315624999999997,44.78218749999999
2026-05-05 20:15:00,31.319166666666668,44.800069444444446
2026-05-05 20:20:00,31.316041666666667,44.85659722222222
2026-05-05 20:25:00,31.31868055555556,44.881840277777776
2026-05-05 20:30:00,31.31652777777778,44.884791666666665
2026-05-05 20:35:00,31.318229166666665,44.91559027777778
2026-05-05 20:40:00,31.317638888888887,44.9215625
2026-05-05 20:45:00,31.318541666666665,44.95798611111111
2026-05-05 20:50:00,31.31958333333333,44.97222222222222
2026-05-05 20:55:00,31.319479166666667,45.015763888888884
2026-05-05 21:00:00,31.321076388888887,45.04944444444445
2026-05-05 21:05:00,31.319965277777776,45.1015625
2026-05-05 21:10:00,31.322430555555552,45.163090277777776
2026-05-05 21:15:00,31.320972222222224,45.21503472222222
2026-05-05 21:20:00,31.320069444444446,45.26857638888889
2026-05-05 21:25:00,31.318368055555556,45.31430555555555
2026-05-05 21:30:00,31.31784722222222,45.38211805555555
2026-05-05 21:35:00,31.316666666666663,45.35927083333333
2026-05-05 21:40:00,31.31652777777778,45.43395833333333
2026-05-05 21:45:00,31.31857638888889,45.40864583333334
2026-05-05 21:50:00,31.319097222222226,45.48878472222222
2026-05-05 21:55:00,31.321805555555557,45.488749999999996
2026-05-05 22:00:00,31.320833333333333,45.570173611111116
2026-05-05 22:05:00,31.322986111111113,45.59708333333334
2026-05-05 22:10:00,31.32069444444444,45.682743055555555
2026-05-05 22:15:00,31.321979166666665,45.711979166666666
2026-05-05 22:20:00,31.320972222222224,45.71059027777778
2026-05-05 22:25:00,31.321770833333332,45.740208333333335
2026-05-05 22:30:00,31.322222222222226,45.76753472222222
2026-05-05 22:35:00,31.322604166666665,45.79763888888889
2026-05-05 22:40:00,31.322569444444444,45.825312499999995
2026-05-05 22:45:00,31.32611111111111,45.79277777777778
2026-05-05 22:50:00,31.32506944444445,45.82364583333334
2026-05-05 22:55:00,31.32916666666667,45.83569444444444
2026-05-05 23:00:00,31.327256944444443,45.87135416666666
2026-05-05 23:05:00,31.329583333333332,45.933125000000004
2026-05-05 23:10:00,31.332812499999996,45.935763888888886
2026-05-05 23:15:00,31.332951388888887,46.00267361111111
2026-05-05 23:20:00,31.335486111111113,46.01322916666666
2026-05-05 23:25:00,31.338368055555552,46.05819444444444
2026-05-05 23:30:00,31.339131944444446,46.07774305555555
2026-05-05 23:35:00,31.339062499999997,46.096805555555555
2026-05-05 23:40:00,31.34357638888889,46.08670138888889
2026-05-05 23:45:00,31.341979166666665,46.112430555555555
2026-05-05 23:50:00,31.345625,46.114201388888894
2026-05-05 23:55:00,31.34579861111111,46.07760416666667
2026-05-06 00:00:00,31.34333333333333,46.10534722222222
2026-05-06 00:05:00,31.341319444444448,46.12986111111111
2026-05-06 00:10:00,31.339444444444446,46.153125
2026-05-06 00:15:00,31.337743055555556,46.17559027777778
2026-05-06 00:20:00,31.33809027777778,46.22923611111111
2026-05-06 00:25:00,31.34027777777778,46.23909722222223
2026-05-06 00:30:00,31.341354166666665,46.252743055555555
2026-05-06 00:35:00,31.346145833333335,46.253125
2026-05-06 00:40:00,31.34555555555555,46.27621527777778
2026-05-06 00:45:00,31.344375,46.298125
2026-05-06 00:50:00,31.344930555555557,46.35305555555555
2026-05-06 00:55:00,31.347465277777783,46.36246527777778
2026-05-06 01:00:00,31.34892361111112,46.375416666666666
2026-05-06 01:05:00,31.34972222222222,46.39041666666667
2026-05-06 01:10:00,31.350104166666668,46.40694444444444
2026-05-06 01:15:00,31.354166666666668,46.411458333333336
2026-05-06 01:20:00,31.357083333333335,46.42034722222222
2026-05-06 01:25:00,31.35892361111111,46.432118055555556
2026-05-06 01:30:00,31.363888888888894,46.43184027777777
2026-05-06 01:35:00,31.368020833333333,46.43552083333333
2026-05-06 01:40:00,31.37076388888889,46.443645833333335
2026-05-06 01:45:00,31.372499999999995,46.454895833333325
2026-05-06 01:50:00,31.369479166666665,46.484375
2026-05-06 01:55:00,31.37076388888889,46.498124999999995
2026-05-06 02:00:00,31.3715625,46.513784722222226
2026-05-06 02:05:00,31.371979166666662,46.530659722222225
2026-05-06 02:10:00,31.372083333333332,46.548611111111114
2026-05-06 02:15:00,31.37197916666667,46.56736111111111
2026-05-06 02:20:00,31.37166666666667,46.586736111111115
2026-05-06 02:25:00,31.371180555555554,46.606631944444445
2026-05-06 02:30:00,31.370555555555555,46.626805555555556
2026-05-06 02:35:00,31.369270833333335,46.648125
2026-05-06 02:40:00,31.367118055555554,46.67114583333333
2026-05-06 02:45:00,31.36423611111111,46.69597222222222
2026-05-06 02:50:00,31.360624999999995,46.722361111111105
2026-05-06 02:55:00,31.35631944444445,46.75038194444445
2026-05-06 03:00:00,31.351493055555554,46.77982638888889
2026-05-06 03:05:00,31.346111111111114,46.810624999999995
2026-05-06 03:10:00,31.340208333333333,46.84256944444444
2026-05-06 03:15:00,31.334166666666665,46.875347222222224
2026-05-06 03:20:00,31.328194444444446,46.90833333333333
2026-05-06 03:25:00,31.322465277777773,46.9409375
2026-05-06 03:30:00,31.317013888888894,46.97277777777778
2026-05-06 03:35:00,31.311736111111113,47.003819444444446
2026-05-06 03:40:00,31.306631944444444,47.03420138888889
2026-05-06 03:45:00,31.301770833333332,47.06402777777778
2026-05-06 03:50:00,31.297083333333333,47.092951388888885
2026-05-06 03:55:00,31.29263888888889,47.12135416666666
2026-05-06 04:00:00,31.2884375,47.149027777777775
2026-05-06 04:05:00,31.28440972222222,47.17579861111111
2026-05-06 04:10:00,31.280416666666667,47.20229166666667
2026-05-06 04:15:00,31.27638888888889,47.22850694444444
2026-05-06 04:20:00,31.27243055555555,47.254201388888895
2026-05-06 04:25:00,31.26864583333333,47.27934027777778
2026-05-06 04:30:00,31.265000000000004,47.30399305555556
2026-05-06 04:35:00,31.26145833333333,47.32826388888889
2026-05-06 04:40:00,31.25809027777778,47.35194444444445
2026-05-06 04:45:00,31.254930555555557,47.37513888888889
2026-05-06 04:50:00,31.251770833333335,47.39795138888889
2026-05-06 04:55:00,31.248749999999998,47.42038194444444
2026-05-06 05:00:00,31.24579861111111,47.442395833333336
2026-05-06 05:05:00,31.243125000000003,47.46378472222222
2026-05-06 05:10:00,31.240729166666668,47.484340277777775
2026-05-06 05:15:00,31.238472222222224,47.50451388888889
2026-05-06 05:20:00,31.236319444444444,47.52434027777778
2026-05-06 05:25:00,31.234340277777775,47.54402777777778
2026-05-06 05:30:00,31.232534722222226,47.563090277777775
2026-05-06 05:35:00,31.231006944444445,47.58114583333333
2026-05-06 05:40:00,31.229444444444443,47.59892361111111
2026-05-06 05:45:00,31.227951388888886,47.61625
2026-05-06 05:50:00,31.22642361111111,47.633229166666666
2026-05-06 05:55:00,31.22472222222222,47.650243055555556
2026-05-06 06:00:00,31.22295138888889,47.667361111111106
2026-05-06 06:05:00,31.22107638888889,47.68461805555555
2026-05-06 06:10:00,31.2190625,47.70211805555555
2026-05-06 06:15:00,31.21704861111111,47.719375
2026-05-06 06:20:00,31.21486111111111,47.73684027777777
2026-05-06 06:25:00,31.21263888888889,47.75416666666667
2026-05-06 06:30:00,31.21041666666666,47.77121527777778
2026-05-06 06:35:00,31.20809027777777,47.78805555555556
2026-05-06 06:40:00,31.205694444444443,47.804652777777775
2026-05-06 06:45:00,31.203159722222225,47.82114583333333
2026-05-06 06:50:00,31.200590277777778,47.8371875
2026-05-06 06:55:00,31.198194444444443,47.85274305555556
2026-05-06 07:00:00,31.196111111111108,47.867534722222224
2026-05-06 07:05:00,31.194479166666667,47.88114583333333
2026-05-06 07:10:00,31.193229166666672,47.89378472222222
2026-05-06 07:15:00,31.192083333333333,47.905590277777776
2026-05-06 07:20:00,31.19118055555556,47.91677083333334
2026-05-06 07:25:00,31.190243055555552,47.9275
2026-05-06 07:30:00,31.18951388888889,47.93756944444445
2026-05-06 07:35:00,31.18902777777778,47.94645833333333
2026-05-06 07:40:00,31.188854166666665,47.954097222222224
2026-05-06 07:45:00,31.18881944444444,47.96062500000001
2026-05-06 07:50:00,31.18892361111111,47.9659375
2026-05-06 07:55:00,31.189340277777774,47.96993055555556
2026-05-06 08:00:00,31.189895833333328,47.97263888888889
2026-05-06 08:10:00,31.187038327526132,47.9808362369338
2026-05-06 08:15:00,31.187456445993035,47.98184668989548
2026-05-06 08:20:00,31.187874564459932,47.98212543554006
2026-05-06 08:25:00,31.188257839721256,47.98163763066202
2026-05-06 08:30:00,31.188641114982577,47.9805574912892
2026-05-06 08:35:00,31.188989547038325,47.979059233449476
2026-05-06 08:40:00,31.18923344947735,47.97749128919861
2026-05-06 08:45:00,31.189965156794425,47.97466898954704
2026-05-06 08:50:00,31.191149825783974,47.97045296167248
2026-05-06 08:55:00,31.193031358885015,47.964564459930315
2026-05-06 09:00:00,31.190905923344946,47.974459930313586
2026-05-06 09:05:00,31.189721254355398,47.978222996515676
2026-05-06 09:10:00,31.189233449477356,47.97780487804879
2026-05-06 09:15:00,31.18592334494773,47.93763066202091
2026-05-06 09:20:00,31.182473867595814,47.9618118466899
2026-05-06 09:25:00,31.18407665505227,47.94940766550523
2026-05-06 09:30:00,31.180940766550524,47.965052264808364
2026-05-06 09:35:00,31.183275261324038,47.94536585365854
2026-05-06 09:40:00,31.18006968641115,47.96630662020906
2026-05-06 09:45:00,31.182020905923352,47.92867595818816
2026-05-06 09:50:00,31.179268292682924,47.956202090592335
2026-05-06 09:55:00,31.179477351916375,47.89825783972126
2026-05-06 10:00:00,31.179198606271772,47.92794425087108
2026-05-06 10:05:00,31.178083623693382,47.86686411149826
2026-05-06 10:10:00,31.179477351916375,47.89184668989547
2026-05-06 10:15:00,31.177212543554003,47.86557491289199
2026-05-06 10:20:00,31.180209059233455,47.88888501742161
2026-05-06 10:25:00,31.177560975609754,47.87456445993031
2026-05-06 10:30:00,31.18108013937282,47.87271777003484
2026-05-06 10:35:00,31.178745644599307,47.855435540069685
2026-05-06 10:40:00,31.180662020905924,47.8498606271777
2026-05-06 10:45:00,31.178954703832755,47.825505226480836
2026-05-06 10:50:00,31.179965156794424,47.81822299651568
2026-05-06 10:55:00,31.17871080139373,47.78641114982579
2026-05-06 11:00:00,31.17937282229965,47.77933797909408
2026-05-06 11:05:00,31.177456445993034,47.742508710801395
2026-05-06 11:10:00,31.17783972125435,47.753519163763066
2026-05-06 11:15:00,31.17850174216028,47.694146341463416
2026-05-06 11:20:00,31.175296167247392,47.67229965156795
2026-05-06 11:25:00,31.176445993031365,47.66550522648084
2026-05-06 11:30:00,31.175818815331006,47.59080139372822
2026-05-06 11:35:00,31.175783972125437,47.58439024390243
2026-05-06 11:40:00,31.176097560975613,47.57613240418119
2026-05-06 11:45:00,31.17526132404181,47.53160278745644
2026-05-06 11:50:00,31.17484320557491,47.51881533101045
2026-05-06 11:55:00,31.174564459930316,47.51156794425087
2026-05-06 12:00:00,31.17397212543554,47.475958188153314
2026-05-06 12:05:00,31.17383275261324,47.44940766550523
2026-05-06 12:10:00,31.175818815331013,47.43836236933798
2026-05-06 12:15:00,31.17630662020906,47.39839721254355
2026-05-06 12:20:00,31.17543554006969,47.388536585365856
2026-05-06 12:25:00,31.175923344947734,47.35153310104529
2026-05-06 12:30:00,31.173310104529616,47.332369337979095
2026-05-06 12:35:00,31.17344947735192,47.29655052264808
2026-05-06 12:40:00,31.170731707317074,47.25839721254356
2026-05-06 12:45:00,31.170034843205574,47.223972125435544
2026-05-06 12:50:00,31.168362369337977,47.185958188153315
2026-05-06 12:55:00,31.166306620209056,47.18271777003484
2026-05-06 13:00:00,31.165052264808367,47.180592334494776
2026-05-06 13:05:00,31.164355400696863,47.17759581881533
2026-05-06 13:10:00,31.164076655052266,47.17442508710802
2026-05-06 13:15:00,31.164181184668994,47.171393728222995
2026-05-06 13:20:00,31.162439024390242,47.08940766550523
2026-05-06 13:25:00,31.15522648083624,47.07470383275262
2026-05-06 13:30:00,31.15020905923345,47.07299651567944
2026-05-06 13:35:00,31.146794425087112,47.071289198606266
2026-05-06 13:40:00,31.14432055749129,47.06773519163763
2026-05-06 13:45:00,31.142508710801398,47.063101045296165
2026-05-06 13:50:00,31.141254355400694,47.05651567944251
2026-05-06 13:55:00,31.140348432055752,47.050487804878045
2026-05-06 14:00:00,31.13993031358885,47.04428571428572
2026-05-06 14:05:00,31.139756097560976,47.038048780487806
2026-05-06 14:10:00,31.13982578397212,47.03104529616725
2026-05-06 14:15:00,31.14017421602788,47.0233449477352
2026-05-06 14:20:00,31.140836236933797,47.01456445993031
2026-05-06 14:25:00,31.14170731707317,47.005505226480835
2026-05-06 14:30:00,31.14278745644599,46.996202090592334
2026-05-06 14:35:00,31.14404181184669,46.98721254355401
2026-05-06 14:40:00,31.145505226480836,46.9777700348432
2026-05-06 14:45:00,31.147038327526136,46.96790940766551
2026-05-06 14:50:00,31.148675958188154,46.95717770034844
2026-05-06 14:55:00,31.15024390243902,46.94540069686411
2026-05-06 15:00:00,31.151393728223,46.932891986062714
2026-05-06 15:05:00,31.152229965156796,46.920174216027874
2026-05-06 15:10:00,31.153344947735192,46.848466898954705
2026-05-06 15:15:00,31.15076655052265,46.80655052264808
2026-05-06 15:20:00,31.149024390243905,46.793240418118465
2026-05-06 15:25:00,31.145714285714284,46.689094076655046
2026-05-06 15:30:00,31.14188153310105,46.63581881533101
2026-05-06 15:35:00,31.140662020905925,46.620766550522646
2026-05-06 15:40:00,31.137526132404187,46.52059233449477
2026-05-06 15:45:00,31.12829268292683,46.4906968641115
2026-05-06 15:50:00,31.12236933797909,46.48522648083623
2026-05-06 15:55:00,31.11574912891986,46.41487804878049
2026-05-06 16:00:00,31.11177700348432,46.39198606271777
2026-05-06 16:05:00,31.10926829268293,46.38142857142858
2026-05-06 16:10:00,31.104982578397216,46.32459930313589
2026-05-06 16:15:00,31.102996515679447,46.311010452961675
2026-05-06 16:20:00,31.10198606271777,46.301777003484325
2026-05-06 16:25:00,31.101742160278746,46.29278745644599
2026-05-06 16:30:00,31.09484320557491,46.229616724738676
2026-05-06 16:35:00,31.089059233449483,46.23435540069686
2026-05-06 16:40:00,31.092334494773517,46.21996515679442
2026-05-06 16:45:00,31.094564459930318,46.20595818815331
2026-05-06 16:50:00,31.09484320557491,46.11961672473868
2026-05-06 16:55:00,31.086829268292682,46.06313588850174
2026-05-06 17:00:00,31.08076655052265,46.062334494773516
2026-05-06 17:05:00,31.07609756097561,46.02613240418118
2026-05-06 17:10:00,31.071149825783973,46.02289198606272
2026-05-06 17:15:00,31.065191637630665,46.00160278745644
2026-05-06 17:20:00,31.064808362369334,45.9990243902439
2026-05-06 17:25:00,31.06080139372822,45.97491289198606
2026-05-06 17:30:00,31.060522648083627,45.97351916376307
2026-05-06 17:35:00,31.057560975609757,45.946167247386754
2026-05-06 17:40:00,31.05456445993031,45.9373519163763
2026-05-06 17:45:00,31.048536585365856,45.8920905923345
2026-05-06 17:50:00,31.03602787456446,45.87257839721254
2026-05-06 17:55:00,31.03087108013937,45.85038327526133
2026-05-06 18:00:00,31.020905923344948,45.823240418118466
2026-05-06 18:05:00,31.011254355400695,45.784843205574916
2026-05-06 18:10:00,30.997247386759586,45.803275261324046
2026-05-06 18:15:00,30.988850174216033,45.8218118466899
2026-05-06 18:20:00,30.978048780487807,45.800766550522646
2026-05-06 18:25:00,30.96369337979094,45.83355400696864
2026-05-06 18:30:00,30.958432055749135,45.81689895470383
2026-05-06 18:35:00,30.94641114982578,45.80658536585366
2026-05-06 18:40:00,30.939616724738677,45.845331010452966
2026-05-06 18:45:00,30.930592334494772,45.83118466898954
2026-05-06 18:50:00,30.92829268292683,45.82571428571429
2026-05-06 18:55:00,30.921080139372823,45.816933797909414
2026-05-06 19:00:00,30.917073170731705,45.817108013937286
2026-05-06 19:05:00,30.912020905923345,45.812264808362364
2026-05-06 19:10:00,30.907212543554003,45.808222996515674
2026-05-06 19:15:00,30.904425087108013,45.809407665505226
2026-05-06 19:20:00,30.899860627177702,45.784006968641116
2026-05-06 19:25:00,30.89853658536585,45.790905923344944
2026-05-06 19:30:00,30.89456445993031,45.73829268292683
2026-05-06 19:35:00,30.89128919860627,45.76184668989547
2026-05-06 19:40:00,30.889651567944252,45.7012543554007
2026-05-06 19:45:00,30.884843205574917,45.73926829268293
2026-05-06 19:50:00,30.885400696864107,45.67547038327526
2026-05-06 19:55:00,30.87843205574913,45.718536585365854
2026-05-06 20:00:00,30.880383275261323,45.67801393728223
2026-05-06 20:05:00,30.873519163763067,45.6388850174216
2026-05-06 20:10:00,30.87452961672474,45.612090592334496
2026-05-06 20:15:00,30.870627177700346,45.56644599303136
2026-05-06 20:20:00,30.873031358885015,45.561672473867596
2026-05-06 20:25:00,30.87567944250871,45.541080139372816
2026-05-06 20:30:00,30.87752613240418,45.60066202090592
2026-05-06 20:35:00,30.88020905923345,45.58121951219512
2026-05-06 20:40:00,30.885644599303138,45.61034843205575
2026-05-06 20:45:00,30.887839721254355,45.59588850174216
2026-05-06 20:50:00,30.890836236933797,45.626515679442505
2026-05-06 20:55:00,30.896968641114984,45.559477351916385
2026-05-06 21:00:00,30.89815331010453,45.58006968641115
2026-05-06 21:05:00,30.905261324041817,45.5390243902439
2026-05-06 21:10:00,30.910313588850176,45.52135888501743
2026-05-06 21:15:00,30.914808362369335,45.49933797909407
2026-05-06 21:20:00,30.91703832752613,45.449337979094075
2026-05-06 21:25:00,30.920313588850178,45.44226480836237
2026-05-06 21:30:00,30.922055749128923,45.38905923344948
2026-05-06 21:35:00,30.924355400696868,45.45585365853658
2026-05-06 21:40:00,30.92560975609756,45.39557491289198
2026-05-06 21:45:00,30.924390243902444,45.46951219512195
2026-05-06 21:50:00,30.926271777003485,45.408432055749124
2026-05-06 21:55:00,30.923797909407664,45.460522648083625
2026-05-06 22:00:00,30.92630662020906,45.40121951219512
2026-05-06 22:05:00,30.923623693379792,45.430418118466896
2026-05-06 22:10:00,30.927317073170737,45.384494773519165
2026-05-06 22:15:00,30.925226480836233,45.4133449477352
2026-05-06 22:20:00,30.926341463414637,45.47975609756097
2026-05-06 22:25:00,30.92456445993031,45.51167247386759
2026-05-06 22:30:00,30.923170731707312,45.53379790940766
2026-05-06 22:35:00,30.922055749128923,45.55327526132404
2026-05-06 22:40:00,30.921045296167247,45.57679442508711
2026-05-06 22:45:00,30.917491289198605,45.574843205574915
2026-05-06 22:50:00,30.91682926829268,45.59926829268293
2026-05-06 22:55:00,30.916620209059232,45.62024390243902
2026-05-06 23:00:00,30.921951219512195,45.61275261324042
2026-05-06 23:05:00,30.92574912891986,45.61411149825784
2026-05-06 23:10:00,30.92829268292683,45.62770034843206
2026-05-06 23:15:00,30.934634146341462,45.61686411149825
2026-05-06 23:20:00,30.939094076655053,45.61533101045296
2026-05-06 23:25:00,30.942229965156795,45.61885017421603
2026-05-06 23:30:00,30.949024390243906,45.604668989547044
2026-05-06 23:35:00,30.954041811846693,45.60104529616725
2026-05-06 23:40:00,30.95759581881533,45.61278745644599
2026-05-06 23:45:00,30.96020905923345,45.62020905923345
2026-05-06 23:50:00,30.962229965156794,45.628850174216026
2026-05-06 23:55:00,30.962229965156794,45.69341463414634
2026-05-07 00:00:00,30.963902439024388,45.70400696864111
2026-05-07 00:05:00,30.965365853658536,45.71505226480836
2026-05-07 00:10:00,30.96672473867596,45.725853658536586
2026-05-07 00:15:00,30.968327526132402,45.73599303135888
2026-05-07 00:20:00,30.96585365853658,45.76567944250871
2026-05-07 00:25:00,30.964076655052267,45.78923344947735
2026-05-07 00:30:00,30.962299651567946,45.76289198606271
2026-05-07 00:35:00,30.957909407665504,45.79801393728223
2026-05-07 00:40:00,30.95912891986063,45.807944250871074
2026-05-07 00:45:00,30.957386759581883,45.79024390243903
2026-05-07 00:50:00,30.955574912891986,45.815017421602796
2026-05-07 00:55:00,30.954912891986062,45.83341463414634
2026-05-07 01:00:00,30.95031358885017,45.87261324041812
2026-05-07 01:05:00,30.94742160278746,45.89933797909408
2026-05-07 01:10:00,30.94592334494774,45.91926829268293
2026-05-07 01:15:00,30.940662020905922,45.9579094076655
2026-05-07 01:20:00,30.93714285714286,45.98477351916377
2026-05-07 01:25:00,30.935121951219514,46.005052264808356
2026-05-07 01:30:00,30.92951219512195,46.044634146341465
2026-05-07 01:35:00,30.92574912891986,46.071742160278745
2026-05-07 01:40:00,30.92285714285714,46.05226480836237
2026-05-07 01:45:00,30.91724738675958,46.08846689895471
2026-05-07 01:50:00,30.91773519163763,46.0979094076655
2026-05-07 01:55:00,30.918850174216026,46.10550522648084
2026-05-07 02:00:00,30.91571428571429,46.133379790940765
2026-05-07 02:05:00,30.91376306620209,46.152961672473864
2026-05-07 02:10:00,30.912857142857142,46.16766550522648
2026-05-07 02:15:00,30.91278745644599,46.1790243902439
2026-05-07 02:20:00,30.913379790940766,46.18808362369338
2026-05-07 02:25:00,30.91442508710801,46.19550522648084
2026-05-07 02:30:00,30.911742160278745,46.21968641114982
2026-05-07 02:35:00,30.91073170731707,46.23588850174216
2026-05-07 02:40:00,30.911358885017425,46.24662020905924
2026-05-07 02:45:00,30.91341463414634,46.253135888501745
2026-05-07 02:50:00,30.916689895470384,46.25620209059234
2026-05-07 02:55:00,30.916864111498256,46.27393728222996
2026-05-07 03:00:00,30.918850174216033,46.28292682926829
2026-05-07 03:05:00,30.922404181184667,46.28641114982579
2026-05-07 03:10:00,30.927386759581882,46.28564459930313
2026-05-07 03:15:00,30.933101045296166,46.28132404181184
2026-05-07 03:20:00,30.939059233449477,46.27498257839721
2026-05-07 03:25:00,30.944843205574912,46.267630662020906
2026-05-07 03:30:00,30.9502787456446,46.26017421602788
2026-05-07 03:35:00,30.955435540069683,46.25271777003484
2026-05-07 03:40:00,30.960243902439025,46.245156794425085
2026-05-07 03:45:00,30.964878048780488,46.23738675958188
2026-05-07 03:50:00,30.969547038327526,46.22912891986063
2026-05-07 03:55:00,30.974320557491286,46.2198606271777
2026-05-07 04:00:00,30.97919860627178,46.20979094076655
2026-05-07 04:05:00,30.984181184668987,46.1991637630662
2026-05-07 04:10:00,30.989407665505222,46.18780487804878
2026-05-07 04:15:00,30.994843205574913,46.17574912891986
2026-05-07 04:20:00,31.000487804878052,46.16306620209059
2026-05-07 04:25:00,31.006271777003487,46.14996515679443
2026-05-07 04:30:00,31.009477351916374,46.1081881533101
2026-05-07 04:35:00,31.01198606271777,46.105749128919854
2026-05-07 04:40:00,31.015226480836233,46.10024390243902
2026-05-07 04:45:00,31.01898954703833,46.09261324041812
2026-05-07 04:50:00,31.023101045296166,46.083867595818816
2026-05-07 04:55:00,31.02742160278746,46.07463414634147
2026-05-07 05:00:00,31.032020905923346,46.06498257839721
2026-05-07 05:05:00,31.036655052264802,46.05543554006969
2026-05-07 05:10:00,31.04142857142857,46.04606271777004
2026-05-07 05:15:00,31.04216027874564,46.053763066202094
2026-05-07 05:20:00,31.043588850174217,46.05797909407666
2026-05-07 05:25:00,31.04571428571429,46.06048780487805
2026-05-07 05:30:00,31.048292682926824,46.06229965156795
2026-05-07 05:35:00,31.049651567944252,46.01588850174217
2026-05-07 05:40:00,31.04919860627178,46.030731707317074
2026-05-07 05:45:00,31.04979094076655,46.041742160278744
2026-05-07 05:50:00,31.05108013937282,46.0509756097561
2026-05-07 05:55:00,31.05296167247387,46.059303135888506
2026-05-07 06:00:00,31.055121951219512,46.06745644599303
2026-05-07 06:05:00,31.057491289198605,46.075714285714284
2026-05-07 06:10:00,31.06006968641115,46.08428571428571
2026-05-07 06:15:00,31.06275261324042,46.093101045296166
2026-05-07 06:20:00,31.06560975609756,46.10205574912892
2026-05-07 06:25:00,31.068641114982576,46.111254355400696
2026-05-07 06:30:00,31.07170731707317,46.1208362369338
2026-05-07 06:35:00,31.074912891986063,46.13052264808362
2026-05-07 06:40:00,31.078292682926826,46.140209059233456
2026-05-07 06:45:00,31.081881533101047,46.149477351916374
2026-05-07 06:50:00,31.085574912891985,46.15874564459931
2026-05-07 06:55:00,31.089442508710803,46.167526132404184
2026-05-07 07:00:00,31.09348432055749,46.17578397212543
2026-05-07 07:05:00,31.097665505226484,46.183414634146345
2026-05-07 07:10:00,31.097979094076653,46.20738675958188
2026-05-07 07:15:00,31.099163763066205,46.22609756097562
2026-05-07 07:20:00,31.10094076655052,46.24174216027874
2026-05-07 07:25:00,31.10344947735192,46.25477351916376
2026-05-07 07:30:00,31.106341463414637,46.26606271777003
2026-05-07 07:35:00,31.1094425087108,46.27641114982578
2026-05-07 07:40:00,31.112787456445997,46.28609756097561
2026-05-07 07:45:00,31.11623693379791,46.29540069686411
2026-05-07 07:50:00,31.117142857142852,46.25114982578397
2026-05-07 07:55:00,31.117282229965156,46.274599303135886
2026-05-07 08:00:00,31.11867595818816,46.293135888501745
2026-05-07 08:05:00,31.120729166666667,46.33166666666667
2026-05-07 08:10:00,31.12034722222222,46.35871527777778
2026-05-07 08:15:00,31.12163194444444,46.378993055555554
2026-05-07 08:20:00,31.119375000000005,46.410694444444445
2026-05-07 08:25:00,31.11850694444444,46.44152777777778
2026-05-07 08:30:00,31.11732638888889,46.409305555555555
2026-05-07 08:35:00,31.114826388888886,46.44857638888889
2026-05-07 08:40:00,31.11486111111111,46.47222222222222
2026-05-07 08:45:00,31.11090277777778,46.51920138888889
2026-05-07 08:50:00,31.10923611111111,46.55104166666667
2026-05-07 08:55:00,31.10357638888889,46.601215277777776
2026-05-07 09:00:00,31.104131944444443,46.62201388888889
2026-05-07 09:05:00,31.09986111111111,46.652881944444445
2026-05-07 09:10:00,31.09680555555555,46.689340277777774
2026-05-07 09:15:00,31.093298611111113,46.73670138888889
2026-05-07 09:20:00,31.09201388888889,46.76826388888889
2026-05-07 09:25:00,31.084409722222226,46.82715277777778
2026-05-07 09:30:00,31.08361111111111,46.86149305555555
2026-05-07 09:35:00,31.07631944444445,46.911006944444445
2026-05-07 09:40:00,31.07607638888889,46.94267361111111
2026-05-07 09:45:00,31.068819444444443,46.97399305555555
2026-05-07 09:50:00,31.068159722222227,47.017222222222216
2026-05-07 09:55:00,31.063333333333333,47.03569444444444
2026-05-07 10:00:00,31.060381944444448,47.094375
2026-05-07 10:05:00,31.05711805555556,47.11694444444444
2026-05-07 10:10:00,31.049270833333335,47.19541666666667
2026-05-07 10:15:00,31.04892361111111,47.20715277777778
2026-05-07 10:20:00,31.04128472222222,47.19958333333333
2026-05-07 10:25:00,31.034756944444446,47.216145833333336
2026-05-07 10:30:00,31.03083333333333,47.29666666666667
2026-05-07 10:35:00,31.0275,47.27267361111112
2026-05-07 10:40:00,31.020069444444445,47.29145833333333
2026-05-07 10:45:00,31.014374999999998,47.35642361111111
2026-05-07 10:50:00,31.012326388888894,47.3846875
2026-05-07 10:55:00,31.00892361111111,47.35552083333333
2026-05-07 11:00:00,31.001666666666665,47.372812499999995
2026-05-07 11:05:00,30.99697916666667,47.33670138888888
2026-05-07 11:10:00,30.985972222222227,47.331041666666664
2026-05-07 11:15:00,30.978472222222226,47.35024305555555
2026-05-07 11:20:00,30.969513888888887,47.32440972222222
2026-05-07 11:25:00,30.95940972222222,47.34375
2026-05-07 11:30:00,30.953055555555554,47.34003472222222
2026-05-07 11:35:00,30.941111111111113,47.33298611111111
2026-05-07 11:40:00,30.93284722222222,47.3509375
2026-05-07 11:45:00,30.92621527777778,47.30885416666667
2026-05-07 11:50:00,30.91559027777778,47.320729166666666
2026-05-07 11:55:00,30.908854166666668,47.335972222222225
2026-05-07 12:00:00,30.904687500000005,47.30763888888888
2026-05-07 12:05:00,30.894375,47.28795138888889
2026-05-07 12:10:00,30.88545138888889,47.306041666666665
2026-05-07 12:15:00,30.874270833333338,47.292569444444446
2026-05-07 12:20:00,30.862777777777783,47.31211805555555
2026-05-07 12:25:00,30.855381944444446,47.36440972222223
2026-05-07 12:30:00,30.851875,47.391909722222216
2026-05-07 12:35:00,30.84579861111111,47.37746527777777
2026-05-07 12:40:00,30.839340277777783,47.447187500000005
2026-05-07 12:45:00,30.838819444444443,47.43423611111111
2026-05-07 12:50:00,30.83159722222222,47.44486111111111
2026-05-07 12:55:00,30.826770833333335,47.45583333333334
2026-05-07 13:00:00,30.823402777777776,47.4621875
2026-05-07 13:05:00,30.82090277777778,47.465138888888895
2026-05-07 13:10:00,30.818854166666668,47.46548611111111
2026-05-07 13:15:00,30.817048611111108,47.46402777777777
2026-05-07 13:20:00,30.81527777777778,47.461597222222224
2026-05-07 13:25:00,30.813437500000003,47.459201388888886
2026-05-07 13:30:00,30.81145833333333,47.45614583333334
2026-05-07 13:35:00,30.809305555555554,47.45326388888889
2026-05-07 13:40:00,30.80701388888889,47.451562499999994
2026-05-07 13:45:00,30.804479166666663,47.450520833333336
2026-05-07 13:50:00,30.803541666666668,47.4878125
2026-05-07 13:55:00,30.808680555555554,47.4865625
2026-05-07 14:00:00,30.811319444444443,47.47864583333333
2026-05-07 14:05:00,30.812118055555555,47.47173611111111
2026-05-07 14:10:00,30.811562499999997,47.46625
2026-05-07 14:15:00,30.816041666666663,47.47184027777777
2026-05-07 14:20:00,30.82364583333333,47.45506944444444
2026-05-07 14:25:00,30.83034722222222,47.46013888888889
2026-05-07 14:30:00,30.84211805555556,47.45496527777778
2026-05-07 14:35:00,30.850104166666668,47.45430555555556
2026-05-07 14:40:00,30.86142361111111,47.46083333333334
2026-05-07 14:45:00,30.874062499999997,47.439479166666665
2026-05-07 14:50:00,30.884375000000002,47.45944444444444
2026-05-07 14:55:00,30.898506944444446,47.4665625
2026-05-07 15:00:00,30.910069444444446,47.48861111111111
2026-05-07 15:05:00,30.92520833333333,47.49836805555555
2026-05-07 15:10:00,30.93402777777778,47.4465625
2026-05-07 15:15:00,30.942013888888887,47.46458333333333
2026-05-07 15:20:00,30.949513888888887,47.444861111111116
2026-05-07 15:25:00,30.96055555555556,47.46527777777778
2026-05-07 15:30:00,30.969618055555557,47.46635416666667
2026-05-07 15:35:00,30.978958333333335,47.45086805555556
2026-05-07 15:40:00,30.990694444444443,47.4684375
2026-05-07 15:45:00,31.005833333333335,47.47749999999999
2026-05-07 15:50:00,31.023298611111116,47.48079861111111
2026-05-07 15:55:00,31.036180555555557,47.490208333333335
2026-05-07 16:00:00,31.04392361111111,47.48548611111111
2026-05-07 16:05:00,31.05121527777778,47.52177083333333
2026-05-07 16:10:00,31.058368055555555,47.51506944444444
2026-05-07 16:15:00,31.063541666666666,47.55027777777778
2026-05-07 16:20:00,31.07090277777778,47.541875
2026-05-07 16:25:00,31.080520833333335,47.56607638888889
2026-05-07 16:30:00,31.090069444444445,47.55079861111111
2026-05-07 16:35:00,31.101666666666663,47.55725694444445
2026-05-07 16:40:00,31.10461805555556,47.549618055555555
2026-05-07 16:45:00,31.11038194444444,47.57788194444444
2026-05-07 16:50:00,31.11791666666667,47.56503472222222
2026-05-07 16:55:00,31.1246875,47.590625
2026-05-07 17:00:00,31.135798611111113,47.574618055555554
2026-05-07 17:05:00,31.13819444444444,47.58277777777778
2026-05-07 17:10:00,31.146666666666665,47.58802083333333
2026-05-07 17:15:00,31.156701388888887,47.54982638888889
2026-05-07 17:20:00,31.160173611111116,47.555659722222224
2026-05-07 17:25:00,31.168923611111115,47.53409722222222
2026-05-07 17:30:00,31.170520833333327,47.54114583333333
2026-05-07 17:35:00,31.17722222222222,47.525868055555556
2026-05-07 17:40:00,31.181944444444444,47.514097222222226
2026-05-07 17:45:00,31.190520833333338,47.51833333333333
2026-05-07 17:50:00,31.198437499999997,47.52961805555556
2026-05-07 17:55:00,31.205729166666668,47.50465277777778
2026-05-07 18:00:00,31.21083333333333,47.516840277777774
2026-05-07 18:05:00,31.22097222222222,47.49982638888889
2026-05-07 18:10:00,31.230763888888887,47.465625
2026-05-07 18:15:00,31.235,47.44229166666666
2026-05-07 18:20:00,31.242951388888887,47.44506944444444
2026-05-07 18:25:00,31.250208333333333,47.38402777777778
2026-05-07 18:30:00,31.25402777777778,47.37993055555555
2026-05-07 18:35:00,31.259479166666672,47.385
2026-05-07 18:40:00,31.263472222222227,47.36138888888889
2026-05-07 18:45:00,31.26704861111111,47.37354166666667
2026-05-07 18:50:00,31.270625000000003,47.338125
2026-05-07 18:55:00,31.274236111111108,47.34663194444445
2026-05-07 19:00:00,31.278472222222224,47.299479166666664
2026-05-07 19:05:00,31.281354166666663,47.305
2026-05-07 19:10:00,31.283541666666665,47.28434027777778
2026-05-07 19:15:00,31.28548611111111,47.28246527777778
2026-05-07 19:20:00,31.28861111111111,47.27250000000001
2026-05-07 19:25:00,31.289270833333337,47.25378472222222
2026-05-07 19:30:00,31.292916666666663,47.26114583333333
2026-05-07 19:35:00,31.296076388888892,47.221493055555555
2026-05-07 19:40:00,31.29989583333333,47.221979166666664
2026-05-07 19:45:00,31.30440972222222,47.16295138888889
2026-05-07 19:50:00,31.307534722222222,47.15645833333333
2026-05-07 19:55:00,31.312569444444446,47.08819444444445
2026-05-07 20:00:00,31.314965277777773,47.05284722222222
2026-05-07 20:05:00,31.319930555555555,47.050312500000004
2026-05-07 20:10:00,31.324444444444445,46.992534722222224
2026-05-07 20:15:00,31.33197916666667,46.97562500000001
2026-05-07 20:20:00,31.33815972222222,46.913125
2026-05-07 20:25:00,31.34190972222222,46.86329861111111
2026-05-07 20:30:00,31.349270833333335,46.791111111111114
2026-05-07 20:35:00,31.354409722222222,46.736423611111114
2026-05-07 20:40:00,31.3575,46.69378472222222
2026-05-07 20:45:00,31.364062500000003,46.62954861111111
2026-05-07 20:50:00,31.364513888888894,46.58631944444445
2026-05-07 20:55:00,31.36517361111111,46.57503472222222
2026-05-07 21:00:00,31.368645833333332,46.51690972222222
2026-05-07 21:05:00,31.36690972222222,46.476979166666666
2026-05-07 21:10:00,31.365104166666665,46.429236111111116
2026-05-07 21:15:00,31.365069444444448,46.373958333333334
2026-05-07 21:20:00,31.36586805555556,46.36385416666667
2026-05-07 21:25:00,31.36649305555555,46.302847222222226
2026-05-07 21:30:00,31.368020833333333,46.29402777777778
2026-05-07 21:35:00,31.368645833333332,46.23083333333334
2026-05-07 21:40:00,31.370798611111113,46.22652777777778
2026-05-07 21:45:00,31.37430555555555,46.13017361111111
2026-05-07 21:50:00,31.375659722222217,46.12461805555555
2026-05-07 21:55:00,31.38048611111111,46.04465277777778
2026-05-07 22:00:00,31.38048611111111,46.039513888888884
2026-05-07 22:05:00,31.384791666666665,45.95829861111112
2026-05-07 22:10:00,31.383749999999996,45.93465277777778
2026-05-07 22:15:00,31.387361111111115,45.853368055555556
2026-05-07 22:20:00,31.388819444444444,45.77614583333334
2026-05-07 22:25:00,31.391805555555557,45.691388888888895
2026-05-07 22:30:00,31.393854166666667,45.62399305555556
2026-05-07 22:35:00,31.396354166666665,45.548993055555556
2026-05-07 22:40:00,31.398229166666663,45.47857638888889
2026-05-07 22:45:00,31.399583333333332,45.46618055555555
2026-05-07 22:50:00,31.401562499999997,45.39170138888889
2026-05-07 22:55:00,31.40204861111111,45.31701388888889
2026-05-07 23:00:00,31.398784722222217,45.268541666666664
2026-05-07 23:05:00,31.396319444444444,45.220347222222216
2026-05-07 23:10:00,31.39399305555556,45.162256944444444
2026-05-07 23:15:00,31.38888888888889,45.12409722222222
2026-05-07 23:20:00,31.385277777777773,45.08309027777778
2026-05-07 23:25:00,31.3825,45.03541666666667
2026-05-07 23:30:00,31.37659722222222,45.002361111111114
2026-05-07 23:35:00,31.37236111111111,44.96510416666667
2026-05-07 23:40:00,31.369027777777774,44.9140625
2026-05-07 23:45:00,31.367534722222224,44.861875000000005
2026-05-07 23:50:00,31.366388888888892,44.81381944444444
2026-05-07 23:55:00,31.366388888888892,44.736215277777774
2026-05-08 00:00:00,31.365625000000005,44.68517361111111
2026-05-08 00:05:00,31.365104166666665,44.63736111111111
2026-05-08 00:10:00,31.364895833333335,44.58909722222222
2026-05-08 00:15:00,31.360833333333332,44.554548611111116
2026-05-08 00:20:00,31.36180555555556,44.49809027777778
2026-05-08 00:25:00,31.3628125,44.44673611111111
2026-05-08 00:30:00,31.364236111111115,44.44468750000001
2026-05-08 00:35:00,31.36444444444444,44.392743055555556
2026-05-08 00:40:00,31.364097222222224,44.346250000000005
2026-05-08 00:45:00,31.36690972222222,44.33059027777777
2026-05-08 00:50:00,31.369756944444443,44.27409722222222
2026-05-08 00:55:00,31.36982638888889,44.20104166666667
2026-05-08 01:00:00,31.371909722222217,44.140902777777775
2026-05-08 01:05:00,31.37315972222222,44.09086805555555
2026-05-08 01:10:00,31.373645833333327,44.04638888888889
2026-05-08 01:15:00,31.37430555555555,43.99489583333334
2026-05-08 01:20:00,31.374340277777776,43.95024305555555
2026-05-08 01:25:00,31.373958333333334,43.90930555555556
2026-05-08 01:30:00,31.377916666666668,43.84746527777778
2026-05-08 01:35:00,31.38059027777778,43.79701388888889
2026-05-08 01:40:00,31.382777777777783,43.79229166666667
2026-05-08 01:45:00,31.387812500000003,43.73166666666666
2026-05-08 01:50:00,31.390833333333337,43.68184027777778
2026-05-08 01:55:00,31.392187500000002,43.63909722222222
2026-05-08 02:00:00,31.396840277777773,43.57972222222222
2026-05-08 02:05:00,31.39944444444445,43.53118055555555
2026-05-08 02:10:00,31.400590277777773,43.48920138888889
2026-05-08 02:15:00,31.400833333333335,43.45104166666667
2026-05-08 02:20:00,31.400659722222226,43.415
2026-05-08 02:25:00,31.400312500000002,43.38027777777778
2026-05-08 02:30:00,31.399930555555557,43.34048611111111
2026-05-08 02:35:00,31.399409722222224,43.304201388888885
2026-05-08 02:40:00,31.39871527777778,43.26947916666666
2026-05-08 02:45:00,31.397916666666667,43.23545138888889
2026-05-08 02:50:00,31.39701388888889,43.20225694444444
2026-05-08 02:55:00,31.400208333333335,43.15190972222222
2026-05-08 03:00:00,31.399618055555557,43.115069444444444
2026-05-08 03:05:00,31.39826388888889,43.08246527777778
2026-05-08 03:10:00,31.396874999999998,43.0509375
2026-05-08 03:15:00,31.395625000000003,43.020451388888894
2026-05-08 03:20:00,31.39420138888889,42.99111111111111
2026-05-08 03:25:00,31.392569444444444,42.96295138888889
2026-05-08 03:30:00,31.390625,42.93607638888889
2026-05-08 03:35:00,31.388437500000002,42.91034722222222
2026-05-08 03:40:00,31.386111111111113,42.88565972222223
2026-05-08 03:45:00,31.38319444444444,42.86232638888889
2026-05-08 03:50:00,31.379965277777778,42.84048611111112
2026-05-08 03:55:00,31.376562500000002,42.81982638888889
2026-05-08 04:00:00,31.373090277777774,42.800069444444446
2026-05-08 04:05:00,31.369548611111114,42.78104166666667
2026-05-08 04:10:00,31.365833333333335,42.76253472222223
2026-05-08 04:15:00,31.36201388888889,42.74451388888889
2026-05-08 04:20:00,31.358020833333327,42.72677083333334
2026-05-08 04:25:00,31.35378472222222,42.70934027777778
2026-05-08 04:30:00,31.35215277777778,42.72013888888889
2026-05-08 04:35:00,31.351215277777776,42.69145833333334
2026-05-08 04:40:00,31.349409722222227,42.66583333333333
2026-05-08 04:45:00,31.346944444444446,42.642152777777774
2026-05-08 04:50:00,31.3440625,42.61972222222222
2026-05-08 04:55:00,31.34079861111111,42.598125
2026-05-08 05:00:00,31.33725694444444,42.576875
2026-05-08 05:05:00,31.333437500000002,42.55600694444445
2026-05-08 05:10:00,31.329375000000002,42.53520833333333
2026-05-08 05:15:00,31.328923611111115,42.49798611111111
2026-05-08 05:20:00,31.327326388888892,42.46545138888889
2026-05-08 05:25:00,31.324409722222224,42.4361111111111
2026-05-08 05:30:00,31.32045138888889,42.4090625
2026-05-08 05:35:00,31.317083333333333,42.43208333333333
2026-05-08 05:40:00,31.315173611111113,42.39548611111111
2026-05-08 05:45:00,31.311840277777783,42.363819444444445
2026-05-08 05:50:00,31.30743055555556,42.33510416666666
2026-05-08 05:55:00,31.302395833333335,42.308125
2026-05-08 06:00:00,31.297222222222224,42.281527777777775
2026-05-08 06:05:00,31.292152777777776,42.25482638888889
2026-05-08 06:10:00,31.28722222222222,42.22763888888889
2026-05-08 06:15:00,31.28253472222222,42.20003472222223
2026-05-08 06:20:00,31.278055555555554,42.171875
2026-05-08 06:25:00,31.273784722222224,42.14326388888889
2026-05-08 06:30:00,31.26982638888889,42.11402777777778
2026-05-08 06:35:00,31.266180555555554,42.084201388888886
2026-05-08 06:40:00,31.262812500000003,42.05361111111111
2026-05-08 06:45:00,31.259652777777774,42.02246527777778
2026-05-08 06:50:00,31.256666666666668,41.99097222222222
2026-05-08 06:55:00,31.25378472222222,41.959375
2026-05-08 07:00:00,31.250625,41.928333333333335
2026-05-08 07:05:00,31.247222222222224,41.89819444444444
2026-05-08 07:10:00,31.247500000000002,41.852361111111115
2026-05-08 07:15:00,31.246701388888887,41.81239583333333
2026-05-08 07:20:00,31.245034722222222,41.77645833333334
2026-05-08 07:25:00,31.24277777777778,41.74350694444444
2026-05-08 07:30:00,31.24048611111111,41.7121875
2026-05-08 07:35:00,31.238194444444446,41.68190972222222
2026-05-08 07:40:00,31.235972222222227,41.65246527777778
2026-05-08 07:45:00,31.23395833333333,41.62354166666667
2026-05-08 07:50:00,31.234027777777776,41.62128472222222
2026-05-08 07:55:00,31.23267361111111,41.58840277777778
2026-05-08 08:00:00,31.231041666666663,41.55791666666667
2026-05-08 08:05:00,31.23399305555556,41.50631944444444
2026-05-08 08:10:00,31.23590277777778,41.46381944444445
2026-05-08 08:15:00,31.23659722222222,41.427083333333336
2026-05-08 08:20:00,31.24107638888889,41.378506944444446
2026-05-08 08:25:00,31.24423611111111,41.33090277777777
2026-05-08 08:30:00,31.247743055555556,41.34677083333334
2026-05-08 08:35:00,31.252673611111113,41.29149305555555
2026-05-08 08:40:00,31.255312500000002,41.25177083333333
2026-05-08 08:45:00,31.259027777777774,41.158680555555556
2026-05-08 08:50:00,31.25982638888889,41.12211805555555
2026-05-08 08:55:00,31.261319444444446,41.07395833333333
2026-05-08 09:00:00,31.26166666666667,41.03899305555556
2026-05-08 09:05:00,31.26215277777778,41.01385416666667
2026-05-08 09:10:00,31.262812500000003,40.97635416666667
2026-05-08 09:15:00,31.26284722222222,40.981006944444445
2026-05-08 09:20:00,31.26361111111111,40.94048611111111
2026-05-08 09:25:00,31.265833333333333,40.892222222222216
2026-05-08 09:30:00,31.265555555555554,40.818645833333335
2026-05-08 09:35:00,31.268472222222222,40.77708333333333
2026-05-08 09:40:00,31.26625,40.70392361111111
2026-05-08 09:45:00,31.270138888888887,40.692187499999996
2026-05-08 09:50:00,31.267465277777774,40.61107638888889
2026-05-08 09:55:00,31.270937500000002,40.62631944444445
2026-05-08 10:00:00,31.27607638888889,40.55347222222222
2026-05-08 10:05:00,31.280451388888892,40.55677083333333
2026-05-08 10:10:00,31.29038194444444,40.46072916666666
2026-05-08 10:15:00,31.293368055555554,40.432743055555555
2026-05-08 10:20:00,31.302777777777774,40.41763888888889
2026-05-08 10:25:00,31.312881944444445,40.36399305555556
2026-05-08 10:30:00,31.319687500000004,40.275625000000005
2026-05-08 10:35:00,31.326249999999998,40.26059027777777
2026-05-08 10:40:00,31.338472222222222,40.23694444444445
2026-05-08 10:45:00,31.34753472222222,40.130833333333335
2026-05-08 10:50:00,31.355451388888884,40.09496527777778
2026-05-08 10:55:00,31.363506944444445,40.074201388888895
2026-05-08 11:00:00,31.373437500000005,40.0365625
2026-05-08 11:05:00,31.381493055555552,40.02097222222223
2026-05-08 11:10:00,31.391388888888887,39.98545138888889
2026-05-08 11:15:00,31.3978125,39.97347222222223
2026-05-08 11:20:00,31.408229166666665,39.94
2026-05-08 11:25:00,31.4146875,39.91048611111111
2026-05-08 11:30:00,31.42211805555556,39.892604166666665
2026-05-08 11:35:00,31.430486111111108,39.85982638888889
2026-05-08 11:40:00,31.435416666666665,39.83170138888889
2026-05-08 11:45:00,31.444583333333338,39.80163194444444
2026-05-08 11:50:00,31.45121527777778,39.768055555555556
2026-05-08 11:55:00,31.45472222222222,39.738680555555554
2026-05-08 12:00:00,31.46121527777778,39.70760416666667
2026-05-08 12:05:00,31.467291666666668,39.67111111111111
2026-05-08 12:10:00,31.47413194444444,39.63690972222222
2026-05-08 12:15:00,31.484027777777776,39.593298611111116
2026-05-08 12:20:00,31.491840277777776,39.55871527777778
2026-05-08 12:25:00,31.499340277777776,39.44888888888889
2026-05-08 12:30:00,31.498645833333335,39.40618055555556
2026-05-08 12:35:00,31.506249999999998,39.36333333333334
2026-05-08 12:40:00,31.508055555555554,39.276423611111106
2026-05-08 12:45:00,31.51138888888889,39.23361111111112
2026-05-08 12:50:00,31.51388888888889,39.199618055555554
2026-05-08 12:55:00,31.522256944444443,39.1603125
2026-05-08 13:00:00,31.528368055555557,39.12291666666667
2026-05-08 13:05:00,31.532187500000003,39.09059027777778
2026-05-08 13:10:00,31.534583333333337,39.062222222222225
2026-05-08 13:15:00,31.536076388888887,39.03642361111112
2026-05-08 13:20:00,31.536979166666665,39.012708333333336
2026-05-08 13:25:00,31.53753472222222,38.98993055555556
2026-05-08 13:30:00,31.54486111111111,38.95701388888889
2026-05-08 13:35:00,31.55045138888889,38.926875
2026-05-08 13:40:00,31.554652777777775,38.89868055555556
2026-05-08 13:45:00,31.558020833333337,38.87197916666667
2026-05-08 13:50:00,31.563472222222224,38.80461805555555
2026-05-08 13:55:00,31.565416666666668,38.76694444444445
2026-05-08 14:00:00,31.56673611111111,38.740659722222226
2026-05-08 14:05:00,31.574895833333333,38.70736111111111
2026-05-08 14:10:00,31.582222222222224,38.672916666666666
2026-05-08 14:15:00,31.581423611111113,38.63395833333333
2026-05-08 14:20:00,31.583090277777778,38.608784722222225
2026-05-08 14:25:00,31.58190972222222,38.56628472222222
2026-05-08 14:30:00,31.576840277777777,38.535034722222214
2026-05-08 14:35:00,31.576666666666668,38.49378472222222
2026-05-08 14:40:00,31.569236111111113,38.45184027777778
2026-05-08 14:45:00,31.56524305555556,38.43326388888889
2026-05-08 14:50:00,31.56065972222222,38.37510416666667
2026-05-08 14:55:00,31.55034722222222,38.33711805555556
2026-05-08 15:00:00,31.54736111111111,38.274305555555564
2026-05-08 15:05:00,31.537395833333335,38.22993055555556
2026-05-08 15:10:00,31.53152777777778,38.21920138888889
2026-05-08 15:15:00,31.52444444444445,38.166180555555556
2026-05-08 15:20:00,31.517118055555557,38.158611111111114
2026-05-08 15:25:00,31.513541666666665,38.09861111111112
2026-05-08 15:30:00,31.50322916666666,38.05579861111111
2026-05-08 15:35:00,31.49145833333333,38.05180555555555
2026-05-08 15:40:00,31.48506944444445,38.000625
2026-05-08 15:45:00,31.47295138888889,37.96177083333334
2026-05-08 15:50:00,31.461493055555554,37.92753472222222
2026-05-08 15:55:00,31.45486111111111,37.87135416666667
2026-05-08 16:00:00,31.44368055555556,37.85864583333333
2026-05-08 16:05:00,31.441319444444446,37.79253472222222
2026-05-08 16:10:00,31.433090277777776,37.77142361111111
2026-05-08 16:15:00,31.426458333333333,37.719965277777774
2026-05-08 16:20:00,31.421388888888885,37.70204861111111
2026-05-08 16:25:00,31.412986111111106,37.65260416666667
2026-05-08 16:30:00,31.40423611111111,37.64305555555555
2026-05-08 16:35:00,31.394444444444446,37.60256944444444
2026-05-08 16:40:00,31.392152777777774,37.58267361111112
2026-05-08 16:45:00,31.386458333333337,37.529583333333335
2026-05-08 16:50:00,31.38454861111111,37.510416666666664
2026-05-08 16:55:00,31.383576388888894,37.4478125
2026-05-08 17:00:00,31.378888888888884,37.42722222222223
2026-05-08 17:05:00,31.37975694444445,37.366909722222225
2026-05-08 17:10:00,31.372881944444448,37.33354166666666
2026-05-08 17:15:00,31.36822916666667,37.31173611111112
2026-05-08 17:20:00,31.360520833333332,37.28118055555555
2026-05-08 17:25:00,31.35517361111111,37.252048611111114
2026-05-08 17:30:00,31.34809027777778,37.21947916666667
2026-05-08 17:35:00,31.342499999999998,37.18875
2026-05-08 17:40:00,31.333368055555557,37.18118055555555
2026-05-08 17:45:00,31.32253472222222,37.15638888888889
2026-05-08 17:50:00,31.313958333333332,37.120868055555555
2026-05-08 17:55:00,31.301111111111116,37.10302083333333
2026-05-08 18:00:00,31.29128472222222,37.07006944444444
2026-05-08 18:05:00,31.278715277777778,37.0634375
2026-05-08 18:10:00,31.268993055555555,37.02993055555555
2026-05-08 18:15:00,31.258263888888887,37.02461805555556
2026-05-08 18:20:00,31.2465625,37.00479166666666
2026-05-08 18:25:00,31.23611111111111,37.01447916666667
2026-05-08 18:30:00,31.222847222222217,37.012430555555554
2026-05-08 18:35:00,31.211805555555557,37.01350694444445
2026-05-08 18:40:00,31.196874999999995,37.0278125
2026-05-08 18:45:00,31.184791666666666,37.03482638888889
2026-05-08 18:50:00,31.17694444444444,37.06010416666666
2026-05-08 18:55:00,31.168923611111115,37.06243055555555
2026-05-08 19:00:00,31.159027777777776,37.090138888888895
2026-05-08 19:05:00,31.15121527777778,37.12173611111111
2026-05-08 19:10:00,31.14854166666667,37.118854166666665
2026-05-08 19:15:00,31.13888888888889,37.13302083333333
2026-05-08 19:20:00,31.131736111111113,37.18295138888888
2026-05-08 19:25:00,31.127916666666668,37.211909722222224
2026-05-08 19:30:00,31.122326388888894,37.21565972222223
2026-05-08 19:35:00,31.112291666666668,37.24371527777778
2026-05-08 19:40:00,31.105000000000004,37.300763888888895
2026-05-08 19:45:00,31.09951388888889,37.32895833333333
2026-05-08 19:50:00,31.089340277777783,37.34267361111111
2026-05-08 19:55:00,31.085104166666667,37.398888888888884
2026-05-08 20:00:00,31.077708333333337,37.409062500000005
2026-05-08 20:05:00,31.07045138888889,37.462291666666665
2026-05-08 20:10:00,31.065381944444443,37.478993055555556
2026-05-08 20:15:00,31.0540625,37.49239583333333
2026-05-08 20:20:00,31.045659722222226,37.52902777777778
2026-05-08 20:25:00,31.038506944444446,37.536701388888886
2026-05-08 20:30:00,31.030590277777776,37.56444444444445
2026-05-08 20:35:00,31.025694444444444,37.5809375
2026-05-08 20:40:00,31.01753472222222,37.605
2026-05-08 20:45:00,31.012326388888887,37.61833333333334
2026-05-08 20:50:00,31.008541666666662,37.62631944444444
2026-05-08 20:55:00,31.00597222222222,37.63104166666667
2026-05-08 21:00:00,31.003298611111106,37.623958333333334
2026-05-08 21:05:00,31.002604166666668,37.621319444444445
2026-05-08 21:10:00,31.001979166666672,37.616527777777776
2026-05-08 21:15:00,31.001041666666666,37.61246527777777
2026-05-08 21:20:00,30.995729166666667,37.59923611111111
2026-05-08 21:25:00,30.995312499999997,37.591388888888886
2026-05-08 21:30:00,30.98861111111111,37.598888888888894
2026-05-08 21:35:00,30.98732638888889,37.578090277777775
2026-05-08 21:40:00,30.98121527777778,37.58267361111111
2026-05-08 21:45:00,30.97638888888889,37.588125
2026-05-08 21:50:00,30.972291666666667,37.58607638888889
2026-05-08 21:55:00,30.965659722222224,37.57295138888889
2026-05-08 22:00:00,30.96315972222222,37.56506944444445
2026-05-08 22:05:00,30.956145833333338,37.55034722222222
2026-05-08 22:10:00,30.954340277777778,37.54069444444444
2026-05-08 22:15:00,30.946874999999995,37.536249999999995
2026-05-08 22:20:00,30.942534722222224,37.54472222222222
2026-05-08 22:25:00,30.936597222222222,37.54229166666667
2026-05-08 22:30:00,30.93284722222222,37.53017361111111
2026-05-08 22:35:00,30.92868055555555,37.52111111111111
2026-05-08 22:40:00,30.92534722222222,37.50138888888889
2026-05-08 22:45:00,30.92232638888889,37.50864583333333
2026-05-08 22:50:00,30.91892361111111,37.484236111111116
2026-05-08 22:55:00,30.914444444444445,37.487118055555555
2026-05-08 23:00:00,30.91090277777778,37.46
2026-05-08 23:05:00,30.907361111111115,37.44631944444445
2026-05-08 23:10:00,30.89972222222222,37.452152777777776
2026-05-08 23:15:00,30.89802083333333,37.427083333333336
2026-05-08 23:20:00,30.891875000000002,37.415347222222216
2026-05-08 23:25:00,30.88659722222222,37.39791666666667
2026-05-08 23:30:00,30.883680555555557,37.37520833333333
2026-05-08 23:35:00,30.878368055555555,37.347743055555554
2026-05-08 23:40:00,30.873784722222222,37.34010416666667
2026-05-08 23:45:00,30.869548611111114,37.31590277777778
2026-05-08 23:50:00,30.866875,37.289652777777775
2026-05-08 23:55:00,30.86270833333333,37.293888888888894
2026-05-09 00:00:00,30.86079861111111,37.257083333333334
2026-05-09 00:05:00,30.85534722222222,37.232395833333335
2026-05-09 00:10:00,30.848958333333332,37.20392361111111
2026-05-09 00:15:00,30.846979166666667,37.16833333333333
2026-05-09 00:20:00,30.841041666666666,37.13940972222222
2026-05-09 00:25:00,30.83746527777778,37.105625
2026-05-09 00:30:00,30.830069444444444,37.079166666666666
2026-05-09 00:35:00,30.82826388888889,37.033229166666665
2026-05-09 00:40:00,30.824479166666663,36.99670138888889
2026-05-09 00:45:00,30.819236111111113,36.957326388888895
2026-05-09 00:50:00,30.814618055555556,36.921909722222225
2026-05-09 00:55:00,30.80847222222222,36.91482638888888
2026-05-09 01:00:00,30.80732638888889,36.86857638888889
2026-05-09 01:05:00,30.80267361111111,36.83027777777777
2026-05-09 01:10:00,30.798993055555556,36.78697916666667
2026-05-09 01:15:00,30.797951388888894,36.7371875
2026-05-09 01:20:00,30.79645833333333,36.686875
2026-05-09 01:25:00,30.79340277777778,36.64451388888889
2026-05-09 01:30:00,30.78833333333333,36.601215277777776
2026-05-09 01:35:00,30.784513888888885,36.56041666666667
2026-05-09 01:40:00,30.77923611111111,36.51638888888888
2026-05-09 01:45:00,30.775000000000002,36.475833333333334
2026-05-09 01:50:00,30.772604166666667,36.431875
2026-05-09 01:55:00,30.771493055555553,36.38538194444445
2026-05-09 02:00:00,30.771284722222227,36.33684027777778
2026-05-09 02:05:00,30.77190972222222,36.28694444444445
2026-05-09 02:10:00,30.773020833333337,36.2359375
2026-05-09 02:15:00,30.773819444444445,36.182500000000005
2026-05-09 02:20:00,30.772152777777777,36.13538194444445
2026-05-09 02:25:00,30.77138888888889,36.08677083333333
2026-05-09 02:30:00,30.77517361111111,36.02527777777778
2026-05-09 02:35:00,30.77847222222222,35.96659722222223
2026-05-09 02:40:00,30.78125,35.90986111111111
2026-05-09 02:45:00,30.783472222222226,35.85482638888889
2026-05-09 02:50:00,30.785069444444446,35.80104166666667
2026-05-09 02:55:00,30.786215277777778,35.7484375
2026-05-09 03:00:00,30.789722222222224,35.68975694444445
2026-05-09 03:05:00,30.792743055555555,35.63128472222222
2026-05-09 03:10:00,30.795104166666665,35.57479166666667
2026-05-09 03:15:00,30.79715277777778,35.51944444444444
2026-05-09 03:20:00,30.79951388888889,35.46423611111111
2026-05-09 03:25:00,30.79902777777778,35.41298611111111
2026-05-09 03:30:00,30.800104166666667,35.35986111111111
2026-05-09 03:35:00,30.802395833333335,35.30493055555556
2026-05-09 03:40:00,30.805659722222217,35.2486111111111
2026-05-09 03:45:00,30.808298611111113,35.18864583333333
2026-05-09 03:50:00,30.81003472222222,35.13427083333333
2026-05-09 03:55:00,30.812916666666663,35.07819444444444
2026-05-09 04:00:00,30.815729166666667,35.01913194444444
2026-05-09 04:05:00,30.8165625,34.965624999999996
2026-05-09 04:10:00,30.81868055555556,34.91
2026-05-09 04:15:00,30.820347222222225,34.85104166666667
2026-05-09 04:20:00,30.82104166666667,34.79704861111111
2026-05-09 04:25:00,30.823159722222222,34.74079861111111
2026-05-09 04:30:00,30.825312500000003,34.68159722222222
2026-05-09 04:35:00,30.825868055555556,34.62725694444444
2026-05-09 04:40:00,30.827916666666667,34.57086805555556
2026-05-09 04:45:00,30.827951388888884,34.51545138888889
2026-05-09 04:50:00,30.828958333333333,34.45972222222222
2026-05-09 04:55:00,30.831423611111106,34.40170138888888
2026-05-09 05:00:00,30.831354166666667,34.34673611111111
2026-05-09 05:05:00,30.83277777777778,34.289027777777775
2026-05-09 05:10:00,30.835104166666667,34.22965277777777
2026-05-09 05:15:00,30.838333333333328,34.168680555555554
2026-05-09 05:20:00,30.84222222222222,34.106319444444445
2026-05-09 05:25:00,30.846631944444443,34.043090277777786
2026-05-09 05:30:00,30.851493055555554,33.97920138888889
2026-05-09 05:35:00,30.85663194444444,33.91461805555556
2026-05-09 05:40:00,30.861944444444443,33.849583333333335
2026-05-09 05:45:00,30.86746527777778,33.78413194444445
2026-05-09 05:50:00,30.87315972222222,33.71836805555556
2026-05-09 05:55:00,30.87881944444444,33.65246527777778
2026-05-09 06:00:00,30.884166666666665,33.58708333333333
2026-05-09 06:05:00,30.889027777777773,33.52229166666667
2026-05-09 06:10:00,30.893437500000005,33.45847222222223
2026-05-09 06:15:00,30.897256944444443,33.39555555555555
2026-05-09 06:20:00,30.900555555555556,33.33361111111111
2026-05-09 06:25:00,30.903333333333332,33.27256944444444
2026-05-09 06:30:00,30.905625,33.212222222222216
2026-05-09 06:35:00,30.90739583333334,33.152743055555554
2026-05-09 06:40:00,30.908645833333335,33.09444444444445
2026-05-09 06:45:00,30.90940972222222,33.03753472222222
2026-05-09 06:50:00,30.90972222222222,32.98190972222223
2026-05-09 06:55:00,30.9096875,32.927812499999995
2026-05-09 07:00:00,30.9096875,32.874583333333334
2026-05-09 07:05:00,30.909826388888884,32.8220138888889
2026-05-09 07:10:00,30.910138888888884,32.76958333333333
2026-05-09 07:15:00,30.910763888888887,32.71704861111111
2026-05-09 07:20:00,30.911944444444444,32.66420138888889
2026-05-09 07:25:00,30.913611111111113,32.61100694444444
2026-05-09 07:30:00,30.915590277777774,32.55777777777778
2026-05-09 07:35:00,30.91454861111111,32.508611111111115
2026-05-09 07:40:00,30.9140625,32.45961805555555
2026-05-09 07:45:00,30.913090277777783,32.40538194444444
2026-05-09 07:50:00,30.911666666666672,32.38638888888889
2026-05-09 07:55:00,30.91215277777778,32.324930555555554
2026-05-09 08:00:00,30.911562500000002,32.27420138888888
2026-05-09 08:05:00,30.908090277777774,32.228854166666665
2026-05-09 08:10:00,30.906076388888884,32.183055555555555
2026-05-09 08:15:00,30.902673611111116,32.13892361111111
2026-05-09 08:20:00,30.900381944444444,32.09506944444444
2026-05-09 08:25:00,30.899652777777778,32.04940972222223
2026-05-09 08:30:00,30.90003472222222,32.0028125
2026-05-09 08:35:00,30.89774305555555,31.961701388888894
2026-05-09 08:40:00,30.893124999999998,31.919895833333335
2026-05-09 08:45:00,30.89277777777778,31.913680555555555
2026-05-09 08:50:00,30.890520833333337,31.872083333333332
2026-05-09 08:55:00,30.89340277777778,31.821458333333332
2026-05-09 09:00:00,30.89215277777778,31.778576388888887
2026-05-09 09:05:00,30.89621527777778,31.716041666666666
2026-05-09 09:10:00,30.89458333333333,31.67746527777778
2026-05-09 09:15:00,30.895486111111115,31.616944444444446
2026-05-09 09:20:00,30.89427083333333,31.583993055555553
2026-05-09 09:25:00,30.89215277777778,31.55163194444445
2026-05-09 09:30:00,30.89236111111111,31.544756944444448
2026-05-09 09:35:00,30.889479166666668,31.519583333333337
2026-05-09 09:40:00,30.891076388888887,31.513854166666665
2026-05-09 09:45:00,30.88701388888889,31.497048611111115
2026-05-09 09:50:00,30.888263888888893,31.49270833333334
2026-05-09 09:55:00,30.88211805555555,31.481840277777778
2026-05-09 10:00:00,30.877604166666668,31.467465277777777
2026-05-09 10:05:00,30.870868055555555,31.445173611111116
2026-05-09 10:10:00,30.862500000000004,31.453680555555554
2026-05-09 10:15:00,30.85631944444445,31.43920138888889
2026-05-09 10:20:00,30.843958333333337,31.440243055555552
2026-05-09 10:25:00,30.838784722222222,31.444236111111106
2026-05-09 10:30:00,30.82784722222222,31.447812499999998
2026-05-09 10:35:00,30.81652777777778,31.451041666666665
2026-05-09 10:40:00,30.80409722222222,31.485833333333332
2026-05-09 10:45:00,30.79586805555556,31.489270833333332
2026-05-09 10:50:00,30.781909722222224,31.50378472222222
2026-05-09 10:55:00,30.768993055555555,31.515659722222217
2026-05-09 11:00:00,30.75503472222222,31.545486111111114
2026-05-09 11:05:00,30.74621527777778,31.576770833333335
2026-05-09 11:10:00,30.74017361111111,31.596631944444443
2026-05-09 11:15:00,30.73600694444444,31.59375
2026-05-09 11:20:00,30.72666666666667,31.613611111111116
2026-05-09 11:25:00,30.720555555555556,31.631840277777776
2026-05-09 11:30:00,30.713124999999998,31.639166666666668
2026-05-09 11:35:00,30.704479166666665,31.66232638888889
2026-05-09 11:40:00,30.69899305555556,31.682083333333328
2026-05-09 11:45:00,30.689062499999995,31.70381944444445
2026-05-09 11:50:00,30.68138888888889,31.72840277777778
2026-05-09 11:55:00,30.676562500000003,31.748819444444443
2026-05-09 12:00:00,30.66850694444444,31.771250000000002
2026-05-09 12:05:00,30.660694444444445,31.798541666666672
2026-05-09 12:10:00,30.65208333333333,31.82256944444445
2026-05-09 12:15:00,30.640381944444446,31.856041666666663
2026-05-09 12:20:00,30.632256944444446,31.893541666666668
2026-05-09 12:25:00,30.626979166666665,31.916354166666665
2026-05-09 12:30:00,30.622916666666665,31.93097222222222
2026-05-09 12:35:00,30.61211805555556,31.95736111111111
2026-05-09 12:40:00,30.611770833333335,31.966354166666672
2026-05-09 12:45:00,30.604583333333338,31.98274305555556
2026-05-09 12:50:00,30.599305555555556,31.999027777777783
2026-05-09 12:55:00,30.594513888888894,32.01315972222223
2026-05-09 13:00:00,30.592395833333335,32.02038194444444
2026-05-09 13:05:00,30.59159722222222,32.024479166666666
2026-05-09 13:10:00,30.591874999999998,32.025729166666665
2026-05-09 13:15:00,30.592881944444443,32.02333333333333
2026-05-09 13:20:00,30.594583333333333,32.016979166666665
2026-05-09 13:25:00,30.596840277777776,32.00784722222222
2026-05-09 13:30:00,30.592569444444443,32.00854166666667
2026-05-09 13:35:00,30.590347222222217,32.00659722222222
2026-05-09 13:40:00,30.58975694444444,32.00128472222222
2026-05-09 13:45:00,30.5903125,31.99204861111111
2026-05-09 13:50:00,30.58725694444444,31.983298611111113
2026-05-09 13:55:00,30.58177083333333,31.980625
2026-05-09 14:00:00,30.579375000000002,31.972118055555555
2026-05-09 14:05:00,30.571875000000002,31.96975694444445
2026-05-09 14:10:00,30.56652777777778,31.967708333333334
2026-05-09 14:15:00,30.56420138888889,31.95982638888889
2026-05-09 14:20:00,30.556180555555557,31.96142361111111
2026-05-09 14:25:00,30.551840277777778,31.95829861111111
2026-05-09 14:30:00,30.546319444444446,31.954062500000003
2026-05-09 14:35:00,30.539409722222224,31.95461805555555
2026-05-09 14:40:00,30.536215277777778,31.948229166666668
2026-05-09 14:45:00,30.528055555555554,31.94746527777778
2026-05-09 14:50:00,30.522638888888892,31.945347222222225
2026-05-09 14:55:00,30.51940972222222,31.93649305555555
2026-05-09 15:00:00,30.51177083333333,31.93819444444444
2026-05-09 15:05:00,30.508194444444445,31.934236111111108
2026-05-09 15:10:00,30.502256944444444,31.93111111111111
2026-05-09 15:15:00,30.496736111111108,31.93017361111111
2026-05-09 15:20:00,30.494375000000005,31.920798611111106
2026-05-09 15:25:00,30.48590277777778,31.922499999999996
2026-05-09 15:30:00,30.480694444444445,31.91944444444444
2026-05-09 15:35:00,30.47697916666667,31.910833333333333
2026-05-09 15:40:00,30.467395833333327,31.914270833333333
2026-05-09 15:45:00,30.461076388888884,31.911979166666665
2026-05-09 15:50:00,30.452256944444443,31.90972222222222
2026-05-09 15:55:00,30.442916666666672,31.911770833333335
2026-05-09 16:00:00,30.4371875,31.907534722222223
2026-05-09 16:05:00,30.426666666666662,31.911944444444448
2026-05-09 16:10:00,30.420798611111113,31.91072916666667
2026-05-09 16:15:00,30.415381944444448,31.906111111111116
2026-05-09 16:20:00,30.409756944444446,31.904618055555552
2026-05-09 16:25:00,30.407534722222223,31.89690972222222
2026-05-09 16:30:00,30.407812500000002,31.884687500000002
2026-05-09 16:35:00,30.40847222222222,31.868854166666672
2026-05-09 16:40:00,30.404479166666672,31.864618055555557
2026-05-09 16:45:00,30.404305555555553,31.854548611111106
2026-05-09 16:50:00,30.400798611111114,31.84732638888889
2026-05-09 16:55:00,30.398749999999993,31.841354166666672
2026-05-09 17:00:00,30.397256944444443,31.831701388888884
2026-05-09 17:05:00,30.39368055555555,31.828854166666662
2026-05-09 17:10:00,30.392881944444444,31.81829861111111
2026-05-09 17:15:00,30.38677083333333,31.81829861111111
2026-05-09 17:20:00,30.384166666666665,31.811423611111113
2026-05-09 17:25:00,30.3753125,31.812881944444445
2026-05-09 17:30:00,30.36951388888889,31.811666666666667
2026-05-09 17:35:00,30.359166666666667,31.817569444444448
2026-05-09 17:40:00,30.35215277777778,31.820173611111116
2026-05-09 17:45:00,30.347881944444445,31.819374999999997
2026-05-09 17:50:00,30.345381944444448,31.816805555555554
2026-05-09 17:55:00,30.34423611111111,31.813125
2026-05-09 18:00:00,30.343993055555554,31.808645833333337
2026-05-09 18:05:00,30.344305555555554,31.803611111111106
2026-05-09 18:10:00,30.343645833333337,31.802500000000002
2026-05-09 18:15:00,30.34388888888889,31.79857638888889
2026-05-09 18:20:00,30.344895833333332,31.786805555555556
2026-05-09 18:25:00,30.34638888888889,31.76722222222222
2026-05-09 18:30:00,30.348263888888894,31.740208333333335
2026-05-09 18:35:00,30.350381944444443,31.706631944444446
2026-05-09 18:40:00,30.352777777777778,31.66722222222222
2026-05-09 18:45:00,30.355381944444446,31.623819444444443
2026-05-09 18:50:00,30.350763888888892,31.584166666666665
2026-05-09 18:55:00,30.347847222222217,31.549270833333335
2026-05-09 19:00:00,30.346875000000004,31.50913194444444
2026-05-09 19:05:00,30.342569444444443,31.446909722222227
2026-05-09 19:10:00,30.336388888888887,31.411250000000003
2026-05-09 19:15:00,30.332812500000003,31.37125
2026-05-09 19:20:00,30.329930555555556,31.282812500000002
2026-05-09 19:25:00,30.320833333333333,31.237708333333337
2026-05-09 19:30:00,30.31472222222222,31.200347222222224
2026-05-09 19:35:00,30.318020833333335,31.14875
2026-05-09 19:40:00,30.316215277777776,31.05659722222222
2026-05-09 19:45:00,30.311701388888885,31.01409722222222
2026-05-09 19:50:00,30.309305555555554,30.975520833333334
2026-05-09 19:55:00,30.30253472222222,30.907152777777778
2026-05-09 20:00:00,30.295624999999998,30.884930555555552
2026-05-09 20:05:00,30.290104166666666,30.819791666666667
2026-05-09 20:10:00,30.278993055555556,30.80458333333333
2026-05-09 20:15:00,30.274097222222224,30.80034722222222
2026-05-09 20:20:00,30.268993055555555,30.766840277777778
2026-05-09 20:25:00,30.259305555555557,30.77100694444444
2026-05-09 20:30:00,30.24809027777778,30.760590277777776
2026-05-09 20:35:00,30.235868055555557,30.762916666666666
2026-05-09 20:40:00,30.22920138888889,30.74725694444444
2026-05-09 20:45:00,30.21642361111111,30.748090277777774
2026-05-09 20:50:00,30.20715277777778,30.751041666666666
2026-05-09 20:55:00,30.19777777777778,30.748750000000005
2026-05-09 21:00:00,30.18444444444445,30.768576388888885
2026-05-09 21:05:00,30.173993055555552,30.77993055555556
2026-05-09 21:10:00,30.163888888888884,30.794027777777778
2026-05-09 21:15:00,30.153368055555557,30.79888888888889
2026-05-09 21:20:00,30.145590277777778,30.830590277777773
2026-05-09 21:25:00,30.13930555555556,30.831666666666667
2026-05-09 21:30:00,30.1334375,30.828437499999993
2026-05-09 21:35:00,30.128229166666667,30.85722222222222
2026-05-09 21:40:00,30.12517361111111,30.851770833333333
2026-05-09 21:45:00,30.118055555555557,30.900104166666672
2026-05-09 21:50:00,30.11670138888889,30.9059375
2026-05-09 21:55:00,30.111770833333335,30.92340277777778
2026-05-09 22:00:00,30.10795138888889,30.952465277777776
2026-05-09 22:05:00,30.10694444444444,30.967048611111107
2026-05-09 22:10:00,30.100694444444443,31.01347222222222
2026-05-09 22:15:00,30.10402777777778,31.035347222222224
2026-05-09 22:20:00,30.104409722222222,31.03388888888889
2026-05-09 22:25:00,30.109027777777783,31.0465625
2026-05-09 22:30:00,30.109618055555554,31.048298611111118
2026-05-09 22:35:00,30.11163194444445,31.074027777777776
2026-05-09 22:40:00,30.110347222222224,31.0853125
2026-05-09 22:45:00,30.109722222222217,31.123125
2026-05-09 22:50:00,30.109027777777783,31.14
2026-05-09 22:55:00,30.106458333333332,31.187291666666667
2026-05-09 23:00:00,30.106284722222224,31.207222222222224
2026-05-09 23:05:00,30.101805555555554,31.26510416666666
2026-05-09 23:10:00,30.10309027777778,31.273125
2026-05-09 23:15:00,30.09743055555556,31.344131944444445
2026-05-09 23:20:00,30.099027777777774,31.369444444444444
2026-05-09 23:25:00,30.094409722222224,31.444513888888885
2026-05-09 23:30:00,30.095208333333332,31.486840277777773
2026-05-09 23:35:00,30.09222222222222,31.559097222222224
2026-05-09 23:40:00,30.09194444444445,31.606493055555557
2026-05-09 23:45:00,30.08951388888889,31.66881944444445
2026-05-09 23:50:00,30.088020833333335,31.72076388888889
2026-05-09 23:55:00,30.08618055555556,31.780451388888885
2026-05-10 00:00:00,30.08579861111111,31.83440972222222
2026-05-10 00:05:00,30.082743055555554,31.90180555555556
2026-05-10 00:10:00,30.08378472222222,31.95930555555556
2026-05-10 00:15:00,30.07954861111111,32.03309027777778
2026-05-10 00:20:00,30.08197916666667,32.083194444444445
2026-05-10 00:25:00,30.07753472222222,32.157534722222216
2026-05-10 00:30:00,30.08017361111111,32.20697916666667
2026-05-10 00:35:00,30.07708333333333,32.28357638888889
2026-05-10 00:40:00,30.078333333333337,32.33708333333333
2026-05-10 00:45:00,30.076562499999998,32.41333333333333
2026-05-10 00:50:00,30.077048611111113,32.46958333333333
2026-05-10 00:55:00,30.076736111111106,32.53913194444445
2026-05-10 01:00:00,30.07642361111111,32.59833333333333
2026-05-10 01:05:00,30.075138888888887,32.667951388888895
2026-05-10 01:10:00,30.07548611111111,32.72347222222223
2026-05-10 01:15:00,30.073194444444443,32.792500000000004
2026-05-10 01:20:00,30.073576388888892,32.84496527777778
2026-05-10 01:25:00,30.07100694444444,32.912708333333335
2026-05-10 01:30:00,30.07277777777778,32.95173611111111
2026-05-10 01:35:00,30.070208333333337,33.017187500000006
2026-05-10 01:40:00,30.07131944444444,33.05489583333334
2026-05-10 01:45:00,30.069444444444443,33.1184375
2026-05-10 01:50:00,30.06788194444444,33.15402777777778
2026-05-10 01:55:00,30.06350694444445,33.22118055555555
2026-05-10 02:00:00,30.060833333333328,33.264965277777776
2026-05-10 02:05:00,30.055138888888887,33.336076388888884
2026-05-10 02:10:00,30.051319444444445,33.379131944444445
2026-05-10 02:15:00,30.045555555555552,33.45430555555556
2026-05-10 02:20:00,30.044930555555556,33.51385416666667
2026-05-10 02:25:00,30.039722222222224,33.589305555555555
2026-05-10 02:30:00,30.036493055555557,33.655208333333334
2026-05-10 02:35:00,30.029722222222226,33.73854166666666
2026-05-10 02:40:00,30.024999999999995,33.809583333333336
2026-05-10 02:45:00,30.02170138888889,33.85479166666667
2026-05-10 02:50:00,30.01611111111111,33.931145833333325
2026-05-10 02:55:00,30.013055555555557,33.99850694444444
2026-05-10 03:00:00,30.007013888888885,34.08076388888889
2026-05-10 03:05:00,30.003506944444446,34.15149305555556
2026-05-10 03:10:00,30.001805555555556,34.216006944444445
2026-05-10 03:15:00,29.996736111111108,34.291979166666664
2026-05-10 03:20:00,29.99350694444444,34.3596875
2026-05-10 03:25:00,29.993993055555556,34.39326388888889
2026-05-10 03:30:00,29.991527777777776,34.46208333333333
2026-05-10 03:35:00,29.990104166666665,34.52534722222222
2026-05-10 03:40:00,29.989375000000003,34.58524305555556
2026-05-10 03:45:00,29.986562499999998,34.65878472222222
2026-05-10 03:50:00,29.986493055555556,34.71954861111111
2026-05-10 03:55:00,29.986458333333335,34.77815972222223
2026-05-10 04:00:00,29.986250000000002,34.8128125
2026-05-10 04:05:00,29.985659722222223,34.87663194444445
2026-05-10 04:10:00,29.985277777777778,34.93767361111111
2026-05-10 04:15:00,29.986319444444444,34.99916666666667
2026-05-10 04:20:00,29.986562499999998,35.02166666666667
2026-05-10 04:25:00,29.985034722222224,35.087500000000006
2026-05-10 04:30:00,29.98475694444444,35.15208333333333
2026-05-10 04:35:00,29.986944444444443,35.209201388888886
2026-05-10 04:40:00,29.98607638888889,35.23538194444445
2026-05-10 04:45:00,29.986597222222226,35.30013888888889
2026-05-10 04:50:00,29.98732638888889,35.361423611111114
2026-05-10 04:55:00,29.987569444444446,35.42232638888889
2026-05-10 05:00:00,29.99090277777778,35.47864583333333
2026-05-10 05:05:00,29.990104166666665,35.53770833333333
2026-05-10 05:10:00,29.988680555555554,35.604687500000004
2026-05-10 05:15:00,29.987569444444446,35.669583333333335
2026-05-10 05:20:00,29.986493055555556,35.73302083333333
2026-05-10 05:25:00,29.98538194444444,35.79534722222222
2026-05-10 05:30:00,29.98409722222222,35.85704861111111
2026-05-10 05:35:00,29.98274305555556,35.91833333333334
2026-05-10 05:40:00,29.981284722222224,35.979166666666664
2026-05-10 05:45:00,29.97958333333333,36.03989583333333
2026-05-10 05:50:00,29.977638888888894,36.100625
2026-05-10 05:55:00,29.975416666666668,36.16118055555555
2026-05-10 06:00:00,29.973020833333333,36.22145833333334
2026-05-10 06:05:00,29.970451388888893,36.281527777777775
2026-05-10 06:10:00,29.967812499999997,36.341145833333336
2026-05-10 06:15:00,29.965555555555554,36.39961805555556
2026-05-10 06:20:00,29.963715277777776,36.456736111111105
2026-05-10 06:25:00,29.962395833333332,36.51177083333333
2026-05-10 06:30:00,29.961493055555554,36.56458333333333
2026-05-10 06:35:00,29.961076388888884,36.615
2026-05-10 06:40:00,29.961145833333333,36.6628125
2026-05-10 06:45:00,29.961736111111115,36.70784722222223
2026-05-10 06:50:00,29.96284722222222,36.7496875
2026-05-10 06:55:00,29.964479166666663,36.78850694444444
2026-05-10 07:00:00,29.966562500000002,36.824375
2026-05-10 07:05:00,29.968611111111116,36.8579861111111
2026-05-10 07:10:00,29.970555555555556,36.88947916666667
2026-05-10 07:15:00,29.972395833333337,36.919270833333336
2026-05-10 07:20:00,29.973750000000003,36.94770833333333
2026-05-10 07:25:00,29.974652777777774,36.975208333333335
2026-05-11 06:45:00,,
2026-05-11 06:50:00,,
2026-05-11 06:55:00,,
2026-05-11 07:00:00,,
2026-05-11 07:05:00,,
2026-05-11 07:10:00,,
2026-05-11 07:15:00,,
2026-05-11 07:20:00,,
2026-05-11 07:25:00,,
2026-05-11 07:30:00,,
2026-05-11 07:35:00,,
2026-05-11 07:40:00,,
2026-05-11 07:45:00,,
2026-05-11 07:50:00,,
2026-05-11 07:55:00,,
2026-05-11 08:00:00,,
2026-05-11 08:05:00,,
2026-05-11 08:10:00,,
2026-05-11 08:15:00,,
2026-05-11 08:20:00,32.433,30.157
2026-05-11 08:25:00,32.4147619047619,30.03190476190476
2026-05-11 08:30:00,32.412727272727274,29.989545454545453
2026-05-11 08:35:00,32.393478260869564,29.886521739130433
2026-05-11 08:40:00,32.38333333333333,29.85875
2026-05-11 08:45:00,32.316,29.9284
2026-05-11 08:50:00,32.269615384615385,29.88346153846154
2026-05-11 08:55:00,32.184444444444445,29.95037037037037
2026-05-11 09:00:00,32.129642857142855,29.913928571428574
2026-05-11 09:05:00,32.04827586206896,29.95896551724138
2026-05-11 09:10:00,31.992,29.924333333333333
2026-05-11 09:15:00,31.897096774193546,29.956451612903226
2026-05-11 09:20:00,31.8378125,29.96875
2026-05-11 09:25:00,31.764242424242425,29.975757575757576
2026-05-11 09:30:00,31.66941176470588,30.054411764705883
2026-05-11 09:35:00,31.62,30.044285714285714
2026-05-11 09:40:00,31.54222222222222,30.09
2026-05-11 09:45:00,31.447297297297297,30.17918918918919
2026-05-11 09:50:00,31.39921052631579,30.20184210526316
2026-05-11 09:55:00,31.329487179487177,30.264871794871794
2026-05-11 10:00:00,31.246499999999997,30.3635
2026-05-11 10:05:00,31.15585365853659,30.484390243902435
2026-05-11 10:10:00,31.061190476190475,30.61809523809524
2026-05-11 10:15:00,31.014186046511625,30.66906976744186
2026-05-11 10:20:00,30.952954545454546,30.74227272727273
2026-05-11 10:25:00,30.881777777777778,30.842444444444446
2026-05-11 10:30:00,30.805434782608696,30.966521739130435
2026-05-11 10:35:00,30.726170212765954,31.10851063829787
2026-05-11 10:40:00,30.64645833333333,31.259375000000002
2026-05-11 10:45:00,30.566938775510202,31.413061224489795
2026-05-11 10:50:00,30.4888,31.572400000000002
2026-05-11 10:55:00,30.41254901960784,31.738823529411764
2026-05-11 11:00:00,30.338461538461537,31.904230769230768
2026-05-11 11:05:00,30.266981132075472,32.070188679245284
2026-05-11 11:10:00,30.197962962962965,32.236111111111114
2026-05-11 11:15:00,30.131636363636364,32.398
2026-05-11 11:20:00,30.067857142857143,32.54642857142857
2026-05-11 11:25:00,30.007368421052632,32.683157894736844
2026-05-11 11:30:00,29.94965517241379,32.81051724137931
2026-05-11 11:35:00,29.895084745762713,32.93271186440678
2026-05-11 11:40:00,29.842499999999998,33.05716666666667
2026-05-11 11:45:00,29.79229508196721,33.177540983606555
2026-05-11 11:50:00,29.744193548387095,33.29661290322581
2026-05-11 11:55:00,29.698888888888888,33.413492063492065
2026-05-11 12:00:00,29.6559375,33.5165625
2026-05-11 12:05:00,29.61523076923077,33.61523076923077
2026-05-11 12:10:00,29.576060606060604,33.71939393939394
2026-05-11 12:15:00,29.536716417910448,33.830298507462686
2026-05-11 12:20:00,29.49705882352941,33.93970588235294
2026-05-11 12:25:00,29.483043478260868,34.00710144927537
2026-05-11 12:30:00,29.469714285714286,34.048428571428566
2026-05-11 12:35:00,29.4487323943662,34.10450704225352
2026-05-11 12:40:00,29.4225,34.17097222222222
2026-05-11 12:45:00,29.39780821917808,34.251643835616434
2026-05-11 12:50:00,29.395,34.2722972972973
2026-05-11 12:55:00,29.381733333333333,34.31186666666667
2026-05-11 13:00:00,29.36394736842105,34.35828947368421
2026-05-11 13:05:00,29.34584415584416,34.40116883116883
2026-05-11 13:10:00,29.329487179487177,34.43666666666667
2026-05-11 13:15:00,29.314430379746838,34.47075949367089
2026-05-11 13:20:00,29.29925,34.50425
2026-05-11 13:25:00,29.283827160493825,34.53814814814815
2026-05-11 13:30:00,29.26829268292683,34.57951219512195
2026-05-11 13:35:00,29.252409638554216,34.62072289156627
2026-05-11 13:40:00,29.236666666666668,34.65976190476191
2026-05-11 13:45:00,29.22129411764706,34.70294117647059
2026-05-11 13:50:00,29.206162790697675,34.748023255813955
2026-05-11 13:55:00,29.191149425287357,34.79448275862069
2026-05-11 14:00:00,29.176250000000003,34.84136363636364
2026-05-11 14:15:00,29.167191011235957,34.857528089887644
2026-05-11 14:20:00,29.15566666666667,34.87555555555556
2026-05-11 14:25:00,29.143516483516482,34.892417582417586
2026-05-11 14:30:00,29.131304347826084,34.90858695652174
2026-05-11 14:35:00,29.118709677419353,34.92440860215054
2026-05-11 14:40:00,29.106276595744678,34.94127659574468
2026-05-11 14:45:00,29.094631578947364,34.95726315789474
2026-05-11 14:50:00,29.08395833333333,34.971250000000005
2026-05-11 14:55:00,29.0740206185567,34.984432989690724
2026-05-11 15:00:00,29.064897959183675,34.99612244897959
2026-05-11 15:05:00,29.05666666666667,35.00585858585858
2026-05-11 15:10:00,29.0493,35.014
2026-05-11 15:15:00,29.042574257425745,35.02049504950495
2026-05-11 15:20:00,29.03676470588235,35.0256862745098
2026-05-11 15:25:00,29.03242718446602,35.02815533980583
2026-05-11 15:30:00,29.028269230769233,35.028653846153844
2026-05-11 15:35:00,29.023238095238096,35.03
2026-05-11 15:40:00,29.01679245283019,35.033113207547174
2026-05-11 15:45:00,29.008785046728974,35.038317757009345
2026-05-11 15:50:00,28.999907407407406,35.0462037037037
2026-05-11 15:55:00,28.991009174311927,35.055412844036695
2026-05-11 16:00:00,28.982363636363637,35.064727272727275
2026-05-11 16:05:00,28.974234234234235,35.07432432432432
2026-05-11 16:10:00,28.96642857142857,35.08357142857143
2026-05-11 16:15:00,28.958938053097345,35.09283185840708
2026-05-11 16:20:00,28.95157894736842,35.10166666666667
2026-05-11 16:25:00,28.944347826086954,35.110695652173916
2026-05-11 16:30:00,28.936810344827588,35.121637931034485
2026-05-11 16:35:00,28.9291452991453,35.132820512820516
2026-05-11 16:40:00,28.921101694915254,35.145254237288135
2026-05-11 16:45:00,28.912941176470586,35.15806722689076
2026-05-11 16:50:00,28.904666666666667,35.17183333333333
2026-05-11 16:55:00,28.89636363636364,35.18644628099174
2026-05-11 17:00:00,28.8877868852459,35.20311475409836
2026-05-11 17:05:00,28.87918699186992,35.221463414634144
2026-05-11 17:10:00,28.87040322580645,35.241209677419356
2026-05-11 17:15:00,28.861279999999997,35.265440000000005
2026-05-11 17:20:00,28.850714285714286,35.29865079365079
2026-05-11 17:25:00,28.83834645669291,35.340314960629925
2026-05-11 17:30:00,28.8371875,35.372890625000004
2026-05-11 17:35:00,28.839922480620153,35.382558139534886
2026-05-11 17:40:00,28.83676923076923,35.42330769230769
2026-05-11 17:45:00,28.847404580152674,35.42511450381679
2026-05-11 17:50:00,28.849999999999998,35.43325757575757
2026-05-11 17:55:00,28.846466165413535,35.45421052631579
2026-05-11 18:00:00,28.851268656716417,35.47917910447761
2026-05-11 18:05:00,28.85274074074074,35.492074074074075
2026-05-11 18:10:00,28.849191176470587,35.515
2026-05-11 18:15:00,28.842627737226277,35.544379562043794
2026-05-11 18:20:00,28.833695652173915,35.5781884057971
2026-05-11 18:25:00,28.82323741007194,35.61496402877698
2026-05-11 18:30:00,28.811500000000002,35.65307142857143
2026-05-11 18:35:00,28.79872340425532,35.69248226950355
2026-05-11 18:40:00,28.791619718309857,35.75795774647887
2026-05-11 18:45:00,28.791188811188814,35.77643356643357
2026-05-11 18:50:00,28.786041666666662,35.801319444444445
2026-05-11 18:55:00,28.777655172413795,35.83455172413793
2026-05-11 19:00:00,28.7736301369863,35.89979452054794
2026-05-11 19:05:00,28.776122448979592,35.91925170068027
2026-05-11 19:10:00,28.77304054054054,35.946689189189186
2026-05-11 19:15:00,28.765973154362417,35.982953020134225
2026-05-11 19:20:00,28.76193333333333,36.09733333333334
2026-05-11 19:25:00,28.765364238410594,36.12774834437086
2026-05-11 19:30:00,28.76282894736842,36.15736842105263
2026-05-11 19:35:00,28.757385620915034,36.29091503267974
2026-05-11 19:40:00,28.764025974025973,36.3475974025974
2026-05-11 19:45:00,28.76451612903226,36.372258064516124
2026-05-11 19:50:00,28.760128205128204,36.40217948717949
2026-05-11 19:55:00,28.763503184713375,36.50802547770701
2026-05-11 20:00:00,28.766835443037973,36.531012658227844
2026-05-11 20:05:00,28.764339622641508,36.55553459119497
2026-05-11 20:10:00,28.766312499999998,36.6690625
2026-05-11 20:15:00,28.77142857142857,36.689565217391305
2026-05-11 20:20:00,28.769938271604936,36.71012345679012
2026-05-11 20:25:00,28.77668711656442,36.79472392638037
2026-05-11 20:30:00,28.780548780487806,36.81012195121951
2026-05-11 20:35:00,28.781696969696966,36.92812121212121
2026-05-11 20:40:00,28.790783132530123,36.95192771084338
2026-05-11 20:45:00,28.79209580838323,36.963173652694614
2026-05-11 20:50:00,28.799107142857142,37.03845238095238
2026-05-11 20:55:00,28.80431952662722,37.04402366863905
2026-05-11 21:00:00,28.804588235294116,37.14564705882353
2026-05-11 21:05:00,28.814327485380115,37.17385964912281
2026-05-11 21:10:00,28.81674418604651,37.17697674418604
2026-05-11 21:15:00,28.820520231213873,37.24052023121387
2026-05-11 21:20:00,28.82758620689655,37.23994252873563
2026-05-11 21:25:00,28.827428571428573,37.26251428571428
2026-05-11 21:30:00,28.836363636363636,37.29051136363636
2026-05-11 21:35:00,28.83915254237288,37.28915254237288
2026-05-11 21:40:00,28.841348314606744,37.33561797752809
2026-05-11 21:45:00,28.84709497206704,37.33346368715083
2026-05-11 21:50:00,28.846944444444443,37.33555555555555
2026-05-11 21:55:00,28.848839779005527,37.37298342541437
2026-05-11 22:00:00,28.85313186813187,37.369615384615386
2026-05-11 22:05:00,28.85191256830601,37.37131147540983
2026-05-11 22:10:00,28.857445652173915,37.38755434782609
2026-05-11 22:15:00,28.8607027027027,37.381297297297294
2026-05-11 22:20:00,28.858870967741936,37.381075268817206
2026-05-11 22:25:00,28.865401069518715,37.384973262032084
2026-05-11 22:30:00,28.867021276595743,37.378404255319154
2026-05-11 22:35:00,28.867460317460317,37.396772486772484
2026-05-11 22:40:00,28.873736842105263,37.38294736842106
2026-05-11 22:45:00,28.873769633507855,37.38183246073299
2026-05-11 22:50:00,28.88234375,37.371510416666666
2026-05-11 22:55:00,28.88497409326425,37.358134715025905
2026-05-11 23:00:00,28.89113402061856,37.35262886597938
2026-05-11 23:05:00,28.896256410256413,37.333897435897434
2026-05-11 23:10:00,28.8975,37.33714285714286
2026-05-11 23:15:00,28.905989847715734,37.3151269035533
2026-05-11 23:20:00,28.907777777777778,37.30035353535354
2026-05-11 23:25:00,28.91577889447236,37.285879396984924
2026-05-11 23:30:00,28.92035,37.26575
2026-05-11 23:35:00,28.925671641791048,37.2563184079602
2026-05-11 23:40:00,28.931930693069308,37.232920792079206
2026-05-11 23:45:00,28.936206896551724,37.22497536945813
2026-05-11 23:50:00,28.942843137254904,37.20093137254902
2026-05-11 23:55:00,28.946048780487803,37.19487804878049
2026-05-12 00:00:00,28.954368932038836,37.16917475728155
2026-05-12 00:05:00,28.957149758454108,37.16362318840579
2026-05-12 00:10:00,28.96596153846154,37.13807692307692
2026-05-12 00:15:00,28.968660287081338,37.13224880382775
2026-05-12 00:20:00,28.97790476190476,37.10704761904762
2026-05-12 00:25:00,28.98042654028436,37.100663507109005
2026-05-12 00:30:00,28.989952830188678,37.077547169811325
2026-05-12 00:35:00,28.992769953051642,37.06647887323943
2026-05-12 00:40:00,29.002242990654203,37.04588785046729
2026-05-12 00:45:00,29.006279069767444,37.03427906976744
2026-05-12 00:50:00,29.016712962962963,37.00958333333333
2026-05-12 00:55:00,29.021566820276497,36.99552995391705
2026-05-12 01:00:00,29.032339449541286,36.96619266055046
2026-05-12 01:05:00,29.038447488584474,36.94858447488584
2026-05-12 01:10:00,29.048454545454543,36.91636363636364
2026-05-12 01:15:00,29.056199095022624,36.89425339366516
2026-05-12 01:20:00,29.064594594594595,36.862027027027025
2026-05-12 01:25:00,29.073766816143497,36.83565022421525
2026-05-12 01:30:00,29.080491071428572,36.80482142857143
2026-05-12 01:35:00,29.091244444444442,36.77444444444444
2026-05-12 01:40:00,29.097522123893807,36.750619469026546
2026-05-12 01:45:00,29.108149779735683,36.71484581497798
2026-05-12 01:50:00,29.116008771929824,36.687894736842104
2026-05-12 01:55:00,29.124323144104803,36.65379912663755
2026-05-12 02:00:00,29.13382608695652,36.62395652173913
2026-05-12 02:05:00,29.14004329004329,36.597272727272724
2026-05-12 02:10:00,29.150905172413793,36.56418103448276
2026-05-12 02:15:00,29.157682403433476,36.53854077253219
2026-05-12 02:20:00,29.16722222222222,36.50316239316239
2026-05-12 02:25:00,29.1751914893617,36.47591489361702
2026-05-12 02:30:00,29.182838983050846,36.44309322033898
2026-05-12 02:35:00,29.192151898734178,36.41405063291139
2026-05-12 02:40:00,29.197268907563025,36.39197478991597
2026-05-12 02:45:00,29.207154811715483,36.36050209205021
2026-05-12 02:50:00,29.21345833333333,36.33875
2026-05-12 02:55:00,29.222116182572613,36.30751037344399
2026-05-12 03:00:00,29.2300826446281,36.28446280991736
2026-05-12 03:05:00,29.236337448559674,36.25716049382716
2026-05-12 03:10:00,29.24573770491803,36.23286885245901
2026-05-12 03:15:00,29.251632653061222,36.21526530612245
2026-05-12 03:20:00,29.261463414634147,36.18727642276423
2026-05-12 03:30:00,29.273117408906884,36.160607287449395
2026-05-12 03:35:00,29.28552419354839,36.12685483870968
2026-05-12 03:40:00,29.296546184738958,36.1029718875502
2026-05-12 03:45:00,29.304,36.08636
2026-05-12 03:50:00,29.314940239043825,36.06059760956175
2026-05-12 03:55:00,29.323214285714286,36.04412698412699
2026-05-12 04:00:00,29.331383399209486,36.017826086956525
2026-05-12 04:05:00,29.340669291338582,36.00106299212599
2026-05-12 04:10:00,29.34694117647059,35.99141176470588
2026-05-12 04:15:00,29.3573046875,35.97328125
2026-05-12 04:20:00,29.36466926070039,35.96280155642024
2026-05-12 04:25:00,29.37468992248062,35.940232558139535
2026-05-12 04:30:00,29.383088803088803,35.92857142857143
2026-05-12 04:35:00,29.39180769230769,35.90461538461539
2026-05-12 04:40:00,29.400613026819926,35.89283524904215
2026-05-12 04:45:00,29.408206106870228,35.86961832061069
2026-05-12 04:50:00,29.417566539923953,35.857186311787075
2026-05-12 04:55:00,29.423977272727274,35.85132575757576
2026-05-12 05:00:00,29.433849056603776,35.838
2026-05-12 05:05:00,29.4406015037594,35.83172932330827
2026-05-12 05:10:00,29.45056179775281,35.81861423220974
2026-05-12 05:15:00,29.457537313432834,35.811940298507466
2026-05-12 05:20:00,29.46736059479554,35.79933085501859
2026-05-12 05:25:00,29.47559259259259,35.77585185185185
2026-05-12 05:30:00,29.485129151291513,35.76431734317343
2026-05-12 05:35:00,29.496617647058823,35.74606617647059
2026-05-12 05:40:00,29.505347985347985,35.73673992673992
2026-05-12 05:45:00,29.51638686131387,35.72306569343066
2026-05-12 05:50:00,29.524436363636365,35.71592727272727
2026-05-12 05:55:00,29.534673913043477,35.704202898550726
2026-05-12 06:00:00,29.546028880866427,35.684404332129965
2026-05-12 06:05:00,29.554856115107913,35.67607913669065
2026-05-12 06:10:00,29.56573476702509,35.66383512544803
2026-05-12 06:15:00,29.57342857142857,35.658678571428574
2026-05-12 06:20:00,29.583451957295377,35.648861209964416
2026-05-12 06:25:00,29.59095744680851,35.64549645390071
2026-05-12 06:30:00,29.600141342756185,35.63812720848057
2026-05-12 06:35:00,29.61105633802817,35.626443661971834
2026-05-12 06:40:00,29.619087719298246,35.62277192982456
2026-05-12 06:45:00,29.616807017543856,35.63775438596491
2026-05-12 06:50:00,29.611859649122803,35.659684210526315
2026-05-12 06:55:00,29.609052631578948,35.67677192982456
2026-05-12 07:00:00,29.60329824561403,35.70175438596491
2026-05-12 07:05:00,29.599719298245613,35.72136842105263
2026-05-12 07:10:00,29.592842105263163,35.74978947368421
2026-05-12 07:15:00,29.588245614035092,35.76575438596491
2026-05-12 07:20:00,29.581087719298246,35.796491228070174
2026-05-12 07:25:00,29.576140350877196,35.80185964912281
2026-05-12 07:30:00,29.57224561403509,35.83614035087719
2026-05-12 07:35:00,29.566877192982453,35.870105263157896
2026-05-12 07:40:00,29.566280701754383,35.87382456140351
2026-05-12 07:45:00,29.56143859649123,35.90835087719298
2026-05-12 07:50:00,29.558456140350877,35.91315789473684
2026-05-12 07:55:00,29.558491228070174,35.95164912280701
2026-05-12 08:00:00,29.55340350877193,35.995894736842104
2026-05-12 08:05:00,29.55557894736842,36.01663157894737
2026-05-12 08:10:00,29.5518947368421,36.0559298245614
2026-05-12 08:15:00,29.553438596491226,36.08252631578947
2026-05-12 08:20:00,29.550912280701755,36.10259649122807
2026-05-12 08:25:00,29.55115789473685,36.14157894736842
2026-05-12 08:30:00,29.551614035087724,36.15621052631579
2026-05-12 08:35:00,29.551894736842108,36.19757894736843
2026-05-12 08:40:00,29.55140350877193,36.21080701754386
2026-05-12 08:45:00,29.55480701754386,36.24557894736843
2026-05-12 08:50:00,29.55315789473684,36.26691228070176
2026-05-12 08:55:00,29.55761403508772,36.30894736842105
2026-05-12 09:00:00,29.556070175438602,36.334421052631576
2026-05-12 09:05:00,29.55768421052632,36.39484210526316
2026-05-12 09:10:00,29.557368421052633,36.424350877192985
2026-05-12 09:15:00,29.55743859649123,36.450526315789475
2026-05-12 09:20:00,29.559157894736845,36.51143859649123
2026-05-12 09:25:00,29.559719298245614,36.54059649122807
2026-05-12 09:30:00,29.56140350877193,36.623122807017545
2026-05-12 09:35:00,29.56291228070175,36.66301754385965
2026-05-12 09:40:00,29.564385964912283,36.690210526315795
2026-05-12 09:45:00,29.566105263157894,36.75150877192983
2026-05-12 09:50:00,29.567929824561407,36.800421052631584
2026-05-12 09:55:00,29.56975438596491,36.82694736842105
2026-05-12 10:00:00,29.571368421052632,36.85087719298246
2026-05-12 10:05:00,29.573017543859653,36.87414035087719
2026-05-12 10:10:00,29.575578947368424,36.95624561403509
2026-05-12 10:15:00,29.57782456140351,37.004035087719295
2026-05-12 10:20:00,29.579859649122806,37.03154385964912
2026-05-12 10:25:00,29.581894736842106,37.05596491228071
2026-05-12 10:30:00,29.584000000000003,37.07768421052632
2026-05-12 10:35:00,29.586175438596495,37.09754385964912
2026-05-12 10:40:00,29.588350877192976,37.11624561403509
2026-05-12 10:45:00,29.59052631578947,37.13431578947369
2026-05-12 10:50:00,29.59259649122807,37.15126315789473
2026-05-12 10:55:00,29.594701754385966,37.18449122807017
2026-05-12 11:00:00,29.604315789473684,37.25698245614035
2026-05-12 11:05:00,29.61238596491228,37.26919298245615
2026-05-12 11:10:00,29.618807017543855,37.27936842105264
2026-05-12 11:15:00,29.624175438596488,37.28926315789474
2026-05-12 11:20:00,29.62884210526316,37.301824561403514
2026-05-12 11:25:00,29.632596491228067,37.31666666666667
2026-05-12 11:30:00,29.641754385964912,37.40845614035088
2026-05-12 11:35:00,29.652070175438595,37.42354385964912
2026-05-12 11:40:00,29.659824561403514,37.434456140350875
2026-05-12 11:45:00,29.66589473684211,37.44652631578948
2026-05-12 11:50:00,29.670982456140354,37.45894736842106
2026-05-12 11:55:00,29.67515789473684,37.4721052631579
2026-05-12 12:00:00,29.678877192982455,37.488456140350884
2026-05-12 12:05:00,29.68228070175439,37.50543859649123
2026-05-12 12:10:00,29.685684210526315,37.52105263157895
2026-05-12 12:15:00,29.689157894736848,37.53182456140351
2026-05-12 12:20:00,29.692280701754388,37.542491228070176
2026-05-12 12:25:00,29.68859649122807,37.56245614035088
2026-05-12 12:30:00,29.688771929824565,37.67592982456141
2026-05-12 12:35:00,29.695228070175435,37.712210526315786
2026-05-12 12:40:00,29.699894736842104,37.73077192982456
2026-05-12 12:45:00,29.7019298245614,37.748350877192976
2026-05-12 12:50:00,29.70371929824562,37.854035087719296
2026-05-12 12:55:00,29.707859649122813,37.87817543859649
2026-05-12 13:00:00,29.710315789473686,37.89905263157895
2026-05-12 13:05:00,29.711192982456144,37.924140350877195
2026-05-12 13:10:00,29.71080701754386,37.95319298245614
2026-05-12 13:15:00,29.709754385964914,37.98336842105263
2026-05-12 13:20:00,29.70880701754386,38.01382456140351
2026-05-12 13:25:00,29.708385964912278,38.04364912280702
2026-05-12 13:30:00,29.708561403508774,38.070596491228066
2026-05-12 13:35:00,29.709508771929823,38.09712280701754
2026-05-12 13:40:00,29.711192982456144,38.12263157894737
2026-05-12 13:45:00,29.71333333333334,38.14536842105263
2026-05-12 13:50:00,29.715964912280704,38.16614035087719
2026-05-12 13:55:00,29.719052631578947,38.18533333333333
2026-05-12 14:00:00,29.722631578947365,38.20294736842105
2026-05-12 14:05:00,29.720174825174823,38.222272727272724
2026-05-12 14:10:00,29.718153310104533,38.24118466898955
2026-05-12 14:15:00,29.721254355400696,38.26588850174216
2026-05-12 14:20:00,29.725574912891986,38.2887456445993
2026-05-12 14:25:00,29.730418118466904,38.31066202090593
2026-05-12 14:30:00,29.735609756097563,38.332264808362375
2026-05-12 14:35:00,29.74128919860627,38.352787456445995
2026-05-12 14:40:00,29.747282229965155,38.37240418118467
2026-05-12 14:45:00,29.753379790940766,38.391184668989546
2026-05-12 14:50:00,29.759442508710805,38.409721254355404
2026-05-12 14:55:00,29.76554006968641,38.42783972125436
2026-05-12 15:00:00,29.771637630662017,38.44550522648083
2026-05-12 15:05:00,29.777630662020908,38.46289198606272
2026-05-12 15:10:00,29.783519163763064,38.48052264808362
2026-05-12 15:15:00,29.78919860627178,38.4979094076655
2026-05-12 15:20:00,29.79452961672474,38.51533101045296
2026-05-12 15:25:00,29.79951219512195,38.53341463414634
2026-05-12 15:30:00,29.804285714285715,38.55170731707317
2026-05-12 15:35:00,29.80898954703833,38.56961672473867
2026-05-12 15:40:00,29.81365853658536,38.58703832752613
2026-05-12 15:45:00,29.81829268292683,38.603832752613236
2026-05-12 15:50:00,29.822717770034846,38.62024390243902
2026-05-12 15:55:00,29.826620209059232,38.63689895470383
2026-05-12 16:00:00,29.830034843205578,38.65439024390244
2026-05-12 16:05:00,29.833135888501744,38.672055749128916
2026-05-12 16:10:00,29.836097560975613,38.68996515679442
2026-05-12 16:15:00,29.8390243902439,38.70777003484321
2026-05-12 16:20:00,29.842020905923345,38.72574912891986
2026-05-12 16:25:00,29.84512195121951,38.74348432055749
2026-05-12 16:30:00,29.848466898954705,38.76017421602788
2026-05-12 16:35:00,29.851846689895474,38.776515679442504
2026-05-12 16:40:00,29.855400696864113,38.79282229965157
2026-05-12 16:45:00,29.859094076655058,38.80919860627178
2026-05-12 16:50:00,29.86303135888502,38.82491289198606
2026-05-12 16:55:00,29.867073170731707,38.84003484320557
2026-05-12 17:00:00,29.871393728222998,38.85400696864111
2026-05-12 17:05:00,29.875783972125436,38.866898954703835
2026-05-12 17:10:00,29.880383275261323,38.87909407665505
2026-05-12 17:15:00,29.884668989547038,38.889024390243904
2026-05-12 17:20:00,29.888536585365856,38.896898954703836
2026-05-12 17:25:00,29.892125435540073,38.9022299651568
2026-05-12 17:30:00,29.88947735191638,38.91351916376307
2026-05-12 17:35:00,29.885923344947734,38.974564459930306
2026-05-12 17:40:00,29.889442508710797,38.98578397212544
2026-05-12 17:45:00,29.88484320557491,39.010313588850174
2026-05-12 17:50:00,29.882926829268293,39.032787456445995
2026-05-12 17:55:00,29.88327526132404,39.050383275261325
2026-05-12 18:00:00,29.879477351916375,39.06728222996516
2026-05-12 18:05:00,29.87703832752613,39.090487804878045
2026-05-12 18:10:00,29.87672473867596,39.10993031358885
2026-05-12 18:15:00,29.877630662020902,39.127073170731705
2026-05-12 18:20:00,29.879442508710806,39.14236933797909
2026-05-12 18:25:00,29.88177700348432,39.156968641114986
2026-05-12 18:30:00,29.884494773519158,39.170452961672474
2026-05-12 18:35:00,29.88742160278745,39.183240418118466
2026-05-12 18:40:00,29.887177700348435,39.18334494773519
2026-05-12 18:45:00,29.883310104529617,39.206864111498255
2026-05-12 18:50:00,29.881428571428568,39.22742160278746
2026-05-12 18:55:00,29.880836236933796,39.244006968641116
2026-05-12 19:00:00,29.87909407665505,39.31146341463415
2026-05-12 19:05:00,29.88076655052265,39.37616724738676
2026-05-12 19:10:00,29.883031358885017,39.39407665505227
2026-05-12 19:15:00,29.88543554006969,39.405853658536586
2026-05-12 19:20:00,29.885017421602786,39.37655052264808
2026-05-12 19:25:00,29.8797212543554,39.39066202090592
2026-05-12 19:30:00,29.87919860627178,39.49860627177701
2026-05-12 19:35:00,29.886062717770038,39.494216027874565
2026-05-12 19:40:00,29.883797909407665,39.49222996515679
2026-05-12 19:45:00,29.88257839721254,39.50547038327526
2026-05-12 19:50:00,29.887386759581883,39.611916376306624
2026-05-12 19:55:00,29.893379790940767,39.63236933797909
2026-05-12 20:00:00,29.89540069686411,39.6393031358885
2026-05-12 20:05:00,29.90393728222996,39.717770034843205
2026-05-12 20:10:00,29.910696864111493,39.670905923344954
2026-05-12 20:15:00,29.914390243902435,39.742891986062716
2026-05-12 20:20:00,29.925296167247392,39.75519163763066
2026-05-12 20:25:00,29.927909407665503,39.77808362369338
2026-05-12 20:30:00,29.93627177700348,39.81090592334495
2026-05-12 20:35:00,29.94268292682927,39.78463414634147
2026-05-12 20:40:00,29.947874564459926,39.802473867595815
2026-05-12 20:45:00,29.955400696864107,39.792020905923344
2026-05-12 20:50:00,29.96191637630662,39.771986062717765
2026-05-12 20:55:00,29.96780487804878,39.761533101045295
2026-05-12 21:00:00,29.9783275261324,39.7205574912892
2026-05-12 21:05:00,29.981219512195125,39.696515679442506
2026-05-12 21:10:00,29.98780487804878,39.7204181184669
2026-05-12 21:15:00,29.992195121951212,39.6784668989547
2026-05-12 21:20:00,29.99348432055749,39.70965156794425
2026-05-12 21:25:00,30.000209059233455,39.69372822299652
2026-05-12 21:30:00,29.997560975609755,39.715505226480836
2026-05-12 21:35:00,30.003170731707318,39.71965156794425
2026-05-12 21:40:00,30.00456445993031,39.69062717770035
2026-05-12 21:45:00,30.006689895470384,39.71379790940766
2026-05-12 21:50:00,30.010696864111498,39.71104529616725
2026-05-12 21:55:00,30.012020905923347,39.71857142857143
2026-05-12 22:00:00,30.014947735191633,39.71895470383275
2026-05-12 22:05:00,30.017108013937282,39.7187456445993
2026-05-12 22:10:00,30.019651567944248,39.72344947735192
2026-05-12 22:15:00,30.020871080139372,39.72543554006968
2026-05-12 22:20:00,30.02547038327526,39.748501742160286
2026-05-12 22:25:00,30.026411149825783,39.74236933797909
2026-05-12 22:30:00,30.026306620209056,39.75459930313589
2026-05-12 22:35:00,30.03247386759582,39.754355400696866
2026-05-12 22:40:00,30.030975609756094,39.76177700348432
2026-05-12 22:45:00,30.034982578397216,39.78425087108014
2026-05-12 22:50:00,30.033728222996515,39.78811846689896
2026-05-12 22:55:00,30.03397212543554,39.82724738675958
2026-05-12 23:00:00,30.035888501742164,39.829756097560974
2026-05-12 23:05:00,30.033937282229964,39.842264808362366
2026-05-12 23:10:00,30.03881533101045,39.857212543554006
2026-05-12 23:15:00,30.036097560975612,39.870069686411156
2026-05-12 23:20:00,30.039128919860627,39.90240418118467
2026-05-12 23:25:00,30.03801393728223,39.90919860627178
2026-05-12 23:30:00,30.03745644599303,39.9512543554007
2026-05-12 23:35:00,30.039581881533103,39.95540069686411
2026-05-12 23:40:00,30.036445993031357,39.97358885017422
2026-05-12 23:45:00,30.039721254355406,39.99439024390244
2026-05-12 23:50:00,30.037700348432054,40.00951219512195
2026-05-12 23:55:00,30.04087108013937,40.03292682926829
2026-05-13 00:00:00,30.038327526132406,40.06965156794425
2026-05-13 00:05:00,30.044111498257845,40.084843205574906
2026-05-13 00:10:00,30.048397212543552,40.09609756097561
2026-05-13 00:15:00,30.05574912891986,40.10790940766551
2026-05-13 00:20:00,30.06128919860627,40.12578397212544
2026-05-13 00:25:00,30.069163763066197,40.13777003484321
2026-05-13 00:30:00,30.074529616724735,40.15439024390244
2026-05-13 00:35:00,30.08466898954704,40.14477351916376
2026-05-13 00:40:00,30.089547038327527,40.16209059233449
2026-05-13 00:45:00,30.095679442508708,40.179686411149824
2026-05-13 00:50:00,30.099407665505222,40.20337979094077
2026-05-13 00:55:00,30.10404181184669,40.23121951219512
2026-05-13 01:00:00,30.106898954703833,40.25027874564461
2026-05-13 01:05:00,30.111149825783972,40.28048780487805
2026-05-13 01:10:00,30.112996515679445,40.29505226480836
2026-05-13 01:15:00,30.11616724738676,40.3298606271777
2026-05-13 01:20:00,30.118292682926832,40.34459930313589
2026-05-13 01:25:00,30.120836236933794,40.382439024390244
2026-05-13 01:30:00,30.12334494773519,40.41003484320557
2026-05-13 01:35:00,30.12505226480836,40.451114982578396
2026-05-13 01:40:00,30.12738675958188,40.498710801393734
2026-05-13 01:45:00,30.129163763066206,40.5305574912892
2026-05-13 01:50:00,30.130383275261323,40.580209059233454
2026-05-13 01:55:00,30.13149825783972,40.601289198606274
2026-05-13 02:00:00,30.13184668989547,40.65135888501742
2026-05-13 02:05:00,30.13337979094076,40.66637630662021
2026-05-13 02:10:00,30.133031358885017,40.71658536585366
2026-05-13 02:15:00,30.133310104529617,40.76372822299652
2026-05-13 02:20:00,30.134564459930317,40.812439024390244
2026-05-13 02:25:00,30.13407665505226,40.86487804878048
2026-05-13 02:30:00,30.137386759581883,40.904634146341465
2026-05-13 02:35:00,30.136376306620207,40.95268292682927
2026-05-13 02:40:00,30.14128919860627,40.967247386759574
2026-05-13 02:45:00,30.14048780487805,41.012404181184664
2026-05-13 02:50:00,30.143623693379794,41.021498257839724
2026-05-13 02:55:00,30.144390243902436,41.062264808362364
2026-05-13 03:00:00,30.14540069686411,41.07066202090593
2026-05-13 03:05:00,30.148571428571426,41.10567944250871
2026-05-13 03:10:00,30.14689895470384,41.14355400696864
2026-05-13 03:15:00,30.151149825783975,41.166689895470384
2026-05-13 03:20:00,30.148815331010457,41.20832752613241
2026-05-13 03:25:00,30.15482638888889,41.187986111111115
2026-05-13 03:30:00,30.15180555555556,41.22295138888889
2026-05-13 03:35:00,30.149270833333333,41.24090277777778
2026-05-13 03:40:00,30.147534722222222,41.26885416666667
2026-05-13 03:45:00,30.14784722222222,41.270069444444445
2026-05-13 03:50:00,30.14673611111111,41.29611111111111
2026-05-13 03:55:00,30.145451388888887,41.31986111111111
2026-05-13 04:00:00,30.147638888888892,41.342187499999994
2026-05-13 04:05:00,30.14611111111111,41.36270833333333
2026-05-13 04:10:00,30.149618055555557,41.36027777777778
2026-05-13 04:15:00,30.14732638888889,41.37986111111111
2026-05-13 04:20:00,30.148090277777783,41.3746875
2026-05-13 04:25:00,30.14701388888889,41.39489583333333
2026-05-13 04:30:00,30.14541666666667,41.405833333333334
2026-05-13 04:35:00,30.146215277777774,41.425104166666664
2026-05-13 04:40:00,30.144166666666667,41.440555555555555
2026-05-13 04:45:00,30.146319444444444,41.45854166666666
2026-05-13 04:50:00,30.144305555555555,41.4734375
2026-05-13 04:55:00,30.14798611111111,41.47517361111111
2026-05-13 05:00:00,30.145625000000003,41.49107638888889
2026-05-13 05:05:00,30.148958333333333,41.49364583333333
2026-05-13 05:10:00,30.146597222222226,41.50982638888889
2026-05-13 05:15:00,30.149409722222217,41.51385416666667
2026-05-13 05:20:00,30.149722222222223,41.508159722222224
2026-05-13 05:25:00,30.15090277777778,41.52902777777778
2026-05-13 05:30:00,30.15246527777778,41.53489583333334
2026-05-13 05:35:00,30.15309027777778,41.54496527777778
2026-05-13 05:40:00,30.157013888888894,41.54524305555556
2026-05-13 05:45:00,30.158749999999998,41.54076388888889
2026-05-13 05:50:00,30.16100694444445,41.5440625
2026-05-13 05:55:00,30.162673611111114,41.54836805555556
2026-05-13 06:00:00,30.160069444444446,41.56763888888889
2026-05-13 06:05:00,30.16173611111111,41.57118055555556
2026-05-13 06:10:00,30.16184027777778,41.565868055555555
2026-05-13 06:15:00,30.163125000000004,41.56940972222222
2026-05-13 06:20:00,30.16395833333333,41.572430555555556
2026-05-13 06:25:00,30.1646875,41.575520833333336
2026-05-13 06:30:00,30.165833333333335,41.57756944444444
2026-05-13 06:35:00,30.162604166666668,41.58972222222222
2026-05-13 06:40:00,30.16444444444444,41.58888888888889
2026-05-13 06:45:00,30.161909722222227,41.59305555555555
2026-05-13 06:50:00,30.163680555555555,41.59086805555555
2026-05-13 06:55:00,30.16506944444445,41.5896875
2026-05-13 07:00:00,30.166319444444444,41.587986111111114
2026-05-13 07:05:00,30.167361111111113,41.58739583333333
2026-05-13 07:10:00,30.168541666666663,41.586076388888884
2026-05-13 07:15:00,30.16954861111111,41.592152777777784
2026-05-13 07:20:00,30.170312500000005,41.58704861111111
2026-05-13 07:25:00,30.174166666666665,41.60034722222222
2026-05-13 07:30:00,30.173020833333332,41.60347222222222
2026-05-13 07:35:00,30.176840277777778,41.57565972222222
2026-05-13 07:40:00,30.177430555555556,41.59076388888889
2026-05-13 07:45:00,30.17954861111111,41.56111111111111
2026-05-13 07:50:00,30.183194444444446,41.57597222222222
2026-05-13 07:55:00,30.18232638888889,41.57826388888889
2026-05-13 08:00:00,30.18777777777778,41.5565625
2026-05-13 08:05:00,30.18649305555555,41.56090277777778
2026-05-13 08:10:00,30.19065972222222,41.54586805555556
2026-05-13 08:15:00,30.189097222222227,41.548993055555556
2026-05-13 08:20:00,30.19142361111111,41.55767361111111
2026-05-13 08:25:00,30.193854166666668,41.55065972222222
2026-05-13 08:30:00,30.193680555555552,41.5425
2026-05-13 08:35:00,30.19520833333333,41.53680555555555
2026-05-13 08:40:00,30.19847222222222,41.54763888888888
2026-05-13 08:45:00,30.19954861111111,41.54152777777777
2026-05-13 08:50:00,30.20253472222222,41.53545138888889
2026-05-13 08:55:00,30.204444444444448,41.52597222222223
2026-05-13 09:00:00,30.205694444444443,41.56225694444444
2026-05-13 09:05:00,30.210069444444443,41.525104166666665
2026-05-13 09:10:00,30.210069444444443,41.56361111111111
2026-05-13 09:15:00,30.21701388888889,41.5603125
2026-05-13 09:20:00,30.21496527777778,41.573125
2026-05-13 09:25:00,30.219895833333332,41.575833333333335
2026-05-13 09:30:00,30.221944444444446,41.513124999999995
2026-05-13 09:35:00,30.22333333333334,41.538020833333334
2026-05-13 09:40:00,30.225590277777776,41.53527777777778
2026-05-13 09:45:00,30.22902777777778,41.5534375
2026-05-13 09:50:00,30.230138888888884,41.537499999999994
2026-05-13 09:55:00,30.23059027777778,41.53638888888889
2026-05-13 10:00:00,30.23190972222222,41.601527777777775
2026-05-13 10:05:00,30.23934027777777,41.60597222222222
2026-05-13 10:10:00,30.24378472222222,41.54263888888889
2026-05-13 10:15:00,30.239687499999995,41.52739583333333
2026-05-13 10:20:00,30.238125,41.60402777777778
2026-05-13 10:25:00,30.24361111111111,41.61576388888889
2026-05-13 10:30:00,30.247256944444448,41.61517361111111
2026-05-13 10:35:00,30.249756944444446,41.614375
2026-05-13 10:40:00,30.25152777777778,41.61510416666667
2026-05-13 10:45:00,30.25295138888889,41.61711805555555
2026-05-13 10:50:00,30.254131944444445,41.62020833333334
2026-05-13 10:55:00,30.255104166666666,41.60614583333333
2026-05-13 11:00:00,30.248541666666668,41.55305555555556
2026-05-13 11:05:00,30.243437500000002,41.55965277777778
2026-05-13 11:10:00,30.23996527777778,41.567708333333336
2026-05-13 11:15:00,30.23753472222223,41.57628472222222
2026-05-13 11:20:00,30.235902777777774,41.58427083333333
2026-05-13 11:25:00,30.235277777777778,41.59142361111111
2026-05-13 11:30:00,30.229444444444443,41.523402777777775
2026-05-13 11:35:00,30.222465277777776,41.53086805555555
2026-05-13 11:40:00,30.21815972222222,41.541250000000005
2026-05-13 11:45:00,30.215520833333333,41.550798611111105
2026-05-13 11:50:00,30.213819444444443,41.558611111111105
2026-05-13 11:55:00,30.212777777777774,41.56520833333334
2026-05-13 12:00:00,30.212118055555557,41.57131944444444
2026-05-13 12:05:00,30.211770833333333,41.57774305555555
2026-05-13 12:10:00,30.21163194444444,41.58350694444445
2026-05-13 12:15:00,30.211354166666663,41.5890625
2026-05-13 12:20:00,30.210868055555554,41.59465277777778
2026-05-13 12:25:00,30.21267361111111,41.692187499999996
2026-05-13 12:30:00,30.216805555555556,41.72447916666667
2026-05-13 12:35:00,30.21652777777778,41.71711805555556
2026-05-13 12:40:00,30.21611111111111,41.721493055555555
2026-05-13 12:45:00,30.221319444444443,41.84065972222223
2026-05-13 12:50:00,30.224548611111103,41.7910763888889
2026-05-13 12:55:00,30.224791666666665,41.797847222222224
2026-05-13 13:00:00,30.2259375,41.80586805555556
2026-05-13 13:05:00,30.227847222222223,41.81149305555555
2026-05-13 13:10:00,30.230104166666663,41.815312500000005
2026-05-13 13:15:00,30.23253472222222,41.818506944444444
2026-05-13 13:20:00,30.234895833333333,41.82142361111111
2026-05-13 13:25:00,30.236909722222226,41.82475694444444
2026-05-13 13:30:00,30.238541666666663,41.82868055555556
2026-05-13 13:35:00,30.239791666666665,41.83232638888889
2026-05-13 13:40:00,30.24048611111111,41.83694444444444
2026-05-13 13:45:00,30.240868055555552,41.84295138888889
2026-05-13 13:50:00,30.240972222222222,41.849826388888886
2026-05-13 13:55:00,30.240729166666668,41.857083333333335
2026-05-13 14:00:00,30.240104166666672,41.86524305555556
2026-05-13 14:05:00,30.23916666666667,41.87493055555555
2026-05-13 14:10:00,30.237777777777776,41.886319444444446
2026-05-13 14:15:00,30.236145833333335,41.89934027777778
2026-05-13 14:20:00,30.23423611111111,41.91413194444445
2026-05-13 14:25:00,30.232152777777774,41.929965277777775
2026-05-13 14:30:00,30.229965277777776,41.94555555555556
2026-05-13 14:35:00,30.22767361111111,41.96246527777778
2026-05-13 14:40:00,30.22527777777778,41.98072916666666
2026-05-13 14:45:00,30.222847222222224,42.000416666666666
2026-05-13 14:50:00,30.22038194444444,42.02010416666667
2026-05-13 14:55:00,30.217847222222222,42.04024305555556
2026-05-13 15:00:00,30.21513888888889,42.06163194444444
2026-05-13 15:05:00,30.21243055555555,42.08430555555556
2026-05-13 15:10:00,30.209722222222226,42.107534722222226
2026-05-13 15:15:00,30.2071875,42.13072916666667
2026-05-13 15:20:00,30.20454861111111,42.154062499999995
2026-05-13 15:25:00,30.20131944444445,42.178402777777784
2026-05-13 15:30:00,30.197743055555552,42.2034375
2026-05-13 15:35:00,30.194027777777777,42.22864583333333
2026-05-13 15:40:00,30.190381944444443,42.25513888888889
2026-05-13 15:45:00,30.186875,42.282812500000006
2026-05-13 15:50:00,30.18361111111111,42.31027777777778
2026-05-13 15:55:00,30.180590277777778,42.33739583333333
2026-05-13 16:00:00,30.177708333333328,42.364444444444445
2026-05-13 16:05:00,30.174652777777776,42.39055555555556
2026-05-13 16:10:00,30.171319444444446,42.41708333333334
2026-05-13 16:15:00,30.167604166666667,42.44524305555555
2026-05-13 16:20:00,30.16368055555556,42.47368055555555
2026-05-13 16:25:00,30.1596875,42.503055555555555
2026-05-13 16:30:00,30.15576388888889,42.53340277777777
2026-05-13 16:35:00,30.151944444444446,42.56434027777778
2026-05-13 16:40:00,30.148229166666663,42.595034722222216
2026-05-13 16:45:00,30.144513888888884,42.62628472222222
2026-05-13 16:50:00,30.140625,42.65763888888889
2026-05-13 16:55:00,30.136631944444446,42.689687500000005
2026-05-13 17:00:00,30.132465277777776,42.72173611111111
2026-05-13 17:05:00,30.128124999999997,42.75385416666666
2026-05-13 17:10:00,30.12357638888889,42.78684027777778
2026-05-13 17:15:00,30.119305555555556,42.81982638888889
2026-05-13 17:20:00,30.115902777777777,42.84788194444444
2026-05-13 17:25:00,30.113055555555555,42.87322916666667
2026-05-13 17:30:00,30.114270833333332,43.01368055555556
2026-05-13 17:35:00,30.120625,43.132222222222225
2026-05-13 17:40:00,30.12368055555556,43.152048611111105
2026-05-13 17:45:00,30.124861111111116,43.226527777777775
2026-05-13 17:50:00,30.131006944444444,43.379895833333336
2026-05-13 17:55:00,30.137500000000003,43.39753472222222
2026-05-13 18:00:00,30.14125,43.40972222222222
2026-05-13 18:05:00,30.14309027777778,43.42107638888889
2026-05-13 18:10:00,30.143749999999997,43.430729166666666
2026-05-13 18:15:00,30.14357638888889,43.43871527777778
2026-05-13 18:20:00,30.142881944444444,43.446875000000006
2026-05-13 18:25:00,30.141701388888887,43.45458333333333
2026-05-13 18:30:00,30.140173611111113,43.46361111111111
2026-05-13 18:35:00,30.13961805555556,43.56024305555556
2026-05-13 18:40:00,30.14618055555555,43.70652777777778
2026-05-13 18:45:00,30.15263888888889,43.71836805555556
2026-05-13 18:50:00,30.157048611111108,43.726597222222225
2026-05-13 18:55:00,30.160173611111116,43.734027777777776
2026-05-13 19:00:00,30.16111111111111,43.6740625
2026-05-13 19:05:00,30.154479166666665,43.64010416666667
2026-05-13 19:10:00,30.15232638888889,43.76340277777777
2026-05-13 19:15:00,30.158125000000002,43.89635416666667
2026-05-13 19:20:00,30.16302083333333,43.90618055555555
2026-05-13 19:25:00,30.166250000000005,43.913611111111116
2026-05-13 19:30:00,30.1659375,43.82850694444445
2026-05-13 19:35:00,30.163888888888884,43.93256944444445
2026-05-13 19:40:00,30.168125,43.97024305555556
2026-05-13 19:45:00,30.171215277777783,43.97881944444444
2026-05-13 19:50:00,30.16822916666667,43.89131944444444
2026-05-13 19:55:00,30.160729166666663,43.96684027777778
2026-05-13 20:00:00,30.162881944444443,44.12236111111112
2026-05-13 20:05:00,30.15982638888889,44.06381944444445
2026-05-13 20:10:00,30.152569444444445,44.07892361111111
2026-05-13 20:15:00,30.14715277777778,44.14972222222222
2026-05-13 20:20:00,30.143576388888885,44.294756944444444
2026-05-13 20:25:00,30.145173611111108,44.26479166666667
2026-05-13 20:30:00,30.13993055555556,44.37166666666667
2026-05-13 20:35:00,30.141493055555557,44.482569444444444
2026-05-13 20:40:00,30.14267361111111,44.58840277777778
2026-05-13 20:45:00,30.146250000000002,44.62097222222222
2026-05-13 20:50:00,30.144444444444446,44.73385416666667
2026-05-13 20:55:00,30.147048611111114,44.86059027777778
2026-05-13 21:00:00,30.14399305555556,44.85680555555555
2026-05-13 21:05:00,30.14069444444444,44.99611111111111
2026-05-13 21:10:00,30.141840277777778,45.05069444444444
2026-05-13 21:15:00,30.13972222222223,45.07336805555556
2026-05-13 21:20:00,30.138958333333335,45.18006944444445
2026-05-13 21:25:00,30.141041666666663,45.24003472222222
2026-05-13 21:30:00,30.142118055555557,45.21920138888889
2026-05-13 21:35:00,30.140763888888884,45.34225694444445
2026-05-13 21:40:00,30.14541666666667,45.36597222222222
2026-05-13 21:45:00,30.14295138888889,45.44777777777778
2026-05-13 21:50:00,30.146631944444444,45.55722222222223
2026-05-13 21:55:00,30.149687500000002,45.54253472222222
2026-05-13 22:00:00,30.149513888888894,45.66524305555556
2026-05-13 22:05:00,30.156631944444445,45.69701388888889
2026-05-13 22:10:00,30.15402777777778,45.74836805555555
2026-05-13 22:15:00,30.158020833333335,45.853611111111114
2026-05-13 22:20:00,30.160694444444445,45.84659722222222
2026-05-13 22:25:00,30.1596875,45.97114583333334
2026-05-13 22:30:00,30.167152777777783,46.022847222222225
2026-05-13 22:35:00,30.164305555555554,46.037395833333335
2026-05-13 22:40:00,30.16854166666667,46.14138888888889
2026-05-13 22:45:00,30.170694444444443,46.134618055555556
2026-05-13 22:50:00,30.171319444444446,46.252604166666664
2026-05-13 22:55:00,30.178750000000004,46.30076388888889
2026-05-13 23:00:00,30.177569444444444,46.38777777777778
2026-05-13 23:05:00,30.184305555555554,46.47565972222222
2026-05-13 23:10:00,30.18600694444445,46.46965277777778
2026-05-13 23:15:00,30.18972222222222,46.57065972222222
2026-05-13 23:20:00,30.195520833333337,46.58680555555556
2026-05-13 23:25:00,30.197118055555556,46.69538194444445
2026-05-13 23:30:00,30.204270833333332,46.74645833333333
2026-05-13 23:35:00,30.208333333333332,46.75833333333334
2026-05-13 23:40:00,30.216701388888893,46.834722222222226
2026-05-13 23:45:00,30.222291666666663,46.88416666666667
2026-05-13 23:50:00,30.23309027777778,46.943472222222226
2026-05-13 23:55:00,30.23784722222222,46.94614583333333
2026-05-14 00:00:00,30.245486111111106,46.99746527777778
2026-05-14 00:05:00,30.249236111111106,46.99506944444445
2026-05-14 00:10:00,30.248020833333335,47.082152777777786
2026-05-14 00:15:00,30.250937499999996,47.13902777777778
2026-05-14 00:20:00,30.246909722222217,47.228541666666665
2026-05-14 00:25:00,30.24826388888889,47.29048611111111
2026-05-14 00:30:00,30.244444444444444,47.306562500000005
2026-05-14 00:35:00,30.24208333333333,47.39892361111111
2026-05-14 00:40:00,30.241006944444443,47.40895833333334
2026-05-14 00:45:00,30.240243055555556,47.481631944444445
2026-05-14 00:50:00,30.240069444444448,47.539479166666666
2026-05-14 00:55:00,30.23913194444444,47.60868055555556
2026-05-14 01:00:00,30.2384375,47.67638888888889
2026-05-14 01:05:00,30.238368055555554,47.66184027777778
2026-05-14 01:10:00,30.23795138888889,47.738055555555555
2026-05-14 01:15:00,30.240590277777773,47.76104166666667
2026-05-14 01:20:00,30.23972222222222,47.84215277777778
2026-05-14 01:25:00,30.24072916666667,47.87763888888889
2026-05-14 01:30:00,30.242256944444446,47.87340277777778
2026-05-14 01:35:00,30.24107638888889,47.914548611111115
2026-05-14 01:40:00,30.244340277777773,47.89715277777778
2026-05-14 01:45:00,30.241979166666663,47.95406249999999
2026-05-14 01:50:00,30.245277777777776,47.97076388888889
2026-05-14 01:55:00,30.24565972222223,47.98003472222222
2026-05-14 02:00:00,30.247187499999995,48.00145833333333
2026-05-14 02:05:00,30.252013888888897,48.02250000000001
2026-05-14 02:10:00,30.25163194444444,48.05142361111112
2026-05-14 02:15:00,30.256631944444443,48.06427083333333
2026-05-14 02:20:00,30.2571875,48.04048611111111
2026-05-14 02:25:00,30.26027777777778,48.05513888888889
2026-05-14 02:30:00,30.26229166666667,48.07642361111111
2026-05-14 02:35:00,30.26315972222222,48.10517361111111
2026-05-14 02:40:00,30.264409722222222,48.148611111111116
2026-05-14 02:45:00,30.26434027777778,48.154270833333335
2026-05-14 02:50:00,30.265069444444446,48.20829861111112
2026-05-14 02:55:00,30.267083333333332,48.197812500000005
2026-05-14 03:00:00,30.26763888888889,48.25836805555556
2026-05-14 03:05:00,30.270138888888894,48.285451388888895
2026-05-14 03:10:00,30.270833333333332,48.326875
2026-05-14 03:15:00,30.271354166666665,48.36315972222222
2026-05-14 03:20:00,30.274791666666665,48.345590277777774
2026-05-14 03:25:00,30.274097222222224,48.39982638888889
2026-05-14 03:30:00,30.277951388888887,48.429409722222225
2026-05-14 03:35:00,30.28229166666667,48.477152777777775
2026-05-14 03:40:00,30.28315972222222,48.523020833333334
2026-05-14 03:45:00,30.287118055555556,48.579895833333325
2026-05-14 03:50:00,30.29111111111111,48.61447916666667
2026-05-14 03:55:00,30.293645833333333,48.660625
2026-05-14 04:00:00,30.294930555555553,48.70677083333334
2026-05-14 04:05:00,30.30048611111111,48.74107638888889
2026-05-14 04:10:00,30.29961805555556,48.81072916666667
2026-05-14 04:15:00,30.30309027777778,48.85486111111111
2026-05-14 04:20:00,30.30770833333333,48.91111111111111
2026-05-14 04:25:00,30.307986111111113,48.97052083333333
2026-05-14 04:30:00,30.3121875,49.018819444444446
2026-05-14 04:35:00,30.315104166666668,49.04739583333334
2026-05-14 04:40:00,30.31736111111111,49.10055555555556
2026-05-14 04:45:00,30.31878472222222,49.151944444444446
2026-05-14 04:50:00,30.320000000000007,49.1834375
2026-05-14 04:55:00,30.31930555555556,49.242326388888884
2026-05-14 05:00:00,30.323402777777776,49.286319444444445
2026-05-14 05:05:00,30.324791666666663,49.29638888888889
2026-05-14 05:10:00,30.326631944444443,49.34868055555555
2026-05-14 05:15:00,30.327777777777776,49.399375
2026-05-14 05:20:00,30.32996527777778,49.46100694444444
2026-05-14 05:25:00,30.332812499999996,49.470555555555556
2026-05-14 05:30:00,30.33107638888889,49.53125
2026-05-14 05:35:00,30.330069444444444,49.58684027777778
2026-05-14 05:40:00,30.329479166666665,49.639375
2026-05-14 05:45:00,30.32881944444445,49.66413194444444
2026-05-14 05:50:00,30.32753472222222,49.72284722222222
2026-05-14 05:55:00,30.326319444444444,49.7775
2026-05-14 06:00:00,30.32940972222222,49.820277777777775
2026-05-14 06:05:00,30.32680555555556,49.88545138888889
2026-05-14 06:10:00,30.32527777777777,49.95263888888889
2026-05-14 06:15:00,30.327152777777776,49.997638888888886
2026-05-14 06:20:00,30.327569444444446,50.01583333333333
2026-05-14 06:25:00,30.327465277777776,50.068506944444444
2026-05-14 06:30:00,30.327152777777776,50.1178125
2026-05-14 06:35:00,30.330798611111106,50.154652777777784
2026-05-14 06:40:00,30.328472222222224,50.21232638888889
2026-05-14 06:45:00,30.330243055555556,50.260625
2026-05-14 06:50:00,30.331944444444446,50.303125
2026-05-14 06:55:00,30.33288194444444,50.34642361111111
2026-05-14 07:00:00,30.332847222222224,50.39722222222222
2026-05-14 07:05:00,30.332430555555554,50.44506944444444
2026-05-14 07:10:00,30.336284722222224,50.48121527777778
2026-05-14 07:15:00,30.335173611111106,50.48600694444444
2026-05-14 07:20:00,30.336909722222217,50.533298611111114
2026-05-14 07:25:00,30.338611111111113,50.57465277777778
2026-05-14 07:30:00,30.339652777777776,50.6246875
2026-05-14 07:35:00,30.341215277777774,50.6825
2026-05-14 07:40:00,30.343125,50.674375
2026-05-14 07:45:00,30.34402777777778,50.74142361111112
2026-05-14 07:50:00,30.343680555555554,50.73600694444444
2026-05-14 07:55:00,30.345208333333332,50.778124999999996
2026-05-14 08:00:00,30.34527777777778,50.784375
2026-05-14 08:05:00,30.34527777777778,50.8315625
2026-05-14 08:10:00,30.34517361111111,50.872638888888886
2026-05-14 08:15:00,30.344583333333333,50.91701388888888
2026-05-14 08:20:00,30.34385416666667,50.95513888888889
2026-05-14 08:25:00,30.34305555555555,50.98986111111111
2026-05-14 08:30:00,30.344722222222224,51.03927083333333
2026-05-14 08:35:00,30.3471875,51.06131944444445
2026-05-14 08:40:00,30.34861111111111,51.08159722222222
2026-05-14 08:45:00,30.348888888888887,51.10947916666667
2026-05-14 08:50:00,30.352638888888887,51.132222222222225
2026-05-14 08:55:00,30.351666666666663,51.16298611111111
2026-05-14 09:00:00,30.356250000000003,51.13024305555555
2026-05-14 09:05:00,30.35545138888889,51.17350694444445
2026-05-14 09:10:00,30.359826388888887,51.13427083333333
2026-05-14 09:15:00,30.359618055555554,51.17805555555556
2026-05-14 09:20:00,30.364722222222227,51.12902777777778
2026-05-14 09:25:00,30.363298611111116,51.169374999999995
2026-05-14 09:30:00,30.369548611111114,51.170625
2026-05-14 09:35:00,30.36756944444444,51.18222222222222
2026-05-14 09:40:00,30.37277777777778,51.19
2026-05-14 09:45:00,30.374166666666667,51.15965277777778
2026-05-14 09:50:00,30.376805555555556,51.17309027777778
2026-05-14 09:55:00,30.378611111111113,51.16520833333333
2026-05-14 10:00:00,30.384375000000002,51.12291666666667
2026-05-14 10:05:00,30.385034722222226,51.1034375
2026-05-14 10:10:00,30.385520833333334,51.144444444444446
2026-05-14 10:15:00,30.393854166666667,51.148402777777775
2026-05-14 10:20:00,30.397916666666667,51.060520833333335
2026-05-14 10:25:00,30.395312500000003,51.089166666666664
2026-05-14 10:30:00,30.40003472222222,51.08083333333333
2026-05-14 10:35:00,30.402812499999996,51.06774305555555
2026-05-14 10:40:00,30.404062500000002,51.05607638888889
2026-05-14 10:45:00,30.411666666666665,51.06951388888889
2026-05-14 10:50:00,30.418263888888887,51.05034722222222
2026-05-14 10:55:00,30.42215277777778,51.033611111111114
2026-05-14 11:00:00,30.42673611111111,51.06413194444444
2026-05-14 11:05:00,30.43520833333333,51.04611111111111
2026-05-14 11:10:00,30.440520833333338,51.02722222222222
2026-05-14 11:15:00,30.443645833333328,51.010937500000004
2026-05-14 11:20:00,30.44517361111111,50.996770833333336
2026-05-14 11:25:00,30.446666666666673,51.03440972222222
2026-05-14 11:30:00,30.453368055555554,51.02336805555555
2026-05-14 11:35:00,30.457222222222224,51.008263888888884
2026-05-14 11:40:00,30.459131944444444,50.99524305555556
2026-05-14 11:45:00,30.459791666666668,50.98350694444444
2026-05-14 11:50:00,30.459618055555552,50.97375
2026-05-14 11:55:00,30.45902777777778,50.96545138888889
2026-05-14 12:00:00,30.458090277777778,50.95729166666667
2026-05-14 12:05:00,30.45670138888889,50.94829861111111
2026-05-14 12:10:00,30.454895833333335,50.93836805555556
2026-05-14 12:15:00,30.454687500000002,50.97864583333333
2026-05-14 12:20:00,30.46263888888889,50.99118055555555
2026-05-14 12:25:00,30.46763888888889,50.87802083333334
2026-05-14 12:30:00,30.466354166666665,50.77451388888889
2026-05-14 12:35:00,30.470104166666665,50.75069444444444
2026-05-14 12:40:00,30.472395833333337,50.72625
2026-05-14 12:45:00,30.47527777777778,50.599131944444444
2026-05-14 12:50:00,30.47378472222222,50.54895833333333
2026-05-14 12:55:00,30.475208333333327,50.542118055555555
2026-05-14 13:00:00,30.48052083333333,50.511250000000004
2026-05-14 13:05:00,30.483159722222222,50.48451388888889
2026-05-14 13:10:00,30.484270833333337,50.46208333333333
2026-05-14 13:15:00,30.484513888888884,50.44145833333333
2026-05-14 13:20:00,30.48427083333333,50.42149305555555
2026-05-14 13:25:00,30.483715277777776,50.40177083333334
2026-05-14 13:30:00,30.48305555555556,50.38135416666667
2026-05-14 13:35:00,30.482118055555556,50.359722222222224
2026-05-14 13:40:00,30.481076388888887,50.33649305555556
2026-05-14 13:45:00,30.48,50.311701388888885
2026-05-14 13:50:00,30.478993055555552,50.28611111111111
2026-05-14 13:55:00,30.478229166666672,50.26013888888889
2026-05-14 14:00:00,30.477708333333332,50.233333333333334
2026-05-14 14:05:00,30.4771875,50.205486111111114
2026-05-14 14:10:00,30.476770833333333,50.1759375
2026-05-14 14:15:00,30.476006944444446,50.14510416666667
2026-05-14 14:20:00,30.474826388888896,50.11326388888889
2026-05-14 14:25:00,30.473194444444445,50.081631944444446
2026-05-14 14:30:00,30.471041666666665,50.050694444444446
2026-05-14 14:35:00,30.4684375,50.01916666666667
2026-05-14 14:40:00,30.46559027777778,49.986562500000005
2026-05-14 14:45:00,30.462708333333335,49.95236111111112
2026-05-14 14:50:00,30.459895833333334,49.91732638888888
2026-05-14 14:55:00,30.45729166666667,49.88072916666667
2026-05-14 15:00:00,30.45472222222222,49.84236111111111
2026-05-14 15:05:00,30.45184027777778,49.802951388888886
2026-05-14 15:10:00,30.44875,49.76295138888889
2026-05-14 15:15:00,30.445347222222225,49.724756944444444
2026-05-14 15:20:00,30.441979166666663,49.688125
2026-05-14 15:25:00,30.43892361111111,49.651666666666664
2026-05-14 15:30:00,30.43621527777778,49.61628472222222
2026-05-14 15:35:00,30.433819444444445,49.58215277777778
2026-05-14 15:40:00,30.431770833333335,49.5478125
2026-05-14 15:45:00,30.42996527777778,49.51354166666667
2026-05-14 15:50:00,30.428194444444443,49.479930555555555
2026-05-14 15:55:00,30.426562500000003,49.44618055555556
2026-05-14 16:00:00,30.42503472222223,49.41180555555556
2026-05-14 16:05:00,30.4296875,49.369930555555555
2026-05-14 16:10:00,30.43381944444444,49.32524305555555
2026-05-14 16:15:00,30.436944444444446,49.282222222222224
2026-05-14 16:20:00,30.439479166666665,49.240972222222226
2026-05-14 16:25:00,30.441319444444446,49.20045138888889
2026-05-14 16:30:00,30.442326388888887,49.16052083333334
2026-05-14 16:35:00,30.442638888888887,49.12173611111111
2026-05-14 16:40:00,30.448298611111113,49.07541666666667
2026-05-14 16:45:00,30.453680555555554,49.02520833333333
2026-05-14 16:50:00,30.45715277777778,48.97982638888889
2026-05-14 16:55:00,30.45965277777778,48.93677083333333
2026-05-14 17:00:00,30.461701388888894,48.89590277777778
2026-05-14 17:05:00,30.463506944444443,48.85666666666667
2026-05-14 17:10:00,30.46527777777778,48.817708333333336
2026-05-14 17:15:00,30.46701388888889,48.78069444444444
2026-05-14 17:20:00,30.46805555555555,48.750625
2026-05-14 17:25:00,30.470729166666665,48.72888888888889
2026-05-14 17:30:00,30.477951388888886,48.571666666666665
2026-05-14 17:35:00,30.475659722222222,48.395624999999995
2026-05-14 17:40:00,30.476597222222225,48.35784722222222
2026-05-14 17:45:00,30.48003472222222,48.26076388888889
2026-05-14 17:50:00,30.481145833333333,48.096875
2026-05-14 17:55:00,30.483124999999998,48.052812499999995
2026-05-14 18:00:00,30.48711805555556,48.03479166666667
2026-05-14 18:05:00,30.49565972222222,47.99576388888889
2026-05-14 18:10:00,30.50170138888889,47.98399305555556
2026-05-14 18:15:00,30.513020833333332,47.949756944444445
2026-05-14 18:20:00,30.520347222222224,47.917881944444446
2026-05-14 18:25:00,30.53298611111111,47.891354166666666
2026-05-14 18:30:00,30.54291666666667,47.85378472222222
2026-05-14 18:35:00,30.555243055555554,47.737881944444446
2026-05-14 18:40:00,30.559375000000003,47.55829861111111
2026-05-14 18:45:00,30.565173611111106,47.52423611111111
2026-05-14 18:50:00,30.57305555555556,47.47888888888889
2026-05-14 18:55:00,30.582916666666662,47.4446875
2026-05-14 19:00:00,30.594548611111108,47.39628472222223
2026-05-14 19:05:00,30.60694444444444,47.35649305555555
2026-05-14 19:10:00,30.617604166666663,47.18996527777778
2026-05-14 19:15:00,30.622187499999995,47.022708333333334
2026-05-14 19:20:00,30.629375,46.968402777777776
2026-05-14 19:25:00,30.63958333333333,46.92225694444444
2026-05-14 19:30:00,30.651423611111113,46.867326388888884
2026-05-14 19:35:00,30.658611111111114,46.687916666666666
2026-05-14 19:40:00,30.65982638888889,46.60951388888889
2026-05-14 19:45:00,30.66364583333333,46.57069444444445
2026-05-14 19:50:00,30.67072916666666,46.523854166666666
2026-05-14 19:55:00,30.674444444444443,46.36965277777777
2026-05-14 20:00:00,30.67586805555556,46.18083333333333
2026-05-14 20:05:00,30.67451388888889,46.14225694444444
2026-05-14 20:10:00,30.68190972222222,46.10079861111112
2026-05-14 20:15:00,30.684895833333332,45.93770833333333
2026-05-14 20:20:00,30.685069444444448,45.761493055555555
2026-05-14 20:25:00,30.68621527777778,45.7025
2026-05-14 20:30:00,30.68951388888889,45.54333333333333
2026-05-14 20:35:00,30.693090277777774,45.373784722222226
2026-05-14 20:40:00,30.690590277777783,45.22770833333333
2026-05-14 20:45:00,30.691006944444446,45.1853125
2026-05-14 20:50:00,30.695069444444446,45.02628472222222
2026-05-14 20:55:00,30.69520833333333,44.898159722222225
2026-05-14 21:00:00,30.69895833333333,44.86243055555556
2026-05-14 21:05:00,30.70322916666667,44.727847222222216
2026-05-14 21:10:00,30.70128472222222,44.63416666666667
2026-05-14 21:15:00,30.704097222222217,44.62142361111111
2026-05-14 21:20:00,30.705833333333334,44.474131944444444
2026-05-14 21:25:00,30.703125,44.42951388888889
2026-05-14 21:30:00,30.706111111111113,44.404062499999995
2026-05-14 21:35:00,30.70496527777778,44.30159722222222
2026-05-14 21:40:00,30.705069444444444,44.27496527777778
2026-05-14 21:45:00,30.705833333333334,44.208888888888886
2026-05-14 21:50:00,30.70677083333333,44.11052083333333
2026-05-14 21:55:00,30.70493055555555,44.14517361111111
2026-05-14 22:00:00,30.707951388888887,44.05649305555555
2026-05-14 22:05:00,30.70361111111111,44.025173611111114
2026-05-14 22:10:00,30.707673611111108,44.0013888888889
2026-05-14 22:15:00,30.706006944444443,43.89920138888888
2026-05-14 22:20:00,30.706145833333338,43.935381944444444
2026-05-14 22:25:00,30.70930555555556,43.81625
2026-05-14 22:30:00,30.706875,43.8075
2026-05-14 22:35:00,30.711319444444445,43.783680555555556
2026-05-14 22:40:00,30.71034722222222,43.72875
2026-05-14 22:45:00,30.71326388888889,43.71958333333333
2026-05-14 22:50:00,30.713923611111113,43.647777777777776
2026-05-14 22:55:00,30.71440972222222,43.58618055555556
2026-05-14 23:00:00,30.715381944444445,43.537777777777784
2026-05-14 23:05:00,30.717152777777773,43.467777777777776
2026-05-14 23:10:00,30.71569444444444,43.4878125
2026-05-14 23:15:00,30.718784722222225,43.4025
2026-05-14 23:20:00,30.71475694444444,43.390208333333334
2026-05-14 23:25:00,30.718715277777775,43.294131944444445
2026-05-14 23:30:00,30.714444444444446,43.239131944444445
2026-05-14 23:35:00,30.71427083333333,43.237569444444446
2026-05-14 23:40:00,30.709791666666668,43.18201388888889
2026-05-14 23:45:00,30.70729166666667,43.124583333333334
2026-05-14 23:50:00,30.699479166666663,43.086076388888884
2026-05-14 23:55:00,30.69888888888889,43.07024305555556
2026-05-15 00:00:00,30.694236111111113,43.01885416666667
2026-05-15 00:05:00,30.692465277777778,43.01697916666667
2026-05-15 00:10:00,30.690833333333337,42.92399305555555
2026-05-15 00:15:00,30.688368055555557,42.86819444444445
2026-05-15 00:20:00,30.687743055555554,42.76670138888889
2026-05-15 00:25:00,30.686250000000005,42.70885416666667
2026-05-15 00:30:00,30.686041666666668,42.68086805555556
2026-05-15 00:35:00,30.685381944444448,42.620486111111106
2026-05-15 00:40:00,30.68475694444444,42.598437499999996
2026-05-15 00:45:00,30.685312500000002,42.533541666666665
2026-05-15 00:50:00,30.684166666666663,42.461597222222224
2026-05-15 00:55:00,30.68548611111111,42.39447916666666
2026-05-15 01:00:00,30.686562499999997,42.333194444444445
2026-05-15 01:05:00,30.686041666666668,42.353298611111114
2026-05-15 01:10:00,30.688263888888887,42.30041666666667
2026-05-15 01:15:00,30.68444444444445,42.286319444444445
2026-05-15 01:20:00,30.687569444444446,42.23135416666667
2026-05-15 01:25:00,30.684687499999995,42.20809027777777
2026-05-15 01:30:00,30.685624999999998,42.22819444444444
2026-05-15 01:35:00,30.6878125,42.16326388888889
2026-05-15 01:40:00,30.686701388888892,42.17552083333334
2026-05-15 01:45:00,30.690763888888892,42.13163194444444
2026-05-15 01:50:00,30.68861111111111,42.11635416666667
2026-05-15 01:55:00,30.69145833333333,42.134166666666665
2026-05-15 02:00:00,30.694583333333338,42.09520833333333
2026-05-15 02:05:00,30.692638888888887,42.10916666666666
2026-05-15 02:10:00,30.696215277777778,42.078576388888884
2026-05-15 02:15:00,30.696145833333333,42.029895833333335
2026-05-15 02:20:00,30.696666666666673,42.06270833333334
2026-05-15 02:25:00,30.699618055555554,42.04114583333333
2026-05-15 02:30:00,30.698437499999997,41.99677083333333
2026-05-15 02:35:00,30.701145833333335,41.974826388888886
2026-05-15 02:40:00,30.70284722222222,41.960763888888884
2026-05-15 02:45:00,30.705104166666665,41.95854166666667
2026-05-15 02:50:00,30.706388888888885,41.946354166666666
2026-05-15 02:55:00,30.707951388888894,41.97131944444445
2026-05-15 03:00:00,30.711875000000003,41.94927083333333
2026-05-15 03:05:00,30.713437499999998,41.93743055555555
2026-05-15 03:10:00,30.71902777777778,41.90600694444444
2026-05-15 03:15:00,30.72180555555555,41.88940972222222
2026-05-15 03:20:00,30.724756944444444,41.91791666666667
2026-05-15 03:25:00,30.729027777777773,41.89541666666666
2026-05-15 03:30:00,30.73121527777778,41.88246527777778
2026-05-15 03:35:00,30.732118055555556,41.87451388888889
2026-05-15 03:40:00,30.73711805555556,41.84979166666667
2026-05-15 03:45:00,30.739965277777774,41.81118055555556
2026-05-15 03:50:00,30.73774305555556,41.815243055555555
2026-05-15 03:55:00,30.740833333333335,41.79743055555556
2026-05-15 04:00:00,30.7428125,41.78652777777777
2026-05-15 04:05:00,30.739756944444448,41.79503472222222
2026-05-15 04:10:00,30.742256944444446,41.77902777777778
2026-05-15 04:15:00,30.743680555555557,41.77076388888889
2026-05-15 04:20:00,30.744270833333335,41.76642361111111
2026-05-15 04:25:00,30.74774305555555,41.703541666666666
2026-05-15 04:30:00,30.747187500000003,41.703715277777775
2026-05-15 04:35:00,30.746701388888894,41.72107638888889
2026-05-15 04:40:00,30.750659722222224,41.70333333333333
2026-05-15 04:45:00,30.74961805555556,41.66798611111111
2026-05-15 04:50:00,30.751458333333332,41.683055555555555
2026-05-15 04:55:00,30.753541666666667,41.67263888888889
2026-05-15 05:00:00,30.75458333333334,41.66645833333333
2026-05-15 05:05:00,30.75618055555556,41.69871527777778
2026-05-15 05:10:00,30.756006944444444,41.697916666666664
2026-05-15 05:15:00,30.755659722222227,41.696979166666665
2026-05-15 05:20:00,30.75524305555555,41.695590277777775
2026-05-15 05:25:00,30.755625000000002,41.72666666666666
2026-05-15 05:30:00,30.759270833333332,41.7084375
2026-05-15 05:35:00,30.761319444444446,41.69631944444445
2026-05-15 05:40:00,30.762118055555554,41.688090277777775
2026-05-15 05:45:00,30.762777777777778,41.71642361111112
2026-05-15 05:50:00,30.766458333333333,41.69631944444445
2026-05-15 05:55:00,30.76878472222222,41.68263888888888
2026-05-15 06:00:00,30.77027777777778,41.67274305555556
2026-05-15 06:05:00,30.77170138888889,41.65888888888888
2026-05-15 06:10:00,30.772673611111113,41.650625
2026-05-15 06:15:00,30.77295138888889,41.645625
2026-05-15 06:20:00,30.773472222222225,41.670138888888886
2026-05-15 06:25:00,30.77763888888889,41.65197916666667
2026-05-15 06:30:00,30.77982638888889,41.61510416666667
2026-05-15 06:35:00,30.777361111111116,41.62399305555555
2026-05-15 06:40:00,30.779895833333335,41.612118055555555
2026-05-15 06:45:00,30.78142361111111,41.60604166666667
2026-05-15 06:50:00,30.78225694444445,41.60270833333333
2026-05-15 06:55:00,30.78114583333333,41.562152777777776
2026-05-15 07:00:00,30.781875,41.55802083333333
2026-05-15 07:05:00,30.782083333333333,41.556562500000005
2026-05-15 07:10:00,30.781805555555554,41.55652777777778
2026-05-15 07:15:00,30.784861111111113,41.591145833333336
2026-05-15 07:20:00,30.788159722222222,41.57868055555556
2026-05-15 07:25:00,30.785625,41.58809027777778
2026-05-15 07:30:00,30.788611111111113,41.57295138888889
2026-05-15 07:35:00,30.790659722222227,41.565104166666664
2026-05-15 07:40:00,30.790104166666666,41.61465277777778
2026-05-15 07:45:00,30.79184027777778,41.60711805555556
2026-05-15 07:50:00,30.79576388888889,41.645625
2026-05-15 07:55:00,30.796527777777776,41.64423611111111
2026-05-15 08:00:00,30.797534722222224,41.67774305555556
2026-05-15 08:05:00,30.799861111111113,41.61347222222222
2026-05-15 08:10:00,30.798784722222226,41.61934027777777
2026-05-15 08:15:00,30.802569444444444,41.605763888888895
2026-05-15 08:20:00,30.8053125,41.59954861111111
2026-05-15 08:25:00,30.807256944444443,41.59753472222222
2026-05-15 08:30:00,30.808680555555554,41.5984375
2026-05-15 08:35:00,30.80854166666667,41.568749999999994
2026-05-15 08:40:00,30.805520833333333,41.591944444444444
2026-05-15 08:45:00,30.808298611111113,41.588541666666664
2026-05-15 08:50:00,30.809826388888894,41.58461805555556
2026-05-15 08:55:00,30.811736111111113,41.58378472222223
2026-05-15 09:00:00,30.81392361111111,41.59017361111111
2026-05-15 09:05:00,30.815104166666668,41.59298611111111
2026-05-15 09:10:00,30.81684027777778,41.59642361111111
2026-05-15 09:15:00,30.81788194444444,41.60111111111111
2026-05-15 09:20:00,30.820763888888887,41.634548611111114
2026-05-15 09:25:00,30.8284375,41.61121527777778
2026-05-15 09:30:00,30.833749999999995,41.60371527777777
2026-05-15 09:35:00,30.841076388888894,41.578541666666666
2026-05-15 09:40:00,30.846215277777773,41.58215277777778
2026-05-15 09:45:00,30.856111111111108,41.5359375
2026-05-15 09:50:00,30.860208333333333,41.52965277777778
2026-05-15 09:55:00,30.86690972222222,41.517604166666665
2026-05-15 10:00:00,30.87142361111111,41.504305555555554
2026-05-15 10:05:00,30.872743055555556,41.50465277777778
2026-05-15 10:10:00,30.880729166666665,41.472118055555555
2026-05-15 10:15:00,30.87892361111111,41.47315972222222
2026-05-15 10:20:00,30.885486111111106,41.491388888888885
2026-05-15 10:25:00,30.888958333333328,41.442638888888894
2026-05-15 10:30:00,30.892083333333332,41.45149305555556
2026-05-15 10:35:00,30.89461805555556,41.447048611111114
2026-05-15 10:40:00,30.899583333333332,41.48565972222222
2026-05-15 10:45:00,30.901458333333338,41.45361111111111
2026-05-15 10:50:00,30.900729166666665,41.45364583333333
2026-05-15 10:55:00,30.905312499999997,41.492638888888884
2026-05-15 11:00:00,30.909444444444446,41.441423611111105
2026-05-15 11:05:00,30.906145833333337,41.44013888888889
2026-05-15 11:10:00,30.90736111111111,41.48920138888889
2026-05-15 11:15:00,30.91357638888889,41.48475694444444
2026-05-15 11:20:00,30.91763888888889,41.47795138888889
2026-05-15 11:25:00,30.919027777777778,41.42208333333333
2026-05-15 11:30:00,30.91881944444445,41.450833333333335
2026-05-15 11:35:00,30.921458333333337,41.445277777777775
2026-05-15 11:40:00,30.923020833333332,41.43861111111111
2026-05-15 11:45:00,30.92378472222222,41.4334375
2026-05-15 11:50:00,30.923993055555556,41.42895833333333
2026-05-15 11:55:00,30.924999999999997,41.47059027777778
2026-05-15 12:00:00,30.932256944444443,41.465243055555554
2026-05-15 12:05:00,30.93694444444444,41.454722222222216
2026-05-15 12:10:00,30.93965277777778,41.44486111111111
2026-05-15 12:15:00,30.945833333333333,41.40520833333333
2026-05-15 12:20:00,30.948124999999997,41.36395833333333
2026-05-15 12:25:00,30.94916666666667,41.38402777777778
2026-05-15 12:30:00,30.95545138888889,41.352222222222224
2026-05-15 12:35:00,30.952187499999997,41.367604166666666
2026-05-15 12:40:00,30.958263888888887,41.37368055555555
2026-05-15 12:45:00,30.95756944444444,41.35041666666667
2026-05-15 12:50:00,30.960069444444443,41.363506944444445
2026-05-15 12:55:00,30.96340277777778,41.334131944444444
2026-05-15 13:00:00,30.960034722222222,41.33618055555556
2026-05-15 13:05:00,30.9575,41.34034722222222
2026-05-15 13:10:00,30.955277777777773,41.34430555555556
2026-05-15 13:15:00,30.952986111111116,41.34847222222223
2026-05-15 13:20:00,30.950451388888887,41.35371527777778
2026-05-15 13:25:00,30.94774305555556,41.35986111111111
2026-05-15 13:30:00,30.944791666666667,41.36711805555556
2026-05-15 13:35:00,30.94170138888889,41.37590277777778
2026-05-15 13:40:00,30.93833333333334,41.386701388888895
2026-05-15 13:45:00,30.934618055555557,41.39947916666667
2026-05-15 13:50:00,30.930555555555557,41.413645833333334
2026-05-15 13:55:00,30.926145833333333,41.428715277777776
2026-05-15 14:00:00,30.921493055555555,41.4446875
2026-05-15 14:05:00,30.92104166666666,41.48052083333333
2026-05-15 14:10:00,30.92565972222222,41.48454861111111
2026-05-15 14:15:00,30.927118055555557,41.490208333333335
2026-05-15 14:20:00,30.93319444444444,41.49982638888889
2026-05-15 14:25:00,30.938888888888886,41.49777777777777
2026-05-15 14:30:00,30.943125000000002,41.51263888888889
2026-05-15 14:35:00,30.95211805555555,41.50729166666667
2026-05-15 14:40:00,30.95715277777778,41.506840277777776
2026-05-15 14:45:00,30.96472222222222,41.513020833333336
2026-05-15 14:50:00,30.97170138888889,41.511006944444446
2026-05-15 14:55:00,30.974756944444444,41.51701388888889
2026-05-15 15:00:00,30.975624999999997,41.529375
2026-05-15 15:05:00,30.975277777777777,41.54565972222222
2026-05-15 15:10:00,30.97413194444444,41.56444444444444
2026-05-15 15:15:00,30.97263888888889,41.58371527777778
2026-05-15 15:20:00,30.97079861111111,41.60357638888889
2026-05-15 15:25:00,30.973472222222217,41.629895833333336
2026-05-15 15:30:00,30.97961805555555,41.63427083333333
2026-05-15 15:35:00,30.982777777777773,41.64166666666667
2026-05-15 15:40:00,30.99048611111111,41.65107638888889
2026-05-15 15:45:00,30.997743055555556,41.647986111111116
2026-05-15 15:50:00,31.002604166666668,41.663715277777776
2026-05-15 15:55:00,31.013645833333328,41.65746527777778
2026-05-15 16:00:00,31.020937499999995,41.65173611111111
2026-05-15 16:05:00,31.023645833333337,41.6615625
2026-05-15 16:10:00,31.028506944444448,41.66097222222223
2026-05-15 16:15:00,31.0309375,41.663715277777776
2026-05-15 16:20:00,31.039375,41.66003472222222
2026-05-15 16:25:00,31.04482638888889,41.65510416666667
2026-05-15 16:30:00,31.051319444444445,41.656076388888884
2026-05-15 16:35:00,31.060555555555556,41.64361111111111
2026-05-15 16:40:00,31.06045138888889,41.64517361111111
2026-05-15 16:45:00,31.05815972222222,41.65472222222222
2026-05-15 16:50:00,31.05621527777778,41.663090277777776
2026-05-15 16:55:00,31.05413194444444,41.671284722222225
2026-05-15 17:00:00,31.05173611111111,41.6790625
2026-05-15 17:05:00,31.04916666666667,41.68635416666667
2026-05-15 17:10:00,31.046388888888885,41.69329861111111
2026-05-15 17:15:00,31.043645833333333,41.70621527777777
2026-05-15 17:20:00,31.04982638888889,41.70065972222223
2026-05-15 17:25:00,31.053819444444443,41.68072916666667
2026-05-15 17:30:00,31.054027777777776,41.679236111111116
2026-05-15 17:35:00,31.058090277777776,41.66965277777778
2026-05-15 17:40:00,31.05673611111111,41.66673611111111
2026-05-15 17:45:00,31.057534722222222,41.662256944444444
2026-05-15 17:50:00,31.052569444444448,41.6515625
2026-05-15 17:55:00,31.048645833333335,41.66229166666667
2026-05-15 18:00:00,31.046805555555554,41.63958333333333
2026-05-15 18:05:00,31.03895833333333,41.6434375
2026-05-15 18:10:00,31.034652777777776,41.63065972222222
2026-05-15 18:15:00,31.03013888888889,41.62357638888889
2026-05-15 18:20:00,31.02666666666666,41.618402777777774
2026-05-15 18:25:00,31.01878472222222,41.61371527777778
2026-05-15 18:30:00,31.01895833333333,41.6028125
2026-05-15 18:35:00,31.012013888888887,41.58861111111111
2026-05-15 18:40:00,31.005694444444448,41.59545138888889
2026-05-15 18:45:00,31.002500000000005,41.57666666666667
2026-05-15 18:50:00,30.99565972222222,41.579166666666666
2026-05-15 18:55:00,30.99159722222222,41.56993055555555
2026-05-15 19:00:00,30.987083333333334,41.56916666666667
2026-05-15 19:05:00,30.979861111111113,41.56947916666667
2026-05-15 19:10:00,30.977534722222224,41.56767361111111
2026-05-15 19:15:00,30.970659722222226,41.56461805555555
2026-05-15 19:20:00,30.967083333333335,41.569861111111116
2026-05-15 19:25:00,30.96107638888889,41.56809027777778
2026-05-15 19:30:00,30.954166666666666,41.582743055555554
2026-05-15 19:35:00,30.95152777777778,41.57809027777778
2026-05-15 19:40:00,30.94663194444444,41.59052083333333
2026-05-15 19:45:00,30.94809027777778,41.58409722222222
2026-05-15 19:50:00,30.944548611111113,41.58979166666667
2026-05-15 19:55:00,30.94684027777778,41.588125000000005
2026-05-15 20:00:00,30.94347222222222,41.595486111111114
2026-05-15 20:05:00,30.945972222222224,41.60642361111111
2026-05-15 20:10:00,30.94368055555556,41.609375
2026-05-15 20:15:00,30.94472222222222,41.63055555555556
2026-05-15 20:20:00,30.947847222222222,41.63913194444444
2026-05-15 20:25:00,30.94923611111111,41.64416666666667
2026-05-15 20:30:00,30.950868055555556,41.66034722222222
2026-05-15 20:35:00,30.951597222222226,41.67791666666667
2026-05-15 20:40:00,30.955624999999998,41.67177083333333
2026-05-15 20:45:00,30.955208333333335,41.694340277777776
2026-05-15 20:50:00,30.956319444444446,41.721354166666664
2026-05-15 20:55:00,30.960138888888892,41.731458333333336
2026-05-15 21:00:00,30.96083333333333,41.76774305555555
2026-05-15 21:05:00,30.965347222222224,41.780659722222225
2026-05-15 21:10:00,30.96763888888889,41.82697916666667
2026-05-15 21:15:00,30.97253472222222,41.84069444444444
2026-05-15 21:20:00,30.973888888888887,41.891215277777775
2026-05-15 21:25:00,30.979270833333334,41.903437499999995
2026-05-15 21:30:00,30.980729166666663,41.95225694444444
2026-05-15 21:35:00,30.98739583333333,41.95534722222223
2026-05-15 21:40:00,30.98739583333333,42.006006944444444
2026-05-15 21:45:00,30.99434027777778,41.9990625
2026-05-15 21:50:00,30.993090277777778,42.040590277777774
2026-05-15 21:55:00,30.999861111111116,42.02274305555556
2026-05-15 22:00:00,30.99930555555555,41.985173611111115
2026-05-15 22:05:00,31.004965277777778,42.021388888888886
2026-05-15 22:10:00,31.005138888888887,41.974131944444444
2026-05-15 22:15:00,31.009027777777778,42.01246527777778
2026-05-15 22:20:00,31.010138888888882,41.95677083333334
2026-05-15 22:25:00,31.01173611111111,41.99732638888889
2026-05-15 22:30:00,31.014652777777776,41.94388888888889
2026-05-15 22:35:00,31.015451388888884,41.98385416666666
2026-05-15 22:40:00,31.021458333333335,41.9665625
2026-05-15 22:45:00,31.020416666666662,42.00875
2026-05-15 22:50:00,31.025868055555552,41.99892361111111
2026-05-15 22:55:00,31.02472222222222,41.994305555555556
2026-05-15 23:00:00,31.029305555555556,41.9934375
2026-05-15 23:05:00,31.032048611111115,42.00336805555556
2026-05-15 23:10:00,31.0353125,42.016284722222224
2026-05-15 23:15:00,31.037222222222226,42.03642361111111
2026-05-15 23:20:00,31.042256944444446,42.00427083333333
2026-05-15 23:25:00,31.042395833333337,42.03763888888889
2026-05-15 23:30:00,31.04934027777778,42.04809027777778
2026-05-15 23:35:00,31.048993055555556,42.08100694444445
2026-05-15 23:40:00,31.054895833333333,42.1001736111111
2026-05-15 23:45:00,31.05861111111111,42.128368055555555
2026-05-15 23:50:00,31.062361111111116,42.16184027777778
2026-05-15 23:55:00,31.064444444444444,42.198298611111106
2026-05-16 00:00:00,31.071250000000003,42.204479166666665
2026-05-16 00:05:00,31.07104166666667,42.25201388888889
2026-05-16 00:10:00,31.074895833333333,42.31027777777778
2026-05-16 00:15:00,31.077916666666667,42.31760416666666
2026-05-16 00:20:00,31.079444444444448,42.38930555555555
2026-05-16 00:25:00,31.081319444444446,42.426944444444445
2026-05-16 00:30:00,31.084999999999997,42.44531249999999
2026-05-16 00:35:00,31.08541666666666,42.48996527777778
2026-05-16 00:40:00,31.08694444444445,42.549618055555555
2026-05-16 00:45:00,31.091076388888887,42.57743055555556
2026-05-16 00:50:00,31.09479166666667,42.6278125
2026-05-16 00:55:00,31.096111111111114,42.66847222222222
2026-05-16 01:00:00,31.096145833333335,42.71642361111111
2026-05-16 01:05:00,31.100590277777783,42.74034722222222
2026-05-16 01:10:00,31.10298611111111,42.76996527777778
2026-05-16 01:15:00,31.10489583333333,42.80493055555556
2026-05-16 01:20:00,31.105243055555555,42.84166666666667
2026-05-16 01:25:00,31.10982638888889,42.859861111111115
2026-05-16 01:30:00,31.11284722222222,42.88496527777778
2026-05-16 01:35:00,31.115555555555552,42.93385416666666
2026-05-16 01:40:00,31.120381944444446,42.951006944444444
2026-05-16 01:45:00,31.123055555555556,42.9740625
2026-05-16 01:50:00,31.129131944444445,42.98319444444444
2026-05-16 01:55:00,31.132916666666663,43.000347222222224
2026-05-16 02:00:00,31.135069444444444,43.029513888888886
2026-05-16 02:05:00,31.140451388888884,43.03819444444444
2026-05-16 02:10:00,31.14368055555555,43.05347222222222
2026-05-16 02:15:00,31.14774305555556,43.10003472222222
2026-05-16 02:20:00,31.15236111111111,43.108125
2026-05-16 02:25:00,31.154999999999998,43.12190972222222
2026-05-16 02:30:00,31.155173611111113,43.18486111111111
2026-05-16 02:35:00,31.15635416666667,43.20204861111111
2026-05-16 02:40:00,31.156284722222225,43.221875000000004
2026-05-16 02:45:00,31.159166666666668,43.243229166666666
2026-05-16 02:50:00,31.161597222222227,43.252916666666664
2026-05-16 02:55:00,31.16302083333333,43.265590277777775
2026-05-16 03:00:00,31.163993055555554,43.278958333333335
2026-05-16 03:05:00,31.164791666666662,43.29229166666667
2026-05-16 03:10:00,31.16576388888889,43.304826388888884
2026-05-16 03:15:00,31.166666666666668,43.31642361111111
2026-05-16 03:20:00,31.167256944444446,43.327673611111116
2026-05-16 03:25:00,31.167187500000004,43.33940972222222
2026-05-16 03:30:00,31.166631944444443,43.35166666666666
2026-05-16 03:35:00,31.165520833333332,43.36423611111111
2026-05-16 03:40:00,31.163993055555554,43.377361111111114
2026-05-16 03:45:00,31.16246527777778,43.414027777777775
2026-05-16 03:50:00,31.16423611111111,43.413645833333334
2026-05-16 03:55:00,31.164583333333333,43.41798611111111
2026-05-16 04:00:00,31.16378472222222,43.425625000000004
2026-05-16 04:05:00,31.166527777777773,43.419131944444445
2026-05-16 04:10:00,31.16784722222222,43.41826388888889
2026-05-16 04:15:00,31.16809027777778,43.420590277777784
2026-05-16 04:20:00,31.16770833333333,43.42454861111111
2026-05-16 04:25:00,31.168298611111116,43.46895833333333
2026-05-16 04:30:00,31.170937499999997,43.46090277777778
2026-05-16 04:35:00,31.172118055555554,43.45791666666666
2026-05-16 04:40:00,31.172222222222224,43.45815972222222
2026-05-16 04:45:00,31.174965277777776,43.485659722222216
2026-05-16 04:50:00,31.177465277777774,43.47618055555555
2026-05-16 04:55:00,31.178541666666668,43.47201388888888
2026-05-16 05:00:00,31.17864583333333,43.471180555555556
2026-05-16 05:05:00,31.178020833333335,43.4728125
2026-05-16 05:10:00,31.181354166666665,43.45791666666667
2026-05-16 05:15:00,31.183055555555555,43.451076388888886
2026-05-16 05:20:00,31.18354166666667,43.449131944444446
2026-05-16 05:25:00,31.183125,43.450520833333336
2026-05-16 05:30:00,31.182256944444443,43.45420138888889
2026-05-16 05:35:00,31.181250000000002,43.45916666666667
2026-05-16 05:40:00,31.18027777777778,43.464756944444446
2026-05-16 05:45:00,31.17940972222222,43.47065972222222
2026-05-16 05:50:00,31.178333333333335,43.47722222222222
2026-05-16 05:55:00,31.177083333333332,43.485
2026-05-16 06:00:00,31.17555555555556,43.49368055555556
2026-05-16 06:05:00,31.177881944444444,43.488819444444445
2026-05-16 06:10:00,31.179166666666667,43.48902777777778
2026-05-16 06:15:00,31.17954861111111,43.49270833333333
2026-05-16 06:20:00,31.179305555555555,43.49885416666667
2026-05-16 06:25:00,31.178402777777777,43.5071875
2026-05-16 06:30:00,31.177604166666665,43.5428125
2026-05-16 06:35:00,31.180104166666663,43.53958333333333
2026-05-16 06:40:00,31.181354166666665,43.54152777777777
2026-05-16 06:45:00,31.18170138888889,43.54642361111111
2026-05-16 06:50:00,31.18142361111111,43.55347222222222
2026-05-16 06:55:00,31.182048611111114,43.601111111111116
2026-05-16 07:00:00,31.184652777777778,43.59802083333334
2026-05-16 07:05:00,31.18597222222222,43.60020833333333
2026-05-16 07:10:00,31.186458333333334,43.605625
2026-05-16 07:15:00,31.186319444444443,43.613263888888895
2026-05-16 07:20:00,31.18576388888889,43.622638888888886
2026-05-16 07:25:00,31.18954861111111,43.61607638888889
2026-05-16 07:30:00,31.191874999999996,43.605555555555554
2026-05-16 07:35:00,31.188993055555557,43.627187500000005
2026-05-16 07:40:00,31.190625000000004,43.63319444444445
2026-05-16 07:45:00,31.191909722222217,43.638506944444444
2026-05-16 07:50:00,31.19225694444445,43.647777777777776
2026-05-16 07:55:00,31.19659722222222,43.63913194444444
2026-05-16 08:00:00,31.199305555555554,43.640277777777776
2026-05-16 08:05:00,31.20371527777778,43.68895833333333
2026-05-16 08:10:00,31.208229166666666,43.6828125
2026-05-16 08:15:00,31.21055555555556,43.68555555555556
2026-05-16 08:20:00,31.211458333333333,43.69368055555556
2026-05-16 08:25:00,31.21138888888889,43.70524305555555
2026-05-16 08:30:00,31.21065972222222,43.719166666666666
2026-05-16 08:35:00,31.210555555555555,43.767604166666665
2026-05-16 08:40:00,31.212604166666665,43.77100694444445
2026-05-16 08:45:00,31.213506944444443,43.78118055555555
2026-05-16 08:50:00,31.212881944444444,43.77010416666666
2026-05-16 08:55:00,31.212916666666665,43.78927083333333
2026-05-16 09:00:00,31.21274305555555,43.83815972222223
2026-05-16 09:05:00,31.216666666666665,43.816319444444446
2026-05-16 09:10:00,31.215,43.88722222222222
2026-05-16 09:15:00,31.21815972222222,43.89972222222222
2026-05-16 09:20:00,31.214444444444446,43.93895833333333
2026-05-16 09:25:00,31.21079861111111,43.986493055555556
2026-05-16 09:30:00,31.2071875,43.996180555555554
2026-05-16 09:35:00,31.203576388888887,44.054722222222225
2026-05-16 09:40:00,31.200868055555556,44.106631944444445
2026-05-16 09:45:00,31.194513888888892,44.202326388888885
2026-05-16 09:50:00,31.19197916666667,44.26229166666667
2026-05-16 09:55:00,31.188402777777778,44.277256944444446
2026-05-16 10:00:00,31.186145833333335,44.34545138888889
2026-05-16 10:05:00,31.188749999999995,44.35736111111111
2026-05-16 10:10:00,31.185104166666665,44.443749999999994
2026-05-16 10:15:00,31.189513888888897,44.50423611111111
2026-05-16 10:20:00,31.185347222222227,44.536388888888894
2026-05-16 10:25:00,31.188645833333332,44.62336805555555
2026-05-16 10:30:00,31.18732638888889,44.61670138888889
2026-05-16 10:35:00,31.18850694444444,44.734965277777775
2026-05-16 10:40:00,31.194166666666668,44.77611111111111
2026-05-16 10:45:00,31.192951388888886,44.7821875
2026-05-16 10:50:00,31.196284722222224,44.901631944444446
2026-05-16 10:55:00,31.200208333333332,44.8840625
2026-05-16 11:00:00,31.19899305555556,44.89340277777778
2026-05-16 11:05:00,31.203680555555554,45.015902777777775
2026-05-16 11:10:00,31.209340277777773,44.98447916666666
2026-05-16 11:15:00,31.20701388888889,44.99350694444445
2026-05-16 11:20:00,31.21065972222222,45.12416666666667
2026-05-16 11:25:00,31.21913194444444,45.14347222222222
2026-05-16 11:30:00,31.21885416666667,45.11475694444445
2026-05-16 11:35:00,31.219965277777774,45.251562500000006
2026-05-16 11:40:00,31.226631944444446,45.27753472222222
2026-05-16 11:45:00,31.23072916666667,45.286076388888894
2026-05-16 11:50:00,31.232812499999998,45.29670138888889
2026-05-16 11:55:00,31.238298611111116,45.39270833333333
2026-05-16 12:00:00,31.239791666666672,45.414097222222225
2026-05-16 12:05:00,31.2403125,45.43163194444444
2026-05-16 12:10:00,31.24003472222222,45.451388888888886
2026-05-16 12:15:00,31.236736111111114,45.58003472222222
2026-05-16 12:20:00,31.235451388888894,45.74534722222223
2026-05-16 12:25:00,31.239513888888887,45.76444444444444
2026-05-16 12:30:00,31.234166666666667,45.87013888888889
2026-05-16 12:35:00,31.23701388888889,45.98538194444445
2026-05-16 12:40:00,31.23670138888889,46.005
2026-05-16 12:45:00,31.235208333333333,46.12739583333334
2026-05-16 12:50:00,31.23548611111111,46.22923611111111
2026-05-16 12:55:00,31.23486111111111,46.25743055555556
2026-05-16 13:00:00,31.234583333333337,46.33510416666667
2026-05-16 13:05:00,31.241388888888892,46.445277777777775
2026-05-16 13:10:00,31.24694444444445,46.45798611111111
2026-05-16 13:15:00,31.250347222222224,46.46989583333333
2026-05-16 13:20:00,31.25229166666667,46.48309027777778
2026-05-16 13:25:00,31.253263888888885,46.49743055555555
2026-05-16 13:30:00,31.25347222222222,46.513124999999995
2026-05-16 13:35:00,31.253194444444446,46.53041666666667
2026-05-16 13:40:00,31.252604166666668,46.54777777777778
2026-05-16 13:45:00,31.251597222222227,46.56559027777777
2026-05-16 13:50:00,31.250381944444445,46.583819444444444
2026-05-16 13:55:00,31.248923611111113,46.60277777777778
2026-05-16 14:00:00,31.251250000000002,46.734027777777776
2026-05-16 14:05:00,31.255347222222227,46.83100694444445
2026-05-16 14:10:00,31.25201388888889,46.861180555555556
2026-05-16 14:15:00,31.249340277777776,46.89319444444445
2026-05-16 14:20:00,31.247013888888894,47.02947916666667
2026-05-16 14:25:00,31.249062500000004,47.08861111111111
2026-05-16 14:30:00,31.24899305555555,47.10086805555555
2026-05-16 14:35:00,31.243263888888894,47.23475694444444
2026-05-16 14:40:00,31.24652777777778,47.35715277777778
2026-05-16 14:45:00,31.245694444444446,47.37802083333333
2026-05-16 14:50:00,31.24166666666666,47.40864583333334
2026-05-16 14:55:00,31.239097222222224,47.43465277777778
2026-05-16 15:00:00,31.23715277777778,47.45763888888889
2026-05-16 15:05:00,31.235555555555557,47.478541666666665
2026-05-16 15:10:00,31.234027777777776,47.498402777777784
2026-05-16 15:15:00,31.232430555555556,47.51802083333333
2026-05-16 15:20:00,31.230798611111116,47.536319444444445
2026-05-16 15:25:00,31.224583333333335,47.547291666666666
2026-05-16 15:30:00,31.21479166666667,47.57850694444445
2026-05-16 15:35:00,31.21263888888889,47.70368055555556
2026-05-16 15:40:00,31.21152777777778,47.77420138888888
2026-05-16 15:45:00,31.208715277777774,47.81114583333333
2026-05-16 15:50:00,31.206944444444446,47.826840277777784
2026-05-16 15:55:00,31.198437500000004,47.864687499999995
2026-05-16 16:00:00,31.193645833333335,47.9015625
2026-05-16 16:05:00,31.187465277777775,47.92961805555555
2026-05-16 16:10:00,31.179930555555554,47.970034722222216
2026-05-16 16:15:00,31.176180555555554,48.00333333333333
2026-05-16 16:20:00,31.16708333333333,48.04045138888889
2026-05-16 16:25:00,31.161666666666672,48.07725694444444
2026-05-16 16:30:00,31.1559375,48.1065625
2026-05-16 16:35:00,31.14815972222222,48.146770833333335
2026-05-16 16:40:00,31.14430555555556,48.18020833333333
2026-05-16 16:45:00,31.14267361111111,48.20826388888889
2026-05-16 16:50:00,31.142604166666665,48.2334375
2026-05-16 16:55:00,31.14368055555556,48.25642361111111
2026-05-16 17:00:00,31.145555555555557,48.27798611111111
2026-05-16 17:05:00,31.14802083333333,48.29770833333333
2026-05-16 17:10:00,31.15090277777778,48.31722222222223
2026-05-16 17:15:00,31.153958333333335,48.32913194444445
2026-05-16 17:20:00,31.148472222222225,48.35249999999999
2026-05-16 17:25:00,31.143020833333335,48.38368055555556
2026-05-16 17:30:00,31.13559027777778,48.500138888888884
2026-05-16 17:35:00,31.13381944444445,48.64350694444445
2026-05-16 17:40:00,31.134201388888886,48.67541666666667
2026-05-16 17:45:00,31.129826388888887,48.71197916666667
2026-05-16 17:50:00,31.13211805555555,48.84965277777778
2026-05-16 17:55:00,31.134027777777778,48.88138888888889
2026-05-16 18:00:00,31.13180555555555,48.918958333333336
2026-05-16 18:05:00,31.13097222222222,48.95072916666666
2026-05-16 18:10:00,31.12902777777778,48.973368055555554
2026-05-16 18:15:00,31.121979166666662,49.01472222222222
2026-05-16 18:20:00,31.11788194444445,49.051388888888894
2026-05-16 18:25:00,31.112986111111113,49.08239583333333
2026-05-16 18:30:00,31.106770833333332,49.23083333333333
2026-05-16 18:35:00,31.1096875,49.30111111111111
2026-05-16 18:40:00,31.110590277777774,49.33416666666667
2026-05-16 18:45:00,31.104930555555555,49.380312499999995
2026-05-16 18:50:00,31.10166666666667,49.41986111111111
2026-05-16 18:55:00,31.09732638888889,49.56489583333334
2026-05-16 19:00:00,31.098298611111108,49.66041666666666
2026-05-16 19:05:00,31.09909722222222,49.69631944444444
2026-05-16 19:10:00,31.09190972222222,49.7446875
2026-05-16 19:15:00,31.088784722222222,49.87663194444445
2026-05-16 19:20:00,31.08784722222222,50.032812500000006
2026-05-16 19:25:00,31.088020833333335,50.078576388888884
2026-05-16 19:30:00,31.08607638888889,50.11392361111111
2026-05-16 19:35:00,31.078472222222224,50.202152777777776
2026-05-16 19:40:00,31.081006944444443,50.34993055555556
2026-05-16 19:45:00,31.07913194444444,50.39590277777778
2026-05-16 19:50:00,31.07784722222222,50.432673611111106
2026-05-16 19:55:00,31.072673611111114,50.56913194444444
2026-05-16 20:00:00,31.075104166666662,50.713854166666664
2026-05-16 20:05:00,31.075138888888887,50.736736111111114
2026-05-16 20:10:00,31.071284722222224,50.84059027777778
2026-05-16 20:15:00,31.07222222222222,50.96055555555555
2026-05-16 20:20:00,31.07253472222222,51.06822916666667
2026-05-16 20:25:00,31.072083333333335,51.10013888888889
2026-05-16 20:30:00,31.070520833333333,51.20086805555555
2026-05-16 20:35:00,31.069374999999997,51.28142361111111
2026-05-16 20:40:00,31.06868055555556,51.31086805555556
2026-05-16 20:45:00,31.06673611111111,51.38472222222222
2026-05-16 20:50:00,31.065381944444443,51.44354166666667
2026-05-16 20:55:00,31.05954861111111,51.44802083333334
2026-05-16 21:00:00,31.05694444444445,51.512708333333336
2026-05-16 21:05:00,31.05125,51.51371527777778
2026-05-16 21:10:00,31.04798611111111,51.58083333333333
2026-05-16 21:15:00,31.045381944444443,51.59288194444444
2026-05-16 21:20:00,31.04180555555556,51.583194444444445
2026-05-16 21:25:00,31.038263888888892,51.64277777777778
2026-05-16 21:30:00,31.036493055555557,51.615625
2026-05-16 21:35:00,31.030000000000005,51.69291666666666
2026-05-16 21:40:00,31.03135416666667,51.6815625
2026-05-16 21:45:00,31.024236111111108,51.697187500000005
2026-05-16 21:50:00,31.024583333333332,51.726840277777775
2026-05-16 21:55:00,31.020590277777778,51.706180555555555
2026-05-16 22:00:00,31.01795138888889,51.80611111111111
2026-05-16 22:05:00,31.017500000000002,51.8053125
2026-05-16 22:10:00,31.013854166666665,51.84840277777778
2026-05-16 22:15:00,31.012118055555554,51.88034722222223
2026-05-16 22:20:00,31.01138888888889,51.89357638888888
2026-05-16 22:25:00,31.008020833333337,51.932118055555556
2026-05-16 22:30:00,31.008125,51.95652777777778
2026-05-16 22:35:00,31.003715277777776,51.99451388888889
2026-05-16 22:40:00,31.000520833333333,52.01920138888889
2026-05-16 22:45:00,30.998229166666665,51.976840277777775
2026-05-16 22:50:00,30.994583333333335,51.99947916666667
2026-05-16 22:55:00,30.99277777777778,51.992222222222225
2026-05-16 23:00:00,30.988888888888887,52.01211805555556
2026-05-16 23:05:00,30.98659722222222,52.0196875
2026-05-16 23:10:00,30.990416666666665,51.99604166666666
2026-05-16 23:15:00,30.988854166666663,51.9934375
2026-05-16 23:20:00,30.99038194444445,52.0190625
2026-05-16 23:25:00,30.99451388888889,51.98871527777778
2026-05-16 23:30:00,30.994756944444443,51.9409375
2026-05-16 23:35:00,30.997083333333332,51.91621527777777
2026-05-16 23:40:00,30.995625,51.86336805555556
2026-05-16 23:45:00,30.993333333333332,51.84267361111111
2026-05-16 23:50:00,30.994374999999998,51.77878472222222
2026-05-16 23:55:00,30.992916666666662,51.74902777777778
2026-05-17 00:00:00,30.989375000000003,51.71243055555556
2026-05-17 00:05:00,30.989687499999995,51.668368055555554
2026-05-17 00:10:00,30.987743055555555,51.61006944444444
2026-05-17 00:15:00,30.98451388888889,51.60236111111111
2026-05-17 00:20:00,30.985104166666662,51.529131944444444
2026-05-17 00:25:00,30.983159722222222,51.4857638888889
2026-05-17 00:30:00,30.982118055555556,51.46694444444445
2026-05-17 00:35:00,30.981597222222224,51.41354166666667
2026-05-17 00:40:00,30.979027777777773,51.34934027777778
2026-05-17 00:45:00,30.97503472222222,51.30913194444444
2026-05-17 00:50:00,30.96861111111111,51.25378472222222
2026-05-17 00:55:00,30.967673611111113,51.19715277777778
2026-05-17 01:00:00,30.964861111111116,51.13048611111111
2026-05-17 01:05:00,30.961354166666663,51.085520833333334
2026-05-17 01:10:00,30.9575,51.026631944444446
2026-05-17 01:15:00,30.956840277777783,50.965555555555554
2026-05-17 01:20:00,30.95715277777778,50.9025
2026-05-17 01:25:00,30.953541666666663,50.85621527777778
2026-05-17 01:30:00,30.951736111111114,50.807118055555556
2026-05-17 01:35:00,30.946284722222224,50.76875
2026-05-17 01:40:00,30.942847222222227,50.72642361111111
2026-05-17 01:45:00,30.940729166666667,50.67711805555555
2026-05-17 01:50:00,30.935694444444444,50.6421875
2026-05-17 01:55:00,30.932708333333338,50.603923611111114
2026-05-17 02:00:00,30.929236111111113,50.54958333333333
2026-05-17 02:05:00,30.924687500000005,50.51864583333334
2026-05-17 02:10:00,30.921944444444446,50.484652777777775
2026-05-17 02:15:00,30.918576388888887,50.43222222222222
2026-05-17 02:20:00,30.9140625,50.405590277777776
2026-05-17 02:25:00,30.911354166666666,50.37538194444445
2026-05-17 02:30:00,30.909131944444443,50.34107638888889
2026-05-17 02:35:00,30.908368055555556,50.304652777777775
2026-05-17 02:40:00,30.908506944444444,50.2671875
2026-05-17 02:45:00,30.904791666666668,50.242326388888884
2026-05-17 02:50:00,30.9025,50.213229166666665
2026-05-17 02:55:00,30.901458333333338,50.18194444444444
2026-05-17 03:00:00,30.90090277777778,50.15038194444444
2026-05-17 03:05:00,30.900416666666672,50.119479166666665
2026-05-17 03:10:00,30.899652777777778,50.09024305555556
2026-05-17 03:15:00,30.89875,50.06267361111111
2026-05-17 03:20:00,30.898020833333337,50.036319444444445
2026-05-17 03:25:00,30.89739583333333,50.01090277777777
2026-05-17 03:30:00,30.8965625,49.98701388888889
2026-05-17 03:35:00,30.895451388888887,49.965
2026-05-17 03:40:00,30.894340277777776,49.944652777777776
2026-05-17 03:45:00,30.893368055555552,49.92548611111111
2026-05-17 03:50:00,30.89263888888889,49.90715277777778
2026-05-17 03:55:00,30.892013888888886,49.88927083333333
2026-05-17 04:00:00,30.89163194444445,49.871805555555554
2026-05-17 04:05:00,30.891284722222224,49.85489583333333
2026-05-17 04:10:00,30.890937499999993,49.83888888888889
2026-05-17 04:15:00,30.890590277777775,49.82364583333333
2026-05-17 04:20:00,30.89024305555556,49.80927083333333
2026-05-17 04:25:00,30.889965277777776,49.79565972222222
2026-05-17 04:30:00,30.889826388888892,49.782291666666666
2026-05-17 04:35:00,30.889791666666667,49.76923611111111
2026-05-17 04:40:00,30.88993055555555,49.756354166666675
2026-05-17 04:45:00,30.890277777777776,49.74340277777778
2026-05-17 04:50:00,30.89076388888889,49.730381944444446
2026-05-17 04:55:00,30.891388888888887,49.71736111111111
2026-05-17 05:00:00,30.89215277777778,49.70454861111111
2026-05-17 05:05:00,30.892986111111114,49.69190972222222
2026-05-17 05:10:00,30.893923611111113,49.6796875
2026-05-17 05:15:00,30.894930555555554,49.66763888888889
2026-05-17 05:20:00,30.896041666666665,49.65576388888889
2026-05-17 05:25:00,30.897152777777777,49.644131944444446
2026-05-17 05:30:00,30.89836805555556,49.6325
2026-05-17 05:35:00,30.899618055555557,49.621006944444446
2026-05-17 05:40:00,30.900937500000005,49.60958333333333
2026-05-17 05:45:00,30.90229166666667,49.59822916666666
2026-05-17 05:50:00,30.903749999999995,49.58708333333333
2026-05-17 05:55:00,30.905069444444443,49.576076388888886
2026-05-17 06:00:00,30.906354166666663,49.56552083333334
2026-05-17 06:05:00,30.90767361111111,49.55520833333333
2026-05-17 06:10:00,30.908923611111113,49.545138888888886
2026-05-17 06:15:00,30.910243055555554,49.535069444444446
2026-05-17 06:20:00,30.911562500000002,49.52493055555556
2026-05-17 06:25:00,30.912986111111113,49.514270833333335
2026-05-17 06:30:00,30.914409722222224,49.503055555555555
2026-05-17 06:35:00,30.912604166666668,49.474756944444444
2026-05-17 06:40:00,30.91027777777778,49.47440972222223
2026-05-17 06:45:00,30.908784722222222,49.47024305555556
2026-05-17 06:50:00,30.90784722222222,49.46357638888889
2026-05-17 06:55:00,30.90729166666667,49.455104166666665
2026-05-17 07:00:00,30.907083333333333,49.44506944444444
2026-05-17 07:05:00,30.907152777777778,49.43371527777778
2026-05-17 07:10:00,30.90736111111111,49.421458333333334
2026-05-17 07:15:00,30.90777777777778,49.40840277777777
2026-05-17 07:20:00,30.90829861111111,49.394618055555554
2026-05-17 07:25:00,30.908784722222222,49.38041666666666
2026-05-17 07:30:00,30.905173611111113,49.39145833333333
2026-05-17 07:35:00,30.90652777777778,49.36913194444444
2026-05-17 07:40:00,30.907604166666665,49.34857638888889
2026-05-17 07:45:00,30.908611111111114,49.32829861111111
2026-05-17 07:50:00,30.908923611111106,49.27899305555556
2026-05-17 07:55:00,30.905625000000004,49.272083333333335
2026-05-17 08:00:00,30.903750000000002,49.258472222222224
2026-05-17 08:05:00,30.899270833333333,49.203784722222224
2026-05-17 08:10:00,30.89527777777778,49.19552083333334
2026-05-17 08:15:00,30.893298611111106,49.17850694444444
2026-05-17 08:20:00,30.88760416666667,49.173680555555556
2026-05-17 08:25:00,30.88444444444444,49.157361111111115
2026-05-17 08:30:00,30.877708333333334,49.15618055555556
2026-05-17 08:35:00,30.87329861111111,49.141597222222224
2026-05-17 08:40:00,30.8678125,49.08444444444444
2026-05-17 08:45:00,30.862256944444443,49.07163194444444
2026-05-17 08:50:00,30.85888888888889,49.070625
2026-05-17 08:55:00,30.85579861111111,49.04131944444444
2026-05-17 09:00:00,30.85239583333334,48.97711805555556
2026-05-17 09:05:00,30.845937499999998,48.98569444444444
2026-05-17 09:10:00,30.844097222222224,48.90326388888889
2026-05-17 09:15:00,30.83795138888889,48.88086805555555
2026-05-17 09:20:00,30.838645833333334,48.80802083333334
2026-05-17 09:25:00,30.833333333333332,48.77996527777778
2026-05-17 09:30:00,30.831805555555555,48.79097222222222
2026-05-17 09:35:00,30.826527777777773,48.719166666666666
2026-05-17 09:40:00,30.82222222222222,48.68555555555555
2026-05-17 09:45:00,30.819236111111106,48.59590277777778
2026-05-17 09:50:00,30.814166666666665,48.56604166666667
2026-05-17 09:55:00,30.81239583333333,48.560694444444444
2026-05-17 10:00:00,30.805208333333333,48.54486111111111
2026-05-17 10:05:00,30.802604166666665,48.57399305555556
2026-05-17 10:10:00,30.798437500000002,48.4659375
2026-05-17 10:15:00,30.792534722222214,48.445
2026-05-17 10:20:00,30.792187499999997,48.394236111111105
2026-05-17 10:25:00,30.78440972222223,48.36475694444445
2026-05-17 10:30:00,30.782777777777774,48.41197916666667
2026-05-17 10:35:00,30.77972222222222,48.29736111111111
2026-05-17 10:40:00,30.771041666666665,48.3078125
2026-05-17 10:45:00,30.771874999999998,48.326249999999995
2026-05-17 10:50:00,30.767743055555556,48.20784722222223
2026-05-17 10:55:00,30.75934027777778,48.285868055555554
2026-05-17 11:00:00,30.761701388888884,48.31677083333333
2026-05-17 11:05:00,30.757569444444446,48.195034722222225
2026-05-17 11:10:00,30.747569444444448,48.179861111111116
2026-05-17 11:15:00,30.747638888888886,48.2659375
2026-05-17 11:20:00,30.745277777777776,48.140763888888884
2026-05-17 11:25:00,30.736597222222226,48.12361111111111
2026-05-17 11:30:00,30.73142361111111,48.21628472222222
2026-05-17 11:35:00,30.731006944444445,48.176180555555554
2026-05-17 11:40:00,30.72545138888889,48.157604166666665
2026-05-17 11:45:00,30.72097222222222,48.154374999999995
2026-05-17 11:50:00,30.717569444444443,48.15027777777778
2026-05-17 11:55:00,30.715034722222224,48.13472222222222
2026-05-17 12:00:00,30.712604166666665,48.12638888888889
2026-05-17 12:05:00,30.71045138888889,48.11986111111111
2026-05-17 12:10:00,30.708680555555556,48.113263888888895
2026-05-17 12:15:00,30.704479166666665,48.06913194444444
2026-05-17 12:20:00,30.70142361111111,48.05756944444445
2026-05-17 12:25:00,30.695,48.03885416666667
2026-05-17 12:30:00,30.68951388888889,47.95145833333333
2026-05-17 12:35:00,30.683298611111113,47.969340277777775
2026-05-17 12:40:00,30.68131944444444,48.056805555555556
2026-05-17 12:45:00,30.680555555555557,47.95684027777778
2026-05-17 12:50:00,30.67565972222222,47.97350694444444
2026-05-17 12:55:00,30.676111111111116,48.01322916666666
2026-05-17 13:00:00,30.676284722222217,47.94895833333333
2026-05-17 13:05:00,30.673645833333328,47.94052083333333
2026-05-17 13:10:00,30.674479166666668,47.93434027777778
2026-05-17 13:15:00,30.674687499999997,47.92482638888889
2026-05-17 13:20:00,30.67447916666666,47.915
2026-05-17 13:25:00,30.673784722222226,47.905902777777776
2026-05-17 13:30:00,30.67288194444444,47.898020833333334
2026-05-17 13:35:00,30.67173611111111,47.890590277777775
2026-05-17 13:40:00,30.670416666666668,47.884479166666665
2026-05-17 13:45:00,30.669166666666666,47.87809027777777
2026-05-17 13:50:00,30.6678125,47.87204861111111
2026-05-17 13:55:00,30.66840277777778,47.96371527777777
2026-05-17 14:00:00,30.672083333333333,47.926076388888895
2026-05-17 14:05:00,30.667951388888884,47.82246527777778
2026-05-17 14:10:00,30.664131944444446,47.81496527777777
2026-05-17 14:15:00,30.661666666666672,47.803715277777776
2026-05-17 14:20:00,30.65361111111111,47.685069444444444
2026-05-17 14:25:00,30.641354166666662,47.6553125
2026-05-17 14:30:00,30.63267361111111,47.656111111111116
2026-05-17 14:35:00,30.625034722222217,47.55604166666667
2026-05-17 14:40:00,30.612361111111113,47.46246527777778
2026-05-17 14:45:00,30.600902777777776,47.46489583333334
2026-05-17 14:50:00,30.592881944444443,47.4675
2026-05-17 14:55:00,30.586840277777778,47.468576388888884
2026-05-17 15:00:00,30.582291666666663,47.46711805555556
2026-05-17 15:05:00,30.578645833333333,47.46607638888889
2026-05-17 15:10:00,30.575694444444448,47.464375
2026-05-17 15:15:00,30.573402777777776,47.46072916666667
2026-05-17 15:20:00,30.571701388888886,47.456423611111106
2026-05-17 15:25:00,30.570277777777775,47.452083333333334
2026-05-17 15:30:00,30.56920138888889,47.44857638888889
2026-05-17 15:35:00,30.563645833333332,47.3465625
2026-05-17 15:40:00,30.552708333333335,47.295277777777784
2026-05-17 15:45:00,30.544131944444448,47.288715277777776
2026-05-17 15:50:00,30.537118055555556,47.28451388888888
2026-05-17 15:55:00,30.530868055555555,47.28059027777778
2026-05-17 16:00:00,30.524895833333332,47.27791666666666
2026-05-17 16:05:00,30.519027777777776,47.27607638888889
2026-05-17 16:10:00,30.513263888888886,47.27413194444445
2026-05-17 16:15:00,30.50739583333333,47.27267361111112
2026-05-17 16:20:00,30.501562500000002,47.27180555555555
2026-05-17 16:25:00,30.495555555555555,47.27152777777778
2026-05-17 16:30:00,30.489513888888887,47.26986111111111
2026-05-17 16:35:00,30.483263888888885,47.2684375
2026-05-17 16:40:00,30.476874999999993,47.26666666666667
2026-05-17 16:45:00,30.470694444444444,47.266111111111115
2026-05-17 16:50:00,30.464340277777776,47.26305555555555
2026-05-17 16:55:00,30.46104166666667,47.363506944444445
2026-05-17 17:00:00,30.464375,47.47600694444444
2026-05-17 17:05:00,30.46802083333333,47.471736111111106
2026-05-17 17:10:00,30.467916666666667,47.46041666666667
2026-05-17 17:15:00,30.471770833333338,47.556666666666665
2026-05-17 17:20:00,30.480243055555555,47.57718750000001
2026-05-17 17:25:00,30.485208333333333,47.562222222222225
2026-05-17 17:30:00,30.490104166666665,47.5615625
2026-05-17 17:35:00,30.493437499999995,47.47927083333334
2026-05-17 17:40:00,30.49086805555556,47.46
2026-05-17 17:45:00,30.49461805555556,47.52670138888888
2026-05-17 17:50:00,30.496284722222224,47.407604166666665
2026-05-17 17:55:00,30.49246527777778,47.385000000000005
2026-05-17 18:00:00,30.489062500000003,47.37027777777778
2026-05-17 18:05:00,30.486006944444448,47.35836805555556
2026-05-17 18:10:00,30.483125000000005,47.34729166666667
2026-05-17 18:15:00,30.48034722222222,47.3359375
2026-05-17 18:20:00,30.48194444444444,47.42138888888889
2026-05-17 18:25:00,30.488541666666663,47.421597222222225
2026-05-17 18:30:00,30.48871527777778,47.30638888888889
2026-05-17 18:35:00,30.481805555555557,47.26166666666667
2026-05-17 18:40:00,30.47628472222222,47.246493055555554
2026-05-17 18:45:00,30.47180555555556,47.23274305555556
2026-05-17 18:50:00,30.472326388888884,47.31274305555556
2026-05-17 18:55:00,30.475173611111114,47.20388888888888
2026-05-17 19:00:00,30.46927083333334,47.13690972222222
2026-05-17 19:05:00,30.463819444444443,47.11868055555556
2026-05-17 19:10:00,30.46277777777778,47.18680555555556
2026-05-17 19:15:00,30.467187499999998,47.088993055555555
2026-05-17 19:20:00,30.46197916666667,46.95597222222222
2026-05-17 19:25:00,30.454895833333335,46.93503472222223
2026-05-17 19:30:00,30.45513888888889,46.971875000000004
2026-05-17 19:35:00,30.45829861111111,46.909444444444446
2026-05-17 19:40:00,30.452465277777783,46.7725
2026-05-17 19:45:00,30.44541666666667,46.808680555555554
2026-05-17 19:50:00,30.447986111111113,46.79569444444444
2026-05-17 19:55:00,30.44701388888889,46.66795138888889
2026-05-17 20:00:00,30.440381944444443,46.585138888888885
2026-05-17 20:05:00,30.43923611111111,46.564479166666665
2026-05-17 20:10:00,30.438333333333333,46.513020833333336
2026-05-17 20:15:00,30.43902777777778,46.39930555555556
2026-05-17 20:20:00,30.4371875,46.281666666666666
2026-05-17 20:25:00,30.434722222222224,46.27430555555556
2026-05-17 20:30:00,30.4375,46.167951388888895
2026-05-17 20:35:00,30.433506944444446,46.09631944444445
2026-05-17 20:40:00,30.43239583333333,46.08
2026-05-17 20:45:00,30.432465277777776,45.978437500000005
2026-05-17 20:50:00,30.430763888888887,45.91375
2026-05-17 20:55:00,30.428506944444443,45.89138888888888
2026-05-17 21:00:00,30.426666666666662,45.82038194444445
2026-05-17 21:05:00,30.423645833333335,45.7975
2026-05-17 21:10:00,30.421527777777783,45.718784722222225
2026-05-17 21:15:00,30.41986111111111,45.679548611111116
2026-05-17 21:20:00,30.42135416666666,45.663263888888885
2026-05-17 21:25:00,30.421493055555555,45.56690972222222
2026-05-17 21:30:00,30.41923611111111,45.573125
2026-05-17 21:35:00,30.422812500000003,45.46295138888889
2026-05-17 21:40:00,30.41784722222222,45.44864583333334
2026-05-17 21:45:00,30.422708333333333,45.401354166666664
2026-05-17 21:50:00,30.418680555555554,45.34281250000001
2026-05-17 21:55:00,30.42083333333333,45.335347222222225
2026-05-17 22:00:00,30.419305555555557,45.250277777777775
2026-05-17 22:05:00,30.41809027777778,45.21913194444445
2026-05-17 22:10:00,30.418680555555554,45.16690972222222
2026-05-17 22:15:00,30.418750000000003,45.101215277777776
2026-05-17 22:20:00,30.418125,45.07600694444445
2026-05-17 22:25:00,30.420243055555552,45.00055555555556
2026-05-17 22:30:00,30.417256944444446,44.962916666666665
2026-05-17 22:35:00,30.419131944444448,44.8915625
2026-05-17 22:40:00,30.417256944444446,44.821423611111115
2026-05-17 22:45:00,30.417500000000004,44.824999999999996
2026-05-17 22:50:00,30.41722222222222,44.75364583333333
2026-05-17 22:55:00,30.415833333333335,44.75833333333333
2026-05-17 23:00:00,30.417881944444446,44.68802083333333
2026-05-17 23:05:00,30.412916666666668,44.66180555555556
2026-05-17 23:10:00,30.408541666666665,44.62805555555556
2026-05-17 23:15:00,30.404062500000002,44.604479166666664
2026-05-17 23:20:00,30.40048611111111,44.571284722222224
2026-05-17 23:25:00,30.39225694444444,44.56583333333334
2026-05-17 23:30:00,30.389652777777776,44.57434027777778
2026-05-17 23:35:00,30.383993055555557,44.564791666666665
2026-05-17 23:40:00,30.38423611111111,44.57131944444444
2026-05-17 23:45:00,30.37975694444445,44.5625
2026-05-17 23:50:00,30.378993055555554,44.569583333333334
2026-05-17 23:55:00,30.375659722222224,44.54805555555556
2026-05-18 00:00:00,30.375555555555554,44.55586805555556
2026-05-18 00:05:00,30.37472222222222,44.52298611111111
2026-05-18 00:10:00,30.374375,44.5315625
2026-05-18 00:15:00,30.37663194444444,44.506770833333334
2026-05-18 00:20:00,30.37552083333334,44.51784722222223
2026-05-18 00:25:00,30.37763888888889,44.50177083333333
2026-05-18 00:30:00,30.37440972222222,44.51402777777778
2026-05-18 00:35:00,30.376284722222223,44.49944444444444
2026-05-18 00:40:00,30.37472222222222,44.513194444444444
2026-05-18 00:45:00,30.37652777777778,44.49961805555556
2026-05-18 00:50:00,30.376284722222223,44.51329861111111
2026-05-18 00:55:00,30.377743055555552,44.501666666666665
2026-05-18 01:00:00,30.376354166666665,44.51777777777778
2026-05-18 01:05:00,30.377187500000005,44.509409722222216
2026-05-18 01:10:00,30.375763888888887,44.50180555555555
2026-05-18 01:15:00,30.37628472222222,44.496006944444446
2026-05-18 01:20:00,30.37340277777778,44.48375
2026-05-18 01:25:00,30.374131944444443,44.47972222222222
2026-05-18 01:30:00,30.37315972222222,44.465312499999996
2026-05-18 01:35:00,30.373645833333335,44.46361111111111
2026-05-18 01:40:00,30.374375,44.46270833333333
2026-05-18 01:45:00,30.369965277777776,44.48190972222222
2026-05-18 01:50:00,30.37107638888889,44.482013888888886
2026-05-18 01:55:00,30.36902777777778,44.4634375
2026-05-18 02:00:00,30.36736111111111,44.49163194444444
2026-05-18 02:05:00,30.369027777777774,44.49239583333333
2026-05-18 02:10:00,30.364895833333335,44.511527777777786
2026-05-18 02:15:00,30.36402777777778,44.54159722222222
2026-05-18 02:20:00,30.365694444444443,44.52697916666667
2026-05-18 02:25:00,30.36253472222223,44.54402777777778
2026-05-18 02:30:00,30.364965277777774,44.54378472222223
2026-05-18 02:35:00,30.36618055555555,44.54802083333333
2026-05-18 02:40:00,30.36649305555556,44.555
2026-05-18 02:45:00,30.37052083333333,44.5509375
2026-05-18 02:50:00,30.372916666666665,44.552569444444444
2026-05-18 02:55:00,30.373923611111113,44.55777777777777
2026-05-18 03:00:00,30.374201388888885,44.56482638888889
2026-05-18 03:05:00,30.374097222222222,44.572604166666665
2026-05-18 03:10:00,30.37395833333333,44.58038194444444
2026-05-18 03:15:00,30.37430555555556,44.586979166666666
2026-05-18 03:20:00,30.375,44.592013888888886
2026-05-18 03:25:00,30.375972222222224,44.595555555555556
2026-05-18 03:30:00,30.377291666666665,44.59732638888889
2026-05-18 03:35:00,30.37885416666667,44.59746527777778
2026-05-18 03:40:00,30.38059027777778,44.59600694444444
2026-05-18 03:45:00,30.382569444444446,44.59291666666667
2026-05-18 03:50:00,30.384756944444444,44.588298611111114
2026-05-18 03:55:00,30.3871875,44.582326388888895
2026-05-18 04:00:00,30.38677083333333,44.551770833333336
2026-05-18 04:05:00,30.385694444444443,44.554236111111116
2026-05-18 04:10:00,30.385520833333334,44.552395833333335
2026-05-18 04:15:00,30.385937499999997,44.54743055555556
2026-05-18 04:20:00,30.38677083333333,44.53986111111111
2026-05-18 04:25:00,30.387812500000003,44.53024305555556
2026-05-18 04:30:00,30.388958333333328,44.51902777777778
2026-05-18 04:35:00,30.39017361111111,44.50631944444444
2026-05-18 04:40:00,30.391423611111108,44.49243055555556
2026-05-18 04:45:00,30.388958333333335,44.48413194444444
2026-05-18 04:50:00,30.386701388888884,44.47774305555556
2026-05-18 04:55:00,30.385381944444443,44.467395833333335
2026-05-18 05:00:00,30.3846875,44.453715277777775
2026-05-18 05:05:00,30.38444444444444,44.437013888888885
2026-05-18 05:10:00,30.384479166666665,44.4178125
2026-05-18 05:15:00,30.384756944444447,44.39635416666667
2026-05-18 05:20:00,30.381041666666672,44.38430555555556
2026-05-18 05:25:00,30.378437500000004,44.367152777777775
2026-05-18 05:30:00,30.376666666666665,44.34628472222222
2026-05-18 05:35:00,30.37559027777778,44.32256944444444
2026-05-18 05:40:00,30.37489583333333,44.29670138888889
2026-05-18 05:45:00,30.374618055555555,44.268819444444446
2026-05-18 05:50:00,30.374548611111113,44.239131944444445
2026-05-18 05:55:00,30.370729166666667,44.21822916666667
2026-05-18 06:00:00,30.36791666666667,44.19298611111111
2026-05-18 06:05:00,30.366111111111113,44.16413194444445
2026-05-18 06:10:00,30.36503472222222,44.132847222222225
2026-05-18 06:15:00,30.364618055555557,44.09961805555556
2026-05-18 06:20:00,30.360347222222217,44.07559027777778
2026-05-18 06:25:00,30.35753472222222,44.04774305555556
2026-05-18 06:30:00,30.355833333333333,44.017812500000005
2026-05-18 06:35:00,30.358194444444443,44.00309027777778
2026-05-18 06:40:00,30.357395833333335,43.969965277777774
2026-05-18 06:45:00,30.357430555555556,43.93611111111111
2026-05-18 06:50:00,30.35809027777778,43.90166666666667
2026-05-18 06:55:00,30.359166666666663,43.866909722222225
2026-05-18 07:00:00,30.356076388888887,43.84326388888889
2026-05-18 07:05:00,30.354236111111113,43.81628472222222
2026-05-18 07:10:00,30.3534375,43.7871875
2026-05-18 07:15:00,30.35315972222222,43.75107638888889
2026-05-18 07:20:00,30.349166666666665,43.73083333333334
2026-05-18 07:25:00,30.34680555555555,43.70666666666667
2026-05-18 07:30:00,30.346006944444444,43.64357638888889
2026-05-18 07:35:00,30.34475694444444,43.61625
2026-05-18 07:40:00,30.344513888888887,43.5840625
2026-05-18 07:45:00,30.34,43.569583333333334
2026-05-18 07:50:00,30.338125000000005,43.57923611111111
2026-05-18 07:55:00,30.3359375,43.5596875
2026-05-18 08:00:00,30.335034722222222,43.53868055555555
2026-05-18 08:05:00,30.33246527777778,43.575208333333336
2026-05-18 08:10:00,30.332638888888894,43.554409722222225
2026-05-18 08:15:00,30.332951388888894,43.537326388888886
2026-05-18 08:20:00,30.334270833333328,43.520312499999996
2026-05-18 08:25:00,30.334722222222222,43.50812499999999
2026-05-18 08:30:00,30.340416666666663,43.47711805555556
2026-05-18 08:35:00,30.34486111111111,43.452326388888885
2026-05-18 08:40:00,30.346319444444443,43.4875
2026-05-18 08:45:00,30.348298611111108,43.44510416666667
2026-05-18 08:50:00,30.346701388888885,43.48125
2026-05-18 08:55:00,30.347013888888892,43.43840277777778
2026-05-18 09:00:00,30.345833333333328,43.478923611111114
2026-05-18 09:05:00,30.346041666666665,43.4359375
2026-05-18 09:10:00,30.34503472222222,43.48121527777778
2026-05-18 09:15:00,30.346458333333334,43.43541666666667
2026-05-18 09:20:00,30.34545138888889,43.46510416666666
2026-05-18 09:25:00,30.34638888888889,43.41430555555556
2026-05-18 09:30:00,30.343020833333338,43.43388888888889
2026-05-18 09:35:00,30.345659722222226,43.418055555555554
2026-05-18 09:40:00,30.34211805555556,43.43055555555556
2026-05-18 09:45:00,30.344652777777778,43.43725694444444
2026-05-18 09:50:00,30.341354166666665,43.38756944444444
2026-05-18 09:55:00,30.34173611111111,43.425763888888895
2026-05-18 10:00:00,30.34423611111111,43.349895833333335
2026-05-18 10:05:00,30.337083333333332,43.34118055555555
2026-05-18 10:10:00,30.34059027777778,43.37579861111111
2026-05-18 10:15:00,30.33836805555556,43.31663194444444
2026-05-18 10:20:00,30.332326388888887,43.37722222222222
2026-05-18 10:25:00,30.33725694444444,43.33802083333333
2026-05-18 10:30:00,30.332743055555554,43.282847222222216
2026-05-18 10:35:00,30.32854166666667,43.285243055555554
2026-05-18 10:40:00,30.32506944444445,43.26583333333333
2026-05-18 10:45:00,30.323229166666668,43.265486111111116
2026-05-18 10:50:00,30.322673611111107,43.266215277777775
2026-05-18 10:55:00,30.320868055555554,43.1671875
2026-05-18 11:00:00,30.311597222222222,43.1328125
2026-05-18 11:05:00,30.305243055555554,43.13767361111111
2026-05-18 11:10:00,30.307118055555552,43.21607638888889
2026-05-18 11:15:00,30.305451388888887,43.128993055555554
2026-05-18 11:20:00,30.301388888888887,43.128888888888895
2026-05-18 11:25:00,30.29958333333333,43.13013888888889
2026-05-18 11:30:00,30.29798611111111,43.03534722222222
2026-05-18 11:35:00,30.28916666666667,42.94809027777777
2026-05-18 11:40:00,30.282187499999996,42.94989583333333
2026-05-18 11:45:00,30.27829861111111,42.95149305555556
2026-05-18 11:50:00,30.276458333333338,42.95065972222222
2026-05-18 11:55:00,30.26982638888889,42.82902777777778
2026-05-18 12:00:00,30.260902777777776,42.8209375
2026-05-18 12:05:00,30.255416666666665,42.820902777777775
2026-05-18 12:10:00,30.252499999999998,42.8196875
2026-05-18 12:15:00,30.25010416666667,42.728125
2026-05-18 12:20:00,30.24743055555555,42.68270833333333
2026-05-18 12:25:00,30.249444444444446,42.6834375
2026-05-18 12:30:00,30.250937499999996,42.673923611111114
2026-05-18 12:35:00,30.251388888888886,42.6171875
2026-05-18 12:40:00,30.250034722222225,42.52236111111111
2026-05-18 12:45:00,30.24729166666667,42.51642361111111
2026-05-18 12:50:00,30.245104166666668,42.4696875
2026-05-18 12:55:00,30.241319444444443,42.425486111111105
2026-05-18 13:00:00,30.23927083333334,42.42333333333333
2026-05-18 13:05:00,30.23399305555556,42.326840277777784
2026-05-18 13:10:00,30.227291666666662,42.32256944444444
2026-05-18 13:15:00,30.223993055555557,42.32055555555556
2026-05-18 13:20:00,30.22309027777778,42.31635416666667
2026-05-18 13:25:00,30.22392361111111,42.30878472222222
2026-05-18 13:30:00,30.22597222222222,42.29784722222222
2026-05-18 13:35:00,30.228958333333335,42.2840625
2026-05-18 13:40:00,30.23263888888889,42.26847222222222
2026-05-18 13:45:00,30.236979166666668,42.25184027777778
2026-05-18 13:50:00,30.24190972222222,42.23388888888889
2026-05-18 13:55:00,30.245312499999997,42.11711805555555
2026-05-18 14:00:00,30.24190972222222,42.016666666666666
2026-05-18 14:05:00,30.24027777777778,41.99583333333333
2026-05-18 14:10:00,30.240833333333327,41.97739583333334
2026-05-18 14:15:00,30.24288194444444,41.958958333333335
2026-05-18 14:20:00,30.24614583333333,41.93951388888889
2026-05-18 14:25:00,30.2503125,41.91861111111111
2026-05-18 14:30:00,30.25517361111112,41.89576388888889
2026-05-18 14:35:00,30.26045138888889,41.87166666666666
2026-05-18 14:40:00,30.266041666666663,41.84694444444444
2026-05-18 14:45:00,30.272083333333335,41.82145833333333
2026-05-18 14:50:00,30.278506944444448,41.79454861111111
2026-05-18 14:55:00,30.28527777777778,41.76607638888889
2026-05-18 15:00:00,30.29222222222222,41.737118055555555
2026-05-18 15:05:00,30.299444444444443,41.70552083333334
2026-05-18 15:10:00,30.306979166666665,41.67243055555556
2026-05-18 15:15:00,30.314652777777773,41.63913194444444
2026-05-18 15:20:00,30.32236111111111,41.60565972222222
2026-05-18 15:25:00,30.330104166666672,41.572048611111114
2026-05-18 15:30:00,30.33795138888889,41.537256944444444
2026-05-18 15:35:00,30.345937500000005,41.5025
2026-05-18 15:40:00,30.353923611111114,41.46805555555555
2026-05-18 15:45:00,30.36201388888889,41.433576388888895
2026-05-18 15:50:00,30.37013888888889,41.39795138888889
2026-05-18 15:55:00,30.378229166666667,41.36149305555555
2026-05-18 16:00:00,30.38625,41.323819444444446
2026-05-18 16:05:00,30.394305555555555,41.286701388888886
2026-05-18 16:10:00,30.4021875,41.250138888888884
2026-05-18 16:15:00,30.41003472222222,41.21347222222222
2026-05-18 16:20:00,30.4178125,41.176458333333336
2026-05-18 16:25:00,30.425555555555555,41.13899305555556
2026-05-18 16:30:00,30.433229166666667,41.10309027777778
2026-05-18 16:35:00,30.441006944444446,41.06774305555555
2026-05-18 16:40:00,30.448923611111113,41.032604166666665
2026-05-18 16:45:00,30.45680555555556,40.99638888888889
2026-05-18 16:50:00,30.46496527777778,40.96239583333333
2026-05-18 16:55:00,30.47017361111111,40.825
2026-05-18 17:00:00,30.468784722222225,40.67635416666667
2026-05-18 17:05:00,30.466909722222226,40.64694444444445
2026-05-18 17:10:00,30.467951388888892,40.62638888888889
2026-05-18 17:15:00,30.46395833333333,40.501736111111114
2026-05-18 17:20:00,30.454687500000002,40.45836805555555
2026-05-18 17:25:00,30.448923611111113,40.452951388888884
2026-05-18 17:30:00,30.44055555555555,40.34975694444445
2026-05-18 17:35:00,30.429166666666667,40.32694444444444
2026-05-18 17:40:00,30.42899305555555,40.317395833333336
2026-05-18 17:45:00,30.422777777777778,40.229479166666664
2026-05-18 17:50:00,30.413680555555555,40.225277777777784
2026-05-18 17:55:00,30.407152777777778,40.228229166666665
2026-05-18 18:00:00,30.4021875,40.23204861111111
2026-05-18 18:05:00,30.39829861111111,40.235729166666665
2026-05-18 18:10:00,30.395104166666663,40.23930555555555
2026-05-18 18:15:00,30.392534722222226,40.24302083333333
2026-05-18 18:20:00,30.386041666666667,40.150937500000005
2026-05-18 18:25:00,30.37482638888889,40.14430555555556
2026-05-18 18:30:00,30.371770833333333,40.23736111111111
2026-05-18 18:35:00,30.374652777777776,40.24986111111111
2026-05-18 18:40:00,30.375972222222224,40.25309027777777
2026-05-18 18:45:00,30.37631944444444,40.255833333333335
2026-05-18 18:50:00,30.37569444444445,40.26895833333334
2026-05-18 18:55:00,30.37559027777778,40.27513888888889
2026-05-18 19:00:00,30.375104166666663,40.27753472222222
2026-05-18 19:05:00,30.374375,40.282222222222224
2026-05-18 19:10:00,30.375763888888887,40.30170138888889
2026-05-18 19:15:00,30.374479166666667,40.30059027777778
2026-05-18 19:20:00,30.37315972222222,40.30618055555556
2026-05-18 19:25:00,30.37204861111111,40.313125
2026-05-18 19:30:00,30.368749999999995,40.368923611111114
2026-05-18 19:35:00,30.37024305555555,40.40059027777777
2026-05-18 19:40:00,30.371284722222217,40.40701388888888
2026-05-18 19:45:00,30.369479166666665,40.401944444444446
2026-05-18 19:50:00,30.368055555555557,40.46927083333334
2026-05-18 19:55:00,30.369895833333334,40.477222222222224
2026-05-18 20:00:00,30.368090277777778,40.442256944444445
2026-05-18 20:05:00,30.36736111111111,40.50791666666667
2026-05-18 20:10:00,30.369305555555552,40.473749999999995
2026-05-18 20:15:00,30.364409722222224,40.533229166666665
2026-05-18 20:20:00,30.363506944444445,40.5859375
2026-05-18 20:25:00,30.363888888888887,40.57472222222222
2026-05-18 20:30:00,30.36,40.61347222222222
2026-05-18 20:35:00,30.36350694444444,40.62611111111111
2026-05-18 20:40:00,30.3596875,40.665625000000006
2026-05-18 20:45:00,30.36041666666667,40.705416666666665
2026-05-18 20:50:00,30.360833333333332,40.696909722222216
2026-05-18 20:55:00,30.36329861111111,40.73583333333333
2026-05-18 21:00:00,30.36861111111111,40.73753472222222
2026-05-18 21:05:00,30.370312499999997,40.77520833333333
2026-05-18 21:10:00,30.37659722222222,40.761805555555554
2026-05-18 21:15:00,30.37298611111111,40.76204861111111
2026-05-18 21:20:00,30.375208333333337,40.77423611111111
2026-05-18 21:25:00,30.37142361111111,40.78034722222222
2026-05-18 21:30:00,30.372013888888887,40.79881944444444
2026-05-18 21:35:00,30.369583333333328,40.80138888888889
2026-05-18 21:40:00,30.36829861111111,40.82961805555556
2026-05-18 21:45:00,30.3675,40.844965277777774
2026-05-18 21:50:00,30.36649305555556,40.82694444444444
2026-05-18 21:55:00,30.36486111111111,40.84809027777778
2026-05-18 22:00:00,30.36559027777778,40.83177083333333
2026-05-18 22:05:00,30.36333333333333,40.85434027777777
2026-05-18 22:10:00,30.364201388888894,40.860937500000006
2026-05-18 22:15:00,30.36079861111111,40.88732638888889
2026-05-18 22:20:00,30.36184027777778,40.897638888888885
2026-05-18 22:25:00,30.3575,40.92704861111111
2026-05-18 22:30:00,30.36006944444445,40.95392361111111
2026-05-18 22:35:00,30.356840277777778,40.94461805555555
2026-05-18 22:40:00,30.35736111111111,40.97649305555555
2026-05-18 22:45:00,30.355937499999996,40.957256944444445
2026-05-18 22:50:00,30.35520833333333,40.99027777777778
2026-05-18 22:55:00,30.355277777777776,40.96982638888889
2026-05-18 23:00:00,30.35204861111111,41.004305555555554
2026-05-18 23:05:00,30.352916666666665,40.98499999999999
2026-05-18 23:10:00,30.348819444444448,41.02065972222222
2026-05-18 23:15:00,30.35111111111111,41.00604166666667
2026-05-18 23:20:00,30.346527777777776,41.04190972222222
2026-05-18 23:25:00,30.349652777777774,41.03833333333333
2026-05-18 23:30:00,30.34375,41.066180555555555
2026-05-18 23:35:00,30.346562499999997,41.06621527777778
2026-05-18 23:40:00,30.340868055555557,41.086284722222224
2026-05-18 23:45:00,30.342847222222222,41.088368055555556
2026-05-18 23:50:00,30.33826388888889,41.08270833333333
2026-05-18 23:55:00,30.33982638888889,41.09857638888889
2026-05-19 00:00:00,30.33423611111111,41.10809027777778
2026-05-19 00:05:00,30.333194444444448,41.13847222222223
2026-05-19 00:10:00,30.328506944444445,41.152951388888894
2026-05-19 00:15:00,30.32517361111111,41.175069444444446
2026-05-19 00:20:00,30.321840277777774,41.17027777777778
2026-05-19 00:25:00,30.318715277777773,41.185138888888886
2026-05-19 00:30:00,30.31670138888889,41.17111111111112
2026-05-19 00:35:00,30.314340277777774,41.183194444444446
2026-05-19 00:40:00,30.31263888888889,41.166979166666664
2026-05-19 00:45:00,30.310208333333335,41.17819444444444
2026-05-19 00:50:00,30.308784722222217,41.16072916666667
2026-05-19 00:55:00,30.306631944444444,41.1696875
2026-05-19 01:00:00,30.305243055555554,41.15131944444445
2026-05-19 01:05:00,30.303611111111106,41.15767361111111
2026-05-19 01:10:00,30.301458333333333,41.162465277777784
2026-05-19 01:15:00,30.3003125,41.166423611111114
2026-05-19 01:20:00,30.29868055555555,41.16954861111111
2026-05-19 01:25:00,30.297743055555557,41.1709375
2026-05-19 01:30:00,30.29555555555556,41.17024305555556
2026-05-19 01:35:00,30.29503472222222,41.16878472222223
2026-05-19 01:40:00,30.292326388888885,41.15302083333333
2026-05-19 01:45:00,30.2925,41.14788194444444
2026-05-19 01:50:00,30.292916666666663,41.140486111111116
2026-05-19 01:55:00,30.29079861111111,41.169756944444444
2026-05-19 02:00:00,30.291874999999997,41.161770833333335
2026-05-19 02:05:00,30.286979166666665,41.17326388888889
2026-05-19 02:10:00,30.28888888888889,41.16121527777777
2026-05-19 02:15:00,30.287777777777777,41.13170138888889
2026-05-19 02:20:00,30.284930555555555,41.15336805555555
2026-05-19 02:25:00,30.285937499999996,41.11899305555555
2026-05-19 02:30:00,30.28326388888889,41.12586805555556
2026-05-19 02:35:00,30.28225694444445,41.12756944444445
2026-05-19 02:40:00,30.27708333333333,41.14763888888889
2026-05-19 02:45:00,30.27402777777778,41.15670138888889
2026-05-19 02:50:00,30.272499999999997,41.142916666666665
2026-05-19 02:55:00,30.267916666666665,41.156666666666666
2026-05-19 03:00:00,30.26586805555556,41.16020833333333
2026-05-19 03:05:00,30.26298611111111,41.12958333333333
2026-05-19 03:10:00,30.259479166666665,41.13545138888889
2026-05-19 03:15:00,30.25753472222222,41.11743055555556
2026-05-19 03:20:00,30.252604166666668,41.12361111111111
2026-05-19 03:25:00,30.250138888888884,41.11951388888889
2026-05-19 03:30:00,30.247430555555557,41.08645833333333
2026-05-19 03:35:00,30.243541666666665,41.083125
2026-05-19 03:40:00,30.24177083333333,41.07131944444445
2026-05-19 03:45:00,30.237291666666668,41.039965277777775
2026-05-19 03:50:00,30.23336805555556,41.02885416666666
2026-05-19 03:55:00,30.231111111111108,41.01114583333333
2026-05-19 04:00:00,30.227847222222223,41.02486111111111
2026-05-19 04:05:00,30.227430555555557,40.9959375
2026-05-19 04:10:00,30.22767361111111,40.96145833333333
2026-05-19 04:15:00,30.224027777777778,40.93666666666667
2026-05-19 04:20:00,30.222152777777776,40.90586805555556
2026-05-19 04:25:00,30.216631944444444,40.88097222222222
2026-05-19 04:30:00,30.21326388888889,40.84986111111111
2026-05-19 04:35:00,30.209097222222226,40.806979166666665
2026-05-19 04:40:00,30.20454861111111,40.774652777777774
2026-05-19 04:45:00,30.205520833333335,40.73152777777778
2026-05-19 04:50:00,30.2028125,40.69076388888889
2026-05-19 04:55:00,30.20128472222222,40.64934027777778
2026-05-19 05:00:00,30.20079861111111,40.607638888888886
2026-05-19 05:05:00,30.19673611111111,40.57329861111111
2026-05-19 05:10:00,30.194131944444443,40.53791666666667
2026-05-19 05:15:00,30.192222222222217,40.502361111111114
2026-05-19 05:20:00,30.19461805555555,40.45614583333333
2026-05-19 05:25:00,30.196076388888887,40.41388888888889
2026-05-19 05:30:00,30.19673611111111,40.37430555555555
2026-05-19 05:35:00,30.19673611111111,40.33645833333333
2026-05-19 05:40:00,30.196250000000003,40.299791666666664
2026-05-19 05:45:00,30.195277777777775,40.26420138888889
2026-05-19 05:50:00,30.193923611111114,40.22954861111111
2026-05-19 05:55:00,30.196562500000002,40.185208333333335
2026-05-19 06:00:00,30.19847222222222,40.14447916666667
2026-05-19 06:05:00,30.199791666666663,40.10711805555556
2026-05-19 06:10:00,30.20090277777778,40.07208333333333
2026-05-19 06:15:00,30.198333333333338,40.046076388888885
2026-05-19 06:20:00,30.200833333333335,40.011493055555555
2026-05-19 06:25:00,30.20274305555556,39.98197916666666
2026-05-19 06:30:00,30.200277777777778,39.9628125
2026-05-19 06:35:00,30.198715277777783,39.94440972222222
2026-05-19 06:40:00,30.202048611111113,39.91663194444445
2026-05-19 06:45:00,30.200520833333332,39.901805555555555
2026-05-19 06:50:00,30.19954861111111,39.88861111111111
2026-05-19 06:55:00,30.199027777777783,39.87690972222222
2026-05-19 07:00:00,30.19888888888889,39.864444444444445
2026-05-19 07:05:00,30.19895833333333,39.853993055555556
2026-05-19 07:10:00,30.19916666666667,39.84475694444444
2026-05-19 07:15:00,30.195659722222224,39.8501736111111
2026-05-19 07:20:00,30.196666666666673,39.83982638888889
2026-05-19 07:25:00,30.19736111111111,39.83159722222222
2026-05-19 07:30:00,30.197222222222226,39.85836805555555
2026-05-19 07:35:00,30.198020833333334,39.850034722222226
2026-05-19 07:40:00,30.198402777777783,39.847222222222214
2026-05-19 07:45:00,30.198541666666667,39.84086805555555
2026-05-19 07:50:00,30.198229166666668,39.8359375
2026-05-19 07:55:00,30.20048611111111,39.796319444444435
2026-05-19 08:00:00,30.19927083333333,39.794375
2026-05-19 08:05:00,30.203090277777775,39.754305555555554
2026-05-19 08:10:00,30.201215277777774,39.753993055555554
2026-05-19 08:15:00,30.199722222222217,39.74243055555556
2026-05-19 08:20:00,30.198020833333334,39.73760416666667
2026-05-19 08:25:00,30.197256944444444,39.731701388888894
2026-05-19 08:30:00,30.196527777777778,39.725451388888885
2026-05-19 08:35:00,30.19590277777778,39.723819444444445
2026-05-19 08:40:00,30.200312500000003,39.70357638888889
2026-05-19 08:45:00,30.1996875,39.731458333333336
2026-05-19 08:50:00,30.203680555555554,39.71340277777777
2026-05-19 08:55:00,30.203888888888894,39.751562500000006
2026-05-19 09:00:00,30.207395833333337,39.737673611111106
2026-05-19 09:05:00,30.2075,39.783298611111114
2026-05-19 09:10:00,30.2115625,39.76909722222222
2026-05-19 09:15:00,30.21083333333333,39.820763888888884
2026-05-19 09:20:00,30.212881944444444,39.81868055555556
2026-05-19 09:25:00,30.214201388888892,39.82041666666667
2026-05-19 09:30:00,30.217916666666667,39.81149305555556
2026-05-19 09:35:00,30.21864583333333,39.80493055555556
2026-05-19 09:40:00,30.223541666666662,39.79006944444445
2026-05-19 09:45:00,30.223368055555554,39.778819444444444
2026-05-19 09:50:00,30.228506944444444,39.81909722222222
2026-05-19 09:55:00,30.23059027777778,39.77576388888889
2026-05-19 10:00:00,30.231527777777778,39.8246875
2026-05-19 10:05:00,30.240798611111114,39.80149305555556
2026-05-19 10:10:00,30.23829861111111,39.80954861111112
2026-05-19 10:15:00,30.24409722222222,39.83649305555556
2026-05-19 10:20:00,30.24930555555556,39.765208333333334
2026-05-19 10:25:00,30.24930555555555,39.77739583333333
2026-05-19 10:30:00,30.25375,39.76888888888889
2026-05-19 10:35:00,30.256631944444443,39.81753472222223
2026-05-19 10:40:00,30.26590277777778,39.76909722222222
2026-05-19 10:45:00,30.26451388888889,39.73538194444444
2026-05-19 10:50:00,30.26625,39.779513888888886
2026-05-19 10:55:00,30.274270833333333,39.770694444444445
2026-05-19 11:00:00,30.278854166666665,39.75631944444444
2026-05-19 11:05:00,30.28802083333333,39.78517361111111
2026-05-19 11:10:00,30.291944444444443,39.69298611111111
2026-05-19 11:15:00,30.290000000000003,39.677951388888886
2026-05-19 11:20:00,30.29465277777778,39.71517361111111
2026-05-19 11:25:00,30.301006944444445,39.700833333333335
2026-05-19 11:30:00,30.3040625,39.69329861111111
2026-05-19 11:35:00,30.313368055555557,39.72434027777778
2026-05-19 11:40:00,30.321388888888894,39.707569444444445
2026-05-19 11:45:00,30.325763888888886,39.692812499999995
2026-05-19 11:50:00,30.33361111111111,39.73701388888889
2026-05-19 11:55:00,30.343263888888885,39.72131944444445
2026-05-19 12:00:00,30.348784722222224,39.70538194444444
2026-05-19 12:05:00,30.35621527777778,39.75361111111111
2026-05-19 12:10:00,30.366006944444443,39.73979166666666
2026-05-19 12:15:00,30.37194444444444,39.724722222222226
2026-05-19 12:20:00,30.376076388888894,39.670833333333334
2026-05-19 12:25:00,30.378993055555554,39.64722222222222
2026-05-19 12:30:00,30.382291666666667,39.69048611111111
2026-05-19 12:35:00,30.389166666666668,39.623194444444444
2026-05-19 12:40:00,30.38829861111111,39.60045138888889
2026-05-19 12:45:00,30.394479166666663,39.62399305555556
2026-05-19 12:50:00,30.400208333333335,39.537083333333335
2026-05-19 12:55:00,30.4021875,39.55631944444445
2026-05-19 13:00:00,30.406805555555554,39.54239583333333
2026-05-19 13:05:00,30.408611111111114,39.53118055555555
2026-05-19 13:10:00,30.40840277777778,39.52597222222222
2026-05-19 13:15:00,30.40694444444444,39.5253125
2026-05-19 13:20:00,30.404583333333335,39.52670138888888
2026-05-19 13:25:00,30.401666666666667,39.53041666666667
2026-05-19 13:30:00,30.398333333333337,39.535625
2026-05-19 13:35:00,30.3946875,39.54270833333333
2026-05-19 13:40:00,30.390868055555554,39.550868055555554
2026-05-19 13:45:00,30.38677083333333,39.559444444444445
2026-05-19 13:50:00,30.389479166666668,39.645694444444445
2026-05-19 13:55:00,30.392187499999995,39.654965277777784
2026-05-19 14:00:00,30.39277777777778,39.66128472222223
2026-05-19 14:05:00,30.392013888888886,39.6684375
2026-05-19 14:10:00,30.39013888888889,39.677326388888886
2026-05-19 14:15:00,30.387430555555554,39.687847222222224
2026-05-19 14:20:00,30.384166666666665,39.69888888888889
2026-05-19 14:25:00,30.380312500000002,39.71177083333334
2026-05-19 14:30:00,30.376076388888887,39.72666666666667
2026-05-19 14:35:00,30.371631944444445,39.741770833333334
2026-05-19 14:40:00,30.366979166666667,39.75788194444445
2026-05-19 14:45:00,30.362118055555552,39.77475694444444
2026-05-19 14:50:00,30.357013888888886,39.79211805555556
2026-05-19 14:55:00,30.351631944444446,39.809999999999995
2026-05-19 15:00:00,30.345937500000005,39.82892361111111
2026-05-19 15:05:00,30.340173611111116,39.84888888888889
2026-05-19 15:10:00,30.334270833333335,39.868923611111114
2026-05-19 15:15:00,30.328159722222225,39.88899305555556
2026-05-19 15:20:00,30.32194444444444,39.908750000000005
2026-05-19 15:25:00,30.31555555555555,39.9282986111111
2026-05-19 15:30:00,30.308993055555554,39.948506944444446
2026-05-19 15:35:00,30.30236111111111,39.96854166666667
2026-05-19 15:40:00,30.295694444444443,39.9884375
2026-05-19 15:45:00,30.288993055555554,40.00836805555556
2026-05-19 15:50:00,30.282326388888887,40.02857638888889
2026-05-19 15:55:00,30.275729166666665,40.04871527777778
2026-05-19 16:00:00,30.269166666666667,40.06923611111111
2026-05-19 16:05:00,30.262534722222224,40.089444444444446
2026-05-19 16:10:00,30.2559375,40.10881944444444
2026-05-19 16:15:00,30.249270833333338,40.128368055555555
2026-05-19 16:20:00,30.242569444444445,40.148263888888884
2026-05-19 16:25:00,30.235833333333332,40.16826388888889
2026-05-19 16:30:00,30.229027777777773,40.18840277777778
2026-05-19 16:35:00,30.22211805555556,40.208888888888886
2026-05-19 16:40:00,30.215069444444445,40.23010416666667
2026-05-19 16:45:00,30.20788194444444,40.25256944444445
2026-05-19 16:50:00,30.200555555555557,40.27552083333333
2026-05-19 16:55:00,30.193090277777774,40.298854166666665
2026-05-19 17:00:00,30.18559027777778,40.32170138888889
2026-05-19 17:05:00,30.17826388888889,40.342638888888885
2026-05-19 17:10:00,30.17361111111111,40.42107638888889
2026-05-19 17:15:00,30.177569444444444,40.50284722222222
2026-05-19 17:20:00,30.183958333333333,40.51024305555555
2026-05-19 17:25:00,30.188576388888887,40.59527777777778
2026-05-19 17:30:00,30.19979166666667,40.654444444444444
2026-05-19 17:35:00,30.20871527777778,40.63288194444444
2026-05-19 17:40:00,30.210034722222222,40.71256944444445
2026-05-19 17:45:00,30.217708333333334,40.72072916666667
2026-05-19 17:50:00,30.2228125,40.71739583333333
2026-05-19 17:55:00,30.22614583333333,40.71402777777777
2026-05-19 18:00:00,30.231805555555557,40.80982638888889
2026-05-19 18:05:00,30.242743055555554,40.81822916666667
2026-05-19 18:10:00,30.25041666666667,40.80854166666667
2026-05-19 18:15:00,30.255451388888886,40.7990625
2026-05-19 18:20:00,30.26076388888889,40.8915625
2026-05-19 18:25:00,30.273090277777776,40.96284722222222
2026-05-19 18:30:00,30.2775,40.866215277777776
2026-05-19 18:35:00,30.274618055555557,40.851979166666666
2026-05-19 18:40:00,30.278680555555557,40.94583333333334
2026-05-19 18:45:00,30.28715277777778,40.94347222222222
2026-05-19 18:50:00,30.288854166666663,40.831319444444446
2026-05-19 18:55:00,30.287256944444444,40.914236111111116
2026-05-19 19:00:00,30.295208333333335,40.9709375
2026-05-19 19:05:00,30.30378472222223,40.95795138888889
2026-05-19 19:10:00,30.31076388888889,40.90673611111111
2026-05-19 19:15:00,30.319340277777776,40.93128472222222
2026-05-19 19:20:00,30.328541666666663,40.93052083333333
2026-05-19 19:25:00,30.342430555555552,40.96170138888888
2026-05-19 19:30:00,30.3575,40.87357638888889
2026-05-19 19:35:00,30.36243055555556,40.89041666666667
2026-05-19 19:40:00,30.374201388888892,40.896145833333335
2026-05-19 19:45:00,30.382430555555555,40.84104166666666
2026-05-19 19:50:00,30.387916666666666,40.81413194444444
2026-05-19 19:55:00,30.39190972222222,40.8034375
2026-05-19 20:00:00,30.397881944444446,40.86868055555556
2026-05-19 20:05:00,30.40222222222222,40.81260416666666
2026-05-19 20:10:00,30.401770833333337,40.84152777777778
2026-05-19 20:15:00,30.40684027777778,40.83159722222222
2026-05-19 20:20:00,30.40472222222222,40.79329861111111
2026-05-19 20:25:00,30.402118055555555,40.872708333333335
2026-05-19 20:30:00,30.402430555555554,40.84444444444444
2026-05-19 20:35:00,30.394722222222224,40.91628472222223
2026-05-19 20:40:00,30.395555555555557,40.939548611111114
2026-05-19 20:45:00,30.390069444444446,40.91916666666666
2026-05-19 20:50:00,30.385347222222222,40.99888888888889
2026-05-19 20:55:00,30.384583333333335,40.98461805555556
2026-05-19 21:00:00,30.376944444444444,41.05260416666667
2026-05-19 21:05:00,30.379375,41.078263888888884
2026-05-19 21:10:00,30.375208333333333,41.06760416666667
2026-05-19 21:15:00,30.379131944444445,41.13288194444445
2026-05-19 21:20:00,30.37934027777778,41.10482638888889
2026-05-19 21:25:00,30.382291666666667,41.174861111111106
2026-05-19 21:30:00,30.387743055555557,41.15229166666667
2026-05-19 21:35:00,30.389270833333335,41.216006944444445
2026-05-19 21:40:00,30.397638888888892,41.20809027777777
2026-05-19 21:45:00,30.402986111111108,41.22631944444444
2026-05-19 21:50:00,30.413298611111106,41.215243055555554
2026-05-19 21:55:00,30.416875000000005,41.23267361111111
2026-05-19 22:00:00,30.424236111111107,41.23892361111111
2026-05-19 22:05:00,30.427326388888886,41.26114583333334
2026-05-19 22:10:00,30.43381944444444,41.291423611111114
2026-05-19 22:15:00,30.437361111111116,41.31552083333334
2026-05-19 22:20:00,30.441701388888887,41.35934027777778
2026-05-19 22:25:00,30.446527777777774,41.35871527777778
2026-05-19 22:30:00,30.448263888888885,41.39013888888889
2026-05-19 22:35:00,30.45645833333333,41.387708333333336
2026-05-19 22:40:00,30.457951388888887,41.42149305555555
2026-05-19 22:45:00,30.4653125,41.46763888888889
2026-05-19 22:50:00,30.46652777777778,41.508715277777775
2026-05-19 22:55:00,30.47152777777778,41.560659722222226
2026-05-19 23:00:00,30.47725694444445,41.53510416666667
2026-05-19 23:05:00,30.48,41.593923611111116
2026-05-19 23:10:00,30.48739583333333,41.608125
2026-05-19 23:15:00,30.487673611111113,41.67260416666667
2026-05-19 23:20:00,30.494062500000002,41.692395833333336
2026-05-19 23:25:00,30.496909722222224,41.69111111111111
2026-05-19 23:30:00,30.501562500000002,41.720798611111114
2026-05-19 23:35:00,30.504270833333337,41.754618055555554
2026-05-19 23:40:00,30.51145833333333,41.73291666666667
2026-05-19 23:45:00,30.512847222222224,41.773888888888884
2026-05-19 23:50:00,30.51965277777778,41.823506944444446
2026-05-19 23:55:00,30.52475694444444,41.84954861111111
2026-05-20 00:00:00,30.530312499999997,41.89590277777778
2026-05-20 00:05:00,30.53395833333333,41.92930555555555
2026-05-20 00:10:00,30.542465277777776,41.95538194444444
2026-05-20 00:15:00,30.544097222222224,41.96534722222222
2026-05-20 00:20:00,30.549548611111113,42.01871527777778
2026-05-20 00:25:00,30.55357638888889,42.05305555555555
2026-05-20 00:30:00,30.561562499999997,42.09708333333333
2026-05-20 00:35:00,30.56277777777778,42.14555555555555
2026-05-20 00:40:00,30.568541666666665,42.205486111111114
2026-05-20 00:45:00,30.573124999999997,42.24180555555555
2026-05-20 00:50:00,30.577986111111116,42.24916666666667
2026-05-20 00:55:00,30.58017361111111,42.29690972222222
2026-05-20 01:00:00,30.58652777777778,42.356770833333336
2026-05-20 01:05:00,30.591493055555556,42.39590277777778
2026-05-20 01:10:00,30.597986111111116,42.409166666666664
2026-05-20 01:15:00,30.59993055555556,42.4603125
2026-05-20 01:20:00,30.604861111111113,42.52350694444445
2026-05-20 01:25:00,30.60920138888889,42.565104166666664
2026-05-20 01:30:00,30.613125,42.57913194444445
2026-05-20 01:35:00,30.61486111111111,42.630833333333335
2026-05-20 01:40:00,30.61774305555556,42.69479166666667
2026-05-20 01:45:00,30.622465277777778,42.73194444444445
2026-05-20 01:50:00,30.624965277777775,42.774097222222224
2026-05-20 01:55:00,30.62722222222222,42.81690972222222
2026-05-20 02:00:00,30.627708333333334,42.859826388888884
2026-05-20 02:05:00,30.6328125,42.88388888888889
2026-05-20 02:10:00,30.635798611111106,42.91385416666667
2026-05-20 02:15:00,30.63972222222223,42.967013888888886
2026-05-20 02:20:00,30.644444444444446,42.98663194444444
2026-05-20 02:25:00,30.648645833333337,43.033298611111114
2026-05-20 02:30:00,30.650347222222226,43.06194444444444
2026-05-20 02:35:00,30.650416666666665,43.09128472222222
2026-05-20 02:40:00,30.655069444444443,43.099444444444444
2026-05-20 02:45:00,30.658020833333335,43.11631944444444
2026-05-20 02:50:00,30.659861111111113,43.15413194444445
2026-05-20 02:55:00,30.661145833333332,43.175625
2026-05-20 03:00:00,30.660416666666663,43.20576388888889
2026-05-20 03:05:00,30.66163194444444,43.265208333333334
2026-05-20 03:10:00,30.664270833333337,43.28465277777778
2026-05-20 03:15:00,30.66548611111111,43.32614583333333
2026-05-20 03:20:00,30.66986111111111,43.34232638888889
2026-05-20 03:25:00,30.67197916666667,43.367777777777775
2026-05-20 03:30:00,30.67458333333333,43.42135416666667
2026-05-20 03:35:00,30.678749999999997,43.44409722222222
2026-05-20 03:40:00,30.680902777777778,43.47447916666667
2026-05-20 03:45:00,30.685625,43.52420138888889
2026-05-20 03:50:00,30.689479166666665,43.55388888888889
2026-05-20 03:55:00,30.69138888888889,43.590451388888894
2026-05-20 04:00:00,30.696979166666665,43.61944444444444
2026-05-20 04:05:00,30.700104166666662,43.65774305555556
2026-05-20 04:10:00,30.70142361111111,43.705312500000005
2026-05-20 04:15:00,30.705868055555552,43.74579861111111
2026-05-20 04:20:00,30.70798611111111,43.79430555555555
2026-05-20 04:25:00,30.713402777777773,43.838368055555556
2026-05-20 04:30:00,30.716388888888893,43.89006944444444
2026-05-20 04:35:00,30.719999999999995,43.954861111111114
2026-05-20 04:40:00,30.723784722222224,44.01013888888889
2026-05-20 04:45:00,30.725659722222222,44.070590277777775
2026-05-20 04:50:00,30.730972222222224,44.12663194444444
2026-05-20 04:55:00,30.734131944444446,44.18704861111111
2026-05-20 05:00:00,30.735555555555557,44.250729166666666
2026-05-20 05:05:00,30.74003472222222,44.3096875
2026-05-20 05:10:00,30.742673611111115,44.37211805555555
2026-05-20 05:15:00,30.743993055555556,44.4371875
2026-05-20 05:20:00,30.744305555555556,44.50434027777778
2026-05-20 05:25:00,30.74371527777778,44.573923611111105
2026-05-20 05:30:00,30.742430555555554,44.64572916666667
2026-05-20 05:35:00,30.74048611111111,44.719722222222224
2026-05-20 05:40:00,30.737916666666667,44.79611111111112
2026-05-20 05:45:00,30.734826388888887,44.874548611111116
2026-05-20 05:50:00,30.73131944444444,44.95454861111111
2026-05-20 05:55:00,30.7271875,45.03638888888889
2026-05-20 06:00:00,30.722743055555554,45.118854166666665
2026-05-20 06:05:00,30.717951388888892,45.20097222222222
2026-05-20 06:10:00,30.712743055555556,45.28274305555556
2026-05-20 06:15:00,30.710694444444446,45.356701388888894
2026-05-20 06:20:00,30.70746527777778,45.429722222222225
2026-05-20 06:25:00,30.703368055555554,45.50149305555556
2026-05-20 06:30:00,30.702569444444446,45.56520833333334
2026-05-20 06:35:00,30.700138888888887,45.62958333333333
2026-05-20 06:40:00,30.696666666666665,45.69309027777778
2026-05-20 06:45:00,30.69663194444444,45.7471875
2026-05-20 06:50:00,30.694930555555555,45.80197916666666
2026-05-20 06:55:00,30.692118055555554,45.8565625
2026-05-20 07:00:00,30.692812500000002,45.90184027777778
2026-05-20 07:05:00,30.692013888888894,45.94885416666667
2026-05-20 07:10:00,30.690069444444443,45.99684027777778
2026-05-20 07:15:00,30.69135416666667,46.037083333333335
2026-05-20 07:20:00,30.691909722222224,46.077083333333334
2026-05-20 07:25:00,30.691111111111113,46.11899305555555
2026-05-20 07:30:00,30.693680555555552,46.14965277777778
2026-05-20 07:35:00,30.695,46.18427083333333
2026-05-20 07:40:00,30.695,46.220868055555556
2026-05-20 07:45:00,30.699027777777776,46.245
2026-05-20 07:50:00,30.70128472222222,46.273298611111116
2026-05-20 07:55:00,30.70486111111111,46.32302083333334
2026-05-20 08:00:00,30.704791666666665,46.35923611111111
2026-05-20 08:05:00,30.704930555555556,46.41142361111111
2026-05-20 08:10:00,30.70871527777778,46.43045138888888
2026-05-20 08:15:00,30.710798611111116,46.46284722222222
2026-05-20 08:20:00,30.71204861111111,46.49170138888889
2026-05-20 08:25:00,30.71194444444445,46.52059027777778
2026-05-20 08:30:00,30.711319444444445,46.548298611111115
2026-05-20 08:35:00,30.710277777777783,46.57513888888889
2026-05-20 08:40:00,30.708958333333335,46.60069444444444
2026-05-20 08:45:00,30.712812500000002,46.6090625
2026-05-20 08:50:00,30.710000000000004,46.640798611111116
2026-05-20 08:55:00,30.713541666666668,46.646562499999995
2026-05-20 09:00:00,30.71065972222222,46.67371527777778
2026-05-20 09:05:00,30.713923611111113,46.67565972222222
2026-05-20 09:10:00,30.716076388888894,46.67559027777778
2026-05-20 09:15:00,30.719097222222224,46.67333333333333
2026-05-20 09:20:00,30.721284722222222,46.677708333333335
2026-05-20 09:25:00,30.723125,46.71204861111111
2026-05-20 09:30:00,30.72434027777778,46.72020833333333
2026-05-20 09:35:00,30.730659722222224,46.75951388888889
2026-05-20 09:40:00,30.736562500000005,46.75083333333333
2026-05-20 09:45:00,30.74496527777778,46.781111111111116
2026-05-20 09:50:00,30.751215277777778,46.72562500000001
2026-05-20 09:55:00,30.75611111111111,46.76145833333333
2026-05-20 10:00:00,30.762256944444445,46.70045138888889
2026-05-20 10:05:00,30.764131944444443,46.72569444444445
2026-05-20 10:10:00,30.769444444444446,46.673125
2026-05-20 10:15:00,30.770902777777778,46.686909722222225
2026-05-20 10:20:00,30.773506944444446,46.688159722222224
2026-05-20 10:25:00,30.776562500000004,46.695972222222224
2026-05-20 10:30:00,30.777673611111116,46.6965625
2026-05-20 10:35:00,30.78545138888889,46.68527777777778
2026-05-20 10:40:00,30.789895833333333,46.65670138888889
2026-05-20 10:45:00,30.795,46.713368055555556
2026-05-20 10:50:00,30.80197916666667,46.66076388888889
2026-05-20 10:55:00,30.80086805555556,46.73159722222222
2026-05-20 11:00:00,30.80930555555556,46.75638888888889
2026-05-20 11:05:00,30.808958333333337,46.73753472222222
2026-05-20 11:10:00,30.813472222222224,46.793194444444445
2026-05-20 11:15:00,30.818645833333335,46.793194444444445
2026-05-20 11:20:00,30.81982638888889,46.82163194444444
2026-05-20 11:25:00,30.82295138888889,46.828402777777775
2026-05-20 11:30:00,30.825937500000002,46.880833333333335
2026-05-20 11:35:00,30.828888888888887,46.897847222222225
2026-05-20 11:40:00,30.830555555555552,46.93826388888888
2026-05-20 11:45:00,30.84013888888889,46.994236111111114
2026-05-20 11:50:00,30.849062500000002,46.93819444444445
2026-05-20 11:55:00,30.853645833333335,46.997569444444444
2026-05-20 12:05:00,30.871463414634142,46.9494425087108
2026-05-20 12:10:00,30.87850174216028,46.99191637630662
2026-05-20 12:15:00,30.8909756097561,46.98756097560975
2026-05-20 12:20:00,30.896062717770036,46.99634146341463
2026-05-20 12:25:00,30.902020905923344,47.0181881533101
2026-05-20 12:30:00,30.906620209059238,47.03473867595819
2026-05-20 12:35:00,30.909686411149824,47.053867595818815
2026-05-20 12:40:00,30.913554006968642,47.05229965156794
2026-05-20 12:45:00,30.91616724738676,47.07592334494773
2026-05-20 12:50:00,30.919825783972126,47.080975609756095
2026-05-20 12:55:00,30.921707317073167,47.11320557491289
2026-05-20 13:00:00,30.927282229965154,47.13804878048781
2026-05-20 13:05:00,30.931463414634145,47.1374912891986
2026-05-20 13:10:00,30.937421602787452,47.22533101045296
2026-05-20 13:15:00,30.948118466898958,47.22651567944251
2026-05-20 13:20:00,30.955470383275266,47.219756097560975
2026-05-20 13:25:00,30.96048780487805,47.21501742160279
2026-05-20 13:30:00,30.963832752613236,47.21327526132404
2026-05-20 13:35:00,30.96801393728223,47.307909407665505
2026-05-20 13:40:00,30.978989547038324,47.36327526132404
2026-05-20 13:45:00,30.98714285714286,47.363344947735186
2026-05-20 13:50:00,30.985679442508708,47.28536585365853
2026-05-20 13:55:00,30.98247386759582,47.28634146341464
2026-05-20 14:00:00,30.980139372822297,47.29212543554007
2026-05-20 14:05:00,30.978188153310104,47.29895470383275
2026-05-20 14:10:00,30.97644599303136,47.30606271777003
2026-05-20 14:15:00,30.97487804878049,47.31292682926829
2026-05-20 14:20:00,30.973797909407672,47.38114982578397
2026-05-20 14:25:00,30.98059233449477,47.5098606271777
2026-05-20 14:30:00,30.98644599303136,47.51881533101045
2026-05-20 14:35:00,30.990104529616723,47.52533101045296
2026-05-20 14:40:00,30.992404181184668,47.53177700348432
2026-05-20 14:45:00,30.993623693379792,47.53885017421603
2026-05-20 14:50:00,30.994146341463413,47.54668989547038
2026-05-20 14:55:00,30.994216027874565,47.5560975609756
2026-05-20 15:00:00,30.99407665505226,47.56515679442509
2026-05-20 15:05:00,30.993449477351913,47.57491289198606
2026-05-20 15:10:00,30.992404181184668,47.58533101045296
2026-05-20 15:15:00,30.9909756097561,47.59787456445993
2026-05-20 15:20:00,30.989268292682926,47.61198606271777
2026-05-20 15:25:00,30.987386759581877,47.62770034843206
2026-05-20 15:30:00,30.988919860627178,47.760487804878046
2026-05-20 15:35:00,30.997351916376306,47.91090592334495
2026-05-20 15:40:00,31.005958188153308,47.92665505226481
2026-05-20 15:45:00,31.011184668989543,47.93731707317073
2026-05-20 15:50:00,31.01425087108014,47.94808362369338
2026-05-20 15:55:00,31.01578397212543,47.9602787456446
2026-05-20 16:00:00,31.01630662020906,47.97271777003484
2026-05-20 16:05:00,31.016097560975613,47.98567944250871
2026-05-20 16:10:00,31.015749128919857,48.04299651567944
2026-05-20 16:15:00,31.022473867595814,48.190871080139374
2026-05-20 16:20:00,31.03379790940766,48.24700348432056
2026-05-20 16:25:00,31.04198606271777,48.257386759581884
2026-05-20 16:30:00,31.04752613240418,48.26759581881533
2026-05-20 16:35:00,31.05135888501742,48.27850174216028
2026-05-20 16:40:00,31.05404181184669,48.28954703832753
2026-05-20 16:45:00,31.05602787456446,48.30087108013937
2026-05-20 16:50:00,31.05735191637631,48.31142857142857
2026-05-20 16:55:00,31.058362369337978,48.36484320557491
2026-05-20 17:00:00,31.06644599303136,48.51372822299652
2026-05-20 17:05:00,31.075609756097556,48.5295818815331
2026-05-20 17:10:00,31.07989547038327,48.47808362369338
2026-05-20 17:15:00,31.076585365853663,48.537142857142854
2026-05-20 17:20:00,31.07780487804878,48.689268292682925
2026-05-20 17:25:00,31.085400696864113,48.666236933797904
2026-05-20 17:30:00,31.082926829268292,48.61449477351917
2026-05-20 17:35:00,31.083937282229964,48.7683275261324
2026-05-20 17:40:00,31.08979094076655,48.781080139372825
2026-05-20 17:45:00,31.088083623693375,48.783658536585364
2026-05-20 17:50:00,31.09275261324042,48.9302787456446
2026-05-20 17:55:00,31.10459930313589,49.02766550522648
2026-05-20 18:00:00,31.11048780487805,48.926759581881534
2026-05-20 18:05:00,31.10933797909408,49.03205574912892
2026-05-20 18:10:00,31.116864111498256,49.167247386759584
2026-05-20 18:15:00,31.124425087108012,49.170243902439026
2026-05-20 18:20:00,31.127979094076654,49.1173519163763
2026-05-20 18:25:00,31.129477351916375,49.173937282229964
2026-05-20 18:30:00,31.13418118466899,49.18184668989547
2026-05-20 18:35:00,31.137804878048783,49.18414634146342
2026-05-20 18:40:00,31.139337979094076,49.22289198606271
2026-05-20 18:45:00,31.142473867595818,49.257560975609756
2026-05-20 18:50:00,31.14547038327526,49.262404181184664
2026-05-20 18:55:00,31.14540069686411,49.28407665505226
2026-05-20 19:00:00,31.144808362369336,49.35756097560976
2026-05-20 19:05:00,31.14477351916376,49.3711149825784
2026-05-20 19:10:00,31.13822299651568,49.388188153310104
2026-05-20 19:15:00,31.132543554006972,49.493763066202085
2026-05-20 19:20:00,31.13146341463415,49.50484320557491
2026-05-20 19:25:00,31.12358885017422,49.54299651567944
2026-05-20 19:30:00,31.116933797909407,49.64933797909408
2026-05-20 19:35:00,31.114982578397214,49.61139372822299
2026-05-20 19:40:00,31.10665505226481,49.7219512195122
2026-05-20 19:45:00,31.10926829268293,49.838013937282234
2026-05-20 19:50:00,31.106968641114985,49.79658536585365
2026-05-20 19:55:00,31.105818815331013,49.93390243902439
2026-05-20 20:00:00,31.111219512195124,49.95578397212543
2026-05-20 20:05:00,31.108257839721258,49.95059233449477
2026-05-20 20:10:00,31.112543554006965,50.03662020905924
2026-05-20 20:15:00,31.11449477351916,49.99414634146342
2026-05-20 20:20:00,31.114006968641117,50.113832752613234
2026-05-20 20:25:00,31.11742160278746,50.13888501742161
2026-05-20 20:30:00,31.11595818815331,50.13804878048781
2026-05-20 20:35:00,31.119233449477356,50.16024390243902
2026-05-20 20:40:00,31.121045296167246,50.142229965156794
2026-05-20 20:45:00,31.121324041811846,50.25599303135889
2026-05-20 20:50:00,31.124006968641115,50.27905923344948
2026-05-20 20:55:00,31.122125435540074,50.27700348432056
2026-05-20 21:00:00,31.12425087108014,50.30142857142857
2026-05-20 21:05:00,31.124947735191633,50.28299651567945
2026-05-20 21:10:00,31.124878048780488,50.397491289198605
2026-05-20 21:15:00,31.126480836236933,50.42153310104529
2026-05-20 21:20:00,31.12498257839721,50.42585365853659
2026-05-20 21:25:00,31.125993031358885,50.453275261324045
2026-05-20 21:30:00,31.124006968641115,50.44484320557491
2026-05-20 21:35:00,31.12327526132404,50.484250871080135
2026-05-20 21:40:00,31.12299651567944,50.51637630662021
2026-05-20 21:45:00,31.11606271777003,50.57365853658537
2026-05-20 21:50:00,31.112543554006972,50.66097560975609
2026-05-20 21:55:00,31.109337979094075,50.61940766550523
2026-05-20 22:00:00,31.105470383275264,50.70794425087108
2026-05-20 22:05:00,31.107839721254358,50.724843205574906
2026-05-20 22:10:00,31.102717770034847,50.800592334494766
2026-05-20 22:15:00,31.104808362369337,50.81843205574913
2026-05-20 22:20:00,31.106271777003485,50.839999999999996
2026-05-20 22:25:00,31.107665505226485,50.88435540069686
2026-05-20 22:30:00,31.10891986062718,50.90411149825784
2026-05-20 22:35:00,31.110836236933796,50.960836236933794
2026-05-20 22:40:00,31.11651567944251,50.95905923344948
2026-05-20 22:45:00,31.114425087108014,50.99860627177701
2026-05-20 22:50:00,31.11871080139373,50.999094076655055
2026-05-20 22:55:00,31.11780487804878,50.953379790940765
2026-05-20 23:00:00,31.11655052264808,51.0294425087108
2026-05-20 23:05:00,31.11993031358885,51.03867595818816
2026-05-20 23:10:00,31.11623693379791,51.08505226480836
2026-05-20 23:15:00,31.118850174216025,51.09202090592334
2026-05-20 23:20:00,31.121149825783974,51.104773519163764
2026-05-20 23:25:00,31.12362369337979,51.15170731707317
2026-05-20 23:30:00,31.129965156794423,51.144285714285715
2026-05-20 23:35:00,31.133867595818817,51.14742160278746
2026-05-20 23:40:00,31.138257839721255,51.19627177700348
2026-05-20 23:45:00,31.139547038327525,51.21379790940767
2026-05-20 23:50:00,31.140139372822304,51.229790940766556
2026-05-20 23:55:00,31.14038327526133,51.246829268292686
2026-05-21 00:00:00,31.14358885017421,51.190104529616725
2026-05-21 00:05:00,31.14289198606272,51.21188153310104
2026-05-21 00:10:00,31.14233449477352,51.230766550522645
2026-05-21 00:15:00,31.146062717770036,51.26533101045296
2026-05-21 00:20:00,31.14996515679443,51.26675958188153
2026-05-21 00:25:00,31.149651567944254,51.218222996515685
2026-05-21 00:30:00,31.147386759581877,51.24832752613241
2026-05-21 00:35:00,31.150348432055747,51.2502787456446
2026-05-21 00:40:00,31.152299651567947,51.257212543554004
2026-05-21 00:45:00,31.153414634146344,51.26655052264808
2026-05-21 00:50:00,31.157282229965155,51.32289198606272
2026-05-21 00:55:00,31.1616724738676,51.319024390243904
2026-05-21 01:00:00,31.160104529616728,51.340104529616724
2026-05-21 01:05:00,31.158536585365855,51.3576306620209
2026-05-21 01:10:00,31.158606271777003,51.41487804878049
2026-05-21 01:15:00,31.161742160278745,51.41362369337979
2026-05-21 01:20:00,31.162891986062718,51.37163763066202
2026-05-21 01:25:00,31.160174216027873,51.39470383275262
2026-05-21 01:30:00,31.15965156794425,51.456585365853655
2026-05-21 01:35:00,31.162299651567945,51.455644599303135
2026-05-21 01:40:00,31.164111498257835,51.45843205574913
2026-05-21 01:45:00,31.163937282229963,51.41550522648084
2026-05-21 01:50:00,31.1604181184669,51.43919860627177
2026-05-21 01:55:00,31.162090592334497,51.44118466898954
2026-05-21 02:00:00,31.16341463414634,51.44595818815331
2026-05-21 02:05:00,31.164494773519166,51.45170731707317
2026-05-21 02:10:00,31.16536585365854,51.45794425087108
2026-05-21 02:15:00,31.165296167247384,51.424285714285716
2026-05-21 02:20:00,31.16177700348432,51.44745644599303
2026-05-21 02:25:00,31.159198606271772,51.465435540069684
2026-05-21 02:30:00,31.16181184668989,51.462229965156794
2026-05-21 02:35:00,31.16397212543554,51.463170731707315
2026-05-21 02:40:00,31.165609756097563,51.46595818815331
2026-05-21 02:45:00,31.162473867595818,51.49149825783972
2026-05-21 02:50:00,31.15965156794425,51.510487804878046
2026-05-21 02:55:00,31.16156794425087,51.51289198606272
2026-05-21 03:00:00,31.163867595818818,51.512926829268295
2026-05-21 03:05:00,31.165783972125435,51.514738675958185
2026-05-21 03:10:00,31.167386759581877,51.51766550522648
2026-05-21 03:15:00,31.16627177700348,51.466724738675964
2026-05-21 03:20:00,31.16369337979094,51.48644599303135
2026-05-21 03:25:00,31.162229965156794,51.50167247386759
2026-05-21 03:30:00,31.161463414634145,51.51421602787456
2026-05-21 03:35:00,31.161114982578397,51.525052264808366
2026-05-21 03:40:00,31.161010452961676,51.535052264808364
2026-05-21 03:45:00,31.16108013937282,51.544355400696865
2026-05-21 03:50:00,31.161324041811845,51.553275261324046
2026-05-21 03:55:00,31.157212543554003,51.58310104529616
2026-05-21 04:00:00,31.154041811846685,51.60557491289198
2026-05-21 04:05:00,31.1520905923345,51.62355400696864
2026-05-21 04:10:00,31.1509756097561,51.63885017421603
2026-05-21 04:15:00,31.150383275261323,51.65233449477352
2026-05-21 04:20:00,31.150104529616723,51.66466898954703
2026-05-21 04:25:00,31.150034843205578,51.67644599303136
2026-05-21 04:30:00,31.150104529616723,51.68759581881533
2026-05-21 04:35:00,31.150348432055754,51.69825783972125
2026-05-21 04:40:00,31.15076655052265,51.70850174216028
2026-05-21 04:45:00,31.151324041811847,51.718327526132406
2026-05-21 04:50:00,31.148850174216026,51.701951219512196
2026-05-21 04:55:00,31.145679442508715,51.725958188153314
2026-05-21 05:00:00,31.143414634146342,51.746202090592334
2026-05-21 05:05:00,31.141811846689897,51.764146341463416
2026-05-21 05:10:00,31.14073170731707,51.7801393728223
2026-05-21 05:15:00,31.140418118466897,51.79445993031359
2026-05-21 05:20:00,31.14101045296167,51.806689895470384
2026-05-21 05:25:00,31.142543554006966,51.816655052264814
2026-05-21 05:30:00,31.144912891986063,51.82459930313589
2026-05-21 05:35:00,31.147979094076653,51.83090592334494
2026-05-21 05:40:00,31.151811846689895,51.83547038327526
2026-05-21 05:45:00,31.15630662020906,51.8383275261324
2026-05-21 05:50:00,31.161358885017425,51.84013937282229
2026-05-21 05:55:00,31.166898954703832,51.84059233449477
2026-05-21 06:00:00,31.17247386759582,51.840487804878045
2026-05-21 06:05:00,31.17794425087108,51.84052264808362
2026-05-21 06:10:00,31.183310104529614,51.840766550522645
2026-05-21 06:15:00,31.18843205574913,51.84149825783972
2026-05-21 06:20:00,31.19351916376307,51.84261324041812
2026-05-21 06:25:00,31.198606271777003,51.84379790940766
2026-05-21 06:30:00,31.203693379790945,51.84501742160279
2026-05-21 06:35:00,31.208710801393728,51.84644599303136
2026-05-21 06:40:00,31.213519163763067,51.84850174216028
2026-05-21 06:50:00,31.213846153846152,51.86804195804196
2026-05-21 06:55:00,31.216643356643353,51.87632867132867
2026-05-21 07:00:00,31.21944055944056,51.88479020979021
2026-05-21 07:10:00,31.21842105263158,51.908
2026-05-21 07:15:00,31.219999999999995,51.919122807017544
2026-05-21 07:20:00,31.221192982456138,51.931438596491226
2026-05-21 07:25:00,31.22217543859649,51.94449122807018
2026-05-21 07:30:00,31.223192982456144,51.9580350877193
2026-05-21 07:35:00,31.22414035087719,51.97221052631579
2026-05-21 07:40:00,31.225122807017545,51.986736842105266
2026-05-21 07:45:00,31.226,52.002175438596495
2026-05-21 07:50:00,31.226771929824565,52.018280701754385
2026-05-21 07:55:00,31.226666666666667,51.99217543859649
2026-05-21 08:00:00,31.22726315789474,52.010982456140354
2026-05-21 08:05:00,31.22775438596491,52.030807017543864
2026-05-21 08:10:00,31.2280350877193,52.05154385964912
2026-05-21 08:15:00,31.228175438596494,52.07291228070176
2026-05-21 08:20:00,31.22785964912281,52.101614035087714
2026-05-21 08:25:00,31.22782456140351,52.12719298245614
2026-05-21 08:30:00,31.228210526315785,52.15052631578947
2026-05-21 08:35:00,31.223824561403504,52.1979649122807
2026-05-21 08:40:00,31.220736842105264,52.236
2026-05-21 08:45:00,31.21775438596491,52.220456140350876
2026-05-21 08:50:00,31.2159298245614,52.25621052631578
2026-05-21 08:55:00,31.21470175438596,52.286
2026-05-21 09:00:00,31.213614035087716,52.3040350877193
2026-05-21 09:05:00,31.212421052631576,52.33694736842105
2026-05-21 09:10:00,31.211614035087717,52.37357894736842
2026-05-21 09:15:00,31.2100350877193,52.414280701754386
2026-05-21 09:20:00,31.20880701754386,52.44835087719298
2026-05-21 09:25:00,31.20817543859649,52.41649122807018
2026-05-21 09:30:00,31.20656140350877,52.45515789473684
2026-05-21 09:35:00,31.202912280701753,52.43031578947369
2026-05-21 09:40:00,31.197017543859648,52.48610526315789
2026-05-21 09:45:00,31.191578947368424,52.474350877192975
2026-05-21 09:50:00,31.18621052631579,52.57698245614035
2026-05-21 09:55:00,31.184842105263158,52.604912280701754
2026-05-21 10:00:00,31.180491228070178,52.71589473684211
2026-05-21 10:05:00,31.179684210526318,52.753824561403505
2026-05-21 10:10:00,31.17701754385965,52.840315789473685
2026-05-21 10:15:00,31.176912280701753,52.87764912280702
2026-05-21 10:20:00,31.176947368421047,52.88743859649122
2026-05-21 10:25:00,31.176385964912274,52.929719298245615
2026-05-21 10:30:00,31.17719298245614,52.94119298245614
2026-05-21 10:35:00,31.17470175438596,52.998350877192976
2026-05-21 10:40:00,31.171684210526315,53.00814035087719
2026-05-21 10:45:00,31.16852631578947,53.07045614035088
2026-05-21 10:50:00,31.168035087719296,53.127508771929826
2026-05-21 10:55:00,31.166842105263154,53.06389473684211
2026-05-21 11:00:00,31.164491228070172,53.14322807017544
2026-05-21 11:05:00,31.166842105263154,53.12821052631578
2026-05-21 11:10:00,31.162245614035086,53.196245614035085
2026-05-21 11:15:00,31.166245614035084,53.259368421052635
2026-05-21 11:20:00,31.165473684210525,53.18978947368421
2026-05-21 11:25:00,31.162315789473684,53.31357894736843
2026-05-21 11:30:00,31.16782456140351,53.28817543859649
2026-05-21 11:35:00,31.16315789473684,53.23466666666666
2026-05-21 11:40:00,31.160245614035087,53.32161403508772
2026-05-21 11:45:00,31.158842105263158,53.34894736842106
2026-05-21 11:50:00,31.151122807017543,53.357824561403504
2026-05-21 11:55:00,31.142561403508775,53.311473684210526
2026-05-21 12:00:00,31.134755244755247,53.40188811188811
2026-05-21 12:05:00,31.130139860139863,53.45986013986013
2026-05-21 12:10:00,31.12167832167832,53.42951048951049
2026-05-21 12:15:00,31.109370629370627,53.52664335664336
2026-05-21 12:20:00,31.10541958041958,53.60741258741259
2026-05-21 12:25:00,31.100279720279723,53.60776223776224
2026-05-21 12:30:00,31.0963986013986,53.65958041958042
2026-05-21 12:35:00,31.093111888111885,53.7172027972028
2026-05-21 12:40:00,31.092062937062938,53.733251748251746
2026-05-21 12:45:00,31.088286713286713,53.79559440559441
2026-05-21 12:50:00,31.08804195804196,53.87576923076923
2026-05-21 12:55:00,31.08506993006993,53.82821678321678
2026-05-21 13:00:00,31.081678321678325,53.90188811188811
2026-05-21 13:05:00,31.082517482517478,53.9134965034965
2026-05-21 13:10:00,31.08013986013986,53.832342657342664
2026-05-21 13:15:00,31.071923076923078,53.83737762237762
2026-05-21 13:20:00,31.06660839160839,53.89912587412588
2026-05-21 13:25:00,31.070909090909087,54.02846153846154
2026-05-21 13:30:00,31.07632867132867,54.03555944055944
2026-05-21 13:35:00,31.079370629370633,54.05034965034965
2026-05-21 13:40:00,31.081398601398604,54.10143356643357
2026-05-21 13:45:00,31.085384615384616,54.100314685314686
2026-05-21 13:50:00,31.089755244755246,54.20513986013986
2026-05-21 13:55:00,31.10097902097902,54.290314685314684
2026-05-21 14:00:00,31.110104895104893,54.28398601398601
2026-05-21 14:05:00,31.11923076923077,54.38762237762238
2026-05-21 14:10:00,31.132797202797207,54.400734265734265
2026-05-21 14:15:00,31.142762237762238,54.39286713286713
2026-05-21 14:20:00,31.149580419580417,54.32534965034965
2026-05-21 14:25:00,31.146748251748257,54.199055944055935
2026-05-21 14:30:00,31.143461538461533,54.19482517482517
2026-05-21 14:35:00,31.14125874125874,54.19573426573427
2026-05-21 14:40:00,31.13958041958042,54.19818181818182
2026-05-21 14:45:00,31.138426573426575,54.20090909090909
2026-05-21 14:50:00,31.137587412587415,54.20447552447552
2026-05-21 14:55:00,31.136958041958042,54.20811188811189
2026-05-21 15:00:00,31.136538461538464,54.21244755244755
2026-05-21 15:05:00,31.136363636363637,54.21713286713287
2026-05-21 15:10:00,31.13653846153846,54.223216783216785
2026-05-21 15:15:00,31.137027972027973,54.22891608391608
2026-05-21 15:20:00,31.137797202797202,54.23468531468531
2026-05-21 15:25:00,31.13874125874126,54.23979020979021
2026-05-21 15:30:00,31.136188811188813,54.12881118881119
2026-05-21 15:35:00,31.126713286713287,54.00167832167832
2026-05-21 15:40:00,31.116678321678325,54.00185314685314
2026-05-21 15:45:00,31.109335664335667,54.007377622377625
2026-05-21 15:50:00,31.10587412587412,54.12723776223776
2026-05-21 15:55:00,31.11052447552448,54.20674825174825
2026-05-21 16:00:00,31.114265734265736,54.20804195804196
2026-05-21 16:05:00,31.11653846153846,54.2065034965035
2026-05-21 16:10:00,31.117622377622382,54.15972027972028
2026-05-21 16:15:00,31.110734265734266,54.02276223776224
2026-05-21 16:20:00,31.09846153846154,53.97853146853147
2026-05-21 16:25:00,31.08884615384616,53.98090909090909
2026-05-21 16:30:00,31.081538461538468,53.984825174825176
2026-05-21 16:35:00,31.080734265734268,54.13335664335664
2026-05-21 16:40:00,31.08562937062937,54.16472027972028
2026-05-21 16:45:00,31.08877622377623,54.16458041958042
2026-05-21 16:50:00,31.09045454545454,54.162482517482516
2026-05-21 16:55:00,31.090839160839167,54.118146853146854
2026-05-21 17:00:00,31.083111888111883,53.979335664335665
2026-05-21 17:05:00,31.07426573426574,54.00825174825175
2026-05-21 17:10:00,31.07520979020979,54.16800699300699
2026-05-21 17:15:00,31.081888111888112,54.204055944055945
2026-05-21 17:20:00,31.079685314685317,54.067587412587415
2026-05-21 17:25:00,31.074230769230766,54.164965034965036
2026-05-21 17:30:00,31.077762237762236,54.32440559440559
2026-05-21 17:35:00,31.080104895104895,54.21363636363637
2026-05-21 17:40:00,31.073531468531463,54.13947552447552
2026-05-21 17:45:00,31.073006993006995,54.29108391608391
2026-05-21 17:50:00,31.073251748251746,54.18524475524476
2026-05-21 17:55:00,31.06538461538462,54.09891608391608
2026-05-21 18:00:00,31.05877622377622,54.11115384615385
2026-05-21 18:05:00,31.056538461538462,54.13961538461538
2026-05-21 18:10:00,31.05461538461539,54.139790209790206
2026-05-21 18:15:00,31.052482517482517,54.148531468531466
2026-05-21 18:20:00,31.0506993006993,54.109685314685315
2026-05-21 18:25:00,31.046048951048952,54.12108391608391
2026-05-21 18:30:00,31.046118881118883,54.24223776223776
2026-05-21 18:35:00,31.047342657342654,54.24986013986014
2026-05-21 18:40:00,31.04307692307692,54.12286713286713
2026-05-21 18:45:00,31.03786713286713,54.242342657342654
2026-05-21 18:50:00,31.04171328671329,54.33839160839161
2026-05-21 18:55:00,31.043146853146855,54.22465034965035
2026-05-21 19:00:00,31.036538461538463,54.211993006993005
2026-05-21 19:05:00,31.036538461538463,54.371818181818185
2026-05-21 19:10:00,31.04171328671329,54.323216783216786
2026-05-21 19:15:00,31.037482517482516,54.19566433566433
2026-05-21 19:20:00,31.03300699300699,54.34010489510489
2026-05-21 19:25:00,31.03818181818182,54.42335664335664
2026-05-21 19:30:00,31.036748251748254,54.3063986013986
2026-05-21 19:35:00,31.031538461538457,54.420034965034965
2026-05-21 19:40:00,31.034230769230767,54.46167832167832
2026-05-21 19:45:00,31.034405594405595,54.37982517482517
2026-05-21 19:50:00,31.030699300699297,54.385874125874125
2026-05-21 19:55:00,31.03062937062937,54.41681818181818
2026-05-21 20:00:00,31.030034965034965,54.4405944055944
2026-05-21 20:05:00,31.02937062937063,54.448881118881125
2026-05-21 20:10:00,31.02853146853147,54.484405594405594
2026-05-21 20:15:00,31.029055944055948,54.597377622377614
2026-05-21 20:20:00,31.036573426573423,54.58825174825176
2026-05-21 20:25:00,31.03982517482517,54.50314685314685
2026-05-21 20:30:00,31.043111888111888,54.613811188811184
2026-05-21 20:35:00,31.048531468531465,54.5913986013986
2026-05-21 20:40:00,31.05272727272727,54.62513986013985
2026-05-21 20:45:00,31.05814685314685,54.567657342657334
2026-05-21 20:50:00,31.06073426573427,54.555314685314684
2026-05-21 20:55:00,31.067412587412583,54.615664335664334
2026-05-21 21:00:00,31.071398601398602,54.510384615384616
2026-05-21 21:05:00,31.071713286713287,54.55814685314685
2026-05-21 21:10:00,31.07475524475525,54.449615384615385
2026-05-21 21:15:00,31.07269230769231,54.4656993006993
2026-05-21 21:20:00,31.0765034965035,54.49216783216783
2026-05-21 21:25:00,31.074055944055946,54.508006993006994
2026-05-21 21:30:00,31.075174825174827,54.584090909090904
2026-05-21 21:35:00,31.07437062937063,54.488706293706294
2026-05-21 21:40:00,31.071083916083914,54.51020979020979
2026-05-21 21:45:00,31.07454545454546,54.441643356643354
2026-05-21 21:50:00,31.07104895104895,54.46905594405595
2026-05-21 21:55:00,31.073391608391606,54.54534965034965
2026-05-21 22:00:00,31.072027972027975,54.46013986013986
2026-05-21 22:05:00,31.06828671328671,54.48388111888112
2026-05-21 22:10:00,31.071853146853144,54.41447552447553
2026-05-21 22:15:00,31.06758741258741,54.445839160839164
2026-05-21 22:20:00,31.064195804195805,54.46377622377622
2026-05-21 22:25:00,31.062132867132863,54.38772727272727
2026-05-21 22:30:00,31.0579020979021,54.41646853146853
2026-05-21 22:35:00,31.05562937062937,54.425769230769234
2026-05-21 22:40:00,31.047132867132866,54.47486013986014
2026-05-21 22:45:00,31.046643356643358,54.475804195804194
2026-05-21 22:50:00,31.043706293706293,54.42101398601399
2026-05-21 22:55:00,31.041363636363638,54.51482517482518
2026-05-21 23:00:00,31.042447552447555,54.51055944055944
2026-05-21 23:05:00,31.036258741258745,54.53234265734266
2026-05-21 23:10:00,31.037097902097905,54.52583916083916
2026-05-21 23:15:00,31.038111888111892,54.52213286713287
2026-05-21 23:20:00,31.03881118881119,54.51881118881119
2026-05-21 23:25:00,31.038741258741258,54.485489510489515
2026-05-21 23:30:00,31.033951048951053,54.50769230769231
2026-05-21 23:35:00,31.031223776223772,54.51912587412587
2026-05-21 23:40:00,31.023636363636363,54.56017482517482
2026-05-21 23:45:00,31.023496503496506,54.55730769230769
2026-05-21 23:50:00,31.02167832167832,54.503041958041955
2026-05-21 23:55:00,31.017027972027968,54.525104895104896
2026-05-22 00:00:00,31.016188811188815,54.58825174825175
2026-05-22 00:05:00,31.013636363636362,54.58524475524476
2026-05-22 00:10:00,31.011188811188813,54.59454545454546
2026-05-22 00:15:00,31.009895104895104,54.59671328671329
2026-05-22 00:20:00,31.00555944055944,54.54391608391608
2026-05-22 00:25:00,31.003741258741258,54.61234265734265
2026-05-22 00:30:00,31.004965034965036,54.595209790209786
2026-05-22 00:35:00,31.0008041958042,54.60839160839161
2026-05-22 00:40:00,30.99842657342657,54.60965034965035
2026-05-22 00:45:00,30.994860139860137,54.558986013986015
2026-05-22 00:50:00,30.990104895104896,54.56842657342657
2026-05-22 00:55:00,30.987272727272725,54.56842657342657
2026-05-22 01:00:00,30.98468531468531,54.571223776223775
2026-05-22 01:05:00,30.983286713286716,54.56534965034965
2026-05-22 01:10:00,30.981643356643357,54.51786713286713
2026-05-22 01:15:00,30.976783216783218,54.525769230769235
2026-05-22 01:20:00,30.974965034965035,54.568776223776226
2026-05-22 01:25:00,30.9743006993007,54.49909090909091
2026-05-22 01:30:00,30.97223776223776,54.49363636363636
2026-05-22 01:35:00,30.97129370629371,54.48307692307692
2026-05-22 01:40:00,30.96636363636364,54.46965034965036
2026-05-22 01:45:00,30.963601398601398,54.518986013986016
2026-05-22 01:50:00,30.96541958041958,54.49622377622378
2026-05-22 01:55:00,30.963461538461537,54.43458041958042
2026-05-22 02:00:00,30.96090909090909,54.43048951048951
2026-05-22 02:05:00,30.959650349650346,54.421608391608395
2026-05-22 02:10:00,30.956398601398604,54.368566433566436
2026-05-22 02:15:00,30.952692307692313,54.413111888111885
2026-05-22 02:20:00,30.95402097902098,54.39426573426574
2026-05-22 02:25:00,30.955454545454547,54.37681818181818
2026-05-22 02:30:00,30.951993006993007,54.37909090909091
2026-05-22 02:35:00,30.949895104895106,54.37486013986015
2026-05-22 02:40:00,30.94884615384615,54.36699300699301
2026-05-22 02:45:00,30.947937062937065,54.35713286713287
2026-05-22 02:50:00,30.947867132867135,54.34503496503497
2026-05-22 02:55:00,30.948216783216786,54.332062937062936
2026-05-22 03:00:00,30.947482517482516,54.2813986013986
2026-05-22 03:05:00,30.943566433566435,54.285524475524475
2026-05-22 03:10:00,30.941188811188812,54.28276223776224
2026-05-22 03:15:00,30.942447552447554,54.33097902097902
2026-05-22 03:20:00,30.943881118881116,54.26566433566434
2026-05-22 03:25:00,30.942377622377624,54.2595104895105
2026-05-22 03:30:00,30.94164335664336,54.249790209790206
2026-05-22 03:35:00,30.941433566433567,54.2383916083916
2026-05-22 03:40:00,30.94167832167832,54.22545454545455
2026-05-22 03:45:00,30.937342657342658,54.2306993006993
2026-05-22 03:50:00,30.934300699300703,54.22884615384615
2026-05-22 03:55:00,30.937027972027977,54.2015034965035
2026-05-22 04:00:00,30.93972027972028,54.1786013986014
2026-05-22 04:05:00,30.937167832167827,54.17608391608392
2026-05-22 04:10:00,30.93562937062937,54.16842657342657
2026-05-22 04:15:00,30.935,54.157937062937066
2026-05-22 04:20:00,30.932587412587417,54.1022027972028
2026-05-22 04:25:00,30.92895104895105,54.103391608391604
2026-05-22 04:30:00,30.92681818181818,54.098986013986014
2026-05-22 04:35:00,30.921888111888112,54.05629370629371
2026-05-22 04:40:00,30.91723776223776,54.06174825174825
2026-05-22 04:45:00,30.91412587412587,54.060804195804195
2026-05-22 04:50:00,30.91527972027972,54.081888111888105
2026-05-22 04:55:00,30.917972027972024,54.059755244755245
2026-05-22 05:00:00,30.915909090909093,54.05660839160839
2026-05-22 05:05:00,30.91482517482517,54.04856643356643
2026-05-22 05:10:00,30.914405594405597,54.03821678321678
2026-05-22 05:15:00,30.914160839160843,54.026783216783215
2026-05-22 05:20:00,30.913846153846155,54.01527972027972
2026-05-22 05:25:00,30.91335664335664,54.0041958041958
2026-05-22 05:30:00,30.912622377622377,53.99370629370629
2026-05-22 05:35:00,30.911713286713287,53.983881118881115
2026-05-22 05:40:00,30.910559440559442,53.974790209790214
2026-05-22 05:45:00,30.90916083916084,53.966713286713286
2026-05-22 05:50:00,30.907657342657345,53.95933566433567
2026-05-22 05:55:00,30.90632867132867,53.95216783216783
2026-05-22 06:00:00,30.90548951048951,53.94475524475525
2026-05-22 06:05:00,30.9051048951049,53.93674825174825
2026-05-22 06:10:00,30.903566433566432,53.88335664335664
2026-05-22 06:15:00,30.900034965034965,53.88895104895106
2026-05-22 06:20:00,30.897727272727273,53.88975524475524
2026-05-22 06:25:00,30.896223776223774,53.88793706293706
2026-05-22 06:30:00,30.89534965034965,53.88423076923077
2026-05-22 06:35:00,30.895000000000003,53.8791958041958
2026-05-22 06:40:00,30.89034965034965,53.891503496503496
2026-05-22 06:45:00,30.895505226480836,53.88146341463415
2026-05-22 06:50:00,30.894912891986063,53.87898954703833
2026-05-22 06:55:00,30.895191637630663,53.874250871080136
2026-05-22 07:00:00,30.89229965156794,53.871777003484326
2026-05-22 07:05:00,30.89670138888889,53.86642361111112
2026-05-22 07:10:00,30.895208333333333,53.86888888888889
2026-05-22 07:15:00,30.89458333333333,53.86836805555556
2026-05-22 07:20:00,30.89458333333333,53.86625
2026-05-22 07:25:00,30.895138888888887,53.86284722222222
2026-05-22 07:30:00,30.896041666666665,53.85854166666666
2026-05-22 07:35:00,30.89295138888889,53.86503472222222
2026-05-22 07:40:00,30.890451388888884,53.87531249999999
2026-05-22 07:45:00,30.889270833333335,53.88013888888889
2026-05-22 07:50:00,30.88746527777778,53.83670138888889
2026-05-22 07:55:00,30.883437499999996,53.89934027777778
2026-05-22 08:00:00,30.884756944444444,53.89361111111111
2026-05-22 08:05:00,30.885937499999997,53.86239583333333
2026-05-22 08:10:00,30.882465277777776,53.87864583333333
2026-05-22 08:15:00,30.88034722222222,53.88697916666666
2026-05-22 08:20:00,30.883611111111108,53.8671875
2026-05-22 08:25:00,30.886041666666667,53.85458333333334
2026-05-22 08:30:00,30.887222222222224,53.846944444444446
2026-05-22 08:35:00,30.892430555555556,53.8171875
2026-05-22 08:40:00,30.895868055555557,53.79833333333333
2026-05-22 08:45:00,30.89892361111111,53.833194444444445
2026-05-22 08:50:00,30.905694444444446,53.782222222222224
2026-05-22 08:55:00,30.90555555555556,53.78
2026-05-22 09:00:00,30.910763888888887,53.769305555555555
2026-05-22 09:05:00,30.91100694444445,53.72211805555556
2026-05-22 09:10:00,30.90986111111111,53.7240625
2026-05-22 09:15:00,30.91295138888889,53.64225694444445
2026-05-22 09:20:00,30.911388888888887,53.64750000000001
2026-05-22 09:25:00,30.91378472222222,53.66121527777777
2026-05-22 09:30:00,30.912708333333335,53.664652777777775
2026-05-22 09:35:00,30.914722222222224,53.70715277777778
2026-05-22 09:40:00,30.914097222222225,53.70961805555556
2026-05-22 09:45:00,30.91534722222222,53.762118055555554
2026-05-22 09:50:00,30.921006944444443,53.72847222222222
2026-05-22 09:55:00,30.923715277777774,53.677708333333335
2026-05-22 10:00:00,30.928749999999997,53.63958333333333
2026-05-22 10:05:00,30.932465277777776,53.6140625
2026-05-22 10:10:00,30.935555555555553,53.60583333333333
2026-05-22 10:15:00,30.938055555555554,53.583888888888886
2026-05-22 10:20:00,30.938125,53.61086805555556
2026-05-22 10:25:00,30.93993055555556,53.59076388888889
2026-05-22 10:30:00,30.939375,53.58777777777778
2026-05-22 10:35:00,30.940624999999997,53.568506944444444
2026-05-22 10:40:00,30.94055555555555,53.563125
2026-05-22 10:45:00,30.94024305555556,53.552708333333335
2026-05-22 10:50:00,30.939999999999998,53.54204861111111
2026-05-22 10:55:00,30.940034722222222,53.54291666666666
2026-05-22 11:00:00,30.936875,53.559583333333336
2026-05-22 11:05:00,30.9378125,53.57392361111111
2026-05-22 11:10:00,30.936701388888892,53.46642361111111
2026-05-22 11:15:00,30.928958333333338,53.51510416666666
2026-05-22 11:20:00,30.931458333333335,53.61479166666667
2026-05-22 11:25:00,30.931805555555552,53.50052083333333
2026-05-22 11:30:00,30.924131944444444,53.485347222222224
2026-05-22 11:35:00,30.925694444444446,53.6084375
2026-05-22 11:40:00,30.929340277777783,53.50083333333334
2026-05-22 11:45:00,30.923124999999995,53.43194444444444
2026-05-22 11:50:00,30.919652777777774,53.54927083333334
2026-05-22 11:55:00,30.925416666666667,53.66833333333333
2026-05-22 12:00:00,30.92753472222222,53.54784722222222
2026-05-22 12:05:00,30.92142361111111,53.51829861111111
2026-05-22 12:10:00,30.916354166666665,53.52329861111111
2026-05-22 12:15:00,30.91635416666667,53.58090277777777
2026-05-22 12:20:00,30.91701388888889,53.592951388888885
2026-05-22 12:25:00,30.91232638888889,53.59003472222222
2026-05-22 12:30:00,30.91232638888889,53.62125
2026-05-22 12:35:00,30.912708333333335,53.62986111111111
2026-05-22 12:40:00,30.911284722222224,53.63350694444445
2026-05-22 12:45:00,30.91142361111111,53.642291666666665
2026-05-22 12:50:00,30.911180555555557,53.62354166666667
2026-05-22 12:55:00,30.910833333333333,53.66729166666667
2026-05-22 13:00:00,30.910937500000003,53.67458333333333
2026-05-22 13:05:00,30.910763888888894,53.676944444444445
2026-05-22 13:10:00,30.91055555555556,53.67850694444444
2026-05-22 13:15:00,30.91010416666667,53.68208333333334
2026-05-22 13:20:00,30.916354166666665,53.75923611111111
2026-05-22 13:25:00,30.916666666666668,53.64565972222222
2026-05-22 13:30:00,30.914236111111116,53.645833333333336
2026-05-22 13:35:00,30.911041666666662,53.54434027777778
2026-05-22 13:40:00,30.903368055555557,53.56625
2026-05-22 13:45:00,30.90267361111111,53.672013888888884
2026-05-22 13:50:00,30.901840277777783,53.581875
2026-05-22 13:55:00,30.893333333333334,53.51045138888889
2026-05-22 14:00:00,30.8865625,53.53055555555555
2026-05-22 14:05:00,30.87975694444445,53.441805555555554
2026-05-22 14:10:00,30.868541666666665,53.442395833333336
2026-05-22 14:15:00,30.860937500000002,53.463680555555555
2026-05-22 14:20:00,30.855972222222224,53.483958333333334
2026-05-22 14:25:00,30.852812499999995,53.50225694444445
2026-05-22 14:30:00,30.8509375,53.517291666666665
2026-05-22 14:35:00,30.849895833333335,53.531979166666666
2026-05-22 14:40:00,30.849479166666665,53.54604166666666
2026-05-22 14:45:00,30.849305555555556,53.56097222222222
2026-05-22 14:50:00,30.84940972222222,53.57704861111111
2026-05-22 14:55:00,30.849687499999998,53.59260416666667
2026-05-22 15:00:00,30.854826388888885,53.727291666666666
2026-05-22 15:05:00,30.866041666666668,53.87072916666667
2026-05-22 15:10:00,30.876493055555557,53.876979166666665
2026-05-22 15:15:00,30.883888888888887,53.87982638888889
2026-05-22 15:20:00,30.89107638888889,53.989826388888886
2026-05-22 15:25:00,30.903472222222224,54.11972222222222
2026-05-22 15:30:00,30.916909722222222,54.12309027777778
2026-05-22 15:35:00,30.926493055555554,54.116736111111116
2026-05-22 15:40:00,30.93503472222222,54.21725694444445
2026-05-22 15:45:00,30.9490625,54.34475694444444
2026-05-22 15:50:00,30.961319444444445,54.236423611111114
2026-05-22 15:55:00,30.963645833333334,54.16305555555556
2026-05-22 16:00:00,30.965659722222217,54.16826388888889
2026-05-22 16:05:00,30.968368055555555,54.177881944444444
2026-05-22 16:10:00,30.97145833333333,54.19059027777777
2026-05-22 16:15:00,30.97486111111111,54.20381944444444
2026-05-22 16:20:00,30.978541666666665,54.21659722222223
2026-05-22 16:25:00,30.98236111111111,54.22881944444444
2026-05-22 16:30:00,30.992118055555554,54.36159722222222
2026-05-22 16:35:00,31.002777777777776,54.354305555555555
2026-05-22 16:40:00,31.00638888888889,54.33097222222222
2026-05-22 16:45:00,31.00951388888889,54.33840277777778
2026-05-22 16:50:00,31.012812500000003,54.349270833333335
2026-05-22 16:55:00,31.016249999999996,54.360104166666666
2026-05-22 17:00:00,31.020972222222227,54.465555555555554
2026-05-22 17:05:00,31.031874999999996,54.574756944444445
2026-05-22 17:10:00,31.035694444444445,54.42944444444444
2026-05-22 17:15:00,31.03097222222222,54.287187499999995
2026-05-22 17:20:00,31.027430555555554,54.29496527777778
2026-05-22 17:25:00,31.02211805555556,54.16527777777778
2026-05-22 17:30:00,31.01388888888889,54.14177083333333
2026-05-22 17:35:00,31.010416666666668,54.27201388888889
2026-05-22 17:40:00,31.01059027777778,54.28861111111111
2026-05-22 17:45:00,31.006562499999998,54.15934027777777
2026-05-22 17:50:00,30.99826388888889,54.14899305555556
2026-05-22 17:55:00,30.99277777777778,54.16548611111111
2026-05-22 18:00:00,30.993020833333333,54.30552083333333
2026-05-22 18:05:00,30.997395833333332,54.329652777777774
2026-05-22 18:10:00,30.994444444444444,54.2203125
2026-05-22 18:15:00,30.991770833333337,54.2321875
2026-05-22 18:20:00,30.99059027777778,54.24489583333334
2026-05-22 18:25:00,30.989791666666672,54.24944444444444
2026-05-22 18:30:00,30.989583333333332,54.29680555555556
2026-05-22 18:35:00,30.991388888888892,54.310138888888886
2026-05-22 18:40:00,30.993263888888887,54.319270833333334
2026-05-22 18:45:00,30.991249999999997,54.296909722222225
2026-05-22 18:50:00,30.990000000000002,54.372708333333335
2026-05-22 18:55:00,30.994062500000002,54.40006944444445
2026-05-22 19:00:00,30.99652777777778,54.29972222222223
2026-05-22 19:05:00,30.992638888888887,54.274965277777774
2026-05-22 19:10:00,30.992743055555554,54.4284375
2026-05-22 19:15:00,30.998958333333334,54.45899305555556
2026-05-22 19:20:00,30.999270833333338,54.32138888888889
2026-05-22 19:25:00,30.995312499999997,54.325694444444444
2026-05-22 19:30:00,30.99826388888889,54.487118055555555
2026-05-22 19:35:00,31.00347222222222,54.38909722222222
2026-05-22 19:40:00,30.99972222222222,54.29666666666667
2026-05-22 19:45:00,30.99774305555555,54.43430555555556
2026-05-22 19:50:00,31.00385416666667,54.49822916666667
2026-05-22 19:55:00,31.002743055555552,54.35822916666667
2026-05-22 20:00:00,30.99840277777778,54.401423611111106
2026-05-22 20:05:00,31.002916666666668,54.556354166666665
2026-05-22 20:10:00,31.00399305555556,54.426388888888894
2026-05-22 20:15:00,30.99795138888889,54.433125
2026-05-22 20:20:00,30.993020833333333,54.49104166666667
2026-05-22 20:25:00,30.989583333333332,54.51541666666667
2026-05-22 20:30:00,30.983159722222222,54.492465277777775
2026-05-22 20:35:00,30.977430555555557,54.5696875
2026-05-22 20:40:00,30.972395833333337,54.57159722222222
2026-05-22 20:45:00,30.965243055555554,54.55670138888889
2026-05-22 20:50:00,30.959618055555552,54.64166666666667
2026-05-22 20:55:00,30.955416666666665,54.685451388888886
2026-05-22 21:00:00,30.948298611111113,54.703541666666666
2026-05-22 21:05:00,30.943923611111114,54.783368055555556
2026-05-22 21:10:00,30.944652777777776,54.90965277777778
2026-05-22 21:15:00,30.941493055555554,54.83444444444444
2026-05-22 21:20:00,30.937604166666663,54.956875
2026-05-22 21:25:00,30.94152777777778,54.915
2026-05-22 21:30:00,30.936041666666668,54.89697916666667
2026-05-22 21:35:00,30.936666666666667,55.036874999999995
2026-05-22 21:40:00,30.939305555555556,55.015277777777776
2026-05-22 21:45:00,30.934999999999995,55.116215277777776
2026-05-22 21:50:00,30.937569444444446,55.129374999999996
2026-05-22 21:55:00,30.93850694444445,55.089756944444446
2026-05-22 22:00:00,30.93850694444445,55.212743055555556
2026-05-22 22:05:00,30.940694444444446,55.224374999999995
2026-05-22 22:10:00,30.93923611111111,55.20423611111111
2026-05-22 22:15:00,30.94142361111111,55.211284722222224
2026-05-22 22:20:00,30.943229166666665,55.22131944444445
2026-05-22 22:25:00,30.943263888888893,55.2628125
2026-05-22 22:30:00,30.94506944444444,55.2696875
2026-05-22 22:35:00,30.945972222222224,55.258159722222224
2026-05-22 22:40:00,30.94704861111111,55.271770833333335
2026-05-22 22:45:00,30.947881944444443,55.28364583333333
2026-05-22 22:50:00,30.946076388888894,55.28340277777777
2026-05-22 22:55:00,30.946979166666665,55.29444444444445
2026-05-22 23:00:00,30.94642361111111,55.25326388888889
2026-05-22 23:05:00,30.946493055555557,55.289027777777775
2026-05-22 23:10:00,30.94722222222222,55.301319444444445
2026-05-22 23:15:00,30.94267361111111,55.245486111111106
2026-05-22 23:20:00,30.936666666666667,55.29600694444444
2026-05-22 23:25:00,30.93336805555556,55.36079861111111
2026-05-22 23:30:00,30.92954861111111,55.39770833333333
2026-05-22 23:35:00,30.92621527777778,55.43246527777777
2026-05-22 23:40:00,30.92815972222222,55.36184027777778
2026-05-22 23:45:00,30.92506944444444,55.40034722222222
2026-05-22 23:50:00,30.9253125,55.478680555555556
2026-05-22 23:55:00,30.922222222222224,55.50986111111111
2026-05-23 00:00:00,30.919374999999995,55.54409722222223
2026-05-23 00:05:00,30.921076388888892,55.49944444444444
2026-05-23 00:10:00,30.918229166666663,55.54086805555555
2026-05-23 00:15:00,30.916180555555552,55.57208333333333
2026-05-23 00:20:00,30.91333333333333,55.60583333333333
2026-05-23 00:25:00,30.911770833333335,55.6409375
2026-05-23 00:30:00,30.910798611111115,55.67177083333334
2026-05-23 00:35:00,30.909340277777776,55.71114583333333
2026-05-23 00:40:00,30.908020833333335,55.74642361111111
2026-05-23 00:45:00,30.908958333333334,55.77815972222222
2026-05-23 00:50:00,30.906770833333333,55.82545138888889
2026-05-23 00:55:00,30.905208333333334,55.862881944444446
2026-05-23 01:00:00,30.906215277777775,55.80385416666667
2026-05-23 01:05:00,30.904027777777774,55.84947916666667
2026-05-23 01:10:00,30.903888888888886,55.92329861111111
2026-05-23 01:15:00,30.902326388888884,55.9140625
2026-05-23 01:20:00,30.899826388888886,55.960590277777776
2026-05-23 01:25:00,30.901701388888892,56.04239583333333
2026-05-23 01:30:00,30.899270833333333,56.07701388888889
2026-05-23 01:35:00,30.896666666666665,56.12319444444445
2026-05-23 01:40:00,30.899618055555557,56.16190972222222
2026-05-23 01:45:00,30.897291666666668,56.18177083333333
2026-05-23 01:50:00,30.89454861111111,56.227604166666666
2026-05-23 01:55:00,30.8965625,56.30607638888889
2026-05-23 02:00:00,30.894583333333337,56.314930555555556
2026-05-23 02:05:00,30.891944444444448,56.359097222222225
2026-05-23 02:10:00,30.892986111111107,56.437152777777776
2026-05-23 02:15:00,30.89100694444444,56.459583333333335
2026-05-23 02:20:00,30.88878472222222,56.50118055555556
2026-05-23 02:25:00,30.887395833333333,56.5359375
2026-05-23 02:30:00,30.88697916666667,56.519722222222214
2026-05-23 02:35:00,30.885347222222222,56.55753472222222
2026-05-23 02:40:00,30.884201388888894,56.59020833333333
2026-05-23 02:45:00,30.887881944444448,56.56614583333334
2026-05-23 02:50:00,30.88576388888889,56.60930555555555
2026-05-23 02:55:00,30.88444444444444,56.64357638888889
2026-05-23 03:00:00,30.883159722222224,56.65461805555556
2026-05-23 03:05:00,30.88232638888889,56.690104166666664
2026-05-23 03:10:00,30.881944444444443,56.72013888888889
2026-05-23 03:15:00,30.879583333333333,56.69
2026-05-23 03:20:00,30.876215277777778,56.7828125
2026-05-23 03:25:00,30.876944444444444,56.807986111111106
2026-05-23 03:30:00,30.874965277777775,56.773472222222225
2026-05-23 03:35:00,30.870312499999997,56.822812500000005
2026-05-23 03:40:00,30.867222222222225,56.86097222222222
2026-05-23 03:45:00,30.8678125,56.81791666666666
2026-05-23 03:50:00,30.86513888888889,56.85788194444444
2026-05-23 03:55:00,30.86333333333333,56.88972222222222
2026-05-23 04:00:00,30.860590277777778,56.86493055555556
2026-05-23 04:05:00,30.859756944444445,56.895312499999996
2026-05-23 04:10:00,30.85951388888889,56.920520833333335
2026-05-23 04:15:00,30.856944444444448,56.88725694444444
2026-05-23 04:20:00,30.854687499999997,56.973958333333336
2026-05-23 04:25:00,30.855659722222217,56.99315972222222
2026-05-23 04:30:00,30.852222222222217,56.96836805555555
2026-05-23 04:35:00,30.852222222222217,57.04177083333333
2026-05-23 04:40:00,30.853958333333335,57.056527777777774
2026-05-23 04:45:00,30.85055555555556,57.07347222222222
2026-05-23 04:50:00,30.847361111111113,57.10861111111112
2026-05-23 04:55:00,30.84538194444444,57.13631944444444
2026-05-23 05:00:00,30.844305555555554,57.10072916666666
2026-05-23 05:05:00,30.84225694444445,57.13142361111112
2026-05-23 05:10:00,30.841215277777778,57.15586805555555
2026-05-23 05:15:00,30.83576388888889,57.19329861111112
2026-05-23 05:20:00,30.831840277777776,57.231458333333336
2026-05-23 05:25:00,30.829930555555556,57.260173611111114
2026-05-23 05:30:00,30.827465277777776,57.22982638888888
2026-05-23 05:35:00,30.823194444444443,57.27121527777778
2026-05-23 05:40:00,30.821145833333333,57.30159722222223
2026-05-23 05:45:00,30.820729166666663,57.32506944444445
2026-05-23 05:50:00,30.816701388888887,57.353437500000005
2026-05-23 05:55:00,30.81354166666667,57.388854166666675
2026-05-23 06:00:00,30.811701388888892,57.416701388888896
2026-05-23 06:05:00,30.807604166666668,57.38208333333333
2026-05-23 06:10:00,30.803784722222222,57.47013888888888
2026-05-23 06:15:00,30.80399305555555,57.48934027777778
2026-05-23 06:20:00,30.804340277777776,57.5071875
2026-05-23 06:25:00,30.800243055555555,57.517291666666665
2026-05-23 06:30:00,30.796388888888885,57.55302083333332
2026-05-23 06:35:00,30.793749999999996,57.581250000000004
2026-05-23 06:40:00,30.796631944444446,57.586666666666666
2026-05-23 06:45:00,30.79381944444444,57.62138888888889
2026-05-23 06:50:00,30.791909722222222,57.64802083333333
2026-05-23 06:55:00,30.79076388888889,57.669895833333335
2026-05-23 07:00:00,30.79385416666667,57.68479166666667
2026-05-23 07:05:00,30.797118055555554,57.68805555555556
2026-05-23 07:10:00,30.799687500000005,57.69413194444444
2026-05-23 07:15:00,30.801736111111115,57.70170138888889
2026-05-23 07:20:00,30.80309027777778,57.710520833333334
2026-05-23 07:25:00,30.803958333333338,57.720520833333325
2026-05-23 07:30:00,30.804583333333337,57.72246527777778
2026-05-23 07:35:00,30.804236111111113,57.74753472222221
2026-05-23 07:40:00,30.804722222222225,57.76020833333333
2026-05-23 07:45:00,30.804930555555554,57.75701388888889
2026-05-23 07:50:00,30.8009375,57.84590277777779
2026-05-23 07:55:00,30.80204861111112,57.857708333333335
2026-05-23 08:00:00,30.79788194444445,57.828854166666666
2026-05-23 08:05:00,30.79392361111111,57.89388888888888
2026-05-23 08:10:00,30.79618055555556,57.90152777777777
2026-05-23 08:15:00,30.791979166666668,57.937708333333326
2026-05-23 08:20:00,30.788993055555554,57.973645833333336
2026-05-23 08:25:00,30.78447916666666,57.93364583333333
2026-05-23 08:30:00,30.778402777777778,57.98972222222223
2026-05-23 08:35:00,30.774305555555557,57.97340277777778
2026-05-23 08:40:00,30.765694444444446,58.04381944444444
2026-05-23 08:45:00,30.76013888888889,58.09805555555556
2026-05-23 08:50:00,30.752361111111114,58.08385416666666
2026-05-23 08:55:00,30.749131944444443,58.131875
2026-05-23 09:00:00,30.74697916666667,58.13270833333334
2026-05-23 09:05:00,30.74361111111111,58.22215277777778
2026-05-23 09:10:00,30.74246527777778,58.255624999999995
2026-05-23 09:15:00,30.73861111111111,58.26590277777778
2026-05-23 09:20:00,30.73715277777778,58.30496527777778
2026-05-23 09:25:00,30.73638888888889,58.32381944444445
2026-05-23 09:30:00,30.734166666666667,58.364374999999995
2026-05-23 09:35:00,30.73236111111111,58.416041666666665
2026-05-23 09:40:00,30.73034722222222,58.349513888888886
2026-05-23 09:45:00,30.726041666666667,58.41013888888889
2026-05-23 09:50:00,30.72090277777778,58.38354166666667
2026-05-23 09:55:00,30.71104166666667,58.49309027777778
2026-05-23 10:00:00,30.707534722222224,58.55041666666667
2026-05-23 10:05:00,30.700763888888893,58.521562499999995
2026-05-23 10:10:00,30.696979166666672,58.58812499999999
2026-05-23 10:15:00,30.69482638888889,58.63375
2026-05-23 10:20:00,30.692812500000002,58.622812499999995
2026-05-23 10:25:00,30.688437500000003,58.69475694444444
2026-05-23 10:30:00,30.689618055555556,58.73454861111111
2026-05-23 10:35:00,30.68548611111111,58.67472222222222
2026-05-23 10:40:00,30.681458333333335,58.814618055555556
2026-05-23 10:45:00,30.685729166666665,58.81697916666667
2026-05-23 10:50:00,30.681493055555556,58.794895833333335
2026-05-23 10:55:00,30.680937500000002,58.92892361111112
2026-05-23 11:00:00,30.685208333333335,58.94888888888889
2026-05-23 11:05:00,30.683090277777776,58.95027777777778
2026-05-23 11:10:00,30.68173611111111,58.96440972222222
2026-05-23 11:15:00,30.684513888888887,59.01118055555556
2026-05-23 11:20:00,30.686111111111106,59.00111111111111
2026-05-23 11:25:00,30.68638888888889,59.01263888888889
2026-05-23 11:30:00,30.6871875,59.022118055555566
2026-05-23 11:35:00,30.687638888888884,59.05350694444444
2026-05-23 11:40:00,30.68982638888889,59.0784375
2026-05-23 11:45:00,30.69229166666667,59.08878472222222
2026-05-23 11:50:00,30.697187500000002,59.11607638888889
2026-05-23 11:55:00,30.70069444444444,59.12274305555555
2026-05-23 12:00:00,30.705937500000005,59.126319444444434
2026-05-23 12:05:00,30.71003472222223,59.12826388888888
2026-05-23 12:10:00,30.71357638888889,59.13239583333333
2026-05-23 12:15:00,30.716840277777774,59.13319444444445
2026-05-23 12:20:00,30.71902777777778,59.138437499999995
2026-05-23 12:25:00,30.72451388888889,59.14371527777777
2026-05-23 12:30:00,30.72628472222222,59.1340625
2026-05-23 12:35:00,30.727083333333333,59.15038194444445
2026-05-23 12:40:00,30.73034722222222,59.15489583333332
2026-05-23 12:45:00,30.73135416666667,59.164756944444434
2026-05-23 12:50:00,30.732187499999995,59.21045138888889
2026-05-23 12:55:00,30.734548611111116,59.16753472222222
2026-05-23 13:00:00,30.729340277777776,59.091145833333336
2026-05-23 13:05:00,30.723576388888887,59.108020833333335
2026-05-23 13:10:00,30.72038194444444,59.12579861111111
2026-05-23 13:15:00,30.725312499999998,59.26371527777778
2026-05-23 13:20:00,30.72701388888889,59.16027777777778
2026-05-23 13:25:00,30.725034722222226,59.168124999999996
2026-05-23 13:30:00,30.724687499999998,59.18041666666667
2026-05-23 13:35:00,30.72545138888889,59.19180555555556
2026-05-23 13:40:00,30.72413194444444,59.08270833333333
2026-05-23 13:45:00,30.716006944444448,58.997569444444444
2026-05-23 13:50:00,30.709618055555552,59.00496527777778
2026-05-23 13:55:00,30.705208333333335,59.01378472222221
2026-05-23 14:00:00,30.701874999999998,59.0228125
2026-05-23 14:05:00,30.702048611111113,59.14434027777778
2026-05-23 14:10:00,30.709583333333335,59.2903125
2026-05-23 14:15:00,30.71590277777777,59.29388888888889
2026-05-23 14:20:00,30.720034722222223,59.29621527777778
2026-05-23 14:25:00,30.722777777777782,59.29850694444445
2026-05-23 14:30:00,30.72454861111111,59.30211805555555
2026-05-23 14:35:00,30.725694444444443,59.305729166666666
2026-05-23 14:40:00,30.726354166666667,59.310520833333335
2026-05-23 14:45:00,30.72670138888889,59.31489583333333
2026-05-23 14:50:00,30.72670138888889,59.31986111111111
2026-05-23 14:55:00,30.727916666666665,59.42138888888889
2026-05-23 15:00:00,30.73121527777778,59.449687499999996
2026-05-23 15:05:00,30.728541666666672,59.325416666666655
2026-05-23 15:10:00,30.724270833333335,59.332187499999996
2026-05-23 15:15:00,30.72152777777778,59.34069444444444
2026-05-23 15:20:00,30.717673611111106,59.24274305555556
2026-05-23 15:25:00,30.713402777777773,59.26111111111111
2026-05-23 15:30:00,30.713506944444443,59.41361111111111
2026-05-23 15:35:00,30.71527777777778,59.42138888888889
2026-05-23 15:40:00,30.715347222222224,59.3975
2026-05-23 15:45:00,30.7146875,59.42246527777778
2026-05-23 15:50:00,30.715972222222224,59.44798611111111
2026-05-23 15:55:00,30.71704861111111,59.45260416666666
2026-05-23 16:00:00,30.717777777777783,59.45805555555556
2026-05-23 16:05:00,30.71833333333333,59.46315972222222
2026-05-23 16:10:00,30.71847222222222,59.46788194444444
2026-05-23 16:15:00,30.718229166666667,59.47361111111112
2026-05-23 16:20:00,30.71763888888889,59.48274305555557
2026-05-23 16:25:00,30.71690972222222,59.49517361111111
2026-05-23 16:30:00,30.71020833333333,59.38836805555555
2026-05-23 16:35:00,30.702881944444446,59.41086805555556
2026-05-23 16:40:00,30.70239583333333,59.481354166666655
2026-05-23 16:45:00,30.7025,59.495138888888896
2026-05-23 16:50:00,30.702326388888892,59.50684027777777
2026-05-23 16:55:00,30.702152777777783,59.51784722222222
2026-05-23 17:00:00,30.700451388888887,59.43322916666667
2026-05-23 17:05:00,30.69461805555556,59.435138888888886
2026-05-23 17:10:00,30.695,59.595277777777774
2026-05-23 17:15:00,30.70270833333333,59.75857638888889
2026-05-23 17:20:00,30.710277777777776,59.758125
2026-05-23 17:25:00,30.718090277777776,59.893263888888896
2026-05-23 17:30:00,30.727812500000002,59.93388888888889
2026-05-23 17:35:00,30.733437499999997,59.90791666666668
2026-05-23 17:40:00,30.736319444444444,59.90145833333333
2026-05-23 17:45:00,30.73784722222222,59.8996875
2026-05-23 17:50:00,30.740729166666668,60.020555555555546
2026-05-23 17:55:00,30.750104166666663,60.17489583333333
2026-05-23 18:00:00,30.75670138888889,60.0534375
2026-05-23 18:05:00,30.753368055555555,59.904513888888886
2026-05-23 18:10:00,30.750243055555554,59.989374999999995
2026-05-23 18:15:00,30.75506944444444,60.14045138888889
2026-05-23 18:20:00,30.763993055555552,60.165416666666665
2026-05-23 18:25:00,30.766770833333332,60.03267361111111
2026-05-23 18:30:00,30.76076388888889,59.88034722222223
2026-05-23 18:35:00,30.759930555555556,60.024131944444434
2026-05-23 18:40:00,30.766388888888894,60.106874999999995
2026-05-23 18:45:00,30.770208333333333,59.994375000000005
2026-05-23 18:50:00,30.76534722222222,59.84347222222223
2026-05-23 18:55:00,30.761354166666663,59.967916666666675
2026-05-23 19:00:00,30.766597222222224,60.12513888888889
2026-05-23 19:05:00,30.77079861111111,60.00864583333334
2026-05-23 19:10:00,30.76986111111111,59.992604166666666
2026-05-23 19:15:00,30.77138888888889,60.12013888888888
2026-05-23 19:20:00,30.776145833333334,60.12388888888889
2026-05-23 19:25:00,30.775555555555556,59.98246527777778
2026-05-23 19:30:00,30.773020833333337,59.97569444444444
2026-05-23 19:35:00,30.775208333333335,60.074687499999996
2026-05-23 19:40:00,30.7778125,60.02732638888889
2026-05-23 19:45:00,30.77524305555555,60.00572916666667
2026-05-23 19:50:00,30.774270833333333,60.102847222222216
2026-05-23 19:55:00,30.777743055555554,60.11270833333333
2026-05-23 20:00:00,30.77576388888889,59.98670138888888
2026-05-23 20:05:00,30.77291666666666,59.99204861111111
2026-05-23 20:10:00,30.77506944444444,60.090833333333336
2026-05-23 20:15:00,30.776319444444443,59.977569444444434
2026-05-23 20:20:00,30.773819444444445,59.975659722222225
2026-05-23 20:25:00,30.77402777777778,60.10534722222222
2026-05-23 20:30:00,30.77739583333333,60.03562500000001
2026-05-23 20:35:00,30.77496527777778,60.023958333333326
2026-05-23 20:40:00,30.773576388888884,60.118854166666665
2026-05-23 20:45:00,30.779131944444448,60.12784722222222
2026-05-23 20:50:00,30.777673611111116,60.09774305555556
2026-05-23 20:55:00,30.77586805555556,60.15722222222222
2026-05-23 21:00:00,30.780729166666667,60.18715277777777
2026-05-23 21:05:00,30.778055555555554,60.05250000000001
2026-05-23 21:10:00,30.7740625,60.093368055555565
2026-05-23 21:15:00,30.779097222222227,60.227395833333325
2026-05-23 21:20:00,30.77822916666667,60.10017361111112
2026-05-23 21:25:00,30.774305555555557,60.19812499999999
2026-05-23 21:30:00,30.779687500000005,60.28472222222222
2026-05-23 21:35:00,30.77972222222222,60.16357638888888
2026-05-23 21:40:00,30.77548611111111,60.246736111111105
2026-05-23 21:45:00,30.779479166666665,60.26833333333333
2026-05-23 21:50:00,30.77819444444444,60.169826388888886
2026-05-23 21:55:00,30.77350694444444,60.28340277777777
2026-05-23 22:00:00,30.776562499999997,60.292187500000004
2026-05-23 22:05:00,30.77243055555556,60.21038194444444
2026-05-23 22:10:00,30.770243055555554,60.35006944444444
2026-05-23 22:15:00,30.772534722222222,60.35409722222222
2026-05-23 22:20:00,30.76673611111111,60.348958333333336
2026-05-23 22:25:00,30.76722222222222,60.43694444444444
2026-05-23 22:30:00,30.767812500000005,60.37506944444445
2026-05-23 22:35:00,30.761875,60.45392361111111
2026-05-23 22:40:00,30.76392361111111,60.459131944444444
2026-05-23 22:45:00,30.763055555555557,60.39131944444445
2026-05-23 22:50:00,30.762708333333332,60.51576388888888
2026-05-23 22:55:00,30.76461805555556,60.51923611111111
2026-05-23 23:00:00,30.76357638888889,60.50875
2026-05-23 23:05:00,30.764826388888892,60.51399305555555
2026-05-23 23:10:00,30.7659375,60.521458333333335
2026-05-23 23:15:00,30.76520833333333,60.603159722222216
2026-05-23 23:20:00,30.766423611111108,60.60746527777778
2026-05-23 23:25:00,30.765729166666663,60.5534375
2026-05-23 23:30:00,30.76631944444445,60.5686111111111
2026-05-23 23:35:00,30.767291666666672,60.5739236111111
2026-05-23 23:40:00,30.765000000000004,60.572291666666665
2026-05-23 23:45:00,30.765486111111116,60.578229166666674
2026-05-23 23:50:00,30.76586805555556,60.58517361111111
2026-05-23 23:55:00,30.766284722222224,60.579375
2026-05-24 00:00:00,30.76631944444445,60.585729166666674
2026-05-24 00:05:00,30.767430555555556,60.61017361111111
2026-05-24 00:10:00,30.76715277777778,60.61576388888889
2026-05-24 00:15:00,30.766701388888894,60.620937500000004
2026-05-24 00:20:00,30.769131944444446,60.60618055555556
2026-05-24 00:25:00,30.768159722222222,60.61385416666667
2026-05-24 00:30:00,30.767291666666665,60.62128472222222
2026-05-24 00:35:00,30.768819444444446,60.523055555555565
2026-05-24 00:40:00,30.767604166666665,60.52791666666667
2026-05-24 00:45:00,30.767569444444444,60.57298611111111
2026-05-24 00:50:00,30.766875000000002,60.56614583333333
2026-05-24 00:55:00,30.76590277777778,60.566458333333344
2026-05-24 01:00:00,30.767604166666665,60.58020833333333
2026-05-24 01:05:00,30.76663194444445,60.58069444444445
2026-05-24 01:10:00,30.76590277777778,60.57815972222222
2026-05-24 01:15:00,30.766562500000003,60.53784722222221
2026-05-24 01:20:00,30.765833333333333,60.53458333333333
2026-05-24 01:25:00,30.765381944444446,60.52947916666666
2026-05-24 01:30:00,30.76503472222222,60.53055555555555
2026-05-24 01:35:00,30.765069444444446,60.5221875
2026-05-24 01:40:00,30.765069444444446,60.51444444444444
2026-05-24 01:45:00,30.764722222222222,60.53777777777777
2026-05-24 01:50:00,30.76520833333333,60.526701388888895
2026-05-24 01:55:00,30.765416666666663,60.50930555555554
2026-05-24 02:00:00,30.765138888888885,60.54055555555556
2026-05-24 02:05:00,30.766041666666663,60.52777777777778
2026-05-24 02:10:00,30.766597222222224,60.51788194444444
2026-05-24 02:15:00,30.766770833333332,60.533854166666664
2026-05-24 02:20:00,30.767395833333335,60.522152777777784
2026-05-24 02:25:00,30.767743055555556,60.513194444444444
2026-05-24 02:30:00,30.76767361111111,60.5003125
2026-05-24 02:35:00,30.76763888888889,60.49420138888888
2026-05-24 02:40:00,30.767743055555552,60.48829861111111
2026-05-24 02:45:00,30.76277777777777,60.54607638888889
2026-05-24 02:50:00,30.76409722222222,60.53159722222223
2026-05-24 02:55:00,30.764965277777783,60.522152777777784
2026-05-24 03:00:00,30.763263888888886,60.51600694444445
2026-05-24 03:05:00,30.76409722222222,60.50631944444444
2026-05-24 03:10:00,30.764583333333334,60.50013888888889
2026-05-24 03:15:00,30.763506944444444,60.49461805555555
2026-05-24 03:20:00,30.763645833333335,60.49052083333332
2026-05-24 03:25:00,30.76371527777778,60.48802083333333
2026-05-24 03:30:00,30.763333333333335,60.485972222222216
2026-05-24 03:35:00,30.763368055555556,60.4853125
2026-05-24 03:40:00,30.763368055555556,60.485590277777774
2026-05-24 03:45:00,30.76399305555556,60.49027777777778
2026-05-24 03:50:00,30.763749999999998,60.49465277777777
2026-05-24 03:55:00,30.763541666666665,60.49888888888889
2026-05-24 04:00:00,30.765104166666667,60.555208333333326
2026-05-24 04:05:00,30.764062499999998,60.57034722222223
2026-05-24 04:10:00,30.762951388888887,60.58267361111112
2026-05-24 04:15:00,30.764826388888892,60.6484375
2026-05-24 04:20:00,30.764131944444443,60.6175
2026-05-24 04:25:00,30.762326388888894,60.63618055555556
2026-05-24 04:30:00,30.765416666666667,60.69371527777777
2026-05-24 04:35:00,30.76920138888889,60.684548611111104
2026-05-24 04:40:00,30.766388888888887,60.712673611111114
2026-05-24 04:45:00,30.76895833333333,60.73152777777778
2026-05-24 04:50:00,30.771770833333335,60.72826388888888
2026-05-24 04:55:00,30.771180555555556,60.669999999999995
2026-05-24 05:00:00,30.771770833333335,60.74142361111111
2026-05-24 05:05:00,30.77361111111111,60.742777777777775
2026-05-24 05:10:00,30.774513888888887,60.748159722222226
2026-05-24 05:15:00,30.779861111111106,60.73920138888889
2026-05-24 05:20:00,30.783749999999998,60.728750000000005
2026-05-24 05:25:00,30.785625,60.72722222222222
2026-05-24 05:30:00,30.788124999999997,60.78444444444445
2026-05-24 05:35:00,30.792430555555555,60.76972222222222
2026-05-24 05:40:00,30.79454861111111,60.76572916666666
2026-05-24 05:45:00,30.795,60.76833333333333
2026-05-24 05:50:00,30.79930555555556,60.76548611111111
2026-05-24 05:55:00,30.802777777777774,60.75503472222221
2026-05-24 06:00:00,30.80479166666667,60.751805555555556
2026-05-24 06:05:00,30.80902777777778,60.810833333333335
2026-05-24 06:10:00,30.811006944444443,60.75267361111111
2026-05-24 06:15:00,30.810694444444444,60.761562500000004
2026-05-24 06:20:00,30.810138888888886,60.770486111111104
2026-05-24 06:25:00,30.813993055555557,60.78611111111112
2026-05-24 06:30:00,30.81760416666667,60.775416666666665
2026-05-24 06:35:00,30.819895833333337,60.77159722222221
2026-05-24 06:40:00,30.81982638888889,60.713437500000005
2026-05-24 06:45:00,30.821527777777778,60.71045138888889
2026-05-24 06:50:00,30.82256944444445,60.71229166666668
2026-05-24 06:55:00,30.823020833333334,60.7167361111111
2026-05-24 07:00:00,30.822986111111113,60.72277777777778
2026-05-24 07:05:00,30.822743055555552,60.72975694444445
2026-05-24 07:10:00,30.82232638888889,60.737222222222236
2026-05-24 07:15:00,30.821874999999995,60.74475694444445
2026-05-24 07:20:00,30.821458333333332,60.75225694444444
2026-05-24 07:25:00,30.821111111111108,60.75930555555556
2026-05-24 07:30:00,30.82079861111111,60.77444444444445
2026-05-24 07:35:00,30.820868055555554,60.77784722222222
2026-05-24 07:40:00,30.820347222222225,60.78590277777778
2026-05-24 07:45:00,30.82003472222222,60.8084375
2026-05-24 07:50:00,30.820729166666663,60.76336805555555
2026-05-24 07:55:00,30.819652777777776,60.77211805555555
2026-05-24 08:00:00,30.823402777777776,60.82135416666668
2026-05-24 08:05:00,30.826770833333335,60.802395833333335
2026-05-24 08:10:00,30.82819444444444,60.79381944444444
2026-05-24 08:15:00,30.834444444444443,60.76493055555555
2026-05-24 08:20:00,30.838645833333334,60.739999999999995
2026-05-24 08:25:00,30.84399305555556,60.792986111111105
2026-05-24 08:30:00,30.85083333333333,60.751006944444434
2026-05-24 08:35:00,30.855868055555554,60.78180555555556
2026-05-24 08:40:00,30.86565972222222,60.72569444444444
2026-05-24 08:45:00,30.872152777777778,60.68631944444444
2026-05-24 08:50:00,30.88059027777778,60.73229166666667
2026-05-24 08:55:00,30.888437499999995,60.638333333333335
2026-05-24 09:00:00,30.889548611111113,60.66440972222222
2026-05-24 09:05:00,30.896458333333335,60.62131944444445
2026-05-24 09:10:00,30.900208333333335,60.54225694444445
2026-05-24 09:15:00,30.903263888888894,60.62104166666667
2026-05-24 09:20:00,30.908090277777774,60.588055555555556
2026-05-24 09:25:00,30.907326388888887,60.602465277777775
2026-05-24 09:30:00,30.91204861111111,60.572361111111114
2026-05-24 09:35:00,30.914583333333333,60.49965277777777
2026-05-24 09:40:00,30.91677083333333,60.59277777777777
2026-05-24 09:45:00,30.921319444444446,60.55611111111111
2026-05-24 09:50:00,30.919270833333332,60.594131944444435
2026-05-24 09:55:00,30.92420138888889,60.58354166666666
2026-05-24 10:00:00,30.924444444444443,60.48336805555555
2026-05-24 10:05:00,30.923645833333328,60.59107638888889
2026-05-24 10:10:00,30.928506944444443,60.54593750000001
2026-05-24 10:15:00,30.92420138888889,60.46017361111112
2026-05-24 10:20:00,30.92604166666667,60.56687500000001
2026-05-24 10:25:00,30.929305555555555,60.454340277777774
2026-05-24 10:30:00,30.92430555555556,60.43916666666668
2026-05-24 10:35:00,30.927500000000002,60.54642361111111
2026-05-24 10:40:00,30.931145833333332,60.423402777777774
2026-05-24 10:45:00,30.925277777777776,60.339375000000004
2026-05-24 10:50:00,30.926909722222224,60.454930555555556
2026-05-24 10:55:00,30.930902777777778,60.33847222222222
2026-05-24 11:00:00,30.92552083333333,60.22461805555555
2026-05-24 11:05:00,30.92340277777778,60.34385416666666
2026-05-24 11:10:00,30.930208333333333,60.44902777777778
2026-05-24 11:15:00,30.93190972222222,60.314618055555556
2026-05-24 11:20:00,30.92524305555556,60.24138888888889
2026-05-24 11:25:00,30.924166666666665,60.367881944444434
2026-05-24 11:30:00,30.93111111111111,60.42201388888888
2026-05-24 11:35:00,30.93013888888889,60.2825
2026-05-24 11:40:00,30.92357638888889,60.2676388888889
2026-05-24 11:45:00,30.91881944444444,60.27201388888889
2026-05-24 11:50:00,30.9175,60.276041666666664
2026-05-24 11:55:00,30.914618055555554,60.181979166666665
2026-05-24 12:00:00,30.908645833333328,60.18944444444445
2026-05-24 12:05:00,30.904756944444443,60.19878472222222
2026-05-24 12:10:00,30.90493055555556,60.32166666666668
2026-05-24 12:15:00,30.908159722222226,60.329652777777774
2026-05-24 12:20:00,30.909756944444446,60.240520833333335
2026-05-24 12:25:00,30.906215277777783,60.232777777777784
2026-05-24 12:30:00,30.907326388888887,60.23881944444444
2026-05-24 12:35:00,30.908750000000005,60.22253472222222
2026-05-24 12:40:00,30.905590277777776,60.218854166666674
2026-05-24 12:45:00,30.90614583333333,60.21333333333334
2026-05-24 12:50:00,30.905625000000004,60.14565972222223
2026-05-24 12:55:00,30.903437500000003,60.20756944444444
2026-05-24 13:00:00,30.90888888888889,60.294895833333335
2026-05-24 13:05:00,30.917743055555555,60.28618055555556
2026-05-24 13:10:00,30.92361111111111,60.27381944444445
2026-05-24 13:15:00,30.921354166666667,60.14024305555555
2026-05-24 13:20:00,30.91517361111111,60.12777777777779
2026-05-24 13:25:00,30.910798611111108,60.127118055555556
2026-05-24 13:30:00,30.907500000000002,60.12746527777777
2026-05-24 13:35:00,30.905034722222222,60.127812500000005
2026-05-24 13:40:00,30.903125000000003,60.12878472222222
2026-05-24 13:45:00,30.90177083333333,60.1295138888889
2026-05-24 13:50:00,30.900659722222226,60.129930555555546
2026-05-24 13:55:00,30.899965277777774,60.13062500000001
2026-05-24 14:00:00,30.899583333333332,60.13135416666666
2026-05-24 14:05:00,30.896527777777774,60.02024305555556
2026-05-24 14:10:00,30.88677083333333,59.884930555555556
2026-05-24 14:15:00,30.87868055555556,59.89288194444444
2026-05-24 14:20:00,30.87298611111111,59.90284722222222
2026-05-24 14:25:00,30.86888888888889,59.9140625
2026-05-24 14:30:00,30.866041666666668,59.92614583333333
2026-05-24 14:35:00,30.86402777777778,59.93736111111111
2026-05-24 14:40:00,30.862673611111113,59.9467013888889
2026-05-24 14:45:00,30.861840277777773,59.95565972222222
2026-05-24 14:50:00,30.86138888888889,59.96180555555556
2026-05-24 14:55:00,30.85979166666667,59.87180555555555
2026-05-24 15:00:00,30.851423611111116,59.736979166666664
2026-05-24 15:05:00,30.842951388888885,59.74475694444445
2026-05-24 15:10:00,30.836701388888887,59.75868055555556
2026-05-24 15:15:00,30.831944444444446,59.773541666666674
2026-05-24 15:20:00,30.828368055555554,59.787256944444444
2026-05-24 15:25:00,30.825381944444448,59.79177083333333
2026-05-24 15:30:00,30.82090277777778,59.68364583333333
2026-05-24 15:35:00,30.81638888888889,59.69520833333334
2026-05-24 15:40:00,30.813472222222224,59.639791666666675
2026-05-24 15:45:00,30.80538194444445,59.50836805555556
2026-05-24 15:50:00,30.79444444444444,59.49899305555555
2026-05-24 15:55:00,30.786249999999995,59.51618055555556
2026-05-24 16:00:00,30.780069444444443,59.532604166666665
2026-05-24 16:05:00,30.775104166666672,59.549062500000005
2026-05-24 16:10:00,30.77121527777778,59.564930555555556
2026-05-24 16:15:00,30.768229166666668,59.57954861111111
2026-05-24 16:20:00,30.7659375,59.59052083333333
2026-05-24 16:25:00,30.764062499999998,59.59822916666667
2026-05-24 16:30:00,30.76899305555556,59.74100694444444
2026-05-24 16:35:00,30.7728125,59.65503472222221
2026-05-24 16:40:00,30.76982638888889,59.59916666666667
2026-05-24 16:45:00,30.766979166666665,59.60045138888889
2026-05-24 16:50:00,30.764687499999997,59.6035763888889
2026-05-24 16:55:00,30.762604166666662,59.60788194444444
2026-05-24 17:00:00,30.765972222222224,59.74902777777778
2026-05-24 17:05:00,30.773125,59.77815972222223
2026-05-24 17:10:00,30.771666666666665,59.6259375
2026-05-24 17:15:00,30.762743055555557,59.47180555555556
2026-05-24 17:20:00,30.753819444444446,59.483993055555565
2026-05-24 17:25:00,30.745694444444446,59.45979166666666
2026-05-24 17:30:00,30.740381944444444,59.46680555555555
2026-05-24 17:35:00,30.735243055555557,59.400034722222216
2026-05-24 17:40:00,30.730868055555554,59.41090277777778
2026-05-24 17:45:00,30.72767361111111,59.420555555555566
2026-05-24 17:50:00,30.727708333333332,59.44944444444445
2026-05-24 17:55:00,30.72809027777778,59.460347222222225
2026-05-24 18:00:00,30.726631944444446,59.46090277777778
2026-05-24 18:05:00,30.725208333333335,59.46534722222222
2026-05-24 18:10:00,30.72715277777778,59.525729166666665
2026-05-24 18:15:00,30.729131944444443,59.54097222222222
2026-05-24 18:20:00,30.728229166666672,59.527083333333344
2026-05-24 18:25:00,30.72694444444444,59.529687499999994
2026-05-24 18:30:00,30.730451388888884,59.67888888888889
2026-05-24 18:35:00,30.734722222222217,59.6995138888889
2026-05-24 18:40:00,30.734479166666663,59.631284722222226
2026-05-24 18:45:00,30.73309027777778,59.63159722222221
2026-05-24 18:50:00,30.736562499999998,59.78135416666666
2026-05-24 18:55:00,30.742083333333337,59.80677083333333
2026-05-24 19:00:00,30.742638888888887,59.67576388888889
2026-05-24 19:05:00,30.740520833333335,59.674479166666664
2026-05-24 19:10:00,30.740729166666668,59.69222222222223
2026-05-24 19:15:00,30.740833333333335,59.70954861111112
2026-05-24 19:20:00,30.741805555555555,59.72416666666667
2026-05-24 19:25:00,30.742534722222217,59.78374999999999
2026-05-24 19:30:00,30.74381944444444,59.796250000000015
2026-05-24 19:35:00,30.74513888888889,59.85590277777778
2026-05-24 19:40:00,30.746493055555554,59.85503472222222
2026-05-24 19:45:00,30.746180555555554,59.84545138888888
2026-05-24 19:50:00,30.745451388888892,59.85638888888889
2026-05-24 19:55:00,30.747083333333332,59.90538194444444
2026-05-24 20:00:00,30.748368055555552,59.88899305555557
2026-05-24 20:05:00,30.748125,59.892500000000005
2026-05-24 20:10:00,30.748020833333335,59.948576388888895
2026-05-24 20:15:00,30.754895833333332,60.09288194444444
2026-05-24 20:20:00,30.763541666666665,60.0842361111111
2026-05-24 20:25:00,30.769548611111116,60.05927083333333
2026-05-24 20:30:00,30.77354166666667,60.133194444444435
2026-05-24 20:35:00,30.780625,60.126562500000006
2026-05-24 20:40:00,30.785798611111108,60.08680555555556
2026-05-24 20:45:00,30.791041666666665,60.15236111111111
2026-05-24 20:50:00,30.802013888888887,60.118958333333325
2026-05-24 20:55:00,30.808402777777776,59.9651388888889
2026-05-24 21:00:00,30.81045138888889,60.038125
2026-05-24 21:05:00,30.81982638888889,60.06711805555555
2026-05-24 21:10:00,30.822083333333335,60.01944444444444
2026-05-24 21:15:00,30.82333333333333,59.97131944444445
2026-05-24 21:20:00,30.825138888888887,59.96680555555555
2026-05-24 21:25:00,30.82840277777778,59.920833333333334
2026-05-24 21:30:00,30.830243055555552,59.81295138888888
2026-05-24 21:35:00,30.830659722222226,59.91194444444446
2026-05-24 21:40:00,30.83524305555555,59.85621527777778
2026-05-24 21:45:00,30.83322916666667,59.72402777777778
2026-05-24 21:50:00,30.83423611111111,59.817395833333336
2026-05-24 21:55:00,30.838333333333335,59.69607638888889
2026-05-24 22:00:00,30.835381944444446,59.685659722222226
2026-05-24 22:05:00,30.83979166666667,59.7636111111111
2026-05-24 22:10:00,30.84184027777778,59.626840277777774
2026-05-24 22:15:00,30.8396875,59.62229166666667
2026-05-24 22:20:00,30.845520833333335,59.62923611111111
2026-05-24 22:25:00,30.844583333333333,59.57572916666667
2026-05-24 22:30:00,30.844097222222224,59.64232638888888
2026-05-24 22:35:00,30.848784722222224,59.5370486111111
2026-05-24 22:40:00,30.846597222222222,59.54038194444445
2026-05-24 22:45:00,30.8475,59.61493055555555
2026-05-24 22:50:00,30.851006944444446,59.50190972222222
2026-05-24 22:55:00,30.849027777777774,59.505833333333335
2026-05-24 23:00:00,30.850902777777776,59.57763888888889
2026-05-24 23:05:00,30.853020833333332,59.46586805555556
2026-05-24 23:10:00,30.850763888888892,59.470416666666665
2026-05-24 23:15:00,30.85559027777778,59.46656250000001
2026-05-24 23:20:00,30.85635416666667,59.36736111111111
2026-05-24 23:25:00,30.85472222222222,59.43920138888888
2026-05-24 23:30:00,30.8590625,59.4001388888889
2026-05-24 23:35:00,30.857395833333335,59.310520833333335
2026-05-24 23:40:00,30.85868055555555,59.392743055555556
2026-05-24 23:45:00,30.862152777777776,59.3620486111111
2026-05-24 23:50:00,30.85895833333333,59.32253472222222
2026-05-24 23:55:00,30.861979166666668,59.31368055555556
2026-05-25 00:00:00,30.864895833333335,59.289895833333325
2026-05-25 00:05:00,30.861770833333335,59.30836805555556
2026-05-25 00:10:00,30.864270833333332,59.28440972222222
2026-05-25 00:15:00,30.86618055555555,59.27010416666667
2026-05-25 00:20:00,30.869652777777773,59.310069444444444
2026-05-25 00:25:00,30.870416666666667,59.303645833333334
2026-05-25 00:30:00,30.870590277777776,59.30138888888889
2026-05-25 00:35:00,30.87298611111111,59.30638888888888
2026-05-25 00:40:00,30.872604166666665,59.310173611111104
2026-05-25 00:45:00,30.871909722222224,59.31534722222222
2026-05-25 00:50:00,30.877604166666668,59.28993055555556
2026-05-25 00:55:00,30.876354166666665,59.29409722222221
2026-05-25 01:00:00,30.875659722222224,59.35656250000001
2026-05-25 01:05:00,30.880451388888886,59.333020833333336
2026-05-25 01:10:00,30.878229166666667,59.33989583333333
2026-05-25 01:15:00,30.880034722222224,59.417951388888895
2026-05-25 01:20:00,30.883680555555557,59.40454861111112
2026-05-25 01:25:00,30.884791666666665,59.35305555555556
2026-05-25 01:30:00,30.88649305555556,59.36045138888889
2026-05-25 01:35:00,30.888020833333332,59.36184027777777
2026-05-25 01:40:00,30.888749999999998,59.368333333333325
2026-05-25 01:45:00,30.891979166666673,59.28111111111112
2026-05-25 01:50:00,30.89135416666667,59.29680555555555
2026-05-25 01:55:00,30.890590277777775,59.3203125
2026-05-25 02:00:00,30.89527777777778,59.30486111111111
2026-05-25 02:05:00,30.895937500000002,59.238333333333344
2026-05-25 02:10:00,30.893124999999998,59.265034722222225
2026-05-25 02:15:00,30.89638888888889,59.25565972222223
2026-05-25 02:20:00,30.898819444444445,59.256076388888886
2026-05-25 02:25:00,30.89496527777778,59.27763888888889
2026-05-25 02:30:00,30.89579861111111,59.341701388888886
2026-05-25 02:35:00,30.897534722222222,59.34458333333334
2026-05-25 02:40:00,30.898333333333337,59.35190972222222
2026-05-25 02:45:00,30.902951388888894,59.27715277777778
2026-05-25 02:50:00,30.90204861111111,59.294826388888886
2026-05-25 02:55:00,30.900972222222222,59.31107638888889
2026-05-25 03:00:00,30.903993055555556,59.3814236111111
2026-05-25 03:05:00,30.907500000000002,59.374375
2026-05-25 03:10:00,30.90927083333333,59.34329861111111
2026-05-25 03:15:00,30.909062499999997,59.4317013888889
2026-05-25 03:20:00,30.911319444444448,59.42829861111112
2026-05-25 03:25:00,30.912395833333335,59.43100694444445
2026-05-25 03:30:00,30.915729166666665,59.49555555555556
2026-05-25 03:35:00,30.92076388888889,59.475972222222225
2026-05-25 03:40:00,30.92378472222222,59.4675
2026-05-25 03:45:00,30.927013888888887,59.51753472222222
2026-05-25 03:50:00,30.930486111111115,59.42819444444444
2026-05-25 03:55:00,30.930069444444445,59.43597222222221
2026-05-25 04:00:00,30.929444444444446,59.443506944444444
2026-05-25 04:05:00,30.934756944444448,59.41434027777777
2026-05-25 04:10:00,30.93329861111111,59.42753472222221
2026-05-25 04:15:00,30.93170138888889,59.43815972222223
2026-05-25 04:20:00,30.93527777777778,59.46434027777778
2026-05-25 04:25:00,30.93878472222222,59.44784722222222
2026-05-25 04:30:00,30.9409375,59.43940972222223
2026-05-25 04:35:00,30.937152777777776,59.46302083333334
2026-05-25 04:40:00,30.939062500000002,59.45079861111112
2026-05-25 04:45:00,30.940312499999997,59.445625
2026-05-25 04:50:00,30.940868055555555,59.44430555555555
2026-05-25 04:55:00,30.9434375,59.505208333333336
2026-05-25 05:00:00,30.943055555555556,59.51079861111111
2026-05-25 05:05:00,30.94236111111111,59.51631944444445
2026-05-25 05:10:00,30.94184027777778,59.52104166666666
2026-05-25 05:15:00,30.94170138888889,59.5248263888889
2026-05-25 05:20:00,30.93732638888889,59.533541666666665
2026-05-25 05:25:00,30.933888888888887,59.55513888888889
2026-05-25 05:30:00,30.931909722222226,59.56895833333332
2026-05-25 05:35:00,30.931145833333332,59.577395833333334
2026-05-25 05:40:00,30.93131944444444,59.58197916666667
2026-05-25 05:45:00,30.927395833333335,59.603541666666665
2026-05-25 05:50:00,30.924444444444443,59.62361111111112
2026-05-25 05:55:00,30.922673611111115,59.63673611111111
2026-05-25 06:00:00,30.921527777777776,59.64590277777776
2026-05-25 06:05:00,30.92076388888889,59.65243055555556
2026-05-25 06:10:00,30.91885416666667,59.721354166666664
2026-05-25 06:15:00,30.918472222222224,59.72583333333333
2026-05-25 06:20:00,30.918368055555554,59.729305555555555
2026-05-25 06:25:00,30.918368055555554,59.73211805555555
2026-05-25 06:30:00,30.918368055555554,59.73454861111112
2026-05-25 06:35:00,30.914444444444445,59.698645833333345
2026-05-25 06:40:00,30.91159722222222,59.78034722222222
2026-05-25 06:45:00,30.91274305555556,59.77597222222222
2026-05-25 06:50:00,30.913576388888885,59.77361111111111
2026-05-25 06:55:00,30.914097222222225,59.772291666666675
2026-05-25 07:00:00,30.914513888888887,59.77152777777777
2026-05-25 07:05:00,30.911145833333332,59.77072916666667
2026-05-25 07:10:00,30.90784722222222,59.78708333333332
2026-05-25 07:15:00,30.90555555555556,59.79798611111111
2026-05-25 07:20:00,30.904062500000002,59.80475694444445
2026-05-25 07:25:00,30.90309027777778,59.80864583333333
2026-05-25 07:30:00,30.90229166666667,59.78649305555555
2026-05-25 07:35:00,30.901458333333338,59.7910763888889
2026-05-25 07:40:00,30.901354166666668,59.78892361111111
2026-05-25 07:45:00,30.901284722222222,59.78659722222223
2026-05-25 07:50:00,30.900347222222226,59.83284722222223
2026-05-25 07:55:00,30.900729166666665,59.82815972222222
2026-05-25 08:00:00,30.90138888888889,59.80006944444444
2026-05-25 08:05:00,30.896874999999998,59.82725694444444
2026-05-25 08:10:00,30.894236111111113,59.841319444444444
2026-05-25 08:15:00,30.89267361111111,59.84847222222223
2026-05-25 08:20:00,30.89173611111111,59.85211805555556
2026-05-25 08:25:00,30.891076388888887,59.853923611111114
2026-05-25 08:30:00,30.890520833333337,59.854826388888895
2026-05-25 08:35:00,30.89,59.85541666666667
2026-05-25 08:40:00,30.889409722222222,59.85600694444444
2026-05-25 08:45:00,30.889062500000005,59.85628472222223
2026-05-25 08:50:00,30.883749999999996,59.88513888888888
2026-05-25 08:55:00,30.880347222222227,59.94628472222222
2026-05-25 09:00:00,30.882256944444446,59.93625
2026-05-25 09:05:00,30.87861111111111,59.93434027777778
2026-05-25 09:10:00,30.876145833333332,60.00295138888888
2026-05-25 09:15:00,30.878402777777776,59.94024305555555
2026-05-25 09:20:00,30.873923611111113,59.96972222222222
2026-05-25 09:25:00,30.87559027777778,60.01201388888889
2026-05-25 09:30:00,30.87600694444444,59.93638888888889
2026-05-25 09:35:00,30.871979166666662,60.017951388888896
2026-05-25 09:40:00,30.87510416666667,59.99642361111111
2026-05-25 09:45:00,30.871770833333333,59.91940972222223
2026-05-25 09:50:00,30.87458333333333,59.95774305555556
2026-05-25 09:55:00,30.877881944444443,59.93468750000001
2026-05-25 10:00:00,30.878576388888884,60.00142361111111
2026-05-25 10:05:00,30.88309027777778,59.963541666666664
2026-05-25 10:10:00,30.885243055555552,59.90118055555555
2026-05-25 10:15:00,30.887430555555554,59.99482638888888
2026-05-25 10:20:00,30.891180555555554,59.93888888888888
2026-05-25 10:25:00,30.887743055555557,59.92625000000001
2026-05-25 10:30:00,30.89190972222222,60.01447916666666
2026-05-25 10:35:00,30.893402777777776,59.904965277777784
2026-05-25 10:40:00,30.89222222222222,60.005381944444444
2026-05-25 10:45:00,30.900000000000002,60.07006944444444
2026-05-25 10:50:00,30.899409722222217,59.946840277777774
2026-05-25 10:55:00,30.899236111111108,60.04326388888889
2026-05-25 11:00:00,30.904722222222226,60.042326388888895
2026-05-25 11:05:00,30.904999999999998,59.93055555555556
2026-05-25 11:10:00,30.90381944444444,59.93055555555556
2026-05-25 11:15:00,30.906423611111116,59.931354166666665
2026-05-25 11:20:00,30.90815972222222,59.92767361111112
2026-05-25 11:25:00,30.90868055555556,59.92048611111112
2026-05-25 11:30:00,30.9096875,59.957083333333344
2026-05-25 11:35:00,30.91059027777778,59.95329861111111
2026-05-25 11:40:00,30.91142361111111,60.02451388888888
2026-05-25 11:45:00,30.919375000000002,60.14545138888889
2026-05-25 11:50:00,30.923055555555557,60.01118055555555
2026-05-25 11:55:00,30.919479166666665,59.988090277777786
2026-05-25 12:00:00,30.91791666666667,60.085347222222225
2026-05-25 12:05:00,30.924062499999998,60.212812500000005
2026-05-25 12:10:00,30.93364583333333,60.18340277777778
2026-05-25 12:15:00,30.933541666666663,60.04284722222222
2026-05-25 12:20:00,30.931631944444444,60.11527777777778
2026-05-25 12:25:00,30.93850694444444,60.18861111111111
2026-05-25 12:30:00,30.938402777777778,60.088368055555556
2026-05-25 12:35:00,30.93690972222222,60.09048611111112
2026-05-25 12:40:00,30.942638888888887,60.10809027777777
2026-05-25 12:45:00,30.94166666666667,60.080104166666665
2026-05-25 12:50:00,30.941388888888884,60.14434027777778
2026-05-25 12:55:00,30.94489583333333,60.080868055555555
2026-05-25 13:00:00,30.94052083333333,59.991458333333334
2026-05-25 13:05:00,30.93253472222223,59.997673611111104
2026-05-25 13:10:00,30.92753472222222,60.00829861111111
2026-05-25 13:15:00,30.92430555555556,60.01642361111111
2026-05-25 13:20:00,30.9221875,60.02253472222222
2026-05-25 13:25:00,30.920694444444443,60.02708333333333
2026-05-25 13:30:00,30.91972222222222,60.03097222222222
2026-05-25 13:35:00,30.918993055555557,60.033611111111114
2026-05-25 13:40:00,30.9184375,60.037395833333335
2026-05-25 13:45:00,30.917986111111116,60.041423611111114
2026-05-25 13:50:00,30.923923611111107,60.16670138888888
2026-05-25 13:55:00,30.93284722222222,60.177048611111104
2026-05-25 14:00:00,30.939409722222226,60.171041666666675
2026-05-25 14:05:00,30.944444444444443,60.16322916666666
2026-05-25 14:10:00,30.948437499999997,60.15510416666666
2026-05-25 14:15:00,30.951666666666668,60.14694444444444
2026-05-25 14:20:00,30.95444444444444,60.13878472222221
2026-05-25 14:25:00,30.956666666666663,60.12961805555555
2026-05-25 14:30:00,30.958368055555557,60.122083333333336
2026-05-25 14:35:00,30.95993055555555,60.115590277777784
2026-05-25 14:40:00,30.961388888888887,60.110416666666666
2026-05-25 14:45:00,30.962847222222226,60.105208333333344
2026-05-25 14:50:00,30.964375,60.10208333333334
2026-05-25 14:55:00,30.96600694444444,60.09892361111112
2026-05-25 15:00:00,30.967673611111113,60.095312500000006
2026-05-25 15:05:00,30.969513888888894,60.092222222222226
2026-05-25 15:10:00,30.971562500000005,60.08916666666667
2026-05-25 15:15:00,30.97371527777777,60.08649305555556
2026-05-25 15:40:00,31.019049295774646,60.088309859154926
2026-05-25 15:45:00,31.025950704225348,60.076971830985904
2026-05-25 15:50:00,31.030950704225354,60.06665492957747
2026-05-25 15:55:00,31.03485915492958,60.056197183098604
2026-05-25 16:00:00,31.03795774647887,60.04514084507042
2026-05-25 16:05:00,31.04049295774648,60.033873239436616
2026-05-25 16:10:00,31.042640845070423,60.02327464788733
2026-05-25 16:15:00,31.044542253521126,60.015211267605636
2026-05-25 16:20:00,31.046338028169014,60.00919014084506
2026-05-25 16:25:00,31.047957746478875,60.00457746478873
2026-05-25 16:30:00,31.042852112676055,59.86214788732395
2026-05-25 16:35:00,31.033521126760565,59.816690140845076
2026-05-25 16:40:00,31.026443661971825,59.827323943661966
2026-05-25 16:45:00,31.021478873239438,59.837922535211256
2026-05-25 16:50:00,31.019718309859154,59.94788732394367
2026-05-25 16:55:00,31.02637323943662,60.09841549295775
2026-05-25 17:00:00,31.029753521126764,59.96950704225352
2026-05-25 17:05:00,31.024119718309862,59.80637323943662
2026-05-25 17:10:00,31.02066901408451,59.92598591549296
2026-05-25 17:15:00,31.02545774647887,60.0800704225352
2026-05-25 17:20:00,31.036443661971834,60.233521126760564
2026-05-25 17:25:00,31.048309859154926,60.15193661971831
2026-05-25 17:30:00,31.049612676056338,60.08954225352113
2026-05-25 17:35:00,31.05161971830986,60.19630281690141
2026-05-25 17:40:00,31.060281690140847,60.34964788732394
2026-05-25 17:45:00,31.07049295774648,60.34584507042253
2026-05-25 17:50:00,31.073028169014083,60.190246478873235
2026-05-25 17:55:00,31.066690140845072,60.052535211267596
2026-05-25 18:00:00,31.067147887323944,60.201901408450695
2026-05-25 18:05:00,31.07443661971831,60.27654929577465
2026-05-25 18:10:00,31.076584507042252,60.1287323943662
2026-05-25 18:15:00,31.070176056338028,59.96144366197183
2026-05-25 18:20:00,31.062218309859155,59.9530985915493
2026-05-25 18:25:00,31.062887323943663,60.10359154929577
2026-05-25 18:30:00,31.067077464788735,60.11464788732395
2026-05-25 18:35:00,31.064330985915493,59.94792253521126
2026-05-25 18:40:00,31.058098591549296,59.93404929577465
2026-05-25 18:45:00,31.060105633802817,60.08757042253522
2026-05-25 18:50:00,31.065105633802816,60.093380281690145
2026-05-25 18:55:00,31.063133802816903,59.924542253521125
2026-05-25 19:00:00,31.05683098591549,59.957042253521124
2026-05-25 19:05:00,31.059788732394363,60.11281690140844
2026-05-25 19:10:00,31.063521126760566,60.04
2026-05-25 19:15:00,31.05887323943662,59.86978873239437
2026-05-25 19:20:00,31.053661971830984,59.986514084507036
2026-05-25 19:25:00,31.05799295774648,60.084542253521136
2026-05-25 19:30:00,31.0593661971831,59.93767605633803
2026-05-25 19:35:00,31.052112676056336,59.77348591549295
2026-05-25 19:40:00,31.05169014084507,59.925598591549296
2026-05-25 19:45:00,31.058380281690148,59.95338028169015
2026-05-25 19:50:00,31.05693661971831,59.78922535211267
2026-05-25 19:55:00,31.052816901408452,59.87077464788732
2026-05-25 20:00:00,31.05760563380282,60.01915492957746
2026-05-25 20:05:00,31.062464788732395,59.91169014084507
2026-05-25 20:10:00,31.0587323943662,59.81830985915492
2026-05-25 20:15:00,31.05475352112676,59.81461267605635
2026-05-25 20:20:00,31.051760563380284,59.81302816901409
2026-05-25 20:25:00,31.049542253521125,59.81235915492959
2026-05-25 20:30:00,31.05327464788732,59.846267605633805
2026-05-25 20:35:00,31.057112676056335,59.75845070422536
2026-05-25 20:40:00,31.054436619718313,59.75809859154929
2026-05-25 20:45:00,31.051971830985917,59.765246478873244
2026-05-25 20:50:00,31.050105633802815,59.76876760563381
2026-05-25 20:55:00,31.050950704225357,59.84626760563379
2026-05-25 21:00:00,31.052676056338033,59.73426056338029
2026-05-25 21:05:00,31.050140845070423,59.795809859154936
2026-05-25 21:10:00,31.054999999999996,59.76102112676057
2026-05-25 21:15:00,31.051549295774645,59.752112676056335
2026-05-25 21:20:00,31.054014084507042,59.84323943661972
2026-05-25 21:25:00,31.055422535211267,59.74366197183099
2026-05-25 21:30:00,31.05147887323944,59.82630281690142
2026-05-25 21:35:00,31.05489436619718,59.80492957746478
2026-05-25 21:40:00,31.053626760563386,59.71630281690141
2026-05-25 21:45:00,31.054119718309856,59.824401408450704
2026-05-25 21:50:00,31.057147887323943,59.80302816901408
2026-05-25 21:55:00,31.054823943661972,59.782640845070425
2026-05-25 22:00:00,31.056619718309857,59.7687676056338
2026-05-25 22:05:00,31.058169014084502,59.75193661971831
2026-05-25 22:10:00,31.055915492957745,59.84711267605634
2026-05-25 22:15:00,31.057077464788737,59.8374647887324
2026-05-25 22:20:00,31.05792253521127,59.831971830985914
2026-05-25 22:25:00,31.05816901408451,59.8550352112676
2026-05-25 22:30:00,31.0587323943662,59.848450704225364
2026-05-25 22:35:00,31.06017605633803,59.87211267605634
2026-05-25 22:40:00,31.06038732394366,59.86338028169014
2026-05-25 22:45:00,31.060211267605634,59.86098591549296
2026-05-25 22:50:00,31.061936619718303,59.89464788732395
2026-05-25 22:55:00,31.061302816901414,59.89633802816902
2026-05-25 23:00:00,31.06049295774648,59.89820422535211
2026-05-25 23:05:00,31.063028169014082,59.93489436619718
2026-05-25 23:10:00,31.06218309859155,59.94031690140845
2026-05-25 23:15:00,31.061302816901406,59.943697183098585
2026-05-25 23:20:00,31.06408450704225,59.98728873239436
2026-05-25 23:25:00,31.063450704225353,59.990492957746476
2026-05-25 23:30:00,31.062535211267605,59.99373239436619
2026-05-25 23:35:00,31.066443661971828,60.06221830985916
2026-05-25 23:40:00,31.068345070422534,59.97264084507042
2026-05-25 23:45:00,31.066408450704227,59.98285211267606
2026-05-25 23:50:00,31.07024647887324,60.010633802816905
2026-05-25 23:55:00,31.07419014084507,59.98890845070422
2026-05-26 00:00:00,31.071338028169016,60.00538732394367
2026-05-26 00:05:00,31.074295774647883,60.0249647887324
2026-05-26 00:10:00,31.077464788732396,60.006161971830984
2026-05-26 00:15:00,31.07816901408451,59.944260563380276
2026-05-26 00:20:00,31.07426056338028,59.975352112676056
2026-05-26 00:25:00,31.077218309859155,59.95246478873239
2026-05-26 00:30:00,31.07919014084507,59.93830985915493
2026-05-26 00:35:00,31.082077464788732,59.98570422535212
2026-05-26 00:40:00,31.083274647887322,59.97338028169015
2026-05-26 00:45:00,31.08366197183099,59.96471830985915
2026-05-26 00:50:00,31.083591549295775,59.957887323943666
2026-05-26 00:55:00,31.088908450704224,59.93003521126761
2026-05-26 01:00:00,31.092464788732396,59.86355633802817
2026-05-26 01:05:00,31.09031690140845,59.867147887323945
2026-05-26 01:10:00,31.093838028169014,59.851338028169025
2026-05-26 01:15:00,31.096795774647887,59.827887323943656
2026-05-26 01:20:00,31.098591549295776,59.81147887323943
2026-05-26 01:25:00,31.096514084507042,59.80422535211268
2026-05-26 01:30:00,31.09806338028169,59.785
2026-05-26 01:35:00,31.09901408450704,59.771478873239445
2026-05-26 01:40:00,31.09954225352113,59.7605633802817
2026-05-26 01:45:00,31.09834507042253,59.79538732394366
2026-05-26 01:50:00,31.099154929577463,59.780985915492955
2026-05-26 01:55:00,31.099577464788734,59.77003521126761
2026-05-26 02:00:00,31.099788732394366,59.76091549295776
2026-05-26 02:05:00,31.100563380281688,59.761584507042244
2026-05-26 02:10:00,31.100598591549296,59.752183098591544
2026-05-26 02:15:00,31.1005985915493,59.74390845070421
2026-05-26 02:20:00,31.100528169014083,59.7362323943662
2026-05-26 02:25:00,31.105387323943663,59.68225352112677
2026-05-26 02:30:00,31.104859154929574,59.67661971830986
2026-05-26 02:35:00,31.10440140845071,59.67035211267606
2026-05-26 02:40:00,31.10401408450704,59.66401408450705
2026-05-26 02:45:00,31.10489436619718,59.711408450704226
2026-05-26 02:50:00,31.10475352112676,59.699084507042244
2026-05-26 02:55:00,31.104049295774644,59.69419014084507
2026-05-26 03:00:00,31.103591549295775,59.68834507042254
2026-05-26 03:05:00,31.103309859154923,59.681830985915504
2026-05-26 03:10:00,31.100528169014087,59.64651408450705
2026-05-26 03:15:00,31.10073943661972,59.63605633802817
2026-05-26 03:20:00,31.101056338028165,59.62697183098592
2026-05-26 03:25:00,31.101408450704223,59.61845070422535
2026-05-26 03:30:00,31.100704225352114,59.56024647887324
2026-05-26 03:35:00,31.096408450704228,59.575457746478875
2026-05-26 03:40:00,31.093591549295773,59.582323943661976
2026-05-26 03:45:00,31.091690140845067,59.58464788732393
2026-05-26 03:50:00,31.092535211267602,59.61024647887324
2026-05-26 03:55:00,31.09119718309859,59.610598591549305
2026-05-26 04:00:00,31.090176056338024,59.60845070422535
2026-05-26 04:05:00,31.089366197183097,59.60697183098592
2026-05-26 04:10:00,31.094154929577464,59.57401408450704
2026-05-26 04:15:00,31.092429577464788,59.575774647887314
2026-05-26 04:20:00,31.090704225352113,59.577746478873244
2026-05-26 04:25:00,31.089507042253523,59.57654929577464
2026-05-26 04:30:00,31.08862676056338,59.573450704225344
2026-05-26 04:35:00,31.08883802816901,59.528204225352106
2026-05-26 04:40:00,31.08820422535211,59.522887323943664
2026-05-26 04:45:00,31.087570422535215,59.51714788732394
2026-05-26 04:50:00,31.0868661971831,59.51112676056338
2026-05-26 04:55:00,31.086126760563378,59.505035211267604
2026-05-26 05:00:00,31.090598591549295,59.47035211267606
2026-05-26 05:05:00,31.093838028169014,59.445246478873244
2026-05-26 05:10:00,31.096021126760565,59.42591549295774
2026-05-26 05:15:00,31.096338028169015,59.361056338028156
2026-05-26 05:20:00,31.097640845070423,59.3605633802817
2026-05-26 05:25:00,31.099154929577463,59.341126760563384
2026-05-26 05:30:00,31.100035211267606,59.3255985915493
2026-05-26 05:35:00,31.10031690140845,59.31264084507041
2026-05-26 05:40:00,31.10024647887324,59.301126760563385
2026-05-26 05:45:00,31.104859154929574,59.270281690140855
2026-05-26 05:50:00,31.108591549295774,59.239366197183095
2026-05-26 05:55:00,31.11102112676056,59.21475352112677
2026-05-26 06:00:00,31.112640845070423,59.193943661971836
2026-05-26 06:05:00,31.113626760563374,59.175633802816904
2026-05-26 06:10:00,31.114718309859153,59.14633802816902
2026-05-26 06:15:00,31.115176056338033,59.12778169014085
2026-05-26 06:20:00,31.115316901408452,59.110739436619724
2026-05-26 06:25:00,31.115316901408452,59.09426056338028
2026-05-26 06:30:00,31.115316901408452,59.07802816901408
2026-05-26 06:35:00,31.115105633802813,59.08704225352112
2026-05-26 06:40:00,31.11524647887324,59.06742957746479
2026-05-26 06:45:00,31.115281690140844,59.04915492957746
2026-05-26 06:50:00,31.115316901408452,59.03176056338028
2026-05-26 06:55:00,31.115528169014084,59.01478873239436
2026-05-26 07:00:00,31.115598591549297,58.998450704225355
2026-05-26 07:05:00,31.11922535211268,58.983556338028166
2026-05-26 07:10:00,31.122605633802817,58.95204225352113
2026-05-26 07:15:00,31.124894366197182,58.926830985915494
2026-05-26 07:20:00,31.126302816901404,58.90623239436621
2026-05-26 07:25:00,31.126901408450706,58.88957746478873
2026-05-26 07:30:00,31.126690140845067,58.90116197183099
2026-05-26 07:35:00,31.131056338028166,58.86408450704224
2026-05-26 07:40:00,31.133943661971834,58.83830985915493
2026-05-26 07:45:00,31.135774647887327,58.81929577464789
2026-05-26 07:50:00,31.13746478873239,58.79880281690141
2026-05-26 07:55:00,31.138767605633802,58.78169014084507
2026-05-26 08:00:00,31.13968309859155,58.78823943661972
2026-05-26 08:05:00,31.14066901408451,58.77193661971831
2026-05-26 08:10:00,31.1412676056338,58.75954225352114
2026-05-26 08:15:00,31.141830985915494,58.748978873239444
2026-05-26 08:20:00,31.142394366197184,58.73901408450705
2026-05-26 08:25:00,31.1431338028169,58.729260563380286
2026-05-26 08:30:00,31.14401408450704,58.71950704225352
2026-05-26 08:35:00,31.145,58.70975352112676
2026-05-26 08:40:00,31.14066901408451,58.72778169014085
2026-05-26 08:45:00,31.137852112676054,58.73552816901408
2026-05-26 08:50:00,31.138450704225356,58.645281690140855
2026-05-26 08:55:00,31.13602112676056,58.65183098591549
2026-05-26 09:00:00,31.13345070422535,58.599577464788744
2026-05-26 09:05:00,31.130845070422534,58.63299295774648
2026-05-26 09:10:00,31.130281690140844,58.628556338028176
2026-05-26 09:15:00,31.123978873239434,58.604225352112685
2026-05-26 09:20:00,31.123591549295774,58.59584507042254
2026-05-26 09:25:00,31.12214788732394,58.52785211267606
2026-05-26 09:30:00,31.11654929577465,58.63158450704226
2026-05-26 09:35:00,31.11785211267606,58.61330985915493
2026-05-26 09:40:00,31.11218309859155,58.53306338028169
2026-05-26 09:45:00,31.11130281690141,58.63154929577465
2026-05-26 09:50:00,31.11218309859155,58.56242957746479
2026-05-26 09:55:00,31.105140845070423,58.59595070422535
2026-05-26 10:00:00,31.105211267605636,58.6087323943662
2026-05-26 10:05:00,31.101056338028172,58.528063380281694
2026-05-26 10:10:00,31.094471830985917,58.62552816901409
2026-05-26 10:15:00,31.09697183098591,58.58753521126761
2026-05-26 10:20:00,31.090492957746473,58.54848591549296
2026-05-26 10:25:00,31.09232394366197,58.647359154929575
2026-05-26 10:30:00,31.093098591549296,58.54820422535211
2026-05-26 10:35:00,31.087500000000002,58.60267605633803
2026-05-26 10:40:00,31.087535211267607,58.59704225352113
2026-05-26 10:45:00,31.084049295774644,58.52721830985915
2026-05-26 10:50:00,31.080633802816905,58.60422535211267
2026-05-26 10:55:00,31.079894366197184,58.604964788732396
2026-05-26 11:00:00,31.078485915492955,58.59996478873239
2026-05-26 11:05:00,31.07728873239437,58.656549295774646
2026-05-26 11:10:00,31.07679577464789,58.652147887323956
2026-05-26 11:15:00,31.076161971830984,58.64693661971831
2026-05-26 11:20:00,31.075000000000003,58.63978873239437
2026-05-26 11:25:00,31.076302816901407,58.6381690140845
2026-05-26 11:30:00,31.075845070422538,58.55482394366197
2026-05-26 11:35:00,31.074049295774643,58.54799295774648
2026-05-26 11:40:00,31.072253521126754,58.54535211267606
2026-05-26 11:45:00,31.07080985915493,58.543239436619714
2026-05-26 11:50:00,31.069260563380283,58.537852112676056
2026-05-26 11:55:00,31.067570422535212,58.533028169014074
2026-05-26 12:00:00,31.064964788732397,58.505070422535205
2026-05-26 12:05:00,31.06281690140845,58.50492957746479
2026-05-26 12:10:00,31.061091549295774,58.49369718309859
2026-05-26 12:15:00,31.059014084507044,58.48767605633803
2026-05-26 12:20:00,31.05728873239437,58.483239436619726
2026-05-26 12:25:00,31.056021126760562,58.488063380281694
2026-05-26 12:30:00,31.0555985915493,58.44693661971831
2026-05-26 12:35:00,31.052992957746476,58.44954225352112
2026-05-26 12:40:00,31.05218309859155,58.50154929577466
2026-05-26 12:45:00,31.051021126760563,58.407852112676046
2026-05-26 12:50:00,31.048204225352116,58.41271126760563
2026-05-26 12:55:00,31.05007042253521,58.43052816901409
2026-05-26 13:00:00,31.0505985915493,58.420563380281685
2026-05-26 13:05:00,31.05239436619718,58.52003521126761
2026-05-26 13:10:00,31.05992957746479,58.531443661971835
2026-05-26 13:15:00,31.064542253521125,58.51774647887324
2026-05-26 13:20:00,31.06697183098591,58.504859154929584
2026-05-26 13:25:00,31.06795774647887,58.493274647887326
2026-05-26 13:30:00,31.067781690140844,58.48334507042254
2026-05-26 13:35:00,31.06672535211268,58.47524647887323
2026-05-26 13:40:00,31.068697183098593,58.58359154929577
2026-05-26 13:45:00,31.077394366197183,58.67200704225352
2026-05-26 13:50:00,31.0775,58.5361971830986
2026-05-26 13:55:00,31.072007042253524,58.5144014084507
2026-05-26 14:00:00,31.068239436619717,58.52742957746478
2026-05-26 14:05:00,31.065915492957743,58.52672535211268
2026-05-26 14:10:00,31.06323943661972,58.52295774647887
2026-05-26 14:15:00,31.06014084507042,58.51894366197183
2026-05-26 14:20:00,31.05669014084507,58.51510563380282
2026-05-26 14:25:00,31.053063380281696,58.51362676056339
2026-05-26 14:30:00,31.04926056338028,58.51049295774648
2026-05-26 14:35:00,31.04859154929578,58.63154929577465
2026-05-26 14:40:00,31.055035211267604,58.77454225352113
2026-05-26 14:45:00,31.05975352112676,58.76461267605633
2026-05-26 14:50:00,31.061866197183097,58.7500352112676
2026-05-26 14:55:00,31.062253521126763,58.73524647887324
2026-05-26 15:00:00,31.061478873239434,58.7206690140845
2026-05-26 15:05:00,31.05982394366197,58.70728873239436
2026-05-26 15:10:00,31.057429577464788,58.69390845070422
2026-05-26 15:15:00,31.054507042253526,58.681338028169016
2026-05-26 15:20:00,31.038912280701755,58.68435087719298
2026-05-26 15:25:00,31.02996503496504,58.79947552447552
2026-05-26 15:30:00,31.026759581881535,58.91794425087108
2026-05-26 15:35:00,31.023194444444446,58.88822916666666
2026-05-26 15:40:00,31.015763888888884,58.78951388888889
2026-05-26 15:45:00,31.012361111111115,58.91673611111111
2026-05-26 15:50:00,31.01600694444444,58.98586805555556
2026-05-26 15:55:00,31.018715277777776,58.97722222222222
2026-05-26 16:00:00,31.02010416666667,58.967013888888886
2026-05-26 16:05:00,31.02065972222222,58.95666666666667
2026-05-26 16:10:00,31.02059027777777,58.94576388888888
2026-05-26 16:15:00,31.01982638888889,58.93246527777777
2026-05-26 16:20:00,31.018611111111113,58.91961805555556
2026-05-26 16:25:00,31.017291666666665,58.907986111111114
2026-05-26 16:30:00,31.015868055555554,58.895729166666655
2026-05-26 16:35:00,31.014305555555552,58.883958333333325
2026-05-26 16:40:00,31.01809027777778,59.00319444444445
2026-05-26 16:45:00,31.028055555555554,59.13173611111112
2026-05-26 16:50:00,31.03861111111111,59.03791666666666
2026-05-26 16:55:00,31.03805555555556,58.869305555555556
2026-05-26 17:00:00,31.037291666666665,58.97541666666666
2026-05-26 17:05:00,31.04402777777777,59.111354166666665
2026-05-26 17:10:00,31.051979166666666,58.990416666666675
2026-05-26 17:15:00,31.050069444444446,58.82017361111112
2026-05-26 17:20:00,31.04618055555555,58.790590277777774
2026-05-26 17:25:00,31.045937499999997,58.890208333333334
2026-05-26 17:30:00,31.048159722222223,58.779444444444444
2026-05-26 17:35:00,31.044097222222224,58.72923611111111
2026-05-26 17:40:00,31.04076388888889,58.70461805555556
2026-05-26 17:45:00,31.039583333333333,58.70538194444445
2026-05-26 17:50:00,31.039444444444445,58.704965277777774
2026-05-26 17:55:00,31.039895833333333,58.67319444444445
2026-05-26 18:00:00,31.034027777777776,58.52062500000001
2026-05-26 18:05:00,31.02371527777778,58.446631944444434
2026-05-26 18:10:00,31.020312500000003,58.57270833333333
2026-05-26 18:15:00,31.025694444444444,58.68975694444445
2026-05-26 18:20:00,31.031076388888884,58.687708333333326
2026-05-26 18:25:00,31.02951388888889,58.538645833333334
2026-05-26 18:30:00,31.020729166666666,58.380451388888886
2026-05-26 18:35:00,31.012534722222224,58.384270833333325
2026-05-26 18:40:00,31.01055555555556,58.50826388888888
2026-05-26 18:45:00,31.011354166666667,58.50447916666667
2026-05-26 18:50:00,31.006458333333335,58.35267361111111
2026-05-26 18:55:00,31.00086805555555,58.35687500000001
2026-05-26 19:00:00,30.997222222222224,58.30684027777777
2026-05-26 19:05:00,30.992395833333333,58.29381944444445
2026-05-26 19:10:00,30.990104166666665,58.363611111111105
2026-05-26 19:15:00,30.991111111111113,58.37180555555555
2026-05-26 19:20:00,30.989166666666662,58.244236111111114
2026-05-26 19:25:00,30.983402777777776,58.227708333333325
2026-05-26 19:30:00,30.982187499999995,58.371111111111105
2026-05-26 19:35:00,30.98711805555556,58.396909722222226
2026-05-26 19:40:00,30.98479166666667,58.25048611111112
2026-05-26 19:45:00,30.978402777777774,58.243784722222216
2026-05-26 19:50:00,30.980555555555554,58.40121527777777
2026-05-26 19:55:00,30.983715277777783,58.28013888888889
2026-05-26 20:00:00,30.97809027777778,58.13666666666667
2026-05-26 20:05:00,30.972291666666667,58.23965277777778
2026-05-26 20:10:00,30.975624999999997,58.33020833333334
2026-05-26 20:15:00,30.979652777777776,58.329965277777774
2026-05-26 20:20:00,30.980451388888884,58.20788194444444
2026-05-26 20:25:00,30.976354166666667,58.22013888888888
2026-05-26 20:30:00,30.97277777777778,58.25
2026-05-26 20:35:00,30.970659722222226,58.334131944444444
2026-05-26 20:40:00,30.974687499999998,58.33690972222223
2026-05-26 20:45:00,30.978020833333332,58.309340277777764
2026-05-26 20:50:00,30.974895833333335,58.33597222222222
2026-05-26 20:55:00,30.97194444444444,58.37291666666666
2026-05-26 21:00:00,30.973159722222217,58.47461805555555
2026-05-26 21:05:00,30.97222222222222,58.37086805555555
2026-05-26 21:10:00,30.968993055555554,58.41659722222222
2026-05-26 21:15:00,30.973368055555554,58.37434027777778
2026-05-26 21:20:00,30.97034722222222,58.38496527777777
2026-05-26 21:25:00,30.969652777777778,58.489826388888886
2026-05-26 21:30:00,30.972881944444445,58.392430555555556
2026-05-26 21:35:00,30.96916666666667,58.42298611111111
2026-05-26 21:40:00,30.969999999999995,58.52440972222222
2026-05-26 21:45:00,30.97260416666667,58.43
2026-05-26 21:50:00,30.968784722222225,58.46472222222222
2026-05-26 21:55:00,30.971631944444443,58.56152777777778
2026-05-26 22:00:00,30.97079861111111,58.46524305555556
2026-05-26 22:05:00,30.967291666666668,58.50715277777778
2026-05-26 22:10:00,30.972048611111113,58.500590277777775
2026-05-26 22:15:00,30.96975694444444,58.47305555555555
2026-05-26 22:20:00,30.966736111111103,58.502361111111114
2026-05-26 22:25:00,30.971423611111113,58.48548611111112
2026-05-26 22:30:00,30.968576388888884,58.49815972222221
2026-05-26 22:35:00,30.966180555555557,58.55725694444445
2026-05-26 22:40:00,30.97079861111111,58.49437499999999
2026-05-26 22:45:00,30.967986111111113,58.518506944444454
2026-05-26 22:50:00,30.965868055555557,58.571597222222216
2026-05-26 22:55:00,30.96913194444444,58.485833333333325
2026-05-26 23:00:00,30.966354166666665,58.51680555555556
2026-05-26 23:05:00,30.9646875,58.568715277777784
2026-05-26 23:10:00,30.96579861111111,58.474687499999995
2026-05-26 23:15:00,30.963611111111113,58.498402777777784
2026-05-26 23:20:00,30.962430555555557,58.53822916666666
2026-05-26 23:25:00,30.963506944444443,58.4459375
2026-05-26 23:30:00,30.96211805555555,58.463229166666665
2026-05-26 23:35:00,30.96142361111111,58.474374999999995
2026-05-26 23:40:00,30.960034722222222,58.47725694444445
2026-05-26 23:45:00,30.95951388888889,58.48822916666667
2026-05-26 23:50:00,30.959340277777773,58.49572916666667
2026-05-26 23:55:00,30.957291666666663,58.440937500000004
2026-05-27 00:00:00,30.957118055555554,58.44864583333333
2026-05-27 00:05:00,30.95760416666667,58.45322916666666
2026-05-27 00:10:00,30.957743055555554,58.42527777777778
2026-05-27 00:15:00,30.95361111111111,58.513576388888886
2026-05-27 00:20:00,30.955000000000002,58.51385416666666
2026-05-27 00:25:00,30.956249999999997,58.51611111111111
2026-05-27 00:30:00,30.952361111111113,58.50802083333334
2026-05-27 00:35:00,30.948576388888892,58.536701388888886
2026-05-27 00:40:00,30.951284722222226,58.5303125
2026-05-27 00:45:00,30.951354166666665,58.46805555555555
2026-05-27 00:50:00,30.947986111111113,58.496874999999996
2026-05-27 00:55:00,30.945833333333333,58.516666666666666
2026-05-27 01:00:00,30.94513888888889,58.568958333333335
2026-05-27 01:05:00,30.945868055555554,58.49534722222222
2026-05-27 01:10:00,30.94430555555555,58.51006944444444
2026-05-27 01:15:00,30.943645833333328,58.51923611111111
2026-05-27 01:20:00,30.93802083333334,58.51909722222222
2026-05-27 01:25:00,30.937256944444446,58.59107638888889
2026-05-27 01:30:00,30.938541666666666,58.588368055555556
2026-05-27 01:35:00,30.93861111111111,58.53829861111111
2026-05-27 01:40:00,30.934236111111108,58.562916666666666
2026-05-27 01:45:00,30.93545138888889,58.598437499999996
2026-05-27 01:50:00,30.93777777777778,58.588298611111114
2026-05-27 01:55:00,30.93434027777778,58.60305555555556
2026-05-27 02:00:00,30.93138888888889,58.618402777777774
2026-05-27 02:05:00,30.931284722222227,58.6817013888889
2026-05-27 02:10:00,30.930937500000002,58.60079861111111
2026-05-27 02:15:00,30.928715277777776,58.61260416666667
2026-05-27 02:20:00,30.92736111111111,58.618854166666665
2026-05-27 02:25:00,30.926909722222224,58.635312500000005
2026-05-27 02:30:00,30.926111111111116,58.639166666666675
2026-05-27 02:35:00,30.925625,58.63986111111111
2026-05-27 02:40:00,30.92552083333333,58.638298611111104
2026-05-27 02:45:00,30.92246527777778,58.575381944444445
2026-05-27 02:50:00,30.922743055555557,58.573750000000004
2026-05-27 02:55:00,30.923819444444447,58.56493055555555
2026-05-27 03:00:00,30.924756944444443,58.556666666666665
2026-05-27 03:05:00,30.920486111111114,58.572604166666665
2026-05-27 03:10:00,30.919895833333328,58.6426388888889
2026-05-27 03:15:00,30.92229166666667,58.62430555555555
2026-05-27 03:20:00,30.924166666666665,58.609270833333326
2026-05-27 03:25:00,30.920486111111114,58.62173611111112
2026-05-27 03:30:00,30.91902777777777,58.675937499999996
2026-05-27 03:35:00,30.922083333333333,58.65357638888889
2026-05-27 03:40:00,30.921736111111116,58.58131944444445
2026-05-27 03:45:00,30.91885416666667,58.58850694444445
2026-05-27 03:50:00,30.917395833333337,58.628125000000004
2026-05-27 03:55:00,30.920902777777776,58.60305555555554
2026-05-27 04:00:00,30.923541666666672,58.584097222222226
2026-05-27 04:05:00,30.920659722222222,58.59097222222223
2026-05-27 04:10:00,30.91840277777778,58.593125
2026-05-27 04:15:00,30.92204861111111,58.56708333333334
2026-05-27 04:20:00,30.925138888888885,58.54430555555555
2026-05-27 04:25:00,30.927326388888886,58.51961805555556
2026-05-27 04:30:00,30.924375000000005,58.525625000000005
2026-05-27 04:35:00,30.92625,58.53989583333334
2026-05-27 04:40:00,30.928923611111113,58.51961805555556
2026-05-27 04:45:00,30.92621527777778,58.528506944444445
2026-05-27 04:50:00,30.924305555555552,58.53076388888889
2026-05-27 04:55:00,30.923229166666673,58.529131944444444
2026-05-27 05:00:00,30.922777777777778,58.51222222222222
2026-05-27 05:05:00,30.91795138888889,58.528541666666655
2026-05-27 05:10:00,30.914513888888887,58.537083333333335
2026-05-27 05:15:00,30.913263888888885,58.58899305555556
2026-05-27 05:20:00,30.91597222222222,58.56236111111111
2026-05-27 05:25:00,30.91336805555556,58.57038194444445
2026-05-27 05:30:00,30.91173611111111,58.573229166666664
2026-05-27 05:35:00,30.91100694444445,58.57253472222223
2026-05-27 05:40:00,30.91083333333334,58.56989583333333
2026-05-27 05:45:00,30.90638888888889,58.58972222222221
2026-05-27 05:50:00,30.903055555555554,58.60201388888889
2026-05-27 05:55:00,30.901041666666668,58.60913194444444
2026-05-27 06:00:00,30.899513888888887,58.583194444444445
2026-05-27 06:05:00,30.894131944444446,58.607187499999995
2026-05-27 06:10:00,30.894722222222224,58.610069444444434
2026-05-27 06:15:00,30.89611111111111,58.60423611111111
2026-05-27 06:20:00,30.895069444444445,58.543298611111105
2026-05-27 06:25:00,30.89166666666667,58.560694444444444
2026-05-27 06:30:00,30.889340277777777,58.57253472222222
2026-05-27 06:35:00,30.892013888888886,58.59416666666667
2026-05-27 06:40:00,30.893611111111113,58.52961805555555
2026-05-27 06:45:00,30.891666666666666,58.54243055555556
2026-05-27 06:50:00,30.890486111111116,58.55104166666667
2026-05-27 06:55:00,30.889826388888892,58.55652777777779
2026-05-27 07:00:00,30.88451388888889,58.58569444444444
2026-05-27 07:05:00,30.881041666666665,58.60482638888888
2026-05-27 07:10:00,30.879270833333337,58.61680555555555
2026-05-27 07:15:00,30.87847222222222,58.62416666666666
2026-05-27 07:20:00,30.878402777777776,58.62840277777778
2026-05-27 07:25:00,30.878680555555555,58.630624999999995
2026-05-27 07:30:00,30.879583333333333,58.6307986111111
2026-05-27 07:35:00,30.876145833333332,58.65173611111111
2026-05-27 07:40:00,30.873611111111106,58.665416666666665
2026-05-27 07:45:00,30.872187499999995,58.67298611111111
2026-05-27 07:50:00,30.870694444444446,58.68336805555555
2026-05-27 07:55:00,30.86982638888889,58.68829861111112
2026-05-27 08:00:00,30.86940972222222,58.68684027777778
2026-05-27 08:05:00,30.868958333333335,58.6892013888889
2026-05-27 08:10:00,30.868750000000002,58.688819444444434
2026-05-27 08:15:00,30.86878472222222,58.686875
2026-05-27 08:20:00,30.868958333333335,58.68416666666667
2026-05-27 08:25:00,30.869166666666665,58.680729166666666
2026-05-27 08:30:00,30.869444444444444,58.676770833333336
2026-05-27 08:35:00,30.869687499999998,58.67236111111111
2026-05-27 08:40:00,30.87065972222222,58.62843749999999
2026-05-27 08:45:00,30.87020833333333,58.62597222222222
2026-05-27 08:50:00,30.873020833333328,58.684166666666655
2026-05-27 08:55:00,30.877291666666665,58.61340277777778
2026-05-27 09:00:00,30.873749999999998,58.68722222222222
2026-05-27 09:05:00,30.87701388888889,58.66013888888889
2026-05-27 09:10:00,30.87920138888889,58.64402777777778
2026-05-27 09:15:00,30.88798611111111,58.69482638888889
2026-05-27 09:20:00,30.89739583333333,58.64305555555555
2026-05-27 09:25:00,30.90597222222222,58.666180555555556
2026-05-27 09:30:00,30.9140625,58.54520833333332
2026-05-27 09:35:00,30.910659722222224,58.46038194444444
2026-05-27 09:40:00,30.909756944444446,58.56923611111111
2026-05-27 09:45:00,30.911562499999995,58.56135416666666
2026-05-27 09:50:00,30.907187500000003,58.54333333333333
2026-05-27 09:55:00,30.906979166666662,58.55381944444444
2026-05-27 10:00:00,30.907499999999995,58.54975694444444
2026-05-27 10:05:00,30.90583333333333,58.55711805555555
2026-05-27 10:10:00,30.90454861111111,58.561458333333334
2026-05-27 10:15:00,30.903472222222224,58.584409722222226
2026-05-27 10:20:00,30.911631944444448,58.62784722222222
2026-05-27 10:25:00,30.91986111111111,58.576666666666675
2026-05-27 10:30:00,30.929131944444446,58.60871527777778
2026-05-27 10:35:00,30.94503472222222,58.555277777777775
2026-05-27 10:40:00,30.949375,58.43600694444444
2026-05-27 10:45:00,30.947291666666665,58.42923611111111
2026-05-27 10:50:00,30.94996527777777,58.41805555555556
2026-05-27 10:55:00,30.952222222222222,58.40670138888888
2026-05-27 11:00:00,30.951180555555556,58.406770833333326
2026-05-27 11:05:00,30.952152777777776,58.443645833333335
2026-05-27 11:10:00,30.95319444444444,58.441562499999996
2026-05-27 11:15:00,30.95746527777778,58.51142361111111
2026-05-27 11:20:00,30.963333333333328,58.50892361111111
2026-05-27 11:25:00,30.961354166666663,58.38340277777778
2026-05-27 11:30:00,30.959652777777777,58.474513888888886
2026-05-27 11:35:00,30.964201388888892,58.48222222222221
2026-05-27 11:40:00,30.967500000000005,58.40628472222223
2026-05-27 11:45:00,30.962604166666665,58.28138888888889
2026-05-27 11:50:00,30.96121527777778,58.402013888888895
2026-05-27 11:55:00,30.969131944444445,58.49635416666667
2026-05-27 12:00:00,30.98392361111111,58.48131944444444
2026-05-27 12:05:00,30.990972222222222,58.33309027777778
2026-05-27 12:10:00,30.988090277777776,58.23965277777778
2026-05-27 12:15:00,30.986041666666665,58.27222222222221
2026-05-27 12:20:00,30.986319444444444,58.27454861111111
2026-05-27 12:25:00,30.986354166666665,58.27097222222223
2026-05-27 12:30:00,30.985520833333332,58.274722222222216
2026-05-27 12:35:00,30.98569444444444,58.287222222222226
2026-05-27 12:40:00,30.985868055555557,58.29572916666666
2026-05-27 12:45:00,30.98638888888889,58.29708333333334
2026-05-27 12:50:00,30.986493055555556,58.30527777777778
2026-05-27 12:55:00,30.98621527777778,58.302361111111104
2026-05-27 13:00:00,30.986874999999998,58.31010416666667
2026-05-27 13:05:00,30.98579861111111,58.210625000000014
2026-05-27 13:10:00,30.978680555555556,58.19829861111111
2026-05-27 13:15:00,30.974340277777774,58.212986111111114
2026-05-27 13:20:00,30.97232638888889,58.22701388888889
2026-05-27 13:25:00,30.971875000000004,58.23923611111112
2026-05-27 13:30:00,30.972465277777776,58.24798611111112
2026-05-27 13:35:00,30.97392361111111,58.25638888888889
2026-05-27 13:40:00,30.9725,58.14875
2026-05-27 13:45:00,30.96458333333333,58.060937499999994
2026-05-27 13:50:00,30.959097222222226,58.07284722222222
2026-05-27 13:55:00,30.95618055555555,58.08621527777778
2026-05-27 14:00:00,30.953993055555557,58.08111111111111
2026-05-27 14:05:00,30.951979166666668,58.09142361111112
2026-05-27 14:10:00,30.951354166666665,58.10364583333334
2026-05-27 14:15:00,30.951874999999998,58.116979166666674
2026-05-27 14:20:00,30.953263888888884,58.129895833333336
2026-05-27 14:25:00,30.95534722222222,58.1396875
2026-05-27 14:30:00,30.958090277777778,58.14895833333334
2026-05-27 14:35:00,30.958020833333332,58.03503472222222
2026-05-27 14:40:00,30.951284722222226,57.89805555555555
2026-05-27 14:45:00,30.946458333333332,57.91045138888889
2026-05-27 14:50:00,30.944444444444443,57.92607638888889
2026-05-27 14:55:00,30.94420138888889,57.94121527777778
2026-05-27 15:00:00,30.945104166666667,57.954930555555556
2026-05-27 15:05:00,30.946840277777774,57.96767361111111
2026-05-27 15:10:00,30.949201388888884,57.979409722222236
2026-05-27 15:15:00,30.952048611111106,57.99086805555555
2026-05-27 15:20:00,30.955069444444447,57.973854166666655
2026-05-27 15:25:00,30.951666666666668,57.8451388888889
2026-05-27 15:30:00,30.942569444444448,57.712291666666665
2026-05-27 15:35:00,30.933784722222224,57.725972222222225
2026-05-27 15:40:00,30.928715277777783,57.74836805555555
2026-05-27 15:45:00,30.925625,57.74767361111112
2026-05-27 15:50:00,30.923854166666665,57.771319444444444
2026-05-27 15:55:00,30.92329861111111,57.78836805555555
2026-05-27 16:00:00,30.923645833333335,57.80319444444444
2026-05-27 16:05:00,30.924861111111113,57.81697916666667
2026-05-27 16:10:00,30.926597222222224,57.829930555555556
2026-05-27 16:15:00,30.928923611111106,57.842083333333335
2026-05-27 16:20:00,30.93128472222222,57.852291666666666
2026-05-27 16:25:00,30.9334375,57.85930555555555
2026-05-27 16:30:00,30.941354166666663,57.994930555555555
2026-05-27 16:35:00,30.955069444444447,58.13781250000001
2026-05-27 16:40:00,30.963090277777773,58.00430555555555
2026-05-27 16:50:00,30.96996515679443,57.87606271777003
2026-05-27 16:55:00,30.97285714285714,57.876898954703826
2026-05-27 17:00:00,30.97184668989547,57.74282229965158
2026-05-27 17:05:00,30.970174216027875,57.72954703832753
2026-05-27 17:10:00,30.97226480836237,57.84996515679442
2026-05-27 17:15:00,30.976620209059238,57.85334494773519
2026-05-27 17:20:00,30.974843205574913,57.71254355400697
2026-05-27 17:25:00,30.972125435540068,57.701289198606275
2026-05-27 17:30:00,30.97526132404181,57.82574912891987
2026-05-27 17:35:00,30.97895470383275,57.70557491289198
2026-05-27 17:40:00,30.97672473867596,57.679860627177696
2026-05-27 17:45:00,30.977665505226483,57.78588850174216
2026-05-27 17:50:00,30.985400696864108,57.83560975609756
2026-05-27 17:55:00,30.99080139372822,57.82198606271777
2026-05-27 18:00:00,30.998083623693383,57.92602787456446
2026-05-27 18:05:00,31.010871080139374,58.01285714285715
2026-05-27 18:10:00,31.01979094076655,57.8722299651568
2026-05-27 18:15:00,31.019547038327527,57.837386759581875
2026-05-27 18:20:00,31.025505226480835,57.91790940766551
2026-05-27 18:25:00,31.036480836236933,57.91578397212544
2026-05-27 18:30:00,31.04383275261324,57.89529616724737
2026-05-27 18:35:00,31.05247386759582,57.984250871080135
2026-05-27 18:40:00,31.062508710801396,57.87038327526133
2026-05-27 18:45:00,31.061951219512192,57.71059233449477
2026-05-27 18:50:00,31.059163763066202,57.69700348432056
2026-05-27 18:55:00,31.062578397212548,57.800905923344935
2026-05-27 19:00:00,31.07226480836237,57.81519163763067
2026-05-27 19:05:00,31.07484320557492,57.666341463414625
2026-05-27 19:10:00,31.06857142857143,57.50637630662022
2026-05-27 19:15:00,31.067700348432055,57.614250871080145
2026-05-27 19:20:00,31.073972125435546,57.619616724738684
2026-05-27 19:25:00,31.07494773519164,57.473693379790944
2026-05-27 19:30:00,31.072578397212542,57.42634146341464
2026-05-27 19:35:00,31.073554006968642,57.44717770034843
2026-05-27 19:40:00,31.074703832752615,57.43557491289198
2026-05-27 19:45:00,31.07369337979094,57.38947735191637
2026-05-27 19:50:00,31.073101045296166,57.322404181184666
2026-05-27 19:55:00,31.071672473867594,57.297735191637635
2026-05-27 20:00:00,31.071324041811845,57.375853658536585
2026-05-27 20:05:00,31.07376306620209,57.30912891986063
2026-05-27 20:10:00,31.072613240418118,57.14386759581882
2026-05-27 20:15:00,31.06452961672474,57.09358885017422
2026-05-27 20:20:00,31.061149825783975,57.15540069686412
2026-05-27 20:25:00,31.060034843205575,57.00867595818816
2026-05-27 20:30:00,31.054111498257843,56.96574912891986
2026-05-27 20:35:00,31.05038327526132,56.903588850174216
2026-05-27 20:40:00,31.042369337979093,56.77599303135888
2026-05-27 20:45:00,31.033379790940767,56.78386759581881
2026-05-27 20:50:00,31.03306620209059,56.72707317073171
2026-05-27 20:55:00,31.02606271777004,56.637909407665504
2026-05-27 21:00:00,31.019825783972127,56.61620209059234
2026-05-27 21:05:00,31.02052264808362,56.62825783972126
2026-05-27 21:10:00,31.01613240418119,56.59780487804878
2026-05-27 21:15:00,31.013310104529623,56.618327526132404
2026-05-27 21:20:00,31.014982578397216,56.5073519163763
2026-05-27 21:25:00,31.011951219512195,56.47581881533101
2026-05-27 21:30:00,31.01177700348432,56.51567944250871
2026-05-27 21:35:00,31.0116724738676,56.389756097560976
2026-05-27 21:40:00,31.010034843205577,56.35146341463414
2026-05-27 21:45:00,31.011149825783974,56.386202090592334
2026-05-27 21:50:00,31.010348432055753,56.342822299651566
2026-05-27 21:55:00,31.0093031358885,56.30299651567944
2026-05-27 22:00:00,31.01285714285714,56.30536585365854
2026-05-27 22:05:00,31.01198606271777,56.26320557491289
2026-05-27 22:10:00,31.0111149825784,56.22418118466899
2026-05-27 22:15:00,31.014285714285716,56.15393728222996
2026-05-27 22:20:00,31.013101045296168,56.115052264808355
2026-05-27 22:25:00,31.012125435540067,56.08770034843206
2026-05-27 22:30:00,31.014494773519164,55.980766550522645
2026-05-27 22:35:00,31.01362369337979,55.94216027874565
2026-05-27 22:40:00,31.013379790940768,55.94871080139372
2026-05-27 22:45:00,31.013937282229964,55.86850174216028
2026-05-27 22:50:00,31.013484320557495,55.830034843205574
2026-05-27 22:55:00,31.01466898954704,55.85933797909408
2026-05-27 23:00:00,31.01672473867596,55.73825783972125
2026-05-27 23:05:00,31.015993031358885,55.70411149825784
2026-05-27 23:10:00,31.019233449477355,55.74358885017422
2026-05-27 23:15:00,31.021184668989548,55.63184668989547
2026-05-27 23:20:00,31.01937282229965,55.60595818815331
2026-05-27 23:25:00,31.022020905923345,55.6494425087108
2026-05-27 23:30:00,31.026027874564463,55.57425087108014
2026-05-27 23:35:00,31.02310104529617,55.55756097560976
2026-05-27 23:40:00,31.024878048780486,55.60432055749129
2026-05-27 23:45:00,31.028815331010456,55.55268292682927
2026-05-27 23:50:00,31.02554006968641,55.542090592334496
2026-05-27 23:55:00,31.024982578397214,55.586620209059234
2026-05-28 00:00:00,31.028606271777,55.51965156794425
2026-05-28 00:05:00,31.025331010452962,55.50787456445993
2026-05-28 00:10:00,31.02327526132404,55.52348432055749
2026-05-28 00:15:00,31.027491289198604,55.46982578397213
2026-05-28 00:20:00,31.029965156794425,55.401742160278744
2026-05-28 00:25:00,31.02655052264808,55.38989547038328
2026-05-28 00:30:00,31.02895470383275,55.38508710801394
2026-05-28 00:35:00,31.031742160278746,55.342264808362366
2026-05-28 00:40:00,31.0288850174216,55.27052264808363
2026-05-28 00:45:00,31.027630662020908,55.319477351916376
2026-05-28 00:50:00,31.030383275261322,55.27501742160278
2026-05-28 00:55:00,31.029790940766553,55.19418118466899
2026-05-28 01:00:00,31.026376306620207,55.182473867595824
2026-05-28 01:05:00,31.027177700348435,55.22853658536585
2026-05-28 01:10:00,31.030034843205577,55.188989547038325
2026-05-28 01:15:00,31.027386759581884,55.14439024390244
2026-05-28 01:20:00,31.029616724738677,55.138536585365856
2026-05-28 01:25:00,31.032160278745643,55.09860627177701
2026-05-28 01:30:00,31.033797909407667,55.0656794425087
2026-05-28 01:35:00,31.032857142857143,55.04250871080139
2026-05-28 01:40:00,31.034390243902443,55.005783972125435
2026-05-28 01:45:00,31.035470383275264,54.97421602787457
2026-05-28 01:50:00,31.036062717770037,54.945540069686416
2026-05-28 01:55:00,31.038571428571426,54.85550522648084
2026-05-28 02:00:00,31.038745644599306,54.82515679442509
2026-05-28 02:05:00,31.038606271777002,54.797839721254356
2026-05-28 02:10:00,31.04212543554007,54.83668989547038
2026-05-28 02:15:00,31.04662020905923,54.788815331010454
2026-05-28 02:20:00,31.04480836236934,54.769999999999996
2026-05-28 02:25:00,31.043344947735186,54.76693379790941
2026-05-28 02:30:00,31.047421602787452,54.720975609756096
2026-05-28 02:35:00,31.050243902439018,54.68585365853659
2026-05-28 02:40:00,31.048536585365856,54.61665505226481
2026-05-28 02:45:00,31.04857142857143,54.66919860627178
2026-05-28 02:50:00,31.05090592334495,54.637804878048776
2026-05-28 02:55:00,31.05219512195122,54.615017421602786
2026-05-28 03:00:00,31.05278745644599,54.597979094076656
2026-05-28 03:05:00,31.05466898954704,54.515261324041816
2026-05-28 03:10:00,31.054599303135888,54.503414634146345
2026-05-28 03:15:00,31.054006968641108,54.495540069686406
2026-05-28 03:20:00,31.05289198606272,54.4912543554007
2026-05-28 03:25:00,31.056724738675953,54.463554006968636
2026-05-28 03:30:00,31.05912891986063,54.445749128919864
2026-05-28 03:35:00,31.055993031358884,54.45459930313589
2026-05-28 03:40:00,31.055505226480832,54.51703832752613
2026-05-28 03:45:00,31.05752613240418,54.50045296167247
2026-05-28 03:50:00,31.058606271777002,54.48937282229966
2026-05-28 03:55:00,31.05905923344948,54.481498257839725
2026-05-28 04:00:00,31.0590243902439,54.47630662020906
2026-05-28 04:05:00,31.059268292682926,54.46668989547038
2026-05-28 04:10:00,31.058745644599306,54.464111498257836
2026-05-28 04:15:00,31.058048780487805,54.4623693379791
2026-05-28 04:20:00,31.057317073170733,54.461184668989546
2026-05-28 04:25:00,31.056515679442512,54.46756097560975
2026-05-28 04:30:00,31.060209059233447,54.44679442508711
2026-05-28 04:35:00,31.061602787456447,54.38954703832753
2026-05-28 04:40:00,31.058641114982578,54.399547038327526
2026-05-28 04:45:00,31.061184668989544,54.38108013937282
2026-05-28 04:50:00,31.06289198606272,54.370000000000005
2026-05-28 04:55:00,31.06376306620209,54.36344947735192
2026-05-28 05:00:00,31.064006968641113,54.37278745644599
2026-05-28 05:05:00,31.068606271777004,54.33289198606271
2026-05-28 05:10:00,31.067073170731707,54.33864111498257
2026-05-28 05:15:00,31.065679442508713,54.34264808362369
2026-05-28 05:20:00,31.06445993031359,54.353484320557484
2026-05-28 05:25:00,31.068188153310103,54.332752613240416
2026-05-28 05:30:00,31.07080139372822,54.31885017421603
2026-05-28 05:35:00,31.072473867595818,54.3091637630662
2026-05-28 05:40:00,31.073414634146342,54.302473867595815
2026-05-28 05:45:00,31.07853658536585,54.274320557491286
2026-05-28 05:50:00,31.082334494773516,54.25466898954704
2026-05-28 05:55:00,31.080243902439026,54.260278745644605
2026-05-28 06:00:00,31.078536585365857,54.29411149825784
2026-05-28 06:05:00,31.081393728223,54.27484320557491
2026-05-28 06:10:00,31.082961672473864,54.26188153310105
2026-05-28 06:15:00,31.083519163763064,54.25275261324042
2026-05-28 06:20:00,31.08574912891986,54.302926829268294
2026-05-28 06:25:00,31.08982578397212,54.277038327526135
2026-05-28 06:30:00,31.092369337979093,54.258641114982574
2026-05-28 06:35:00,31.093797909407666,54.24515679442509
2026-05-28 06:40:00,31.09616724738676,54.28815331010453
2026-05-28 06:45:00,31.100871080139374,54.259721254355405
2026-05-28 06:50:00,31.0993031358885,54.2590243902439
2026-05-28 06:55:00,31.09752613240418,54.25878048780488
2026-05-28 07:00:00,31.100871080139374,54.23306620209059
2026-05-28 07:05:00,31.10299651567944,54.21540069686411
2026-05-28 07:10:00,31.104111498257836,54.20289198606272
2026-05-28 07:15:00,31.10477351916376,54.19229965156794
2026-05-28 07:20:00,31.1005574912892,54.20435540069687
2026-05-28 07:25:00,31.097700348432053,54.20993031358885
2026-05-28 07:30:00,31.095679442508708,54.21142857142857
2026-05-28 07:35:00,31.096933797909408,54.13832752613241
2026-05-28 07:40:00,31.094878048780494,54.138466898954704
2026-05-28 07:45:00,31.09296167247387,54.13724738675958
2026-05-28 07:50:00,31.096864111498256,54.10519163763066
2026-05-28 07:55:00,31.099442508710798,54.078989547038326
2026-05-28 08:00:00,31.095749128919866,54.0925087108014
2026-05-28 08:05:00,31.098362369337977,54.06414634146341
2026-05-28 08:10:00,31.09993031358885,54.0443205574913
2026-05-28 08:15:00,31.100452961672474,54.02923344947735
2026-05-28 08:20:00,31.100278745644594,54.01703832752613
2026-05-28 08:25:00,31.099616724738677,54.00668989547038
2026-05-28 08:30:00,31.09850174216028,53.997595818815334
2026-05-28 08:35:00,31.09714285714286,53.98926829268293
2026-05-28 08:40:00,31.10020905923345,53.993066202090596
2026-05-28 08:45:00,31.103135888501743,53.964773519163764
2026-05-28 08:50:00,31.0995818815331,53.96613240418118
2026-05-28 08:55:00,31.09752613240418,54.00247386759582
2026-05-28 09:00:00,31.100801393728226,53.9084668989547
2026-05-28 09:05:00,31.09982578397213,53.89282229965157
2026-05-28 09:10:00,31.098362369337977,53.844216027874566
2026-05-28 09:15:00,31.090836236933796,53.85912891986062
2026-05-28 09:20:00,31.08452961672474,53.86470383275261
2026-05-28 09:25:00,31.072125435540073,53.87815331010453
2026-05-28 09:30:00,31.067282229965155,53.94675958188153
2026-05-28 09:35:00,31.068710801393728,53.949616724738675
2026-05-28 09:40:00,31.070940766550518,53.9066550522648
2026-05-28 09:45:00,31.07188153310105,53.83080139372822
2026-05-28 09:50:00,31.071149825783973,53.8987456445993
2026-05-28 09:55:00,31.074912891986063,53.83599303135889
2026-05-28 10:00:00,31.071358885017425,53.75421602787456
2026-05-28 10:05:00,31.07188153310105,53.823449477351915
2026-05-28 10:10:00,31.075993031358884,53.717386759581885
2026-05-28 10:15:00,31.070557491289197,53.63480836236934
2026-05-28 10:20:00,31.06348432055749,53.647491289198605
2026-05-28 10:25:00,31.05564459930314,53.60407665505226
2026-05-28 10:30:00,31.04052264808362,53.56923344947735
2026-05-28 10:35:00,31.02602787456446,53.64801393728223
2026-05-28 10:40:00,31.022439024390245,53.66965156794425
2026-05-28 10:45:00,31.020627177700348,53.745993031358886
2026-05-28 10:50:00,31.02355400696864,53.73644599303135
2026-05-28 10:55:00,31.02662020905923,53.67038327526133
2026-05-28 11:00:00,31.02752613240418,53.71247386759582
2026-05-28 11:05:00,31.03473867595819,53.642752613240425
2026-05-28 11:10:00,31.038675958188154,53.52313588850175
2026-05-28 11:15:00,31.033101045296167,53.50188153310105
2026-05-28 11:20:00,31.035400696864112,53.54731707317073
2026-05-28 11:25:00,31.038536585365858,53.54076655052265
2026-05-28 11:30:00,31.03432055749129,53.42905923344948
2026-05-28 11:35:00,31.02770034843206,53.50832752613241
2026-05-28 11:40:00,31.031463414634143,53.580383275261326
2026-05-28 11:45:00,31.03602787456446,53.57567944250871
2026-05-28 11:50:00,31.033379790940767,53.45362369337979
2026-05-28 11:55:00,31.023937282229962,53.36557491289199
2026-05-28 12:00:00,31.008675958188153,53.30944250871081
2026-05-28 12:05:00,30.994599303135892,53.330278745644605
2026-05-28 12:10:00,30.984808362369336,53.34686411149826
2026-05-28 12:15:00,30.984529616724743,53.438989547038325
2026-05-28 12:20:00,30.985679442508708,53.42829268292683
2026-05-28 12:25:00,30.981045296167252,53.35247386759582
2026-05-28 12:30:00,30.98010452961672,53.47278745644599
2026-05-28 12:35:00,30.982195121951225,53.440383275261325
2026-05-28 12:40:00,30.97794425087108,53.36017421602788
2026-05-28 12:45:00,30.97696864111498,53.46780487804878
2026-05-28 12:50:00,30.979094076655052,53.43477351916376
2026-05-28 12:55:00,30.975783972125434,53.41839721254355
2026-05-28 13:00:00,30.973205574912896,53.42048780487804
2026-05-28 13:05:00,30.971463414634144,53.42257839721255
2026-05-28 13:10:00,30.970452961672475,53.424494773519164
2026-05-28 13:15:00,30.96989547038328,53.42411149825784
2026-05-28 13:20:00,30.9694425087108,53.42254355400697
2026-05-28 13:25:00,30.96909407665505,53.42170731707317
2026-05-28 13:30:00,30.96912891986063,53.42229965156795
2026-05-28 13:35:00,30.972648083623692,53.51912891986063
2026-05-28 13:40:00,30.982508710801394,53.62292682926829
2026-05-28 13:45:00,30.994216027874565,53.61829268292683
2026-05-28 13:50:00,31.001951219512193,53.60466898954704
2026-05-28 13:55:00,31.009163763066205,53.69564459930314
2026-05-28 14:00:00,31.021567944250872,53.78703832752613
2026-05-28 14:05:00,31.031567944250877,53.770174216027876
2026-05-28 14:10:00,31.03891986062718,53.75484320557491
2026-05-28 14:15:00,31.044773519163765,53.73881533101046
2026-05-28 14:20:00,31.049616724738677,53.722682926829265
2026-05-28 14:25:00,31.053623693379787,53.70745644599303
2026-05-28 14:30:00,31.056968641114985,53.69222996515679
2026-05-28 14:35:00,31.059825783972126,53.67651567944251
2026-05-28 14:40:00,31.062160278745644,53.661219512195125
2026-05-28 14:45:00,31.06407665505226,53.646829268292684
2026-05-28 14:50:00,31.06560975609756,53.632439024390244
2026-05-28 14:55:00,31.067073170731707,53.61885017421603
2026-05-28 15:00:00,31.0683275261324,53.60602787456446
2026-05-28 15:05:00,31.069651567944256,53.593379790940766
2026-05-28 15:10:00,31.07090592334495,53.58104529616725
2026-05-28 15:15:00,31.072090592334497,53.5691637630662
2026-05-28 15:20:00,31.073310104529615,53.55801393728223
2026-05-28 15:25:00,31.07449477351916,53.54766550522648
2026-05-28 15:30:00,31.07547038327526,53.53630662020906
2026-05-28 15:35:00,31.076132404181187,53.52581881533101
2026-05-28 15:40:00,31.076655052264808,53.51675958188153
2026-05-28 15:45:00,31.07693379790941,53.49721254355401
2026-05-28 15:50:00,31.077804878048788,53.528188153310104
2026-05-28 15:55:00,31.081184668989543,53.52108013937283
2026-05-28 16:00:00,31.083728222996513,53.51094076655052
2026-05-28 16:05:00,31.085783972125434,53.499477351916376
2026-05-28 16:10:00,31.08759581881533,53.48839721254355
2026-05-28 16:15:00,31.089337979094083,53.47724738675958
2026-05-28 16:20:00,31.09132404181185,53.465505226480836
2026-05-28 16:25:00,31.09365853658537,53.45567944250871
2026-05-28 16:30:00,31.090383275261324,53.31508710801394
2026-05-28 16:35:00,31.08156794425087,53.166411149825784
2026-05-28 16:40:00,31.072996515679446,53.16317073170732
2026-05-28 16:45:00,31.061701388888892,53.15385416666666
2026-05-28 16:50:00,31.04951388888889,53.14118055555556
2026-05-28 16:55:00,31.041250000000005,53.153506944444445
2026-05-28 17:00:00,31.036041666666662,53.164097222222225
2026-05-28 17:05:00,31.026875,53.047291666666666
2026-05-28 17:10:00,31.01246527777777,52.92395833333333
2026-05-28 17:15:00,31.006041666666665,53.06034722222223
2026-05-28 17:20:00,31.008888888888887,53.20559027777777
2026-05-28 17:25:00,31.011250000000004,53.12520833333333
2026-05-28 17:30:00,31.004687500000003,52.99767361111111
2026-05-28 17:35:00,31.002500000000005,53.140798611111116
2026-05-28 17:40:00,31.006319444444443,53.15895833333333
2026-05-28 17:45:00,31.006631944444443,53.049930555555555
2026-05-28 17:50:00,30.99951388888889,52.99590277777778
2026-05-28 17:55:00,30.994305555555556,53.005069444444445
2026-05-28 18:00:00,30.986979166666668,52.89701388888889
2026-05-28 18:05:00,30.975798611111106,52.90277777777778
2026-05-28 18:10:00,30.971041666666665,53.04329861111111
2026-05-28 18:15:00,30.971249999999998,52.963680555555555
2026-05-28 18:20:00,30.96409722222222,52.87770833333334
2026-05-28 18:25:00,30.952222222222222,52.87569444444445
2026-05-28 18:30:00,30.944131944444443,52.89184027777778
2026-05-28 18:35:00,30.940520833333338,52.91739583333333
2026-05-28 18:40:00,30.938055555555554,52.95218750000001
2026-05-28 18:45:00,30.936458333333334,52.96
2026-05-28 18:50:00,30.935416666666665,52.96597222222222
2026-05-28 18:55:00,30.929305555555555,52.85736111111111
2026-05-28 19:00:00,30.92375,52.95875
2026-05-28 19:05:00,30.927499999999995,53.06486111111111
2026-05-28 19:10:00,30.931076388888886,53.06621527777778
2026-05-28 19:15:00,30.92680555555555,52.94996527777778
2026-05-28 19:20:00,30.921840277777775,53.06204861111111
2026-05-28 19:25:00,30.92652777777778,53.18413194444444
2026-05-28 19:30:00,30.928333333333335,53.070590277777775
2026-05-28 19:35:00,30.921215277777776,53.022083333333335
2026-05-28 19:40:00,30.919965277777774,53.151354166666664
2026-05-28 19:45:00,30.92586805555556,53.16822916666666
2026-05-28 19:50:00,30.924687500000005,53.07440972222222
2026-05-28 19:55:00,30.91965277777778,53.10579861111111
2026-05-28 20:00:00,30.92256944444445,53.1453125
2026-05-28 20:05:00,30.924861111111106,53.11527777777778
2026-05-28 20:10:00,30.92173611111111,53.12170138888889
2026-05-28 20:15:00,30.923993055555556,53.1446875
2026-05-28 20:20:00,30.926076388888887,53.161319444444445
2026-05-28 20:25:00,30.924236111111114,53.169513888888886
2026-05-28 20:30:00,30.92451388888889,53.18843749999999
2026-05-28 20:35:00,30.924722222222222,53.21447916666667
2026-05-28 20:40:00,30.923784722222226,53.22652777777778
2026-05-28 20:45:00,30.922326388888887,53.25916666666667
2026-05-28 20:50:00,30.921145833333338,53.289652777777775
2026-05-28 20:55:00,30.922083333333333,53.26847222222222
2026-05-28 21:00:00,30.919999999999998,53.307048611111114
2026-05-28 21:05:00,30.91965277777778,53.37864583333333
2026-05-28 21:10:00,30.921006944444443,53.28975694444444
2026-05-28 21:15:00,30.918749999999996,53.32409722222222
2026-05-28 21:20:00,30.92076388888889,53.39913194444445
2026-05-28 21:25:00,30.920729166666668,53.318645833333335
2026-05-28 21:30:00,30.918194444444445,53.35065972222222
2026-05-28 21:35:00,30.922812500000003,53.42052083333333
2026-05-28 21:40:00,30.920590277777777,53.41864583333333
2026-05-28 21:45:00,30.917916666666663,53.44875
2026-05-28 21:50:00,30.92215277777778,53.386805555555554
2026-05-28 21:55:00,30.918888888888894,53.42465277777778
2026-05-28 22:00:00,30.917361111111113,53.48809027777778
2026-05-28 22:05:00,30.92229166666667,53.449131944444446
2026-05-28 22:10:00,30.91930555555555,53.482569444444444
2026-05-28 22:15:00,30.919583333333335,53.55013888888889
2026-05-28 22:20:00,30.92430555555556,53.513333333333335
2026-05-28 22:25:00,30.921041666666667,53.54569444444444
2026-05-28 22:30:00,30.922395833333333,53.61322916666666
2026-05-28 22:35:00,30.92378472222222,53.55128472222222
2026-05-28 22:40:00,30.920416666666668,53.58013888888889
2026-05-28 22:45:00,30.92388888888889,53.60871527777778
2026-05-28 22:50:00,30.92315972222222,53.54909722222222
2026-05-28 22:55:00,30.91972222222222,53.57670138888889
2026-05-28 23:00:00,30.92159722222222,53.641284722222224
2026-05-28 23:05:00,30.91923611111111,53.58656249999999
2026-05-28 23:10:00,30.916006944444444,53.611979166666664
2026-05-28 23:15:00,30.917430555555555,53.67357638888889
2026-05-28 23:20:00,30.914895833333333,53.69979166666666
2026-05-28 23:25:00,30.912986111111113,53.71746527777778
2026-05-28 23:30:00,30.910555555555554,53.70413194444444
2026-05-28 23:35:00,30.90930555555555,53.72013888888889
2026-05-28 23:40:00,30.908611111111114,53.73128472222223
2026-05-28 23:45:00,30.90663194444444,53.69517361111111
2026-05-28 23:50:00,30.9065625,53.700833333333335
2026-05-28 23:55:00,30.90677083333334,53.70663194444444
2026-05-29 00:00:00,30.90708333333334,53.720486111111114
2026-05-29 00:05:00,30.907083333333333,53.729305555555555
2026-05-29 00:10:00,30.907083333333333,53.736111111111114
2026-05-29 00:15:00,30.907187500000003,53.73791666666667
2026-05-29 00:20:00,30.90208333333333,53.79888888888889
2026-05-29 00:25:00,30.903333333333332,53.79881944444444
2026-05-29 00:30:00,30.904305555555556,53.801319444444445
2026-05-29 00:35:00,30.90239583333333,53.75618055555556
2026-05-29 00:40:00,30.90229166666667,53.81961805555555
2026-05-29 00:45:00,30.90381944444444,53.81902777777778
2026-05-29 00:50:00,30.904895833333335,53.810763888888886
2026-05-29 00:55:00,30.9028125,53.882465277777776
2026-05-29 01:00:00,30.904270833333335,53.88135416666667
2026-05-29 01:05:00,30.905312499999997,53.882465277777776
2026-05-29 01:10:00,30.90288194444444,53.83756944444444
2026-05-29 01:15:00,30.90319444444445,53.87253472222223
2026-05-29 01:20:00,30.904791666666668,53.87177083333333
2026-05-29 01:25:00,30.90434027777778,53.83138888888889
2026-05-29 01:30:00,30.900104166666665,53.85621527777778
2026-05-29 01:35:00,30.90017361111111,53.91541666666667
2026-05-29 01:40:00,30.9025,53.912013888888886
2026-05-29 01:45:00,30.901979166666667,53.86833333333333
2026-05-29 01:50:00,30.89861111111111,53.88913194444444
2026-05-29 01:55:00,30.899375000000003,53.94545138888889
2026-05-29 02:00:00,30.90208333333333,53.9415625
2026-05-29 02:05:00,30.903749999999995,53.91715277777777
2026-05-29 02:10:00,30.900624999999998,53.937465277777775
2026-05-29 02:15:00,30.89836805555556,53.95243055555555
2026-05-29 02:20:00,30.90149305555555,53.94475694444444
2026-05-29 02:25:00,30.903715277777778,53.94114583333333
2026-05-29 02:30:00,30.90149305555556,53.90760416666667
2026-05-29 02:35:00,30.898333333333337,53.92274305555556
2026-05-29 02:40:00,30.89902777777778,53.9745486111111
2026-05-29 02:45:00,30.90048611111111,53.96753472222222
2026-05-29 02:50:00,30.900798611111114,53.96340277777778
2026-05-29 02:55:00,30.90013888888889,53.9609375
2026-05-29 03:00:00,30.898645833333333,53.95944444444444
2026-05-29 03:05:00,30.89986111111111,54.004305555555554
2026-05-29 03:10:00,30.901562500000004,53.98715277777777
2026-05-29 03:15:00,30.90232638888889,53.974131944444444
2026-05-29 03:20:00,30.90267361111111,53.962743055555556
2026-05-29 03:25:00,30.902673611111116,53.9521875
2026-05-29 03:30:00,30.9025,53.942395833333336
2026-05-29 03:35:00,30.9065625,53.91246527777778
2026-05-29 03:40:00,30.909791666666667,53.88857638888889
2026-05-29 03:45:00,30.911979166666665,53.869548611111114
2026-05-29 03:50:00,30.913541666666667,53.853611111111114
2026-05-29 03:55:00,30.9146875,53.83965277777778
2026-05-29 04:00:00,30.91336805555556,53.780972222222225
2026-05-29 04:05:00,30.914409722222224,53.76760416666667
2026-05-29 04:10:00,30.91569444444444,53.75166666666667
2026-05-29 04:15:00,30.916631944444443,53.73788194444444
2026-05-29 04:20:00,30.917326388888892,53.72506944444445
2026-05-29 04:25:00,30.917881944444446,53.71277777777778
2026-05-29 04:30:00,30.91388888888889,53.72045138888889
2026-05-29 04:35:00,30.91184027777778,53.76541666666666
2026-05-29 04:40:00,30.914097222222217,53.74364583333333
2026-05-29 04:45:00,30.91576388888889,53.725277777777784
2026-05-29 04:50:00,30.91708333333333,53.7084375
2026-05-29 04:55:00,30.91579861111111,53.648090277777776
2026-05-29 05:00:00,30.912708333333335,53.64753472222222
2026-05-29 05:05:00,30.910520833333333,53.65892361111111
2026-05-29 05:10:00,30.91364583333333,53.63038194444445
2026-05-29 05:15:00,30.916006944444444,53.607083333333335
2026-05-29 05:20:00,30.917673611111113,53.58701388888889
2026-05-29 05:25:00,30.91770833333333,53.53190972222222
2026-05-29 05:30:00,30.914444444444445,53.530590277777776
2026-05-29 05:35:00,30.911875000000002,53.525937500000005
2026-05-29 05:40:00,30.909756944444446,53.51916666666667
2026-05-29 05:45:00,30.90798611111111,53.511006944444446
2026-05-29 05:50:00,30.9065625,53.501805555555556
2026-05-29 05:55:00,30.909930555555555,53.47260416666667
2026-05-29 06:00:00,30.91253472222222,53.44833333333333
2026-05-29 06:05:00,30.91454861111111,53.42725694444445
2026-05-29 06:10:00,30.913854166666667,53.36454861111111
2026-05-29 06:15:00,30.91159722222222,53.36100694444444
2026-05-29 06:20:00,30.910104166666663,53.354548611111106
2026-05-29 06:25:00,30.909131944444443,53.34673611111111
2026-05-29 06:30:00,30.90857638888889,53.3378125
2026-05-29 06:35:00,30.90829861111111,53.328159722222225
2026-05-29 06:40:00,30.908125,53.30996527777777
2026-05-29 06:45:00,30.903749999999995,53.316111111111105
2026-05-29 06:50:00,30.905104166666668,53.297534722222224
2026-05-29 06:55:00,30.906319444444446,53.28118055555555
2026-05-29 07:00:00,30.907291666666666,53.26618055555556
2026-05-29 07:05:00,30.908194444444447,53.252118055555556
2026-05-29 07:10:00,30.906770833333333,53.19548611111111
2026-05-29 07:15:00,30.90329861111111,53.199618055555554
2026-05-29 07:20:00,30.905625,53.17784722222222
2026-05-29 07:25:00,30.90736111111111,53.160069444444446
2026-05-29 07:30:00,30.90739583333334,53.10600694444444
2026-05-29 07:35:00,30.905798611111113,53.15951388888889
2026-05-29 07:40:00,30.908020833333328,53.13986111111112
2026-05-29 07:45:00,30.909756944444446,53.1234375
2026-05-29 07:50:00,30.90635416666667,53.122083333333336
2026-05-29 07:55:00,30.903472222222224,53.12947916666666
2026-05-29 08:00:00,30.906562499999993,53.08475694444444
2026-05-29 08:05:00,30.903680555555557,53.090763888888894
2026-05-29 08:10:00,30.902152777777776,53.090833333333336
2026-05-29 08:15:00,30.901666666666667,53.08739583333333
2026-05-29 08:20:00,30.90190972222222,53.08170138888889
2026-05-29 08:25:00,30.902569444444445,53.07482638888889
2026-05-29 08:30:00,30.90361111111111,53.06722222222222
2026-05-29 08:35:00,30.904930555555552,53.059444444444445
2026-05-29 08:40:00,30.901249999999997,53.075
2026-05-29 08:45:00,30.89871527777778,53.08440972222222
2026-05-29 08:50:00,30.89805555555556,53.047048611111116
2026-05-29 08:55:00,30.89673611111111,53.05392361111112
2026-05-29 09:00:00,30.89833333333333,53.10322916666667
2026-05-29 09:05:00,30.902743055555554,53.08586805555555
2026-05-29 09:10:00,30.906215277777775,53.109652777777775
2026-05-29 09:15:00,30.91420138888889,53.076458333333335
2026-05-29 09:20:00,30.919375000000002,53.05875
2026-05-29 09:25:00,30.92572916666667,53.055
2026-05-29 09:30:00,30.929895833333333,53.03885416666667
2026-05-29 09:35:00,30.936701388888892,53.07288194444445
2026-05-29 09:40:00,30.94493055555556,53.03663194444445
2026-05-29 09:45:00,30.95097222222222,53.048472222222216
2026-05-29 09:50:00,30.9615625,52.96420138888889
2026-05-29 09:55:00,30.96513888888889,52.947673611111114
2026-05-29 10:00:00,30.973124999999996,52.97777777777778
2026-05-29 10:05:00,30.982812499999998,52.926875
2026-05-29 10:10:00,30.990243055555556,52.93583333333333
2026-05-29 10:15:00,30.998229166666665,52.971111111111114
2026-05-29 10:20:00,31.006145833333335,52.922604166666666
2026-05-29 10:25:00,31.013541666666665,52.937777777777775
2026-05-29 10:30:00,31.022916666666667,52.91138888888889
2026-05-29 10:35:00,31.029270833333335,52.86378472222222
2026-05-29 10:40:00,31.032222222222217,52.839722222222214
2026-05-29 10:45:00,31.03684027777778,52.82079861111111
2026-05-29 10:50:00,31.04017361111111,52.773784722222224
2026-05-29 10:55:00,31.033958333333334,52.80145833333333
2026-05-29 11:00:00,31.036597222222227,52.80236111111111
2026-05-29 11:05:00,31.033923611111106,52.74840277777778
2026-05-29 11:10:00,31.02923611111111,52.82267361111111
2026-05-29 11:15:00,31.03430555555555,52.79899305555555
2026-05-29 11:20:00,31.030729166666667,52.8275
2026-05-29 11:25:00,31.034826388888884,52.875798611111115
2026-05-29 11:30:00,31.045798611111113,52.90302083333333
2026-05-29 11:35:00,31.05284722222222,52.861354166666665
2026-05-29 11:40:00,31.05701388888889,52.82208333333333
2026-05-29 11:45:00,31.059791666666666,52.80166666666666
2026-05-29 11:50:00,31.06413194444444,52.87083333333333
2026-05-29 11:55:00,31.075208333333332,52.903055555555554
2026-05-29 12:00:00,31.082847222222224,52.91211805555555
2026-05-29 12:05:00,31.094687500000003,52.9484375
2026-05-29 12:10:00,31.11090277777778,52.95847222222222
2026-05-29 12:15:00,31.116111111111106,52.89208333333333
2026-05-29 12:20:00,31.118958333333335,52.823055555555555
2026-05-29 12:25:00,31.12416666666666,52.80965277777778
2026-05-29 12:30:00,31.12746527777778,52.750451388888884
2026-05-29 12:35:00,31.129965277777778,52.70423611111111
2026-05-29 12:40:00,31.13059027777778,52.69378472222222
2026-05-29 12:45:00,31.13465277777778,52.637881944444445
2026-05-29 12:50:00,31.136701388888884,52.569826388888885
2026-05-29 12:55:00,31.136458333333337,52.63201388888889
2026-05-29 13:00:00,31.144201388888884,52.66034722222222
2026-05-29 13:05:00,31.15229166666667,52.63395833333333
2026-05-29 13:10:00,31.16111111111111,52.66822916666667
2026-05-29 13:15:00,31.172083333333333,52.64069444444445
2026-05-29 13:20:00,31.178472222222222,52.6121875
2026-05-29 13:25:00,31.183784722222224,52.67635416666666
2026-05-29 13:30:00,31.194756944444446,52.70944444444444
2026-05-29 13:35:00,31.203472222222224,52.580937500000005
2026-05-29 13:40:00,31.200729166666665,52.44520833333334
2026-05-29 13:45:00,31.200000000000003,52.484652777777775
2026-05-29 13:50:00,31.201909722222222,52.46625
2026-05-29 13:55:00,31.200312500000003,52.344236111111115
2026-05-29 14:00:00,31.190798611111113,52.24989583333333
2026-05-29 14:05:00,31.189583333333328,52.31493055555555
2026-05-29 14:10:00,31.19055555555555,52.299236111111114
2026-05-29 14:15:00,31.189652777777773,52.28135416666666
2026-05-29 14:20:00,31.18732638888889,52.26486111111112
2026-05-29 14:25:00,31.184236111111108,52.2509375
2026-05-29 14:30:00,31.180520833333333,52.23888888888889
2026-05-29 14:35:00,31.176284722222224,52.2278125
2026-05-29 14:40:00,31.17225694444444,52.279444444444444
2026-05-29 14:45:00,31.175798611111116,52.36902777777778
2026-05-29 14:50:00,31.179618055555554,52.358402777777776
2026-05-29 14:55:00,31.180729166666666,52.3446875
2026-05-29 15:00:00,31.18027777777778,52.33079861111111
2026-05-29 15:05:00,31.178541666666668,52.31763888888889
2026-05-29 15:10:00,31.1759375,52.3046875
2026-05-29 15:15:00,31.172812500000003,52.29052083333333
2026-05-29 15:20:00,31.16923611111111,52.275729166666665
2026-05-29 15:25:00,31.16607638888889,52.336388888888884
2026-05-29 15:30:00,31.169965277777774,52.42902777777778
2026-05-29 15:35:00,31.179756944444446,52.500972222222224
2026-05-29 15:40:00,31.188055555555554,52.476284722222225
2026-05-29 15:45:00,31.190173611111106,52.35899305555555
2026-05-29 15:50:00,31.184201388888887,52.226284722222225
2026-05-29 15:55:00,31.176145833333337,52.21607638888889
2026-05-29 16:00:00,31.17,52.213298611111114
2026-05-29 16:05:00,31.164930555555557,52.21211805555556
2026-05-29 16:10:00,31.160659722222224,52.210902777777775
2026-05-29 16:15:00,31.157013888888887,52.20975694444444
2026-05-29 16:20:00,31.15392361111111,52.20836805555555
2026-05-29 16:25:00,31.151180555555552,52.20423611111111
2026-05-29 16:30:00,31.14857638888889,52.20111111111111
2026-05-29 16:35:00,31.146145833333335,52.198055555555555
2026-05-29 16:40:00,31.14420138888889,52.19305555555555
2026-05-29 16:45:00,31.14277777777778,52.18621527777778
2026-05-29 16:50:00,31.14163194444444,52.17850694444444
2026-05-29 16:55:00,31.14069444444444,52.1690625
2026-05-29 17:00:00,31.14,52.15833333333333
2026-05-29 17:05:00,31.13934027777778,52.14128472222222
2026-05-29 17:10:00,31.140694444444446,52.20885416666667
2026-05-29 17:15:00,31.14295138888889,52.16784722222222
2026-05-29 17:20:00,31.144861111111116,52.10850694444444
2026-05-29 17:25:00,31.14222222222222,52.04829861111111
2026-05-29 17:30:00,31.142777777777773,52.14253472222222
2026-05-29 17:35:00,31.14618055555555,52.06868055555555
2026-05-29 17:40:00,31.146875000000005,51.925381944444446
2026-05-29 17:45:00,31.142118055555557,51.902881944444445
2026-05-29 17:50:00,31.138645833333335,51.89420138888889
2026-05-29 17:55:00,31.136076388888892,51.886493055555555
2026-05-29 18:00:00,31.13788194444444,51.966909722222226
2026-05-29 18:05:00,31.14527777777778,51.88975694444444
2026-05-29 18:10:00,31.14326388888889,51.747708333333335
2026-05-29 18:15:00,31.137118055555554,51.72989583333333
2026-05-29 18:20:00,31.13381944444445,51.799618055555555
2026-05-29 18:25:00,31.13944444444445,51.8528125
2026-05-29 18:30:00,31.14496527777778,51.83979166666666
2026-05-29 18:35:00,31.143229166666668,51.70711805555556
2026-05-29 18:40:00,31.134930555555552,51.68020833333333
2026-05-29 18:45:00,31.136111111111113,51.74413194444444
2026-05-29 18:50:00,31.14145833333334,51.73229166666667
2026-05-29 18:55:00,31.144895833333333,51.718576388888884
2026-05-29 19:00:00,31.144062500000004,51.67003472222222
2026-05-29 19:05:00,31.143993055555555,51.60947916666667
2026-05-29 19:10:00,31.144027777777776,51.596493055555555
2026-05-29 19:15:00,31.144895833333337,51.65881944444445
2026-05-29 19:20:00,31.148854166666663,51.57829861111111
2026-05-29 19:25:00,31.146840277777773,51.44552083333333
2026-05-29 19:30:00,31.14190972222222,51.43572916666667
2026-05-29 19:35:00,31.145451388888887,51.48913194444444
2026-05-29 19:40:00,31.148506944444446,51.354305555555555
2026-05-29 19:45:00,31.142187500000002,51.231458333333336
2026-05-29 19:50:00,31.141388888888887,51.29020833333333
2026-05-29 19:55:00,31.14739583333333,51.256006944444444
2026-05-29 20:00:00,31.144409722222218,51.12204861111111
2026-05-29 20:05:00,31.14055555555556,51.12333333333333
2026-05-29 20:10:00,31.145868055555557,51.156840277777775
2026-05-29 20:15:00,31.15267361111111,51.05736111111111
2026-05-29 20:20:00,31.1521875,50.974965277777784
2026-05-29 20:25:00,31.15774305555555,51.001666666666665
2026-05-29 20:30:00,31.16607638888889,50.900243055555556
2026-05-29 20:35:00,31.171805555555554,50.81829861111111
2026-05-29 20:40:00,31.177291666666665,50.85065972222222
2026-05-29 20:45:00,31.18506944444444,50.75371527777778
2026-05-29 20:50:00,31.190243055555552,50.68017361111111
2026-05-29 20:55:00,31.199722222222224,50.68506944444445
2026-05-29 21:00:00,31.203993055555557,50.61246527777777
2026-05-29 21:05:00,31.20690972222222,50.55684027777778
2026-05-29 21:10:00,31.20819444444444,50.569027777777784
2026-05-29 21:15:00,31.211736111111115,50.50708333333333
2026-05-29 21:20:00,31.21121527777778,50.42409722222222
2026-05-29 21:25:00,31.213298611111114,50.47138888888889
2026-05-29 21:30:00,31.217430555555552,50.41555555555556
2026-05-29 21:35:00,31.213090277777773,50.41267361111111
2026-05-29 21:40:00,31.21715277777778,50.39013888888889
2026-05-29 21:45:00,31.21857638888889,50.30479166666667
2026-05-29 21:50:00,31.21611111111111,50.345
2026-05-29 21:55:00,31.221354166666668,50.28777777777778
2026-05-29 22:00:00,31.218784722222225,50.26256944444444
2026-05-29 22:05:00,31.216354166666665,50.27666666666667
2026-05-29 22:10:00,31.220659722222226,50.19975694444444
2026-05-29 22:15:00,31.217986111111113,50.19670138888889
2026-05-29 22:20:00,31.216250000000002,50.21006944444444
2026-05-29 22:25:00,31.220833333333335,50.132777777777775
2026-05-29 22:30:00,31.218715277777775,50.12649305555556
2026-05-29 22:35:00,31.22006944444444,50.16708333333333
2026-05-29 22:40:00,31.22149305555556,50.08208333333334
2026-05-29 22:45:00,31.21975694444444,50.07284722222222
2026-05-29 22:50:00,31.22295138888889,50.11295138888889
2026-05-29 22:55:00,31.22454861111111,50.03034722222222
2026-05-29 23:00:00,31.22270833333333,50.02222222222222
2026-05-29 23:05:00,31.227430555555557,50.05854166666667
2026-05-29 23:10:00,31.226215277777776,50.050243055555555
2026-05-29 23:15:00,31.22496527777778,50.041666666666664
2026-05-29 23:20:00,31.227534722222224,49.951597222222226
2026-05-29 23:25:00,31.22628472222222,49.941319444444446
2026-05-29 23:30:00,31.226909722222224,49.97586805555556
2026-05-29 23:35:00,31.230381944444446,49.893541666666664
2026-05-29 23:40:00,31.228506944444447,49.887430555555554
2026-05-29 23:45:00,31.22861111111111,49.92381944444444
2026-05-29 23:50:00,31.23121527777778,49.84704861111111
2026-05-29 23:55:00,31.228680555555552,49.84628472222223
2026-05-30 00:00:00,31.227013888888887,49.845312500000006
2026-05-30 00:05:00,31.225173611111106,49.84277777777778
2026-05-30 00:10:00,31.223784722222224,49.83694444444444
2026-05-30 00:15:00,31.22222222222222,49.807881944444446
2026-05-30 00:20:00,31.221631944444443,49.79611111111112
2026-05-30 00:25:00,31.22131944444445,49.7853125
2026-05-30 00:30:00,31.221111111111114,49.77493055555556
2026-05-30 00:35:00,31.22361111111111,49.81340277777778
2026-05-30 00:40:00,31.223437500000003,49.803333333333335
2026-05-30 00:45:00,31.22291666666667,49.79461805555556
2026-05-30 00:50:00,31.22232638888889,49.796875
2026-05-30 00:55:00,31.227083333333333,49.765277777777776
2026-05-30 01:00:00,31.22645833333333,49.70625
2026-05-30 01:05:00,31.224444444444444,49.70715277777778
2026-05-30 01:10:00,31.22618055555556,49.7534375
2026-05-30 01:15:00,31.229409722222222,49.705798611111106
2026-05-30 01:20:00,31.226666666666663,49.71319444444444
2026-05-30 01:25:00,31.22642361111111,49.75784722222222
2026-05-30 01:30:00,31.230277777777776,49.736493055555556
2026-05-30 01:35:00,31.227361111111108,49.74892361111111
2026-05-30 01:40:00,31.225243055555552,49.75527777777777
2026-05-30 01:45:00,31.226041666666667,49.80243055555556
2026-05-30 01:50:00,31.227708333333332,49.743750000000006
2026-05-30 01:55:00,31.22552083333333,49.75253472222222
2026-05-30 02:00:00,31.224097222222227,49.757395833333334
2026-05-30 02:05:00,31.223576388888894,49.78388888888889
2026-05-30 02:10:00,31.22222222222222,49.79138888888889
2026-05-30 02:15:00,31.221354166666668,49.795034722222226
2026-05-30 02:20:00,31.221041666666665,49.796284722222225
2026-05-30 02:25:00,31.215625000000003,49.822118055555556
2026-05-30 02:30:00,31.215555555555554,49.868784722222216
2026-05-30 02:35:00,31.217361111111114,49.86170138888889
2026-05-30 02:40:00,31.214479166666667,49.87319444444445
2026-05-30 02:45:00,31.212743055555556,49.882395833333334
2026-05-30 02:50:00,31.212743055555556,49.88538194444445
2026-05-30 02:55:00,31.208993055555556,49.891666666666666
2026-05-30 03:00:00,31.206840277777776,49.90493055555556
2026-05-30 03:05:00,31.206840277777776,49.91010416666667
2026-05-30 03:10:00,31.20604166666666,49.868993055555556
2026-05-30 03:15:00,31.202881944444446,49.88697916666667
2026-05-30 03:20:00,31.20149305555556,49.89628472222223
2026-05-30 03:25:00,31.201319444444444,49.900486111111114
2026-05-30 03:30:00,31.196458333333332,49.92552083333333
2026-05-30 03:35:00,31.19347222222222,49.93916666666667
2026-05-30 03:40:00,31.191875,49.94663194444444
2026-05-30 03:45:00,31.190034722222222,49.91399305555556
2026-05-30 03:50:00,31.185624999999998,49.93194444444444
2026-05-30 03:55:00,31.182812499999997,49.942812499999995
2026-05-30 04:00:00,31.183229166666663,49.995173611111106
2026-05-30 04:05:00,31.184583333333332,49.94586805555556
2026-05-30 04:10:00,31.182500000000005,49.95423611111111
2026-05-30 04:15:00,31.18138888888889,49.95805555555555
2026-05-30 04:20:00,31.180902777777778,49.95944444444444
2026-05-30 04:25:00,31.179479166666663,49.9228125
2026-05-30 04:30:00,31.179618055555554,49.91979166666667
2026-05-30 04:35:00,31.18027777777778,49.916666666666664
2026-05-30 04:40:00,31.180937500000002,49.91388888888889
2026-05-30 04:45:00,31.180868055555557,49.88072916666667
2026-05-30 04:50:00,31.176736111111115,49.89798611111111
2026-05-30 04:55:00,31.176319444444445,49.95298611111111
2026-05-30 05:00:00,31.178611111111113,49.94482638888889
2026-05-30 05:05:00,31.17909722222222,49.90131944444445
2026-05-30 05:10:00,31.17635416666667,49.914027777777775
2026-05-30 05:15:00,31.17465277777778,49.92180555555555
2026-05-30 05:20:00,31.17378472222222,49.92666666666666
2026-05-30 05:25:00,31.17149305555556,49.921840277777775
2026-05-30 05:30:00,31.17128472222222,49.925
2026-05-30 05:35:00,31.1715625,49.926944444444445
2026-05-30 05:40:00,31.17225694444444,49.92815972222222
2026-05-30 05:45:00,31.17288194444445,49.92958333333333
2026-05-30 05:50:00,31.17319444444444,49.931979166666665
2026-05-30 05:55:00,31.173194444444448,49.93534722222222
2026-05-30 06:00:00,31.173090277777778,49.93944444444444
2026-05-30 06:05:00,31.172951388888887,49.94413194444444
2026-05-30 06:10:00,31.175277777777776,49.9928125
2026-05-30 06:15:00,31.179062500000004,49.9809375
2026-05-30 06:20:00,31.177534722222227,49.99364583333333
2026-05-30 06:25:00,31.17652777777778,50.00284722222222
2026-05-30 06:30:00,31.17576388888889,50.01020833333334
2026-05-30 06:35:00,31.17524305555556,50.016215277777775
2026-05-30 06:40:00,31.172083333333337,49.98315972222222
2026-05-30 06:45:00,31.172361111111115,49.986354166666665
2026-05-30 06:50:00,31.172708333333333,49.98902777777778
2026-05-30 06:55:00,31.172951388888887,49.991597222222225
2026-05-30 07:00:00,31.173333333333332,49.99388888888889
2026-05-30 07:05:00,31.172951388888887,49.96434027777778
2026-05-30 07:10:00,31.170937499999997,50.0275
2026-05-30 07:15:00,31.1721875,50.02513888888889
2026-05-30 07:20:00,31.173055555555557,50.024479166666666
2026-05-30 07:25:00,31.173750000000002,50.02475694444444
2026-05-30 07:30:00,31.170798611111106,50.084270833333335
2026-05-30 07:35:00,31.172291666666663,50.081041666666664
2026-05-30 07:40:00,31.173263888888894,50.08017361111111
2026-05-30 07:45:00,31.17319444444444,50.04756944444444
2026-05-30 07:50:00,31.17350694444444,50.057500000000005
2026-05-30 07:55:00,31.174652777777776,50.05663194444445
2026-05-30 08:00:00,31.17170138888889,50.03211805555556
2026-05-30 08:05:00,31.173368055555557,50.027361111111105
2026-05-30 08:10:00,31.17420138888889,50.02611111111111
2026-05-30 08:15:00,31.17434027777778,50.027430555555554
2026-05-30 08:20:00,31.173993055555556,50.03052083333333
2026-05-30 08:25:00,31.173333333333332,50.034930555555555
2026-05-30 08:30:00,31.17246527777778,50.04027777777778
2026-05-30 08:35:00,31.17138888888889,50.046076388888885
2026-05-30 08:40:00,31.175590277777776,50.02892361111111
2026-05-30 08:45:00,31.175416666666667,49.97388888888889
2026-05-30 08:50:00,31.177430555555556,50.00517361111111
2026-05-30 08:55:00,31.180034722222224,49.99496527777777
2026-05-30 09:00:00,31.181666666666665,49.98885416666666
2026-05-30 09:05:00,31.18270833333333,49.984652777777775
2026-05-30 09:10:00,31.183229166666667,49.981631944444445
2026-05-30 09:15:00,31.183402777777776,49.97958333333334
2026-05-30 09:20:00,31.18326388888889,49.97850694444444
2026-05-30 09:25:00,31.18736111111111,49.95878472222222
2026-05-30 09:30:00,31.190833333333337,49.94440972222222
2026-05-30 09:35:00,31.193402777777774,49.93486111111111
2026-05-30 09:40:00,31.19065972222222,49.946527777777774
2026-05-30 09:45:00,31.188576388888887,49.95402777777778
2026-05-30 09:50:00,31.188124999999996,49.992465277777775
2026-05-30 09:55:00,31.191493055555554,49.9790625
2026-05-30 10:00:00,31.191145833333337,49.93100694444445
2026-05-30 10:05:00,31.187708333333337,49.94763888888888
2026-05-30 10:10:00,31.183298611111113,49.9184375
2026-05-30 10:15:00,31.18069444444445,49.93590277777778
2026-05-30 10:20:00,31.17958333333333,49.93819444444445
2026-05-30 10:25:00,31.17159722222222,49.976909722222224
2026-05-30 10:30:00,31.169930555555556,50.04631944444444
2026-05-30 10:35:00,31.16701388888889,49.997881944444444
2026-05-30 10:40:00,31.16458333333334,50.07364583333334
2026-05-30 10:45:00,31.166770833333334,50.01826388888889
2026-05-30 10:50:00,31.16100694444445,50.08614583333334
2026-05-30 10:55:00,31.16506944444444,50.07409722222222
2026-05-30 11:00:00,31.16180555555555,50.01826388888889
2026-05-30 11:05:00,31.159513888888892,50.111979166666664
2026-05-30 11:10:00,31.160798611111108,50.04666666666667
2026-05-30 11:15:00,31.152569444444445,50.011319444444446
2026-05-30 11:20:00,31.149375000000003,50.03597222222223
2026-05-30 11:25:00,31.146666666666665,50.005069444444445
2026-05-30 11:30:00,31.136041666666667,49.97190972222222
2026-05-30 11:35:00,31.12732638888889,49.97711805555556
2026-05-30 11:40:00,31.12097222222222,50.028055555555554
2026-05-30 11:45:00,31.118819444444448,50.041979166666664
2026-05-30 11:50:00,31.113645833333337,49.96361111111111
2026-05-30 11:55:00,31.105798611111116,50.0240625
2026-05-30 12:00:00,31.106527777777778,50.01166666666667
2026-05-30 12:05:00,31.099548611111103,49.957881944444445
2026-05-30 12:10:00,31.086493055555554,50.008923611111115
2026-05-30 12:15:00,31.084166666666665,50.03795138888889
2026-05-30 12:20:00,31.083368055555557,50.04677083333333
2026-05-30 12:25:00,31.08017361111111,50.04809027777778
2026-05-30 12:30:00,31.07972222222222,50.05315972222222
2026-05-30 12:35:00,31.079374999999995,50.057118055555556
2026-05-30 12:40:00,31.079305555555557,50.05836805555556
2026-05-30 12:45:00,31.078680555555554,50.06333333333333
2026-05-30 12:50:00,31.078888888888887,50.078125
2026-05-30 12:55:00,31.078263888888884,50.06298611111111
2026-05-30 13:00:00,31.077326388888892,50.070173611111116
2026-05-30 13:05:00,31.078993055555557,50.07364583333333
2026-05-30 13:10:00,31.075624999999995,50.01263888888889
2026-05-30 13:15:00,31.069409722222222,50.10795138888889
2026-05-30 13:20:00,31.073437500000004,50.14368055555556
2026-05-30 13:25:00,31.07475694444444,50.05583333333333
2026-05-30 13:30:00,31.067187499999996,50.001875
2026-05-30 13:35:00,31.05642361111111,50.01638888888888
2026-05-30 13:40:00,31.05652777777778,50.12975694444444
2026-05-30 13:45:00,31.05395833333333,50.075381944444445
2026-05-30 13:50:00,31.049166666666665,50.08475694444444
2026-05-30 13:55:00,31.046076388888885,50.09440972222222
2026-05-30 14:00:00,31.043993055555557,50.0765625
2026-05-30 14:05:00,31.03482638888889,50.0075
2026-05-30 14:10:00,31.02517361111111,50.019756944444445
2026-05-30 14:15:00,31.020694444444448,50.13329861111111
2026-05-30 14:20:00,31.025694444444444,50.2525
2026-05-30 14:25:00,31.03055555555556,50.25982638888889
2026-05-30 14:30:00,31.034131944444443,50.2621875
2026-05-30 14:35:00,31.03690972222222,50.26347222222222
2026-05-30 14:40:00,31.038611111111113,50.20295138888889
2026-05-30 14:45:00,31.032048611111108,50.105
2026-05-30 14:50:00,31.024548611111115,50.10795138888889
2026-05-30 14:55:00,31.019166666666667,50.11479166666666
2026-05-30 15:00:00,31.015,50.12138888888889
2026-05-30 15:05:00,31.014340277777777,50.22680555555556
2026-05-30 15:10:00,31.021770833333335,50.34357638888889
2026-05-30 15:15:00,31.02847222222222,50.346493055555555
2026-05-30 15:20:00,31.033125000000002,50.34659722222222
2026-05-30 15:25:00,31.035625,50.27118055555556
2026-05-30 15:30:00,31.02993055555556,50.165798611111114
2026-05-30 15:35:00,31.024305555555557,50.192187499999996
2026-05-30 15:40:00,31.026215277777776,50.296909722222225
2026-05-30 15:45:00,31.030902777777783,50.29131944444445
2026-05-30 15:50:00,31.033368055555556,50.280798611111116
2026-05-30 15:55:00,31.038298611111106,50.3771875
2026-05-30 16:00:00,31.049027777777773,50.442569444444445
2026-05-30 16:05:00,31.058194444444446,50.424618055555555
2026-05-30 16:10:00,31.064409722222226,50.495
2026-05-30 16:15:00,31.075451388888887,50.54430555555555
2026-05-30 16:20:00,31.086319444444445,50.52322916666667
2026-05-30 16:25:00,31.093020833333338,50.570659722222224
2026-05-30 16:30:00,31.10472222222222,50.61052083333333
2026-05-30 16:35:00,31.113125,50.59020833333334
2026-05-30 16:40:00,31.118020833333333,50.57347222222222
2026-05-30 16:45:00,31.120416666666667,50.560520833333335
2026-05-30 16:50:00,31.121006944444446,50.551006944444445
2026-05-30 16:55:00,31.127187500000005,50.64208333333333
2026-05-30 17:00:00,31.13486111111111,50.636180555555555
2026-05-30 17:05:00,31.139340277777777,50.63034722222223
2026-05-30 17:10:00,31.14267361111111,50.6496875
2026-05-30 17:15:00,31.145347222222217,50.621875
2026-05-30 17:20:00,31.145034722222217,50.526631944444446
2026-05-30 17:25:00,31.14305555555556,50.61635416666667
2026-05-30 17:30:00,31.147222222222222,50.570590277777775
2026-05-30 17:35:00,31.147812500000004,50.491875
2026-05-30 17:40:00,31.141493055555557,50.488194444444446
2026-05-30 17:45:00,31.14409722222222,50.551631944444445
2026-05-30 17:50:00,31.148472222222225,50.54472222222222
2026-05-30 17:55:00,31.150833333333328,50.53579861111111
2026-05-30 18:00:00,31.148020833333337,50.440694444444446
2026-05-30 18:05:00,31.140555555555554,50.50788194444444
2026-05-30 18:10:00,31.142986111111114,50.589756944444446
2026-05-30 18:15:00,31.145451388888894,50.58680555555556
2026-05-30 18:20:00,31.145208333333333,50.50538194444445
2026-05-30 18:25:00,31.140729166666663,50.54829861111111
2026-05-30 18:30:00,31.14340277777778,50.57548611111111
2026-05-30 18:35:00,31.145,50.57107638888888
2026-05-30 18:40:00,31.14510416666667,50.5378125
2026-05-30 18:45:00,31.143402777777776,50.566631944444445
2026-05-30 18:50:00,31.14395833333333,50.57461805555556
2026-05-30 18:55:00,31.143750000000004,50.57197916666667
2026-05-30 19:00:00,31.142152777777774,50.586354166666666
2026-05-30 19:05:00,31.14055555555556,50.610416666666666
2026-05-30 19:10:00,31.140069444444446,50.609965277777775
2026-05-30 19:15:00,31.138645833333335,50.6053125
2026-05-30 19:20:00,31.137048611111116,50.63288194444445
2026-05-30 19:25:00,31.137534722222224,50.635555555555555
2026-05-30 19:30:00,31.137048611111116,50.633541666666666
2026-05-30 19:35:00,31.136319444444446,50.65600694444444
2026-05-30 19:40:00,31.13788194444444,50.665520833333325
2026-05-30 19:45:00,31.13829861111111,50.660451388888895
2026-05-30 19:50:00,31.137013888888887,50.687777777777775
2026-05-30 19:55:00,31.138229166666665,50.742604166666666
2026-05-30 20:00:00,31.139409722222226,50.737986111111105
2026-05-30 20:05:00,31.139236111111106,50.748715277777784
2026-05-30 20:10:00,31.13930555555556,50.75565972222223
2026-05-30 20:15:00,31.138020833333332,50.725451388888885
2026-05-30 20:20:00,31.137048611111116,50.76006944444444
2026-05-30 20:25:00,31.137361111111115,50.762881944444445
2026-05-30 20:30:00,31.137534722222217,50.76694444444445
2026-05-30 20:35:00,31.13760416666667,50.77190972222222
2026-05-30 20:40:00,31.1371875,50.78111111111111
2026-05-30 20:45:00,31.13680555555556,50.789513888888884
2026-05-30 20:50:00,31.136493055555555,50.79763888888888
2026-05-30 20:55:00,31.13628472222222,50.810069444444444
2026-05-30 21:00:00,31.142500000000002,50.78770833333333
2026-05-30 21:05:00,31.14079861111111,50.78999999999999
2026-05-30 21:10:00,31.145243055555554,50.81166666666667
2026-05-30 21:15:00,31.145312499999996,50.76086805555556
2026-05-30 21:20:00,31.1446875,50.82298611111111
2026-05-30 21:25:00,31.147465277777776,50.778645833333336
2026-05-30 21:30:00,31.142812500000005,50.81243055555555
2026-05-30 21:35:00,31.146631944444444,50.79440972222223
2026-05-30 21:40:00,31.143437499999997,50.75104166666667
2026-05-30 21:45:00,31.142152777777774,50.81149305555555
2026-05-30 21:50:00,31.144375,50.75875
2026-05-30 21:55:00,31.14020833333333,50.785243055555554
2026-05-30 22:00:00,31.14395833333333,50.78517361111111
2026-05-30 22:05:00,31.14163194444444,50.73295138888889
2026-05-30 22:10:00,31.13819444444444,50.78520833333334
2026-05-30 22:15:00,31.141979166666665,50.76989583333333
2026-05-30 22:20:00,31.138124999999995,50.772083333333335
2026-05-30 22:25:00,31.135347222222222,50.8240625
2026-05-30 22:30:00,31.13746527777778,50.77201388888889
2026-05-30 22:35:00,31.13309027777778,50.80715277777778
2026-05-30 22:40:00,31.133888888888887,50.87135416666666
2026-05-30 22:45:00,31.132986111111116,50.82024305555555
2026-05-30 22:50:00,31.12833333333333,50.857638888888886
2026-05-30 22:55:00,31.128819444444446,50.923090277777774
2026-05-30 23:00:00,31.127916666666668,50.87145833333333
2026-05-30 23:05:00,31.124131944444443,50.90149305555556
2026-05-30 23:10:00,31.12777777777778,50.89170138888889
2026-05-30 23:15:00,31.125729166666662,50.843159722222225
2026-05-30 23:20:00,31.125208333333333,50.91385416666666
2026-05-30 23:25:00,31.128298611111113,50.91118055555555
2026-05-30 23:30:00,31.124930555555554,50.901180555555555
2026-05-30 23:35:00,31.12340277777778,50.968611111111116
2026-05-30 23:40:00,31.12663194444444,50.96652777777778
2026-05-30 23:45:00,31.125347222222224,50.921145833333334
2026-05-30 23:50:00,31.123819444444443,50.99256944444444
2026-05-30 23:55:00,31.127187500000005,50.99111111111111
2026-05-31 00:00:00,31.129201388888887,51.00048611111111
2026-05-31 00:05:00,31.136840277777782,50.97458333333333
2026-05-31 00:10:00,31.141874999999995,50.9665625
2026-05-31 00:15:00,31.145173611111108,50.99458333333334
2026-05-31 00:20:00,31.15208333333333,50.97746527777778
2026-05-31 00:25:00,31.156388888888884,50.97472222222222
2026-05-31 00:30:00,31.158715277777773,50.9803125
2026-05-31 00:35:00,31.1596875,50.99111111111111
2026-05-31 00:40:00,31.164999999999996,50.98236111111111
2026-05-31 00:45:00,31.168333333333333,50.98381944444444
2026-05-31 00:50:00,31.17013888888889,50.99076388888889
2026-05-31 00:55:00,31.17083333333333,51.001041666666666
2026-05-31 01:00:00,31.174652777777776,51.05142361111111
2026-05-31 01:05:00,31.17840277777778,51.04927083333334
2026-05-31 01:10:00,31.180833333333332,51.053159722222226
2026-05-31 01:15:00,31.181249999999995,51.035694444444445
2026-05-31 01:20:00,31.18326388888889,51.04114583333333
2026-05-31 01:25:00,31.18444444444445,51.050069444444446
2026-05-31 01:30:00,31.185104166666665,51.060833333333335
2026-05-31 01:35:00,31.189097222222227,50.99444444444445
2026-05-31 01:40:00,31.189097222222227,51.009930555555556
2026-05-31 01:45:00,31.18902777777778,51.02451388888889
2026-05-31 01:50:00,31.19045138888889,51.045069444444444
2026-05-31 01:55:00,31.190486111111113,51.060833333333335
2026-05-31 02:00:00,31.190451388888885,51.075208333333336
2026-05-31 02:05:00,31.190347222222222,51.0890625
2026-05-31 02:10:00,31.195625,51.07711805555555
2026-05-31 02:15:00,31.194374999999997,51.09947916666667
2026-05-31 02:20:00,31.192951388888886,51.11836805555556
2026-05-31 02:25:00,31.197256944444444,51.10930555555555
2026-05-31 02:30:00,31.199305555555554,51.064930555555556
2026-05-31 02:35:00,31.19663194444444,51.09048611111111
2026-05-31 02:40:00,31.19947916666667,51.093333333333334
2026-05-31 02:45:00,31.201944444444443,51.09552083333333
2026-05-31 02:50:00,31.203263888888884,51.08159722222222
2026-05-31 02:55:00,31.20381944444444,51.10795138888889
2026-05-31 03:00:00,31.204895833333335,51.11666666666666
2026-05-31 03:05:00,31.205416666666665,51.126840277777774
2026-05-31 03:10:00,31.20770833333334,51.17916666666667
2026-05-31 03:15:00,31.207812500000003,51.19392361111111
2026-05-31 03:20:00,31.207638888888887,51.20854166666666
2026-05-31 03:25:00,31.20729166666667,51.22315972222222
2026-05-31 03:30:00,31.21225694444444,51.21378472222222
2026-05-31 03:35:00,31.211284722222224,51.210520833333334
2026-05-31 03:40:00,31.209444444444443,51.23420138888889
2026-05-31 03:45:00,31.20920138888889,51.29128472222222
2026-05-31 03:50:00,31.21236111111111,51.293819444444445
2026-05-31 03:55:00,31.21451388888889,51.30083333333334
2026-05-31 04:00:00,31.211875000000003,51.2904513888889
2026-05-31 04:05:00,31.21024305555555,51.35788194444444
2026-05-31 04:10:00,31.212326388888886,51.365451388888886
2026-05-31 04:15:00,31.213645833333334,51.37625
2026-05-31 04:20:00,31.21440972222222,51.38895833333333
2026-05-31 04:25:00,31.213333333333335,51.38506944444444
2026-05-31 04:30:00,31.213715277777776,51.40083333333334
2026-05-31 04:35:00,31.213819444444443,51.41694444444445
2026-05-31 04:40:00,31.21368055555556,51.43326388888889
2026-05-31 04:45:00,31.214201388888892,51.480173611111105
2026-05-31 04:50:00,31.21881944444444,51.47694444444445
2026-05-31 04:55:00,31.217048611111107,51.5040625
2026-05-31 05:00:00,31.215416666666663,51.527430555555554
2026-05-31 05:05:00,31.215555555555554,51.58618055555556
2026-05-31 05:10:00,31.21892361111111,51.58850694444445
2026-05-31 05:15:00,31.2190625,51.5396875
2026-05-31 05:20:00,31.215868055555557,51.57107638888888
2026-05-31 05:25:00,31.21670138888889,51.64246527777778
2026-05-31 05:30:00,31.219270833333333,51.64930555555556
2026-05-31 05:35:00,31.221111111111114,51.658993055555555
2026-05-31 05:40:00,31.217534722222226,51.69447916666667
2026-05-31 05:45:00,31.215034722222224,51.72236111111111
2026-05-31 05:50:00,31.213923611111113,51.74430555555555
2026-05-31 05:55:00,31.213715277777776,51.76229166666667
2026-05-31 06:00:00,31.213090277777773,51.73416666666667
2026-05-31 06:05:00,31.20892361111111,51.76972222222222
2026-05-31 06:10:00,31.206111111111113,51.79736111111111
2026-05-31 06:15:00,31.204097222222217,51.82333333333333
2026-05-31 06:20:00,31.207118055555554,51.82572916666666
2026-05-31 06:25:00,31.209444444444443,51.83197916666667
2026-05-31 06:30:00,31.21125,51.840381944444445
2026-05-31 06:35:00,31.208055555555557,51.87298611111111
2026-05-31 06:40:00,31.20829861111111,51.945868055555565
2026-05-31 06:45:00,31.210138888888885,51.953611111111115
2026-05-31 06:50:00,31.211354166666663,51.96427083333333
2026-05-31 06:55:00,31.21225694444444,51.97625
2026-05-31 07:00:00,31.212500000000002,51.98965277777778
2026-05-31 07:05:00,31.21284722222222,52.03607638888889
2026-05-31 07:10:00,31.21642361111111,52.03447916666667
2026-05-31 07:15:00,31.218194444444446,52.04017361111111
2026-05-31 07:20:00,31.218611111111116,52.05055555555556
2026-05-31 07:25:00,31.217986111111113,52.06440972222222
2026-05-31 07:30:00,31.221354166666668,52.061145833333335
2026-05-31 07:35:00,31.22277777777778,52.06635416666667
2026-05-31 07:40:00,31.22270833333333,52.077395833333334
2026-05-31 07:45:00,31.222465277777783,52.125590277777775
2026-05-31 07:50:00,31.22607638888889,52.12121527777778
2026-05-31 07:55:00,31.228020833333332,52.125729166666666
2026-05-31 08:00:00,31.23284722222222,52.18062499999999
2026-05-31 08:50:00,31.18917562724014,52.32322580645162
2026-05-31 08:55:00,31.190322580645162,52.32824372759857
2026-05-31 09:00:00,31.191003584229392,52.33591397849463
2026-05-31 09:05:00,31.190609318996415,52.3026164874552
2026-05-31 09:10:00,31.1863082437276,52.3347311827957
2026-05-31 09:15:00,31.183548387096778,52.358888888888885
2026-05-31 09:20:00,31.177992831541218,52.32136200716846
2026-05-31 09:25:00,31.172150537634412,52.3605376344086
2026-05-31 09:30:00,31.168136200716845,52.35960573476702
2026-05-31 09:35:00,31.159677419354843,52.41236559139785
2026-05-31 09:40:00,31.15673835125448,52.43996415770609
2026-05-31 09:45:00,31.149892473118285,52.40290322580645
2026-05-31 09:50:00,31.143727598566308,52.44906810035842
2026-05-31 09:55:00,31.136559139784946,52.42594982078853
2026-05-31 10:00:00,31.12928315412186,52.53749103942652
2026-05-31 10:05:00,31.1279211469534,52.54505376344087
2026-05-31 10:10:00,31.12121863799283,52.55763440860215
2026-05-31 10:15:00,31.119139784946235,52.58931899641577
2026-05-31 10:20:00,31.11451612903226,52.56537634408602
2026-05-31 10:25:00,31.110179211469532,52.51096774193548
2026-05-31 10:30:00,31.105448028673834,52.56351254480286
2026-05-31 10:35:00,31.105089605734765,52.583333333333336
2026-05-31 10:40:00,31.099534050179205,52.528673835125446
2026-05-31 10:45:00,31.093978494623652,52.64089605734767
2026-05-31 10:55:00,31.10046762589928,52.59694244604316
2026-05-31 11:00:00,31.102553956834534,52.60028776978417
2026-05-31 11:05:00,31.103345323741006,52.60884892086331
2026-05-31 11:10:00,31.105719424460435,52.66521582733813
2026-05-31 11:15:00,31.113741007194246,52.66417266187051
2026-05-31 11:20:00,31.1186690647482,52.6308273381295
2026-05-31 11:25:00,31.123237410071944,52.655143884892084
2026-05-31 11:30:00,31.130359712230216,52.64708633093525
2026-05-31 11:35:00,31.14064748201439,52.64564748201439
2026-05-31 11:40:00,31.14920863309353,52.5818345323741
2026-05-31 11:45:00,31.151834532374096,52.577410071942445
2026-05-31 11:50:00,31.16190647482014,52.62086330935252
2026-05-31 11:55:00,31.168453237410073,52.50327338129496
2026-05-31 12:00:00,31.166151079136686,52.4886690647482
2026-05-31 12:05:00,31.165431654676265,52.51564748201438
2026-05-31 12:10:00,31.172482014388493,52.510863309352516
2026-05-31 12:15:00,31.178597122302165,52.445
2026-05-31 12:20:00,31.174136690647483,52.409856115107914
2026-05-31 12:25:00,31.17492805755396,52.469316546762585
2026-05-31 12:30:00,31.17827338129496,52.39456834532374
2026-05-31 12:35:00,31.172769784172665,52.4155035971223
2026-05-31 12:40:00,31.175503597122297,52.460143884892084
2026-05-31 12:45:00,31.175431654676252,52.389424460431655
2026-05-31 12:50:00,31.17100719424461,52.419388489208636
2026-05-31 12:55:00,31.17672661870504,52.39089928057554
2026-05-31 13:00:00,31.17309352517985,52.334208633093525
2026-05-31 13:05:00,31.17219424460432,52.37838129496403
2026-05-31 13:10:00,31.174172661870504,52.38284172661871
2026-05-31 13:15:00,31.17428057553957,52.29330935251798
2026-05-31 13:20:00,31.167014388489203,52.27194244604316
2026-05-31 13:25:00,31.162733812949647,52.28384892086331
2026-05-31 13:30:00,31.161007194244604,52.2948201438849
2026-05-31 13:35:00,31.161151079136687,52.30320143884892
2026-05-31 13:40:00,31.155035971223022,52.21035971223022
2026-05-31 13:45:00,31.14737410071943,52.2221582733813
2026-05-31 13:50:00,31.143165467625902,52.236726618705035
2026-05-31 13:55:00,31.141223021582736,52.25032374100719
2026-05-31 14:00:00,31.141079136690646,52.26266187050359
2026-05-31 14:05:00,31.14219424460432,52.273597122302164
2026-05-31 14:10:00,31.14428057553957,52.28302158273382
2026-05-31 14:15:00,31.14453237410072,52.18798561151079
2026-05-31 14:20:00,31.137302158273382,52.084424460431656
2026-05-31 14:25:00,31.131762589928055,52.094676258992806
2026-05-31 14:30:00,31.128741007194247,52.10780575539569
2026-05-31 14:35:00,31.12730215827338,52.122086330935254
2026-05-31 14:40:00,31.126942446043163,52.1353237410072
2026-05-31 14:45:00,31.127517985611515,52.14910071942446
2026-05-31 14:50:00,31.128920863309354,52.16194244604317
2026-05-31 14:55:00,31.130899280575544,52.17402877697842
2026-05-31 15:00:00,31.133381294964035,52.18679856115108
2026-05-31 15:05:00,31.133525179856118,52.09625899280576
2026-05-31 15:10:00,31.12629496402878,51.993489208633086
2026-05-31 15:15:00,31.120467625899288,52.008884892086336
2026-05-31 15:20:00,31.117230215827338,52.026942446043165
2026-05-31 15:25:00,31.115755395683454,52.045251798561154
