timestamp,operating_state,Panel Temp,Panel Humidity,raw_anomaly_score,health_index
2026-04-01 01:35:00,ACTIVE,33.18,39.27,0.11983365864995538,88.48212019659498
2026-04-01 01:40:00,ACTIVE,33.13,39.29,0.12034754370848122,88.68192627826711
2026-04-01 01:45:00,ACTIVE,33.11,39.29,0.10211722712436111,81.59371060847393
2026-04-01 01:50:00,ACTIVE,33.09,39.3,0.10761524545017248,83.73142113423478
2026-04-01 01:55:00,ACTIVE,33.04,39.34,0.10864161034833553,84.13048692777245
2026-04-01 02:00:00,ACTIVE,33.01,39.39,0.11278056868582176,85.73977490744178
2026-04-01 02:05:00,ACTIVE,32.98,39.45,0.12132245820506116,89.06098739766566
2026-04-01 02:10:00,ACTIVE,32.96,39.49,0.12892366138360123,92.0164471797707
2026-04-01 02:15:00,ACTIVE,32.91,39.54,0.1272558091235289,91.36796164907824
2026-04-01 02:20:00,ACTIVE,32.88,39.62,0.13360563813816095,93.83686872012869
2026-04-01 02:25:00,ACTIVE,32.84,39.68,0.13744893202833375,95.3311980067453
2026-04-01 02:30:00,ACTIVE,32.81,39.74,0.11729788963506693,87.49617584486798
2026-04-01 02:35:00,ACTIVE,32.77,39.81,0.12897934389938948,92.03809736226329
2026-04-01 02:40:00,ACTIVE,32.76,39.86,0.13093656677951798,92.79909445324573
2026-04-01 02:45:00,ACTIVE,32.72,39.93,0.13093749225541895,92.7994542919108
2026-04-01 02:50:00,ACTIVE,32.71,39.99,0.12923018923597768,92.13562972475927
2026-04-01 02:55:00,ACTIVE,32.68,40.02,0.13128163948164967,92.93326380368907
2026-04-01 03:00:00,ACTIVE,32.66,40.09,0.1365321770085292,94.97475014876348
2026-04-01 03:05:00,ACTIVE,32.62,40.19,0.13133834543232448,92.95531191274351
2026-04-01 03:10:00,ACTIVE,32.61,40.25,0.11701726607575963,87.387065270665
2026-04-01 03:15:00,ACTIVE,32.6,40.32,0.11748017304144454,87.56705031879535
2026-04-01 03:20:00,ACTIVE,32.58,40.4,0.1389205587904066,95.90338817288307
2026-04-01 03:25:00,ACTIVE,32.54,40.5,0.13791198696566193,95.51124058843055
2026-04-01 03:30:00,ACTIVE,32.54,40.57,0.13412653054606355,94.0393993624757
2026-04-01 03:35:00,ACTIVE,32.5,40.7,0.13854976291391025,95.7592172732748
2026-04-01 03:40:00,ACTIVE,32.47,40.83,0.12599054059072157,90.87600660269393
2026-04-01 03:45:00,ACTIVE,32.43,40.94,0.13534364260831244,94.51263046363178
2026-04-01 03:50:00,ACTIVE,32.43,40.99,0.133625583055343,93.84462359777166
2026-04-01 03:55:00,ACTIVE,32.4,41.06,0.12520024891840276,90.56872955736183
2026-04-01 04:00:00,ACTIVE,32.37,41.04,0.12323144581204099,89.80322990381183
2026-04-01 04:05:00,ACTIVE,32.34,40.95,0.12469051004830028,90.37053557483328
2026-04-01 08:55:00,ACTIVE,30.38,49.56,-0.02836490560986371,30.86033504655924
2026-04-01 09:00:00,ACTIVE,30.59,48.99,-0.031232125119000975,29.745517859505743
2026-04-01 09:05:00,ACTIVE,30.79,48.44,-0.028893619297012507,30.65476337561269
2026-04-01 09:10:00,ACTIVE,30.99,47.94,-0.006082526987863823,39.52405213451718
2026-04-01 09:15:00,ACTIVE,31.2,47.36,-0.011260729219184862,37.51069081805053
2026-04-01 09:20:00,ACTIVE,31.41,46.54,-0.0013375202967690347,41.368980642801496
2026-04-01 09:25:00,ACTIVE,31.58,45.91,0.000820030556191842,42.20786820099423
2026-04-01 09:30:00,ACTIVE,31.74,45.4,0.004761621620241185,43.740416876997365
2026-04-01 09:35:00,ACTIVE,31.91,44.85,0.002583119820861457,42.893383282172856
2026-04-01 09:40:00,ACTIVE,32.06,44.34,0.030684339981034314,53.819551687451785
2026-04-01 09:45:00,ACTIVE,32.22,43.87,0.04416572750847103,59.061313775432744
2026-04-01 09:50:00,ACTIVE,32.35,43.46,0.05282834142873327,62.42946569137134
2026-04-01 09:55:00,ACTIVE,32.5,43.08,0.03791552975004786,56.63114480463428
2026-04-01 10:00:00,ACTIVE,32.67,42.67,0.03790149983368507,56.6256897664538
2026-04-01 10:05:00,ACTIVE,32.85,42.23,0.06417554288195598,66.84142479136277
2026-04-01 10:10:00,ACTIVE,31.89,45.51,0.08524027821492669,75.03170422936604
2026-04-01 10:15:00,ACTIVE,32.28,43.99,0.08557382137830227,75.1613907252797
2026-04-01 10:20:00,ACTIVE,32.63,42.98,0.07856487334784013,72.4362084702681
2026-04-01 10:25:00,ACTIVE,32.05,34.11,0.0953678436510727,78.96945087737967
2026-04-01 10:30:00,ACTIVE,32.1,44.65,0.09033405177669346,77.01223843524727
2026-04-01 10:35:00,ACTIVE,32.56,43.26,0.10163089113562773,81.40461601100944
2026-04-01 10:40:00,ACTIVE,31.63,46.52,0.10192789082542525,81.5200938660117
2026-04-01 10:45:00,ACTIVE,32.24,44.28,0.08817800423683508,76.17393538733666
2026-04-01 10:50:00,ACTIVE,31.82,32.3,0.10036387329699398,80.91198080874781
2026-04-01 10:55:00,ACTIVE,31.94,45.26,0.08928332581478099,76.60370070121944
2026-04-01 11:00:00,ACTIVE,31.58,33.18,0.10731186267643816,83.61346144215779
2026-04-01 11:05:00,ACTIVE,31.87,45.48,0.10719330513499198,83.56736452337014
2026-04-01 11:10:00,ACTIVE,31.04,50.5,0.1009301800203729,81.13216920602778
2026-04-01 11:15:00,ACTIVE,31.84,45.91,0.11305743959160514,85.84742639466792
2026-04-01 11:20:00,ACTIVE,30.89,50.35,0.10834420870744627,84.0148527882639
2026-04-01 11:25:00,ACTIVE,31.71,39.87,0.11986282813069854,88.4934617204533
2026-04-01 11:30:00,ACTIVE,30.9,50.34,0.10700337614375016,83.49351733340742
2026-04-01 11:35:00,ACTIVE,31.38,36.82,0.11941414707906617,88.31900791729278
2026-04-01 11:40:00,ACTIVE,30.84,50.84,0.10437523836979634,82.47165864731406
2026-04-01 11:45:00,ACTIVE,31.15,36.57,0.12684756544233844,91.2092304912974
2026-04-01 11:50:00,ACTIVE,30.9,50.8,0.11545099150532256,86.77807464221694
2026-04-01 11:55:00,ACTIVE,30.82,36.38,0.12113844900679616,88.98944191042688
2026-04-01 13:15:00,ACTIVE,30.08,36.89,0.09726062685844211,79.70539287422265
2026-04-01 13:20:00,ACTIVE,30.23,52.75,0.09832045451359162,80.11746948067362
2026-04-01 13:25:00,ACTIVE,30.22,37.63,0.10936854650585792,84.41313041555357
2026-04-01 13:30:00,ACTIVE,28.98,39.66,0.0788896151959455,72.56247288513752
2026-04-01 15:15:00,ACTIVE,28.92,37.82,0.07208552860071432,69.91694377430693
2026-04-01 15:20:00,ACTIVE,28.56,55.48,0.05872258733508978,64.72123533795244
2026-04-01 18:00:00,ACTIVE,30.41,36.69,0.11456658133847336,86.43420293959136
2026-04-01 18:05:00,ACTIVE,30.04,51.5,0.10419604091316065,82.40198403611073
2026-04-01 18:10:00,ACTIVE,30.78,37.62,0.08266992892309127,74.03231455650102
2026-04-01 18:15:00,ACTIVE,30.12,51.92,0.09507912988002182,78.85719470966009
2026-04-01 18:20:00,ACTIVE,30.93,37.99,0.09171300249533987,77.54839479033197
2026-04-01 18:25:00,ACTIVE,30.06,53.57,0.09423877795471619,78.53045350044376
2026-04-01 18:30:00,ACTIVE,31.15,39.93,0.10783377711808961,83.8163894662837
2026-04-01 18:35:00,ACTIVE,30.26,53.1,0.08450881607707023,74.74730097375112
2026-04-01 18:40:00,ACTIVE,31.27,39.73,0.100044004593287,80.7876111442151
2026-04-01 18:45:00,ACTIVE,30.34,53.55,0.09842691455140123,80.1588627118184
2026-04-01 18:50:00,ACTIVE,31.58,47.32,0.09371741556744312,78.32774012319341
2026-04-01 18:55:00,ACTIVE,30.73,51.83,0.1054051982575352,82.87212222576275
2026-04-01 19:00:00,ACTIVE,31.82,46.71,0.10561038270001233,82.95190095991984
2026-04-01 19:05:00,ACTIVE,30.82,51.96,0.10366960545067544,82.1972981724778
2026-04-01 19:10:00,ACTIVE,31.84,45.75,0.10261392138749142,81.78683265562934
2026-04-01 19:15:00,ACTIVE,30.91,51.44,0.08928364989136511,76.60382670696987
2026-04-01 19:20:00,ACTIVE,31.92,46.67,0.10217272596404581,81.61528937499139
2026-04-01 19:25:00,ACTIVE,31.02,51.29,0.10085063545284795,81.10124110626738
2026-04-01 19:30:00,ACTIVE,31.96,46.73,0.0945689922716198,78.65884569180619
2026-04-01 19:35:00,ACTIVE,31.07,51.58,0.1057540800099025,83.0077725910553
2026-04-01 19:40:00,ACTIVE,31.97,46.96,0.10847683920438611,84.06642147948017
2026-04-01 19:45:00,ACTIVE,31.11,51.58,0.09191274746632744,77.62605857783579
2026-04-01 19:50:00,ACTIVE,31.99,46.9,0.10093127642369398,81.132595503792
2026-04-01 19:55:00,ACTIVE,31.13,52.28,0.09817941173668143,80.06262997106923
2026-04-01 20:00:00,ACTIVE,31.92,47.26,0.09627256104460691,79.32121832892078
2026-04-01 20:05:00,ACTIVE,31.25,47.98,0.08945689719300387,76.67118781024851
2026-04-01 20:10:00,ACTIVE,31.9,47.11,0.10917808495540915,84.33907615872513
2026-04-01 21:15:00,ACTIVE,32.16,45.17,0.10347800221513742,82.12280001166656
2026-04-01 21:20:00,ACTIVE,32.63,43.47,0.11599811733406268,86.99080522507487
2026-04-01 21:25:00,ACTIVE,32.95,39.87,0.11502499014360723,86.61243903662937
2026-04-01 21:30:00,ACTIVE,32.07,45.42,0.10626878489814329,83.2078974345989
2026-04-01 21:35:00,ACTIVE,32.55,43.67,0.10518286748979938,82.7856767477333
2026-04-01 21:40:00,ACTIVE,32.3,32.7,0.10057568447004273,80.99433611338083
2026-04-01 21:45:00,ACTIVE,32.07,45.4,0.11230214803375493,85.55375790948759
2026-04-01 21:50:00,ACTIVE,32.58,43.72,0.11817183029704059,87.83597684975383
2026-04-01 21:55:00,ACTIVE,32.25,32.52,0.1107499326779906,84.95023371083454
2026-04-01 22:00:00,ACTIVE,32.14,45.1,0.120240404415342,88.64026894264292
2026-04-01 22:05:00,ACTIVE,32.59,43.59,0.1201392165140086,88.60092559583293
2026-04-01 22:10:00,ACTIVE,32.57,33.96,0.1316330399634399,93.06989348808895
2026-04-01 22:15:00,ACTIVE,32.05,45.35,0.12496175669865939,90.47600026868996
2026-04-01 22:20:00,ACTIVE,32.49,43.79,0.1300263210238482,92.44517749305858
2026-04-01 22:25:00,ACTIVE,32.79,42.85,0.12730690011092705,91.38782657768712
2026-04-01 22:30:00,ACTIVE,33.04,42.19,0.1366467519124393,95.01929855940205
2026-04-01 22:35:00,ACTIVE,32.07,45.35,0.102251419683414,81.64588665245314
2026-04-01 22:40:00,ACTIVE,32.5,43.61,0.11187198910226215,85.3865057795183
2026-04-01 22:45:00,ACTIVE,32.81,42.6,0.12160174265431206,89.16957730614998
2026-04-01 22:50:00,ACTIVE,33.0,41.97,0.11183594570023264,85.37249157379239
2026-04-01 22:55:00,ACTIVE,33.16,41.5,0.10163930394222004,81.40788703415592
2026-04-01 23:00:00,ACTIVE,33.26,41.11,0.09371793256527378,78.32794113956675
2026-04-01 23:05:00,ACTIVE,33.35,40.82,0.08407115405746246,74.57713153258193
2026-04-01 23:10:00,ACTIVE,33.4,40.62,0.09650923400287703,79.41324026192923
2026-04-01 23:15:00,ACTIVE,33.45,40.44,0.09315077146435186,78.10742054771079
2026-04-01 23:20:00,ACTIVE,32.48,43.55,0.07964437033019606,72.85593280091933
2026-04-01 23:25:00,ACTIVE,32.63,42.43,0.07454786968434901,70.87433826457038
2026-04-01 23:30:00,ACTIVE,32.85,41.79,0.06515213850642182,67.22113955805091
2026-04-01 23:35:00,ACTIVE,33.0,41.35,0.07262256114654142,70.12574994006691
2026-04-01 23:40:00,ACTIVE,33.12,41.0,0.07837010687029383,72.36048039436092
2026-04-01 23:45:00,ACTIVE,33.22,40.75,0.07836244055336095,72.35749961739182
2026-04-01 23:50:00,ACTIVE,33.3,40.5,0.0684792242087916,68.51475949610646
2026-04-01 23:55:00,ACTIVE,33.36,40.31,0.07337815485360882,70.41953590531436
2026-04-02 00:00:00,ACTIVE,32.88,30.68,0.05830135777207379,64.55745507800069
2026-04-02 00:05:00,ACTIVE,32.47,42.7,0.07116593143905181,69.55939084969829
2026-04-02 00:10:00,ACTIVE,32.7,41.98,0.07505704613577668,71.07231357043221
2026-04-02 00:15:00,ACTIVE,32.85,41.55,0.05632201676685722,63.787858134124164
2026-04-02 00:20:00,ACTIVE,32.95,41.29,0.06577058526269469,67.4616007682838
2026-04-02 00:25:00,ACTIVE,33.01,41.17,0.061901430782766,65.95721650337364
2026-04-02 00:30:00,ACTIVE,33.06,41.02,0.058816883251583185,64.75789897951906
2026-04-02 00:35:00,ACTIVE,33.09,41.01,0.06214367165334811,66.0514033227194
2026-04-02 00:40:00,ACTIVE,33.1,40.96,0.06538324661990919,67.3109977974226
2026-04-02 00:45:00,ACTIVE,33.11,40.98,0.07852022815378029,72.41884976107315
2026-04-02 00:50:00,ACTIVE,33.1,41.01,0.041389241202275606,57.981774994428605
2026-04-02 00:55:00,ACTIVE,33.11,41.02,0.060587399868851755,65.44630192481317
2026-04-02 01:00:00,ACTIVE,33.12,41.05,0.07621935950160869,71.52423813108834
2026-04-02 01:05:00,ACTIVE,33.11,41.06,0.10444144854474863,82.49740213879053
2026-04-02 01:10:00,ACTIVE,33.1,41.08,0.08856931102538185,76.32608123173135
2026-04-02 01:15:00,ACTIVE,33.08,41.13,0.092562188710482,77.87857090158974
2026-04-02 01:20:00,ACTIVE,33.06,41.16,0.08764851726844364,75.96806305325043
2026-04-02 01:25:00,ACTIVE,33.03,41.14,0.08563875374173391,75.18663738481133
2026-04-02 01:30:00,ACTIVE,32.99,41.19,0.09228908162832972,77.77238284444269
2026-04-02 01:35:00,ACTIVE,32.96,41.2,0.09438250603000387,78.58633709361902
2026-04-02 01:40:00,ACTIVE,32.94,41.28,0.09564617281160337,79.07766935553558
2026-04-02 01:45:00,ACTIVE,32.88,41.34,0.09614223918128673,79.27054726846825
2026-04-02 01:50:00,ACTIVE,32.83,41.42,0.09918841071313217,80.45494363839816
2026-04-02 01:55:00,ACTIVE,32.79,41.39,0.09907797689065823,80.41200534123128
2026-04-02 02:00:00,ACTIVE,32.76,41.42,0.10289771596414099,81.89717616809264
2026-04-02 02:05:00,ACTIVE,32.72,41.44,0.09150416424875174,77.46719540330609
2026-04-02 02:10:00,ACTIVE,32.65,41.53,0.09590269031140686,79.17740713865598
2026-04-02 02:15:00,ACTIVE,32.63,41.62,0.09836353149477994,80.13421844560013
2026-04-02 02:20:00,ACTIVE,32.6,41.63,0.10771690685534208,83.77094858631227
2026-04-02 02:25:00,ACTIVE,32.59,41.64,0.10930200453612798,84.38725791737932
2026-04-02 02:30:00,ACTIVE,32.57,41.65,0.10565025254886568,82.96740294454477
2026-04-02 02:35:00,ACTIVE,32.55,41.69,0.1035313450693438,82.14354049926656
2026-04-02 02:40:00,ACTIVE,32.55,41.66,0.11424072744331715,86.30750614444511
2026-04-02 02:45:00,ACTIVE,32.53,41.63,0.09561751449639272,79.06652658036715
2026-04-02 02:50:00,ACTIVE,32.51,41.62,0.10549705928955722,82.90783914837444
2026-04-02 02:55:00,ACTIVE,32.49,41.59,0.09958747196068479,80.6101045306985
2026-04-02 03:00:00,ACTIVE,32.47,41.59,0.09564251334312868,79.07624650027874
2026-04-02 03:05:00,ACTIVE,32.46,41.57,0.09175069356305637,77.56304963275156
2026-04-02 03:10:00,ACTIVE,32.47,41.5,0.076527382596553,71.64400204841627
2026-04-02 03:15:00,ACTIVE,32.46,41.47,0.09238302090915229,77.80890782080628
2026-04-02 03:20:00,ACTIVE,32.44,41.49,0.08998310441432816,76.87578493035548
2026-04-02 03:25:00,ACTIVE,32.42,41.45,0.079187516051341,72.6783011266009
2026-04-02 03:30:00,ACTIVE,32.39,41.38,0.09824060790842809,80.08642394422951
2026-04-02 03:35:00,ACTIVE,32.34,41.33,0.10841680621992528,84.04307977067351
2026-04-02 03:40:00,ACTIVE,32.3,41.26,0.09722346824623496,79.69094505834963
2026-04-02 03:45:00,ACTIVE,32.28,41.16,0.10583256773813898,83.03828977613024
2026-04-02 03:50:00,ACTIVE,32.25,41.01,0.08946311555543679,76.67360560117574
2026-04-02 03:55:00,ACTIVE,32.23,40.88,0.09199237099682772,77.65701737956434
2026-04-02 04:00:00,ACTIVE,32.22,40.72,0.1016066987316217,81.39520964791232
2026-04-02 04:05:00,ACTIVE,32.22,40.51,0.10493634162577858,82.68982385980904
2026-04-02 04:10:00,ACTIVE,32.2,40.37,0.10686139623871393,83.43831345458119
2026-04-02 04:15:00,ACTIVE,32.19,40.21,0.10522619971807773,82.80252495648888
2026-04-02 04:20:00,ACTIVE,32.19,40.02,0.1055146048936339,82.91466113773367
2026-04-02 04:25:00,ACTIVE,32.17,39.92,0.11521065109246964,86.68462674883519
2026-04-02 04:30:00,ACTIVE,32.14,39.8,0.10933561290797889,84.4003253474972
2026-04-02 04:35:00,ACTIVE,32.12,39.71,0.1154617228393664,86.78224714299478
2026-04-02 04:40:00,ACTIVE,32.1,39.67,0.1151150643991724,86.6474612342306
2026-04-02 04:45:00,ACTIVE,32.06,39.65,0.09127010452542739,77.3761895345446
2026-04-02 04:50:00,ACTIVE,32.02,39.67,0.11194986741129692,85.41678601342922
2026-04-02 04:55:00,ACTIVE,31.98,39.72,0.11685409258014623,87.32362101158346
2026-04-02 05:00:00,ACTIVE,31.94,39.78,0.11548077975789495,86.78965675367864
2026-04-02 05:05:00,ACTIVE,31.9,39.84,0.11744457255806307,87.5532083263652
2026-04-02 05:10:00,ACTIVE,31.86,39.92,0.10321075136659974,82.01888894442703
2026-04-02 05:15:00,ACTIVE,31.84,39.97,0.10492295391640893,82.68461852116894
2026-04-02 05:20:00,ACTIVE,31.8,40.04,0.10374111993883867,82.22510405907755
2026-04-02 05:25:00,ACTIVE,31.77,40.1,0.10199920112948152,81.54782036282249
2026-04-02 05:30:00,ACTIVE,31.73,40.15,0.10541398002877317,82.87553670779931
2026-04-02 05:35:00,ACTIVE,31.69,40.25,0.1026895308673923,81.816230735347
2026-04-02 05:40:00,ACTIVE,31.67,40.3,0.09468853977566849,78.7053275226385
2026-04-02 05:45:00,ACTIVE,31.63,40.4,0.07857751777957067,72.44112481161163
2026-04-02 05:50:00,ACTIVE,31.58,40.46,0.07606368416294035,71.46370926589515
2026-04-02 05:55:00,ACTIVE,31.56,40.53,0.0784430241256191,72.38883169749985
2026-04-02 06:00:00,ACTIVE,31.54,40.64,0.0769672508408989,71.81502930226729
2026-04-02 06:05:00,ACTIVE,31.52,40.71,0.07273901978754027,70.17103077543813
2026-04-02 06:10:00,ACTIVE,31.48,40.8,0.06645346983330352,67.72711635007386
2026-04-02 06:15:00,ACTIVE,31.44,40.88,0.058027088528377624,64.4508151553236
2026-04-02 06:20:00,ACTIVE,31.41,40.97,0.06968860735917198,68.98498548246026
2026-04-02 06:25:00,ACTIVE,31.39,41.03,0.07076344813768992,69.4028994124608
2026-04-02 06:30:00,ACTIVE,31.36,41.09,0.06405454085250034,66.79437741962315
2026-04-02 06:35:00,ACTIVE,31.32,41.22,0.057411840106472434,64.21159750461298
2026-04-02 06:40:00,ACTIVE,31.28,41.32,0.0615892407322674,65.83583241233568
2026-04-02 06:45:00,ACTIVE,31.23,41.45,0.0632041693085324,66.46374043505479
2026-04-02 06:50:00,ACTIVE,31.2,41.54,0.059555573629711145,65.04511268144309
2026-04-02 06:55:00,ACTIVE,31.16,41.67,0.05934495320660216,64.96322035792961
2026-04-02 07:00:00,ACTIVE,31.14,41.77,0.06245875942598933,66.17391409081769
2026-04-02 07:05:00,ACTIVE,31.1,41.93,0.061436423040578,65.77641464238877
2026-04-02 07:10:00,ACTIVE,31.07,42.04,0.045295918444492544,59.500748662128245
2026-04-02 07:15:00,ACTIVE,31.05,42.17,0.051938878460135174,62.08362938498434
2026-04-02 07:20:00,ACTIVE,31.02,42.32,0.039692040656585714,57.32187841790838
2026-04-02 07:25:00,ACTIVE,30.99,42.45,0.0689257847686282,68.68838882081619
2026-04-02 07:30:00,ACTIVE,30.95,42.56,0.06963632878643239,68.96465880317429
2026-04-02 07:35:00,ACTIVE,30.93,42.68,0.061636911187043286,65.85436738746732
2026-04-02 07:40:00,ACTIVE,30.91,42.81,0.06878749128386874,68.63461827650451
2026-04-02 07:45:00,ACTIVE,30.91,42.93,0.06945297860496458,68.89336955137536
2026-04-02 07:50:00,ACTIVE,30.92,42.99,0.06106199909599558,65.63083309645738
2026-04-02 07:55:00,ACTIVE,30.94,42.98,0.06285907224222342,66.32956161146038
2026-04-02 08:00:00,ACTIVE,30.98,43.0,0.06696510742711731,67.92604858435469
2026-04-02 08:05:00,ACTIVE,31.05,42.92,0.06147726003799758,65.79229266862497
2026-04-02 09:00:00,ACTIVE,31.71,41.96,0.05592373022899233,63.632998460363986
2026-04-02 09:05:00,ACTIVE,31.86,41.63,0.06800201461807481,68.32921337664736
2026-04-02 09:10:00,ACTIVE,32.04,41.23,0.06567351329569904,67.42385775738317
2026-04-02 09:15:00,ACTIVE,32.21,40.83,0.07151525687025212,69.6952137238577
2026-04-02 09:20:00,ACTIVE,32.37,40.43,0.07692598981596971,71.7989864078883
2026-04-02 09:25:00,ACTIVE,32.52,40.12,0.07365565479310271,70.52743197011449
2026-04-02 09:30:00,ACTIVE,32.68,39.76,0.06804700048804224,68.34670454565426
2026-04-02 09:35:00,ACTIVE,32.84,39.38,0.08780513820108887,76.028959579313
2026-04-02 09:40:00,ACTIVE,32.99,39.0,0.09966584821767166,80.64057837410931
2026-04-02 09:45:00,ACTIVE,32.05,41.61,0.1056148886901655,82.95365295527681
2026-04-02 09:50:00,ACTIVE,32.43,40.36,0.09136069460752028,77.41141229309932
2026-04-02 09:55:00,ACTIVE,32.68,35.46,0.096876587493339,79.55607271113166
2026-04-02 10:00:00,ACTIVE,31.91,41.95,0.09666106625877158,79.47227487992096
2026-04-02 10:05:00,ACTIVE,32.42,40.35,0.10708656836733549,83.52586369558394
2026-04-02 10:10:00,ACTIVE,31.64,42.79,0.11202778507616301,85.44708154946716
2026-04-02 10:15:00,ACTIVE,32.25,40.69,0.11135764027899969,85.18651937928406
2026-04-02 10:20:00,ACTIVE,31.39,43.75,0.11621066459457519,87.07344673135835
2026-04-02 10:25:00,ACTIVE,32.11,40.99,0.11556285844794545,86.82157015761145
2026-04-02 10:30:00,ACTIVE,31.25,44.12,0.10079027485721709,81.07777201741122
2026-04-02 10:35:00,ACTIVE,32.04,41.32,0.10046109354452093,80.94978147330359
2026-04-02 10:40:00,ACTIVE,31.29,44.17,0.09514617725741042,78.88326371777806
2026-04-02 10:45:00,ACTIVE,31.98,37.42,0.10590663222957913,83.06708714157251
2026-04-02 10:50:00,ACTIVE,31.15,45.12,0.11895701692290633,88.14126897781382
2026-04-02 10:55:00,ACTIVE,31.52,34.61,0.12231402151373355,89.44652182048779
2026-04-02 11:00:00,ACTIVE,31.22,45.22,0.12210178435598062,89.36400088672589
2026-04-02 11:05:00,ACTIVE,31.25,34.43,0.11015432522838664,84.71865275951932
2026-04-02 11:10:00,ACTIVE,31.23,45.4,0.1083431866332672,84.01445539076515
2026-04-02 11:15:00,ACTIVE,30.93,34.52,0.11126163952681023,85.14919287248198
2026-04-02 11:20:00,ACTIVE,31.25,45.78,0.12267013532851567,89.58498411819508
2026-04-02 11:25:00,ACTIVE,30.7,34.71,0.1153558179813779,86.74106977394375
2026-04-02 11:30:00,ACTIVE,31.18,46.16,0.11135475678378726,85.18539823386378
2026-04-02 11:35:00,ACTIVE,30.47,35.29,0.10720466576071142,83.57178170202262
2026-04-02 11:40:00,ACTIVE,31.23,46.09,0.09584344066052841,79.15437000148677
2026-04-02 11:45:00,ACTIVE,30.16,36.14,0.09715800710106898,79.66549280068931
2026-04-02 11:50:00,ACTIVE,31.1,46.72,0.08658251490790281,75.5535856303732
2026-04-02 11:55:00,ACTIVE,30.06,35.88,0.10272274124762915,81.82914342046185
2026-04-02 12:00:00,ACTIVE,30.84,47.75,0.09954645162565051,80.59415522009664
2026-04-02 12:05:00,ACTIVE,30.07,36.21,0.0865951190158995,75.55848629325494
2026-04-02 13:25:00,ACTIVE,30.9,42.69,0.004200522547627705,43.522253291057794
2026-04-02 13:30:00,ACTIVE,29.95,35.2,0.01755674116725109,48.715347863604265
2026-04-02 13:35:00,ACTIVE,30.76,42.95,0.004326549745318653,43.57125452224164
2026-04-02 13:40:00,ACTIVE,29.88,35.32,0.010852546770890814,46.108658311377035
2026-04-02 13:45:00,ACTIVE,30.4,44.41,0.013092007903546976,46.97939379307533
2026-04-02 13:50:00,ACTIVE,30.14,35.58,0.026821401468154815,52.317584282108356
2026-04-02 13:55:00,ACTIVE,29.95,46.25,0.007090421978837691,44.64588876594978
2026-04-02 14:00:00,ACTIVE,30.53,36.19,0.0964023214897668,79.37167110172139
2026-04-02 14:05:00,ACTIVE,29.56,48.88,0.06702388606048404,67.94890258297598
2026-04-02 14:10:00,ACTIVE,30.67,37.88,0.07130326119312475,69.61278668132069
2026-04-02 14:15:00,ACTIVE,29.36,36.81,0.09519027158970744,78.90040824380395
2026-04-02 14:20:00,ACTIVE,30.3,46.2,0.0863000565134247,75.44376164522376
2026-04-02 14:25:00,ACTIVE,29.82,36.88,0.09536476622944551,78.96825433051227
2026-04-02 14:30:00,ACTIVE,30.22,47.16,0.09137526187758832,77.41707626231708
2026-04-02 14:35:00,ACTIVE,30.22,36.68,0.08588524100478812,75.28247526411108
2026-04-02 14:40:00,ACTIVE,29.54,51.12,0.07670550753050165,71.71325964699771
2026-04-02 14:45:00,ACTIVE,30.62,38.45,0.07849194062932369,72.40785115481265
2026-04-02 14:50:00,ACTIVE,29.36,37.3,0.07918903978605768,72.67889357710747
2026-04-02 14:55:00,ACTIVE,30.22,47.06,0.07668461935790821,71.7051380177541
2026-04-02 16:20:00,ACTIVE,30.26,33.52,0.05468672159514576,63.15203127904041
2026-04-02 16:25:00,ACTIVE,29.27,39.33,0.06060633365772755,65.45366366087401
2026-04-02 16:30:00,ACTIVE,30.72,33.75,0.05743471833249153,64.22049289594737
2026-04-02 16:35:00,ACTIVE,29.41,36.49,0.05636716710637596,63.80541325131571
2026-04-02 16:40:00,ACTIVE,30.87,34.18,0.06404975210990788,66.79251548595205
2026-04-02 16:45:00,ACTIVE,29.66,37.99,0.07117273234339677,69.56203514150333
2026-04-02 16:50:00,ACTIVE,30.99,33.81,0.06477690978523787,67.07524510312031
2026-04-02 16:55:00,ACTIVE,29.85,39.05,0.084190793046161,74.62364893399392
2026-04-02 17:00:00,ACTIVE,31.0,33.69,0.08663254395076808,75.57303765930239
2026-04-02 17:05:00,ACTIVE,30.15,39.11,0.08328285321397844,74.27062855083109
2026-04-02 17:10:00,ACTIVE,30.98,33.3,0.07632815518758201,71.56653949664958
2026-04-02 17:15:00,ACTIVE,30.29,39.58,0.08762761769115751,75.95993698969427
2026-04-02 17:20:00,ACTIVE,30.85,33.16,0.09800328468645159,79.9941491791119
2026-04-02 18:10:00,ACTIVE,32.43,36.39,0.08581665568647096,75.25580828190208
2026-04-02 18:15:00,ACTIVE,32.78,36.15,0.07225777909742792,69.98391730514504
2026-04-02 18:20:00,ACTIVE,33.01,36.18,0.09609728557911329,79.25306864565503
2026-04-02 18:25:00,ACTIVE,33.14,36.4,0.1122806164927917,85.54538612914322
2026-04-02 21:15:00,ACTIVE,31.19,44.42,0.032637699563455524,54.579046671368815
2026-04-02 21:20:00,ACTIVE,31.28,44.28,0.03436625164458623,55.25113318676136
2026-04-02 21:25:00,ACTIVE,31.39,44.11,0.0401095831167424,57.484225077947436
2026-04-02 21:30:00,ACTIVE,31.48,43.93,0.045119271965894214,59.43206590876865
2026-04-02 21:35:00,ACTIVE,31.59,43.72,0.02892325768744619,53.13481694619775
2026-04-02 21:40:00,ACTIVE,31.67,43.5,0.04924077332345711,61.03456635745525
2026-04-02 21:45:00,ACTIVE,31.74,43.31,0.07033206259008679,69.23517035607642
2026-04-02 21:50:00,ACTIVE,31.83,43.08,0.07520682763073022,71.13055082235682
2026-04-02 21:55:00,ACTIVE,31.88,42.9,0.08830237467212593,76.22229244489075
2026-04-02 22:00:00,ACTIVE,31.93,42.77,0.09352825505567097,78.25419172937028
2026-04-02 22:05:00,ACTIVE,31.98,42.66,0.09446308471853149,78.61766727486065
2026-04-02 22:10:00,ACTIVE,32.03,42.52,0.09620059748390969,79.29323783630376
2026-04-02 22:15:00,ACTIVE,32.08,42.4,0.08726333440620848,75.81829828162769
2026-04-02 22:20:00,ACTIVE,32.12,42.35,0.0955277222781944,79.03161404304933
2026-04-02 22:25:00,ACTIVE,32.18,42.19,0.10047741341506472,80.95612687940687
2026-04-02 22:30:00,ACTIVE,32.23,42.04,0.08189971677172353,73.73284472474036
2026-04-02 22:35:00,ACTIVE,32.28,41.89,0.08989070147982464,76.83985730807527
2026-04-02 22:40:00,ACTIVE,32.34,41.7,0.09650603078628439,79.41199480412597
2026-04-02 22:45:00,ACTIVE,32.38,41.52,0.08496746094298802,74.92562885469974
2026-04-02 22:50:00,ACTIVE,32.44,41.37,0.06927343807042963,68.82356154643034
2026-04-02 22:55:00,ACTIVE,32.47,41.22,0.0842425101560248,74.64375730824192
2026-04-02 23:00:00,ACTIVE,32.54,41.03,0.07760008247529177,72.0610835650414
2026-04-02 23:05:00,ACTIVE,32.6,40.86,0.08391422363334311,74.5161146716746
2026-04-02 23:10:00,ACTIVE,32.65,40.66,0.08615966349578325,75.38917477159576
2026-04-02 23:15:00,ACTIVE,32.66,40.59,0.09619338348942297,79.29043292896566
2026-04-02 23:20:00,ACTIVE,32.67,40.48,0.09615239510845003,79.27449604257363
2026-04-02 23:25:00,ACTIVE,32.68,40.48,0.10164810146554487,81.41130764083594
2026-04-02 23:30:00,ACTIVE,32.69,40.45,0.09899308689485614,80.37899886020412
2026-04-02 23:35:00,ACTIVE,32.71,40.45,0.09551567587013032,79.02693022211783
2026-04-02 23:40:00,ACTIVE,32.7,40.5,0.1030369960839223,81.95133033063662
2026-04-02 23:45:00,ACTIVE,32.67,40.61,0.11026555321037007,84.7618998376036
2026-04-02 23:50:00,ACTIVE,32.63,40.73,0.1261910874545381,90.95398217794371
2026-04-03 00:25:00,ACTIVE,32.54,40.7,0.11076988138266625,84.95799006111083
2026-04-03 00:30:00,ACTIVE,32.55,40.6,0.11136057304994462,85.18765968383511
2026-04-03 00:35:00,ACTIVE,32.56,40.51,0.1127014980276736,85.70903107062907
2026-04-03 00:40:00,ACTIVE,32.57,40.46,0.10257483224594038,81.77163422150548
2026-04-03 00:45:00,ACTIVE,32.56,40.41,0.1042627018256429,82.42790278097944
2026-04-03 00:50:00,ACTIVE,32.55,40.38,0.11818587616723264,87.84143809101816
2026-04-03 00:55:00,ACTIVE,32.55,40.36,0.11764115858378543,87.62964386941009
2026-04-03 01:00:00,ACTIVE,32.54,40.35,0.10909309433494202,84.30603055334572
2026-04-03 01:05:00,ACTIVE,32.55,40.32,0.11702168299785337,87.38878263504827
2026-04-03 01:10:00,ACTIVE,32.57,40.24,0.11908491711113584,88.19099845531328
2026-04-03 01:15:00,ACTIVE,32.58,40.18,0.1165135045237704,87.19119535748096
2026-04-03 01:20:00,ACTIVE,32.57,40.19,0.12114066081874547,88.99030189549875
2026-04-03 01:25:00,ACTIVE,32.55,40.19,0.12456798794263352,90.32289717506794
2026-04-03 01:30:00,ACTIVE,32.55,40.12,0.12205324341309876,89.345127452994
2026-04-03 01:35:00,ACTIVE,32.55,40.09,0.11560818768890219,86.8391948343178
2026-04-03 01:40:00,ACTIVE,32.54,40.06,0.11480110755229667,86.52539018673153
2026-04-03 01:45:00,ACTIVE,32.53,40.04,0.11256669362615862,85.65661713328647
2026-04-03 01:50:00,ACTIVE,32.55,40.0,0.10478542330827173,82.63114459452724
2026-04-03 01:55:00,ACTIVE,32.55,40.01,0.10855242821056038,84.09581159871131
2026-04-03 02:00:00,ACTIVE,32.54,40.0,0.08947327446391479,76.67755553446018
2026-04-03 02:05:00,ACTIVE,32.51,40.05,0.08355846321990423,74.37778978161612
2026-04-03 02:10:00,ACTIVE,32.49,40.1,0.09102599738481648,77.28127708191643
2026-04-03 02:15:00,ACTIVE,32.48,40.15,0.08425448859825801,74.64841470305707
2026-04-03 02:20:00,ACTIVE,32.48,40.18,0.07745375348076777,72.00418869614849
2026-04-03 02:25:00,ACTIVE,32.48,40.19,0.09593750557080966,79.19094382443475
2026-04-03 02:30:00,ACTIVE,32.51,40.16,0.09528650450515463,78.93782501910104
2026-04-03 02:35:00,ACTIVE,32.5,40.15,0.10606653420098805,83.12925938384497
2026-04-03 02:40:00,ACTIVE,32.53,40.15,0.1071650090124745,83.5563625740569
2026-04-03 02:45:00,ACTIVE,32.5,40.19,0.11370492224811934,86.099177190692
2026-04-03 02:50:00,ACTIVE,32.48,40.24,0.10604837477668178,83.12219873213724
2026-04-03 02:55:00,ACTIVE,32.45,40.29,0.09006136400004516,76.90621341025768
2026-04-03 03:00:00,ACTIVE,32.45,40.33,0.0916073333708094,77.50730907792241
2026-04-03 03:05:00,ACTIVE,32.43,40.39,0.05895841241032507,64.81292760154534
2026-04-03 03:10:00,ACTIVE,32.39,40.48,0.070005513080173,69.10820309566415
2026-04-03 03:15:00,ACTIVE,32.39,40.57,0.07469986588739874,70.93343662763144
2026-04-03 03:20:00,ACTIVE,32.4,40.65,0.08364849603603774,74.4127958669558
2026-04-03 03:25:00,ACTIVE,32.37,40.71,0.07839252219340276,72.36919580222404
2026-04-03 03:30:00,ACTIVE,32.35,40.8,0.07456740699188724,70.88193465757864
2026-04-03 03:35:00,ACTIVE,32.33,40.91,0.08173126709504536,73.6673490087284
2026-04-03 03:40:00,ACTIVE,32.32,40.97,0.08193632993499755,73.74708046203227
2026-04-03 03:45:00,ACTIVE,32.31,41.05,0.08623611909293788,75.41890183416729
2026-04-03 03:50:00,ACTIVE,32.29,41.12,0.08168446775245913,73.64915273484995
2026-04-03 03:55:00,ACTIVE,32.25,41.27,0.08863668575267813,76.35227751831619
2026-04-03 04:00:00,ACTIVE,32.22,41.4,0.09169096349170919,77.53982570102622
2026-04-03 04:05:00,ACTIVE,32.19,41.47,0.08050986177299801,73.19244862491136
2026-04-03 04:10:00,ACTIVE,32.2,41.54,0.1074146504741112,83.65342685223543
2026-04-03 04:15:00,ACTIVE,32.16,41.59,0.10175567998749985,81.45313575509473
2026-04-03 04:20:00,ACTIVE,32.12,41.71,0.11177471837026726,85.34868548585763
2026-04-03 04:25:00,ACTIVE,32.13,41.71,0.110495898245831,84.8514613809964
2026-04-03 04:30:00,ACTIVE,32.07,41.82,0.10127971310398526,81.2680728185043
2026-04-03 04:35:00,ACTIVE,32.04,41.89,0.10556769116119452,82.9353018606656
2026-04-03 04:40:00,ACTIVE,32.01,42.0,0.10455787604879307,82.54267086765516
2026-04-03 04:45:00,ACTIVE,31.99,42.08,0.10568294733632466,82.98011515959149
2026-04-03 04:50:00,ACTIVE,31.97,42.17,0.09548964688725664,79.0168097700992
2026-04-03 04:55:00,ACTIVE,31.94,42.26,0.1037258221531484,82.21915605462341
2026-04-03 05:00:00,ACTIVE,31.91,42.32,0.09388798772036439,78.3940610892385
2026-04-03 05:05:00,ACTIVE,31.88,42.43,0.08638416047268027,75.4764625036612
2026-04-03 05:10:00,ACTIVE,31.84,42.5,0.0877253925999531,75.99795331472295
2026-04-03 05:15:00,ACTIVE,31.79,42.55,0.08246167642174712,73.95134291585562
2026-04-03 05:20:00,ACTIVE,31.75,42.59,0.08307454445709228,74.18963503720217
2026-04-03 05:25:00,ACTIVE,31.69,42.68,0.07282584379543083,70.20478922885853
2026-04-03 05:30:00,ACTIVE,31.64,42.74,0.0742693652362808,70.76605163203742
2026-04-03 05:35:00,ACTIVE,31.6,42.85,0.08047361813388909,73.17835656405894
2026-04-03 05:40:00,ACTIVE,31.54,42.91,0.07975072529561938,72.89728517837231
2026-04-03 05:45:00,ACTIVE,31.49,43.02,0.08924237488549858,76.58777837659645
2026-04-03 05:50:00,ACTIVE,31.46,43.1,0.08248081002637048,73.95878234322295
2026-04-03 05:55:00,ACTIVE,31.41,43.13,0.07336482914377296,70.41435467300641
2026-04-03 06:00:00,ACTIVE,31.37,43.21,0.07701765471398081,71.83462707070697
2026-04-03 06:05:00,ACTIVE,31.33,43.32,0.08381255014695932,74.47658252224304
2026-04-03 06:10:00,ACTIVE,31.29,43.43,0.0751085868182349,71.09235334710567
2026-04-03 06:15:00,ACTIVE,31.29,43.48,0.07983269025715406,72.92915436298266
2026-04-03 06:20:00,ACTIVE,31.26,43.52,0.03463638593789553,55.35616537980903
2026-04-03 06:25:00,ACTIVE,31.23,43.59,0.07205923025069882,69.90671858837506
2026-04-03 06:30:00,ACTIVE,31.23,43.57,0.07460899919440722,70.89810631868409
2026-04-03 06:35:00,ACTIVE,31.21,43.61,0.08259620799360423,74.0036507730077
2026-04-03 06:40:00,ACTIVE,31.18,43.68,0.07479140253231376,70.96902742375683
2026-04-03 06:45:00,ACTIVE,31.15,43.71,0.07095682629850891,69.47808769037074
2026-04-03 06:50:00,ACTIVE,31.09,43.88,0.0608747269316805,65.55801891994602
2026-04-03 06:55:00,ACTIVE,31.04,43.96,0.06497046448068089,67.1505020202929
2026-04-03 07:00:00,ACTIVE,30.97,44.1,0.05658440697991396,63.88987931467839
2026-04-03 07:05:00,ACTIVE,30.93,44.18,0.0508103220151751,61.64483001249401
2026-04-03 07:10:00,ACTIVE,30.87,44.34,0.05675325565162198,63.95553016583624
2026-04-03 07:15:00,ACTIVE,30.83,44.47,0.05472661635802861,63.16754295060706
2026-04-03 07:20:00,ACTIVE,30.79,44.6,0.055438611106091495,63.44437699826292
2026-04-03 07:25:00,ACTIVE,30.78,44.69,0.0766452209756548,71.68981934628918
2026-04-03 07:30:00,ACTIVE,30.75,44.82,0.07058401473744752,69.3331330629071
2026-04-03 07:35:00,ACTIVE,30.77,44.87,0.06694854666100392,67.91960951450491
2026-04-03 07:40:00,ACTIVE,30.77,44.95,0.044613533414997075,59.23542730928266
2026-04-03 07:45:00,ACTIVE,30.79,45.04,0.04232704174044627,58.34640566000859
2026-04-03 07:50:00,ACTIVE,30.82,45.03,0.05886205522721705,64.77546250915093
2026-04-03 07:55:00,ACTIVE,30.87,45.02,0.07111378651925981,69.53911613664741
2026-04-03 08:00:00,ACTIVE,30.9,45.05,0.05445186784286987,63.06071668012435
2026-04-03 08:05:00,ACTIVE,30.95,45.06,0.052740499616393766,62.39531150058618
2026-04-03 08:55:00,ACTIVE,31.15,45.79,0.040398741982840825,57.596654305178966
2026-04-03 09:00:00,ACTIVE,31.28,45.61,0.018775689639404347,49.189292987986434
2026-04-03 09:05:00,ACTIVE,31.43,45.42,0.026873737196427883,52.33793318430781
2026-04-03 09:10:00,ACTIVE,31.56,45.26,0.053229968031123454,62.585624031427145
2026-04-03 09:15:00,ACTIVE,31.69,45.01,0.048650616889140186,60.80510484119181
2026-04-03 09:20:00,ACTIVE,31.82,44.75,0.04965179823929944,61.19437890024383
2026-04-03 09:25:00,ACTIVE,31.96,44.48,0.046701152046035144,60.04712418930096
2026-04-03 09:30:00,ACTIVE,32.11,44.19,0.054810807960234575,63.20027788591482
2026-04-03 09:35:00,ACTIVE,32.24,43.92,0.0589717002063021,64.81809409238639
2026-04-03 09:40:00,ACTIVE,32.37,43.69,0.055228324579730204,63.36261449872417
2026-04-03 09:45:00,ACTIVE,32.52,43.39,0.06464425454550576,67.02366679154187
2026-04-03 09:50:00,ACTIVE,32.64,43.14,0.06457049442190649,66.99498776880029
2026-04-03 09:55:00,ACTIVE,32.73,42.89,0.06575461239814451,67.45539028322317
2026-04-03 10:00:00,ACTIVE,32.81,42.61,0.08908307795687082,76.52584138387122
2026-04-03 10:05:00,ACTIVE,32.9,42.31,0.10194613338199615,81.52718684076868
2026-04-03 10:10:00,ACTIVE,32.97,41.96,0.08667364721791049,75.5890192151297
2026-04-03 10:15:00,ACTIVE,33.06,41.59,0.07176929391247483,69.79398706852685
2026-04-03 10:20:00,ACTIVE,33.15,41.3,0.07257560596985468,70.1074930755943
2026-04-03 10:25:00,ACTIVE,32.88,31.61,0.08701578364654822,75.72204689917932
2026-04-03 10:30:00,ACTIVE,32.28,43.72,0.09728774931435513,79.7159384846688
2026-04-03 10:35:00,ACTIVE,32.61,42.61,0.09270571496542107,77.9343760240401
2026-04-03 10:40:00,ACTIVE,32.89,41.79,0.08352776671318257,74.36585452756013
2026-04-03 10:45:00,ACTIVE,32.8,32.86,0.08970956325202123,76.76942809644912
2026-04-03 10:50:00,ACTIVE,32.17,43.82,0.09212523736622119,77.70867778146562
2026-04-03 11:35:00,ACTIVE,31.55,44.19,0.060997504387768686,65.60575660371721
2026-04-03 11:40:00,ACTIVE,32.32,41.29,0.06878202432626057,68.63249264284337
2026-04-03 11:45:00,ACTIVE,31.45,43.92,0.07273758597451424,70.17047328780967
2026-04-03 11:50:00,ACTIVE,32.31,40.69,0.061459523053078946,65.78539626757482
2026-04-03 11:55:00,ACTIVE,31.46,43.53,0.08870910609224814,76.38043561328854
2026-04-03 12:00:00,ACTIVE,31.72,33.87,0.0847153102551656,74.82758895241254
2026-04-03 12:05:00,ACTIVE,31.45,43.15,0.08811694688821975,76.15019539065507
2026-04-03 13:20:00,ACTIVE,30.85,33.13,0.08481639629088455,74.86689269237087
2026-04-03 13:25:00,ACTIVE,29.35,32.11,0.10574414774966973,83.00391078194774
2026-04-03 13:30:00,ACTIVE,30.33,33.37,0.08049580528325834,73.18698325461045
2026-04-03 13:35:00,ACTIVE,29.5,31.55,0.11295735213709662,85.808510917796
2026-04-03 13:40:00,ACTIVE,29.45,33.83,0.09683676756757842,79.5405901373407
2026-04-03 13:45:00,ACTIVE,29.89,30.6,0.11140827602144104,85.20620730194675
2026-04-03 13:50:00,ACTIVE,29.31,32.92,0.07230310509867943,70.00154072220626
2026-04-03 13:55:00,ACTIVE,30.29,29.52,0.07485551045338346,70.99395352795185
2026-04-03 14:00:00,ACTIVE,28.91,32.66,0.08922254645890604,76.5800687922109
2026-04-03 14:05:00,ACTIVE,30.4,29.15,0.10176577448007829,81.45706064252842
2026-04-03 14:10:00,ACTIVE,28.93,30.81,0.09755023934786233,79.81799847688478
2026-04-03 14:15:00,ACTIVE,29.91,30.33,0.09625131778106683,79.31295863508565
2026-04-03 14:20:00,ACTIVE,29.36,29.6,0.11450208971756798,86.40912764724727
2026-04-03 14:25:00,ACTIVE,29.21,30.76,0.11313777754555698,85.87866297475982
2026-04-03 14:30:00,ACTIVE,29.81,28.33,0.10844585147540092,84.05437299391764
2026-04-03 14:35:00,ACTIVE,28.53,30.78,0.09704576009725735,79.62184951190528
2026-04-03 14:40:00,ACTIVE,30.32,27.63,0.1129780901963105,85.81657418074607
2026-04-03 14:45:00,ACTIVE,28.95,28.88,0.10592923933855547,83.0758771186064
2026-04-03 14:50:00,ACTIVE,29.25,29.37,0.12760586272970242,91.50406764839522
2026-04-03 14:55:00,ACTIVE,29.46,27.85,0.12537490285224018,90.63663757996282
2026-04-03 15:00:00,ACTIVE,28.27,29.71,0.12354901495106346,89.92670546371639
2026-04-03 15:05:00,ACTIVE,29.72,28.53,0.11374257281835365,86.11381628709387
2026-04-03 15:10:00,ACTIVE,28.91,28.53,0.11968455615977253,88.4241469517288
2026-04-03 15:15:00,ACTIVE,27.93,29.96,0.11876434012665654,88.0663534007814
2026-04-03 15:20:00,ACTIVE,29.71,28.09,0.11999576445413185,88.54514932151588
2026-04-03 15:25:00,ACTIVE,28.84,28.3,0.11821253544478921,87.85180361089544
2026-04-03 16:05:00,ACTIVE,29.08,28.81,0.11376338188572355,86.12190715906115
2026-04-03 16:10:00,ACTIVE,29.8,26.65,0.12374389163946331,90.00247639122713
2026-04-03 16:15:00,ACTIVE,28.45,28.5,0.11239444434440204,85.58964407484156
2026-04-03 16:20:00,ACTIVE,30.15,26.73,0.09093508326249672,77.24592833174752
2026-04-03 16:25:00,ACTIVE,29.07,27.15,0.08613955965149206,75.38135810075133
2026-04-03 16:30:00,ACTIVE,29.33,27.72,0.11456876567502094,86.43505224182223
2026-04-03 16:35:00,ACTIVE,29.54,26.27,0.11542567325637221,86.76823053401873
2026-04-03 16:40:00,ACTIVE,28.39,28.59,0.11657771288018731,87.21616051241867
2026-04-03 16:45:00,ACTIVE,30.25,25.96,0.11330851153130844,85.94504686379352
2026-04-03 16:50:00,ACTIVE,28.98,27.47,0.09615372685431306,79.2750138449854
2026-04-03 16:55:00,ACTIVE,29.63,27.73,0.10139697081089138,81.31366434247266
2026-04-03 17:00:00,ACTIVE,29.47,27.39,0.0950818070656212,78.85823563886332
2026-04-03 17:05:00,ACTIVE,29.45,28.87,0.09650300756681512,79.4108193318561
2026-04-03 17:10:00,ACTIVE,29.92,27.93,0.10738549870341868,83.64209221430572
2026-04-03 17:15:00,ACTIVE,29.21,30.55,0.0989897350586153,80.37769561689207
2026-04-03 17:20:00,ACTIVE,30.37,28.23,0.11648185436560105,87.17888930969225
2026-04-03 18:10:00,ACTIVE,31.07,29.5,0.08684985309112037,75.65753065462295
2026-04-03 18:55:00,ACTIVE,31.42,32.12,0.08931003721252262,76.61408648619253
2026-04-03 19:00:00,ACTIVE,30.66,34.07,0.10685464355614416,83.43568791211278
2026-04-03 19:05:00,ACTIVE,31.77,32.24,0.09926988644053669,80.48662260157093
2026-04-03 19:10:00,ACTIVE,31.02,34.18,0.11349152378526661,86.01620472439812
2026-04-03 19:15:00,ACTIVE,32.06,31.86,0.11990328487222801,88.50919189759722
2026-04-03 19:20:00,ACTIVE,31.27,34.21,0.11895161253938302,88.13916767387877
2026-04-03 19:25:00,ACTIVE,32.24,32.26,0.1197730662498831,88.45856097875688
2026-04-03 19:30:00,ACTIVE,31.48,34.13,0.13347751685525866,93.78705327776314
2026-04-03 19:35:00,ACTIVE,32.27,31.51,0.09791300484923432,79.95904704833555
2026-04-03 19:40:00,ACTIVE,31.64,34.06,0.10976119484706753,84.56579787538828
2026-04-03 19:45:00,ACTIVE,32.0,30.02,0.12651439164559564,91.07968761057235
2026-04-03 19:50:00,ACTIVE,31.81,33.86,0.1200078544808475,88.54985010202174
2026-04-03 19:55:00,ACTIVE,32.4,30.97,0.12432047438218191,90.22666025621994
2026-04-03 20:00:00,ACTIVE,31.91,33.92,0.11780663235333583,87.69398250888763
2026-04-03 20:05:00,ACTIVE,32.31,30.26,0.1260365302112797,90.89388804471848
2026-04-03 20:10:00,ACTIVE,31.9,34.15,0.12255103075526058,89.53867450538088
2026-04-03 21:20:00,ACTIVE,32.47,34.51,0.11558155360048128,86.82883910834757
2026-04-03 21:25:00,ACTIVE,32.84,33.9,0.12180281760270151,89.24775820846182
2026-04-03 21:30:00,ACTIVE,33.1,33.54,0.1272393182054944,91.36154973719057
2026-04-03 21:35:00,ACTIVE,32.89,28.87,0.12151343811429888,89.13524320002806
2026-04-03 21:40:00,ACTIVE,32.47,35.33,0.13292399249744358,93.57183485253321
2026-04-03 21:45:00,ACTIVE,32.8,34.73,0.12695456665950866,91.25083414095063
2026-04-03 21:50:00,ACTIVE,33.04,34.39,0.12281145313546149,89.63993056352926
2026-04-03 21:55:00,ACTIVE,33.22,34.25,0.1293868157631365,92.19652842605113
2026-04-03 22:00:00,ACTIVE,32.62,30.25,0.1230896671214477,89.74810426012544
2026-04-03 22:05:00,ACTIVE,32.53,36.18,0.11732057476364272,87.50499615707157
2026-04-03 22:10:00,ACTIVE,32.81,35.65,0.10548991332995472,82.90506069400168
2026-04-03 22:15:00,ACTIVE,33.02,35.37,0.12308609810399501,89.74671657355856
2026-04-03 22:20:00,ACTIVE,33.16,35.25,0.12108280497950158,88.96780669282766
2026-04-03 22:25:00,ACTIVE,33.26,35.25,0.1137952513032709,86.1342984581263
2026-04-03 22:30:00,ACTIVE,33.35,35.21,0.10525156201261343,82.81238619025959
2026-04-03 22:35:00,ACTIVE,32.52,37.7,0.1059509859079319,83.08433250516575
2026-04-03 22:40:00,ACTIVE,32.56,37.38,0.12135759684228936,89.07464981750718
2026-04-03 22:45:00,ACTIVE,32.8,36.92,0.12396789464597585,90.08957206032956
2026-04-03 22:50:00,ACTIVE,32.95,36.63,0.11234215224700905,85.56931213697109
2026-04-03 22:55:00,ACTIVE,33.09,36.43,0.11754338251537577,87.59162709350639
2026-04-03 23:00:00,ACTIVE,33.19,36.21,0.1214053062166745,89.09319992515628
2026-04-03 23:05:00,ACTIVE,33.27,36.05,0.12560791755930129,90.72723713100525
2026-04-03 23:10:00,ACTIVE,33.33,35.96,0.13491139562891657,94.34456646987516
2026-04-03 23:15:00,ACTIVE,33.37,35.9,0.1289504674068631,92.02686975654017
2026-04-03 23:20:00,ACTIVE,32.4,38.66,0.14431571932584036,98.00110607437156
2026-04-03 23:25:00,ACTIVE,32.55,38.0,0.13850210268566415,95.7406862743686
2026-04-03 23:30:00,ACTIVE,32.8,37.42,0.13829276928340667,95.6592943635235
2026-04-03 23:35:00,ACTIVE,32.8,31.85,0.13825763587268936,95.64563397582641
2026-04-03 23:40:00,ACTIVE,32.17,39.18,0.1425030415203778,97.29631023795925
2026-04-03 23:45:00,ACTIVE,32.52,38.29,0.13914376256985084,95.99017309072656
2026-04-03 23:50:00,ACTIVE,32.74,37.71,0.1455502106233978,98.48109447825874
2026-04-03 23:55:00,ACTIVE,32.89,37.4,0.14332679239825652,97.61659671535767
2026-04-04 00:00:00,ACTIVE,32.98,37.19,0.1304258173432778,92.60050754771447
2026-04-04 00:05:00,ACTIVE,33.04,37.09,0.13411865285460012,94.03633639997501
2026-04-04 00:10:00,ACTIVE,33.09,37.04,0.13735004964409392,95.29275107894779
2026-04-04 00:15:00,ACTIVE,33.09,37.06,0.13596655250824335,94.75482700987308
2026-04-04 00:20:00,ACTIVE,33.1,37.1,0.12719059966015772,91.34260724900768
2026-04-04 00:25:00,ACTIVE,33.11,37.13,0.12720669691453013,91.34886609866379
2026-04-04 00:30:00,ACTIVE,33.1,37.22,0.12304792270566056,89.73187341625922
2026-04-04 01:30:00,ACTIVE,32.35,39.25,0.08965238438436945,76.74719611030667
2026-04-04 01:35:00,ACTIVE,32.36,39.29,0.08973044565563315,76.77754748262774
2026-04-04 01:40:00,ACTIVE,32.39,39.3,0.09644223182742895,79.38718882899168
2026-04-04 01:45:00,ACTIVE,32.42,39.28,0.10786737207908759,83.82945168206437
2026-04-04 01:50:00,ACTIVE,32.45,39.26,0.10657340230207796,83.32633716908724
2026-04-04 01:55:00,ACTIVE,32.46,39.28,0.10591319195431903,83.06963765919389
2026-04-04 02:00:00,ACTIVE,32.48,39.23,0.1102606746969394,84.76000299970804
2026-04-04 02:05:00,ACTIVE,32.5,39.25,0.10426473738096531,82.42869423487802
2026-04-04 02:10:00,ACTIVE,32.51,39.24,0.11635167756906412,87.12827465334227
2026-04-04 02:15:00,ACTIVE,32.52,39.25,0.11269712916982716,85.70733239433326
2026-04-04 02:20:00,ACTIVE,32.52,39.28,0.11343430993953657,85.99395913826355
2026-04-04 02:25:00,ACTIVE,32.54,39.25,0.10586161599780997,83.04958416744978
2026-04-04 02:30:00,ACTIVE,32.55,39.24,0.10837839777948316,84.02814600316937
2026-04-04 02:35:00,ACTIVE,32.56,39.2,0.09658324581800487,79.4420171460452
2026-04-04 02:40:00,ACTIVE,32.57,39.18,0.10370463459586415,82.21091802020125
2026-04-04 02:45:00,ACTIVE,32.57,39.15,0.09842796300683049,80.15927036673588
2026-04-04 02:50:00,ACTIVE,32.61,39.1,0.09964204443260755,80.63132311178222
2026-04-04 02:55:00,ACTIVE,32.65,39.0,0.09967834597739889,80.64543768721707
2026-04-04 03:00:00,ACTIVE,32.66,38.97,0.07943072413841717,72.77286401396925
2026-04-04 03:05:00,ACTIVE,32.66,38.94,0.09971078796600846,80.65805161034673
2026-04-04 03:10:00,ACTIVE,32.64,38.93,0.10429421856534127,82.440156953701
2026-04-04 03:15:00,ACTIVE,32.61,39.03,0.10384676573898372,82.26618070262242
2026-04-04 03:20:00,ACTIVE,32.57,39.12,0.10047976578141515,80.95704151410062
2026-04-04 03:25:00,ACTIVE,32.52,39.25,0.10334558754462259,82.07131523694403
2026-04-04 03:30:00,ACTIVE,32.48,39.35,0.10489887665320241,82.67525692651103
2026-04-04 03:35:00,ACTIVE,32.45,39.41,0.08608927601812671,75.36180708328492
2026-04-04 03:40:00,ACTIVE,32.45,39.42,0.08618793685989784,75.40016787210666
2026-04-04 04:25:00,ACTIVE,32.0,39.72,0.09660888442798671,79.45198581533225
2026-04-04 04:30:00,ACTIVE,31.97,39.74,0.09590638665205381,79.17884433035661
2026-04-04 04:35:00,ACTIVE,31.92,39.74,0.0938892041296307,78.39453404708226
2026-04-04 04:40:00,ACTIVE,31.87,39.79,0.09338181481123936,78.19725360487425
2026-04-04 04:45:00,ACTIVE,31.84,39.78,0.0934997733264668,78.24311761344276
2026-04-04 04:50:00,ACTIVE,31.81,39.78,0.09104908480375729,77.29025381054076
2026-04-04 04:55:00,ACTIVE,31.77,39.78,0.09195599632748885,77.64287437222809
2026-04-04 05:00:00,ACTIVE,31.72,39.8,0.09083488315270577,77.20696905284208
2026-04-04 05:05:00,ACTIVE,31.64,39.83,0.06794655194153532,68.30764867089351
2026-04-04 05:10:00,ACTIVE,31.56,39.89,0.06770817167060339,68.21496290956884
2026-04-04 05:15:00,ACTIVE,31.51,39.92,0.08446013672801106,74.7283737256584
2026-04-04 05:20:00,ACTIVE,31.46,39.95,0.09051962150826859,77.0843906808279
2026-04-04 05:25:00,ACTIVE,31.43,39.98,0.09280333668895757,77.97233278838321
2026-04-04 05:30:00,ACTIVE,31.39,39.96,0.09062235123540424,77.12433351222508
2026-04-04 05:35:00,ACTIVE,31.35,39.97,0.08909258098282291,76.52953630036667
2026-04-04 05:40:00,ACTIVE,31.33,39.97,0.08341143236075127,74.32062201741509
2026-04-04 05:45:00,ACTIVE,31.28,39.98,0.07447968171866609,70.84782577891964
2026-04-04 05:50:00,ACTIVE,31.25,39.99,0.08589822072481168,75.28752197048264
2026-04-04 05:55:00,ACTIVE,31.18,40.18,0.08095709961193076,73.36634128571184
2026-04-04 06:00:00,ACTIVE,31.14,40.28,0.08607333330203543,75.35560832038928
2026-04-04 06:05:00,ACTIVE,31.11,40.42,0.06045792974963815,65.39596203501777
2026-04-04 06:10:00,ACTIVE,31.06,40.58,0.07002941681783353,69.1174972210333
2026-04-04 06:15:00,ACTIVE,31.04,40.72,0.08352966316680072,74.36659189666676
2026-04-04 06:20:00,ACTIVE,31.01,40.82,0.06733008334449553,68.0679565981141
2026-04-04 06:25:00,ACTIVE,31.0,40.94,0.07173297546941282,69.77986592279541
2026-04-04 06:30:00,ACTIVE,30.95,41.1,0.08162789652543134,73.6271570083343
2026-04-04 06:35:00,ACTIVE,30.93,41.22,0.07741801915523794,71.99029466391919
2026-04-04 06:40:00,ACTIVE,30.91,41.29,0.07098020311967979,69.48717694284579
2026-04-04 06:45:00,ACTIVE,30.89,41.37,0.07769570036406426,72.09826120890635
2026-04-04 06:50:00,ACTIVE,30.87,41.44,0.07112864451288914,69.54489314346894
2026-04-04 06:55:00,ACTIVE,30.84,41.58,0.06931396295683223,68.83931821930489
2026-04-04 07:00:00,ACTIVE,30.83,41.64,0.06830372866906653,68.44652424473723
2026-04-04 07:05:00,ACTIVE,30.82,41.7,0.06476364871145895,67.07008900226357
2026-04-04 07:10:00,ACTIVE,30.79,41.76,0.06611726028733983,67.5963931253269
2026-04-04 07:15:00,ACTIVE,30.79,41.83,0.0631022175687399,66.42410009659851
2026-04-04 07:20:00,ACTIVE,30.77,41.9,0.05224325588108947,62.20197581055431
2026-04-04 07:25:00,ACTIVE,30.75,41.97,0.058096312345935486,64.47773039544423
2026-04-04 07:30:00,ACTIVE,30.76,41.98,0.056245947913846406,63.75828144337354
2026-04-04 07:35:00,ACTIVE,30.76,42.0,0.052763535118429905,62.40426804315311
2026-04-04 07:40:00,ACTIVE,30.8,41.94,0.05151604349149186,61.91922491967271
2026-04-04 07:45:00,ACTIVE,30.81,41.94,0.05156553378583023,61.9384674752374
2026-04-04 07:50:00,ACTIVE,30.82,41.91,0.05331040200531084,62.61689794560126
2026-04-04 07:55:00,ACTIVE,30.84,41.91,0.041315071413630056,57.952936687881554
2026-04-04 08:00:00,ACTIVE,30.9,41.83,0.05031748004813186,61.453205794811986
2026-04-04 08:05:00,ACTIVE,30.96,41.68,0.060765076003853224,65.51538502375193
2026-04-04 08:10:00,ACTIVE,31.04,41.47,0.060967365124652895,65.5940380141849
2026-04-04 08:15:00,ACTIVE,31.1,41.24,0.06991876059071439,69.07447244966376
2026-04-04 08:20:00,ACTIVE,31.14,41.06,0.057353522409500646,64.18892272485289
2026-04-04 08:25:00,ACTIVE,31.19,40.86,0.059606310378713,65.06483987694459
2026-04-04 08:30:00,ACTIVE,31.24,40.67,0.06068825026414232,65.48551404430131
2026-04-04 08:35:00,ACTIVE,31.28,40.6,0.06683785019379107,67.8765690971941
2026-04-04 08:40:00,ACTIVE,31.35,40.44,0.0635712509473898,66.60646718434826
2026-04-04 08:45:00,ACTIVE,31.41,40.32,0.06824108666024009,68.42216810881924
2026-04-04 08:50:00,ACTIVE,31.49,40.1,0.08086670516273015,73.33119459210782
2026-04-04 08:55:00,ACTIVE,31.6,39.74,0.06248330204803032,66.18345662384645
2026-04-04 09:00:00,ACTIVE,31.69,39.41,0.07998504402593709,72.98839175286871
2026-04-04 09:05:00,ACTIVE,31.78,38.98,0.06756114802533814,68.15779795023361
2026-04-04 09:10:00,ACTIVE,31.88,38.03,-0.04439973096241556,24.62575871312576
2026-04-04 09:15:00,ACTIVE,31.97,36.94,-0.04326487860311945,25.0670060298658
2026-04-04 09:20:00,ACTIVE,32.09,36.73,-0.029788322909935827,30.306889429503165
2026-04-04 09:25:00,ACTIVE,32.23,36.43,-0.02404014082065664,32.54186731208939
2026-04-04 09:30:00,ACTIVE,32.38,36.02,-0.029876347977401685,30.272663986425037
2026-04-04 09:35:00,ACTIVE,32.52,35.6,-0.03728498815139003,27.39207553746376
2026-04-04 09:40:00,ACTIVE,32.65,35.2,-0.02950645926206641,30.416482168408944
2026-04-04 09:45:00,ACTIVE,32.79,34.87,-0.0300309895744153,30.21253705521702
2026-04-04 09:50:00,ACTIVE,31.87,36.95,-0.021791017142714808,33.41635973375019
2026-04-04 09:55:00,ACTIVE,32.14,36.23,-0.01430305058636816,36.3277914488646
2026-04-04 10:00:00,ACTIVE,32.45,35.51,-0.00867246529499699,38.51704596390519
2026-04-04 10:05:00,ACTIVE,32.71,34.93,-0.023734746346781188,32.660609182819044
2026-04-04 10:10:00,ACTIVE,31.92,37.05,0.07926485953221352,72.70837341144286
2026-04-04 10:15:00,ACTIVE,32.17,36.27,0.07926963769367779,72.71023123101541
2026-04-04 10:20:00,ACTIVE,32.54,35.5,0.07989260933374837,72.95245178273262
2026-04-04 10:25:00,ACTIVE,32.75,32.39,0.07889809580203949,72.56577026972913
2026-04-04 10:30:00,ACTIVE,32.0,36.79,0.10016745470387567,80.83561036596612
2026-04-04 10:35:00,ACTIVE,32.47,35.66,0.08907029795970078,76.52087233268757
2026-04-04 10:40:00,ACTIVE,32.0,29.19,0.08894037513508868,76.47035642436366
2026-04-04 10:45:00,ACTIVE,32.07,36.38,0.08023795184069116,73.08672603726147
2026-04-04 10:50:00,ACTIVE,32.58,35.08,0.08587952485583072,75.28025274118211
2026-04-04 10:55:00,ACTIVE,31.71,37.05,0.08282878723565901,74.09408100884012
2026-04-04 11:00:00,ACTIVE,32.36,35.38,0.08476308997216198,74.84616641030524
2026-04-04 11:05:00,ACTIVE,31.47,37.41,0.08118291598553873,73.45414201865677
2026-04-04 11:10:00,ACTIVE,32.18,35.59,0.07200371065011657,69.88513174971474
2026-04-04 11:15:00,ACTIVE,31.46,37.73,0.09452752212422244,78.64272148753062
2026-04-04 11:20:00,ACTIVE,32.03,35.78,0.08897505039736237,76.4838386771961
2026-04-04 11:25:00,ACTIVE,31.12,38.33,0.0985840968580648,80.21997750836985
2026-04-04 11:30:00,ACTIVE,31.93,35.99,0.08752796683850511,75.92119127005634
2026-04-04 11:35:00,ACTIVE,31.09,38.08,0.09366230051882252,78.30631058029593
2026-04-04 11:40:00,ACTIVE,32.01,35.63,0.09481258753559324,78.75355911925637
2026-04-04 11:45:00,ACTIVE,31.1,37.83,0.10308728163540853,81.97088209389669
2026-04-04 11:50:00,ACTIVE,31.91,33.72,0.10444288791232925,82.49796178611165
2026-04-04 11:55:00,ACTIVE,31.18,37.32,0.10851850502240246,84.08262176337516
2026-04-04 12:00:00,ACTIVE,31.69,31.67,0.10294540989149115,81.91572026970697
2026-04-04 12:05:00,ACTIVE,31.27,37.04,0.10555281246211184,82.92951680325876
2026-04-04 12:10:00,ACTIVE,31.11,31.0,0.10411748740873622,82.37144127628486
2026-04-04 12:15:00,ACTIVE,31.33,37.07,0.10477611469993459,82.62752527046477
2026-04-04 12:20:00,ACTIVE,30.84,31.38,0.09837956449674684,80.14045231297435
2026-04-04 13:30:00,ACTIVE,30.88,37.72,0.06836989674714117,68.47225136832746
2026-04-04 13:35:00,ACTIVE,30.58,31.9,0.07713820089059181,71.88149720014466
2026-04-04 13:40:00,ACTIVE,30.75,37.6,0.07975412824111028,72.89860829371378
2026-04-04 13:45:00,ACTIVE,30.39,32.14,0.07422021027599046,70.74693945929097
2026-04-04 13:50:00,ACTIVE,30.67,37.12,0.08320056762064348,74.23863469985304
2026-04-04 13:55:00,ACTIVE,30.26,32.11,0.08119777432086467,73.45991915833497
2026-04-04 14:00:00,ACTIVE,30.38,37.36,0.07263559261734098,70.13081676790259
2026-04-04 14:05:00,ACTIVE,30.29,32.29,0.09264173902685935,77.90950123658865
2026-04-04 14:10:00,ACTIVE,30.2,37.52,0.09079511054227346,77.19150487594784
2026-04-04 14:15:00,ACTIVE,30.23,32.54,0.0816711917027349,73.64399081112502
2026-04-04 14:20:00,ACTIVE,29.95,38.39,0.07583250412771325,71.37382306229145
2026-04-04 14:25:00,ACTIVE,30.4,32.7,0.08948815415356326,76.68334097701359
2026-04-04 14:30:00,ACTIVE,29.82,38.83,0.08163084412298899,73.6283030776908
2026-04-04 14:35:00,ACTIVE,30.55,33.02,0.09494366386240627,78.80452352623021
2026-04-04 14:40:00,ACTIVE,29.23,41.37,0.11071224014724218,84.9355782995666
2026-04-04 14:45:00,ACTIVE,30.83,36.23,0.1066324307355826,83.34928829368238
2026-04-04 14:50:00,ACTIVE,29.32,34.17,0.08929815161835963,76.609465192075
2026-04-04 14:55:00,ACTIVE,30.59,37.67,0.09547918011393375,79.01274013442737
2026-04-04 15:00:00,ACTIVE,29.6,33.62,0.09582694245583406,79.14795525643842
2026-04-04 15:05:00,ACTIVE,30.36,38.73,0.09589693601569627,79.17516978370736
2026-04-04 15:10:00,ACTIVE,29.97,33.44,0.0960675327543436,79.24150030904497
2026-04-04 15:15:00,ACTIVE,30.11,40.02,0.09524988433583564,78.92358655775564
2026-04-04 15:20:00,ACTIVE,30.34,33.41,0.10033720282539721,80.90161093646279
2026-04-04 15:25:00,ACTIVE,29.7,41.53,0.0960743803472276,79.24416275404184
2026-04-04 16:10:00,ACTIVE,30.35,40.46,0.09807546893365121,80.02221547789236
2026-04-04 16:15:00,ACTIVE,30.89,32.9,0.10189008696828711,81.5053951694033
2026-04-04 16:20:00,ACTIVE,30.45,39.79,0.0973796687751467,79.75167812524691
2026-04-04 16:25:00,ACTIVE,30.9,32.63,0.10258952217676542,81.77734588303268
2026-04-04 16:30:00,ACTIVE,30.36,39.97,0.10068387763188263,81.03640320868219
2026-04-04 16:35:00,ACTIVE,30.9,32.68,0.10930011838526404,84.3865245541353
2026-04-04 16:40:00,ACTIVE,30.3,39.8,0.1138109833255933,86.1404153001805
2026-04-04 16:45:00,ACTIVE,30.86,32.74,0.10896835322326887,84.25752937135313
2026-04-04 16:50:00,ACTIVE,29.96,40.77,0.10697393877439393,83.48207165050961
2026-04-04 16:55:00,ACTIVE,31.15,33.93,0.10047385126273845,80.95474186210227
2026-04-04 17:00:00,ACTIVE,29.81,41.13,0.10636072170819005,83.24364382082304
2026-04-04 17:05:00,ACTIVE,31.24,35.81,0.10006885975923768,80.79727519892057
2026-04-04 18:00:00,ACTIVE,31.51,31.68,0.09932958347033671,80.50983368625594
2026-04-04 18:05:00,ACTIVE,31.24,38.05,0.10318847357855504,82.01022701222315
2026-04-04 18:10:00,ACTIVE,31.32,31.35,0.10869985877439575,84.15313477398159
2026-04-04 18:15:00,ACTIVE,31.37,37.92,0.12175971150432557,89.23099792234379
2026-04-04 18:20:00,ACTIVE,30.97,31.32,0.12231198052819436,89.44572825524092
2026-04-04 18:55:00,ACTIVE,31.77,37.99,0.11421454939103765,86.2973277320453
2026-04-04 19:00:00,ACTIVE,31.04,40.95,0.11283751393340297,85.76191605865894
2026-04-04 19:05:00,ACTIVE,31.84,38.16,0.11180502411446852,85.36046880568868
2026-04-04 19:10:00,ACTIVE,31.84,31.17,0.1190980773218353,88.19611533911875
2026-04-04 19:15:00,ACTIVE,31.74,38.98,0.121209745380437,89.01716299088692
2026-04-04 19:20:00,ACTIVE,32.49,37.24,0.11344598475425272,85.9984984782268
2026-04-04 19:25:00,ACTIVE,31.58,40.2,0.1184334883641317,87.93771336117013
2026-04-04 19:30:00,ACTIVE,32.33,38.1,0.127266237682024,91.37201642626202
2026-04-04 19:35:00,ACTIVE,31.62,40.03,0.1092454778393242,84.36527950487081
2026-04-04 19:40:00,ACTIVE,32.11,38.96,0.1072058189890116,83.57223009417592
2026-04-04 19:45:00,ACTIVE,32.72,37.43,0.11797259013829325,87.75850934068626
2026-04-04 19:50:00,ACTIVE,31.74,40.33,0.11820458287595803,87.84871153497103
2026-04-04 19:55:00,ACTIVE,32.41,38.36,0.12042763866034378,88.71306837556662
2026-04-04 20:00:00,ACTIVE,32.35,30.98,0.11457148870737088,86.43611099691752
2026-04-04 20:05:00,ACTIVE,32.07,39.5,0.11960064008443233,88.39151914532569
2026-04-04 20:10:00,ACTIVE,32.66,38.0,0.12159776158956048,89.1680294095227
2026-04-04 20:15:00,ACTIVE,31.69,41.1,0.11764419535866916,87.6308246122248
2026-04-04 20:20:00,ACTIVE,32.33,39.06,0.12538120847683537,90.63908929970435
2026-04-04 20:25:00,ACTIVE,32.72,34.4,0.1261456569358333,90.93631812295683
2026-04-04 20:30:00,ACTIVE,31.99,40.11,0.12400806534042086,90.1051910181528
2026-04-04 20:35:00,ACTIVE,32.6,38.42,0.1285174258461516,91.8584968178617
2026-04-04 20:40:00,ACTIVE,31.83,41.38,0.10908372143607603,84.30238623217846
2026-04-04 20:45:00,ACTIVE,32.28,39.3,0.12233747726057365,89.45564176042583
2026-04-04 20:50:00,ACTIVE,32.77,37.99,0.10268867250994507,81.8158969933256
2026-04-04 20:55:00,ACTIVE,31.83,40.83,0.10375804855258552,82.23168615350662
2026-04-04 21:00:00,ACTIVE,32.39,39.03,0.09463139249832991,78.68310781927525
2026-04-04 21:05:00,ACTIVE,32.85,37.8,0.11125369223851045,85.14610284970597
2026-04-04 21:10:00,ACTIVE,31.95,40.26,0.11086155779417767,84.99363520054806
2026-04-04 21:15:00,ACTIVE,32.49,38.71,0.11331836505781778,85.94887806006946
2026-04-04 21:20:00,ACTIVE,32.88,37.73,0.12374728854630573,90.0037971586531
2026-04-04 21:25:00,ACTIVE,32.01,40.44,0.13087482913803195,92.77508994867347
2026-04-04 21:30:00,ACTIVE,32.39,39.06,0.13285478646561738,93.5449265277671
2026-04-04 21:35:00,ACTIVE,32.78,38.03,0.13257007047413283,93.43422475564103
2026-04-04 21:40:00,ACTIVE,33.06,37.37,0.1276806154049313,91.53313258983337
2026-04-04 21:45:00,ACTIVE,32.08,40.06,0.12403151294793119,90.11430779339952
2026-04-04 21:50:00,ACTIVE,32.5,38.8,0.1269503452910694,91.24919281070927
2026-04-04 21:55:00,ACTIVE,32.82,38.0,0.1345065787874659,94.1871677178718
2026-04-04 22:00:00,ACTIVE,33.06,37.43,0.13254272318712723,93.42359172755371
2026-04-04 22:05:00,ACTIVE,32.51,30.45,0.12996837144863949,92.4226458444634
2026-04-04 22:10:00,ACTIVE,32.38,39.12,0.1313505036337484,92.96003920058034
2026-04-04 22:15:00,ACTIVE,32.7,38.35,0.1342047309058128,94.0698048144491
2026-04-04 22:20:00,ACTIVE,32.92,37.84,0.11719635606121881,87.45669809549157
2026-04-04 22:25:00,ACTIVE,33.11,37.46,0.11887614913005234,88.10982638855081
2026-04-04 22:30:00,ACTIVE,33.24,37.21,0.11542493217390459,86.76794239023718
2026-04-04 22:35:00,ACTIVE,32.23,39.8,0.12061671083661385,88.78658242324514
2026-04-04 22:40:00,ACTIVE,32.55,38.93,0.12139722559015592,89.09005805851638
2026-04-04 22:45:00,ACTIVE,32.79,38.37,0.12254545826717084,89.53650783991377
2026-04-04 22:50:00,ACTIVE,32.97,38.02,0.10864197229438532,84.13062765772906
2026-04-04 22:55:00,ACTIVE,33.09,37.79,0.10962142999804797,84.5114552429751
2026-04-04 23:00:00,ACTIVE,33.2,37.6,0.11065747451823105,84.91428461616118
2026-04-04 23:05:00,ACTIVE,33.27,37.46,0.11051711503222622,84.85971078012751
2026-04-04 23:10:00,ACTIVE,32.2,40.31,0.10196237873877989,81.53350327482426
2026-04-04 23:15:00,ACTIVE,32.48,39.49,0.10092394754992651,81.12974592969707
2026-04-04 23:20:00,ACTIVE,32.71,38.95,0.10228279903459908,81.65808740649665
2026-04-04 23:25:00,ACTIVE,32.86,38.6,0.0906720898721064,77.14367262695956
2026-04-05 00:15:00,ACTIVE,33.15,37.68,0.11456918419189327,86.43521496734809
2026-04-05 00:20:00,ACTIVE,33.18,37.59,0.12530185149817652,90.60823413725878
2026-04-05 00:25:00,ACTIVE,33.16,37.55,0.11370413827805065,86.09887237157929
2026-04-05 00:30:00,ACTIVE,33.21,37.46,0.12147283996839525,89.1194580427802
2026-04-05 00:35:00,ACTIVE,33.22,37.38,0.1286437539812923,91.90761505795962
2026-04-05 00:40:00,ACTIVE,33.21,37.37,0.13298607194198608,93.59597225516953
2026-04-05 00:45:00,ACTIVE,33.2,37.35,0.1314257376171491,92.98929128172665
2026-04-05 00:50:00,ACTIVE,33.04,37.72,0.10663164020645133,83.3489809243095
2026-04-05 00:55:00,ACTIVE,33.05,37.65,0.1102954330966075,84.77351757758427
2026-04-05 01:00:00,ACTIVE,33.03,37.64,0.12022389728711397,88.63385072799319
2026-04-05 01:35:00,ACTIVE,32.82,37.83,0.10321981597409291,82.02241339736656
2026-04-05 01:40:00,ACTIVE,32.73,38.1,0.10131266412597711,81.28088466131243
2026-04-05 01:45:00,ACTIVE,32.64,38.31,0.09995823138584414,80.75426125748992
2026-04-05 01:50:00,ACTIVE,32.62,38.34,0.10784705533405109,83.82155223227356
2026-04-05 01:55:00,ACTIVE,32.65,38.3,0.11066353509797006,84.91664105885245
2026-04-05 02:00:00,ACTIVE,32.64,38.26,0.11333730455326196,85.95624201492818
2026-04-05 02:05:00,ACTIVE,32.68,38.2,0.12150061282790509,89.13025653972699
2026-04-05 02:10:00,ACTIVE,32.72,38.06,0.12427932392246416,90.21066035122406
2026-04-05 02:15:00,ACTIVE,32.72,38.0,0.108785917827876,84.1865958018574
2026-04-05 02:20:00,ACTIVE,32.69,37.98,0.1190485550470376,88.1768603490803
2026-04-05 02:25:00,ACTIVE,32.65,37.97,0.1006666053540548,81.02968749259534
2026-04-05 02:30:00,ACTIVE,32.6,38.01,0.11223866368647367,85.52907425996844
2026-04-05 02:35:00,ACTIVE,32.57,38.01,0.10407847178795743,82.35627142812041
2026-04-05 02:40:00,ACTIVE,32.56,38.01,0.11747111939069621,87.56353012599963
2026-04-05 02:45:00,ACTIVE,32.56,37.95,0.11924990325130153,88.25514749730193
2026-04-05 02:50:00,ACTIVE,32.53,37.95,0.1063184521921614,83.22720881024676
2026-04-05 02:55:00,ACTIVE,32.52,37.96,0.11898350335966962,88.15156729464427
2026-04-05 03:00:00,ACTIVE,32.49,37.97,0.11760330396350144,87.61492543534271
2026-04-05 03:05:00,ACTIVE,32.46,38.05,0.10862485469192373,84.1239720817034
2026-04-05 03:10:00,ACTIVE,32.43,38.11,0.10437650366584372,82.47215061305853
2026-04-05 03:15:00,ACTIVE,32.4,38.22,0.11358326954657344,86.05187682805752
2026-04-05 03:20:00,ACTIVE,32.38,38.29,0.09562563503440474,79.06968396518373
2026-04-05 03:25:00,ACTIVE,32.34,38.4,0.10947506671565738,84.4545470424545
2026-04-05 03:30:00,ACTIVE,32.32,38.48,0.09820414250731091,80.07224565904114
2026-04-05 03:35:00,ACTIVE,32.27,38.61,0.11159735781121649,85.27972508749778
2026-04-05 03:40:00,ACTIVE,32.21,38.73,0.11038713030001507,84.80917080121704
2026-04-05 03:45:00,ACTIVE,32.18,38.83,0.10934144651968053,84.40259354167168
2026-04-05 03:50:00,ACTIVE,32.14,38.96,0.10538358074929594,82.86371702007493
2026-04-05 03:55:00,ACTIVE,32.05,39.16,0.09787747738270852,79.94523344593462
2026-04-05 04:00:00,ACTIVE,32.0,39.31,0.10893974335017181,84.24640543119214
2026-04-05 04:05:00,ACTIVE,31.96,39.45,0.09398871295253919,78.43322454346328
2026-04-05 04:10:00,ACTIVE,31.92,39.58,0.0893058718416152,76.61246692861656
2026-04-05 04:15:00,ACTIVE,31.91,39.67,0.08845630050140779,76.28214107505946
2026-04-05 04:20:00,ACTIVE,31.89,39.74,0.09288095378786393,78.00251145994788
2026-04-05 04:25:00,ACTIVE,31.88,39.81,0.09021015776143038,76.96406661681893
2026-04-05 04:30:00,ACTIVE,31.88,39.87,0.08183652686517712,73.70827555811684
2026-04-05 04:35:00,ACTIVE,31.88,39.92,0.09674102281395747,79.50336316655363
2026-04-05 04:40:00,ACTIVE,31.88,39.99,0.10134940970667267,81.29517188444868
2026-04-05 04:45:00,ACTIVE,31.89,40.03,0.10219994515085906,81.62587259583665
2026-04-05 04:50:00,ACTIVE,31.9,40.08,0.1065572694299573,83.32006447072587
2026-04-05 04:55:00,ACTIVE,31.91,40.12,0.088190957883511,76.1789719560065
2026-04-05 05:00:00,ACTIVE,31.9,40.18,0.10451188718502868,82.52478971988316
2026-04-05 05:05:00,ACTIVE,31.9,40.23,0.1063405374804352,83.23579589570367
2026-04-05 05:10:00,ACTIVE,31.89,40.31,0.10357610226066272,82.16094275464589
2026-04-05 05:15:00,ACTIVE,31.88,40.38,0.10803232931288115,83.89358948482966
2026-04-05 05:20:00,ACTIVE,31.84,40.53,0.1074268380110926,83.65816554616919
2026-04-05 05:25:00,ACTIVE,31.81,40.64,0.09822314811034932,80.07963531750643
2026-04-05 05:30:00,ACTIVE,31.81,40.74,0.09619381281051415,79.29059985533097
2026-04-05 05:35:00,ACTIVE,31.79,40.86,0.09913511462811436,80.4342213353477
2026-04-05 05:40:00,ACTIVE,31.74,41.03,0.09554635310096593,79.03885798142532
2026-04-05 05:45:00,ACTIVE,31.74,41.14,0.08828665258477775,76.21617946570089
2026-04-05 05:50:00,ACTIVE,31.7,41.3,0.08393604428072227,74.52459886085279
2026-04-05 05:55:00,ACTIVE,31.69,41.42,0.06661390679221169,67.78949660336782
2026-04-05 06:00:00,ACTIVE,31.67,41.51,0.0839030039132691,74.51175227921298
2026-04-05 06:05:00,ACTIVE,31.64,41.64,0.08196981663821329,73.76010058559228
2026-04-05 06:10:00,ACTIVE,31.63,41.71,0.08692729758640594,75.68764221535693
2026-04-05 06:15:00,ACTIVE,31.63,41.78,0.08731121491799637,75.83691493002031
2026-04-05 06:20:00,ACTIVE,31.62,41.79,0.08949422245250155,76.68570042104325
2026-04-05 06:25:00,ACTIVE,31.62,41.8,0.09647794794392173,79.4010757812791
2026-04-05 06:30:00,ACTIVE,31.6,41.83,0.10646332040139556,83.28353570429769
2026-04-05 06:35:00,ACTIVE,31.59,41.83,0.10121886317450324,81.24441346943757
2026-04-05 06:40:00,ACTIVE,31.56,41.83,0.09767294889353395,79.86570975608552
2026-04-05 06:45:00,ACTIVE,31.54,41.84,0.08679778563817142,75.63728606182194
2026-04-05 06:50:00,ACTIVE,31.48,41.91,0.08969565820990721,76.7640216112163
2026-04-05 06:55:00,ACTIVE,31.44,42.0,0.07968828257818034,72.87300652988185
2026-04-05 07:00:00,ACTIVE,31.42,42.05,0.0818496274589417,73.7133692619797
2026-04-05 07:05:00,ACTIVE,31.42,42.0,0.07940094121171043,72.76128397328259
2026-04-05 07:10:00,ACTIVE,31.45,41.92,0.07103801817963351,69.50965628992806
2026-04-05 07:15:00,ACTIVE,31.45,41.85,0.07505663617404534,71.07215417127122
2026-04-05 07:20:00,ACTIVE,31.43,41.85,0.06544917026176245,67.33662988060875
2026-04-05 07:25:00,ACTIVE,31.43,41.83,0.07818033511521827,72.28669434013615
2026-04-05 07:30:00,ACTIVE,31.41,41.83,0.08254367342263208,73.98322455783737
2026-04-05 07:35:00,ACTIVE,31.42,41.76,0.0830377048280379,74.1753112466784
2026-04-05 07:40:00,ACTIVE,31.44,41.72,-0.09280086265104093,5.806685632964179
2026-04-05 07:45:00,ACTIVE,31.49,41.58,-0.061180910652302134,18.10098881751781
2026-04-05 07:50:00,ACTIVE,31.51,41.53,-0.05185556355396481,21.726821156944812
2026-04-05 07:55:00,ACTIVE,31.55,41.45,-0.05126492410890393,21.956470474901543
2026-04-05 08:00:00,ACTIVE,31.59,41.43,-0.05280060061148906,21.359376826026633
2026-04-05 08:05:00,ACTIVE,31.63,41.37,-0.04150914089774804,25.74966271648093
2026-04-05 09:20:00,ACTIVE,31.95,40.9,0.06565746468514111,67.4176178211588
2026-04-05 09:25:00,ACTIVE,32.11,40.52,0.06832461743985452,68.45464610656771
2026-04-05 09:30:00,ACTIVE,32.25,40.14,0.07902713475341405,72.61594251511644
2026-04-05 09:35:00,ACTIVE,32.42,39.78,0.07963568681902744,72.85255652384535
2026-04-05 09:40:00,ACTIVE,32.58,39.44,0.0812417558234445,73.47701981450454
2026-04-05 09:45:00,ACTIVE,32.75,39.02,0.07782006029459781,72.14661418205606
2026-04-05 09:50:00,ACTIVE,32.91,38.64,0.07083813626866547,69.43193925814234
2026-04-05 09:55:00,ACTIVE,31.99,41.23,0.07485974433546749,70.99559972368267
2026-04-05 10:00:00,ACTIVE,32.35,40.27,0.0851009003149576,74.9775120484445
2026-04-05 10:05:00,ACTIVE,32.66,39.62,0.07829440390858522,72.33104596753918
2026-04-05 10:10:00,ACTIVE,32.2,29.69,0.09096389533099242,77.25713088845836
2026-04-05 10:15:00,ACTIVE,32.07,41.66,0.06341069367429547,66.54404015112615
2026-04-05 10:20:00,ACTIVE,32.55,40.36,0.08488225586430509,74.89249986480648
2026-04-05 10:25:00,ACTIVE,31.64,43.36,0.10063982474951028,81.01927479899767
2026-04-05 10:30:00,ACTIVE,32.25,41.52,0.09176533257961844,77.5687414980632
2026-04-05 10:35:00,ACTIVE,31.42,44.53,0.09928515026748769,80.49255740236696
2026-04-05 10:40:00,ACTIVE,32.04,42.31,0.10316524613215938,82.00119583886139
2026-04-05 10:45:00,ACTIVE,31.89,31.87,0.09813162671832071,80.04405045192797
2026-04-05 10:50:00,ACTIVE,31.81,42.93,0.10084636153573373,81.09957934432701
2026-04-05 10:55:00,ACTIVE,32.28,35.72,0.10537191290594028,82.85918039067936
2026-04-05 11:00:00,ACTIVE,31.6,43.36,0.10771638918912319,83.77074731005975
2026-04-05 11:05:00,ACTIVE,32.32,40.93,0.09672093641589902,79.49555327906151
2026-04-05 11:10:00,ACTIVE,31.37,43.92,0.10391175241458417,82.29144847952544
2026-04-05 11:15:00,ACTIVE,32.17,41.1,0.11901428291062266,88.16353483752087
2026-04-05 11:20:00,ACTIVE,31.27,44.06,0.13108162992159295,92.85549714005704
2026-04-05 11:25:00,ACTIVE,32.12,41.05,0.12793059117561828,91.63032685229591
2026-04-05 11:30:00,ACTIVE,31.04,44.65,0.12268158940420049,89.58943763157086
2026-04-05 11:35:00,ACTIVE,31.97,41.09,0.12494625279904065,90.4699721241038
2026-04-05 11:40:00,ACTIVE,30.99,44.33,0.11835267266056088,87.90629102498781
2026-04-05 11:45:00,ACTIVE,31.89,37.88,0.1281464745162869,91.71426547569357
2026-04-05 11:50:00,ACTIVE,31.0,43.58,0.12163244377260757,89.18151435325382
2026-04-05 11:55:00,ACTIVE,31.71,35.11,0.110030892501496,84.6706602968062
2026-04-05 12:00:00,ACTIVE,30.93,43.49,0.11275576455872188,85.73013069739346
2026-04-05 13:25:00,ACTIVE,31.3,34.06,0.04153985536194377,58.040335998661654
2026-04-05 13:30:00,ACTIVE,30.18,36.42,0.051458435510639666,61.89682608799596
2026-04-05 13:35:00,ACTIVE,31.42,33.13,0.0501193221509329,61.376159084979065
2026-04-05 13:40:00,ACTIVE,30.16,36.05,0.049040103298700566,60.956542895417506
2026-04-05 13:45:00,ACTIVE,31.4,32.26,0.04738331036542931,60.3123573939191
2026-04-05 13:50:00,ACTIVE,30.2,35.95,0.06528213771614216,67.27168516603027
2026-04-05 13:55:00,ACTIVE,31.33,31.78,0.052483519616163765,62.295393890486075
2026-04-05 14:00:00,ACTIVE,30.15,36.39,0.07713817338364859,71.88148650503989
2026-04-05 14:05:00,ACTIVE,31.19,31.69,0.08645217923988252,75.5029092024499
2026-04-05 14:10:00,ACTIVE,29.88,37.22,0.10929856791771364,84.38592170950912
2026-04-05 14:15:00,ACTIVE,30.94,32.0,0.10895562244603929,84.25257945760747
2026-04-05 14:20:00,ACTIVE,29.71,37.64,0.11028459409437535,84.76930321382858
2026-04-05 14:25:00,ACTIVE,30.71,32.28,0.106440829985115,83.27479109910313
2026-04-05 14:30:00,ACTIVE,29.18,39.33,0.11657887998442329,87.21661429974023
2026-04-05 14:35:00,ACTIVE,30.66,34.01,0.12236647783149757,89.46691760965793
2026-04-05 14:40:00,ACTIVE,29.26,39.09,0.13143735826558817,92.99380956104335
2026-04-05 14:45:00,ACTIVE,30.82,34.62,0.08902814254772923,76.50448168744975
2026-04-05 14:50:00,ACTIVE,29.33,33.16,0.09492316189165978,78.79655205795449
2026-04-05 14:55:00,ACTIVE,30.55,35.72,0.1168526526132565,87.32306113124211
2026-04-05 15:00:00,ACTIVE,29.69,32.48,0.1037047265496494,82.21095377318768
2026-04-05 15:05:00,ACTIVE,30.41,35.92,0.11083968209229828,84.98512960536907
2026-04-05 15:10:00,ACTIVE,29.95,32.28,0.11693805407420765,87.3562664774545
2026-04-05 15:15:00,ACTIVE,30.21,36.21,0.10660072133390208,83.33695921114371
2026-04-05 15:20:00,ACTIVE,30.33,31.81,0.10574457514163749,83.00407695824144
2026-04-05 15:25:00,ACTIVE,30.12,35.95,0.1111032069661847,85.0875919587705
2026-04-05 15:30:00,ACTIVE,30.64,31.37,0.1055771081149956,82.93896331104067
2026-04-05 15:35:00,ACTIVE,30.12,35.56,0.10803875573237731,83.89608817140832
2026-04-05 15:40:00,ACTIVE,30.9,31.07,0.10410806857524124,82.36777909505712
2026-04-05 15:45:00,ACTIVE,30.02,35.48,0.10808839872792009,83.91539009945099
2026-04-05 15:50:00,ACTIVE,30.99,31.05,0.11296149705630643,85.81012252345064
2026-04-05 15:55:00,ACTIVE,29.96,35.46,0.12259024361849119,89.55392104431652
2026-04-05 16:00:00,ACTIVE,31.02,31.01,0.09923278291071708,80.4721962025417
2026-04-05 16:05:00,ACTIVE,29.82,35.7,0.10854717235437045,84.09376804439167
2026-04-05 16:10:00,ACTIVE,30.55,31.29,0.11003687960750197,84.6729881718276
2026-04-05 16:15:00,ACTIVE,29.05,37.61,0.0967280585690623,79.49832247713996
2026-04-05 16:20:00,ACTIVE,30.66,33.07,0.10346305764906527,82.1169893442038
2026-04-05 16:25:00,ACTIVE,29.18,36.76,0.11526963802198387,86.70756173606738
2026-04-05 16:30:00,ACTIVE,30.7,33.49,0.10757501537027897,83.71577908647426
2026-04-05 16:35:00,ACTIVE,29.51,32.1,0.09852654304657255,80.1975997385383
2026-04-05 16:40:00,ACTIVE,30.61,33.43,0.11122267308465883,85.13404214569239
2026-04-05 16:45:00,ACTIVE,29.86,31.39,0.11681780902212696,87.30951342967059
2026-04-05 16:50:00,ACTIVE,30.57,33.24,0.1065498354309149,83.31717402237527
2026-04-05 16:55:00,ACTIVE,30.27,30.71,0.09279561608643672,77.96933090437774
2026-04-05 17:00:00,ACTIVE,30.59,33.02,0.10346425279873878,82.11745403600466
2026-04-05 18:05:00,ACTIVE,31.36,31.45,0.11037876247077738,84.80591726592866
2026-04-05 18:10:00,ACTIVE,30.9,28.96,0.11648785142244122,87.18122105374458
2026-04-05 18:15:00,ACTIVE,31.53,31.09,0.11768052852781963,87.64495148367638
2026-04-05 18:20:00,ACTIVE,30.91,32.06,0.11379298822023781,86.13341853810171
2026-04-05 18:25:00,ACTIVE,31.92,30.24,0.12449431437267,90.29425180565511
2026-04-05 18:30:00,ACTIVE,31.19,31.5,0.13092298015428144,92.79381177318602
2026-04-05 18:35:00,ACTIVE,32.18,29.59,0.1307436057458573,92.72406836052036
2026-04-05 18:40:00,ACTIVE,31.44,30.92,0.12566861511598532,90.75083723528324
2026-04-05 18:45:00,ACTIVE,31.84,28.19,0.11404064774946199,86.229712211759
2026-04-05 18:50:00,ACTIVE,31.68,30.69,0.11126416160284358,85.15017349280075
2026-04-05 18:55:00,ACTIVE,32.1,28.03,0.12624104320265728,90.97340570879578
2026-04-05 19:00:00,ACTIVE,31.9,30.46,0.11151067780541113,85.24602262420964
2026-04-05 19:05:00,ACTIVE,32.54,29.35,0.10593015549817858,83.07623333496537
2026-04-05 19:10:00,ACTIVE,32.94,28.28,0.12117029107707411,89.00182257647079
2026-04-05 19:15:00,ACTIVE,32.22,29.94,0.12010831585155557,88.58891096302082
2026-04-05 19:20:00,ACTIVE,32.7,29.12,0.12238238195652812,89.4731013677806
2026-04-05 19:25:00,ACTIVE,33.04,28.25,0.12096139305456655,88.92059994768678
2026-04-05 19:30:00,ACTIVE,32.2,30.03,0.08479129302543897,74.85713217292661
2026-04-05 19:35:00,ACTIVE,32.68,29.12,0.09331381104886938,78.1708127401854
2026-04-05 19:40:00,ACTIVE,33.02,28.5,0.09191063959413043,77.62523900607093
2026-04-05 19:45:00,ACTIVE,32.12,29.93,0.09560377346495058,79.06118386489987
2026-04-05 19:50:00,ACTIVE,32.57,29.09,0.09627931477776697,79.32384427987418
2026-04-05 19:55:00,ACTIVE,32.89,28.48,0.08927479428204682,76.60038351559983
2026-04-05 20:00:00,ACTIVE,33.12,28.03,0.07788812544904872,72.17307891689045
2026-04-05 21:10:00,ACTIVE,33.0,27.14,0.058542071878349866,64.65104826889089
2026-04-05 21:15:00,ACTIVE,33.01,27.05,0.0719894442595474,69.87958476687892
2026-04-05 21:20:00,ACTIVE,32.99,27.0,0.07774949407778342,72.11917699732732
2026-04-05 21:25:00,ACTIVE,32.97,26.96,0.08314064699353435,74.21533667724005
2026-04-05 21:30:00,ACTIVE,32.93,26.97,0.09350245616352532,78.24416074001655
2026-04-05 21:35:00,ACTIVE,32.91,26.96,0.09567882381425652,79.09036454640473
2026-04-05 21:40:00,ACTIVE,32.88,26.95,0.09741701974363598,79.76620073207637
2026-04-05 21:45:00,ACTIVE,32.85,26.98,0.09698263656656475,79.59730615319161
2026-04-05 21:50:00,ACTIVE,32.83,26.97,0.09982804016784336,80.70364099386231
2026-04-05 21:55:00,ACTIVE,32.81,27.03,0.1109736992301989,85.03723744301988
2026-04-05 22:00:00,ACTIVE,32.76,27.1,0.09841883579740629,80.15572157324326
2026-04-05 22:05:00,ACTIVE,32.76,27.13,0.1208919075546227,88.89358296159921
2026-04-05 22:10:00,ACTIVE,32.77,27.14,0.12028868107374963,88.6590396186776
2026-04-05 22:15:00,ACTIVE,32.77,27.17,0.11804637498324194,87.7871979754527
2026-04-05 22:20:00,ACTIVE,32.74,27.29,0.1215865514638293,89.16367074748294
2026-04-05 22:25:00,ACTIVE,32.7,27.39,0.12029889336811506,88.6630103091816
2026-04-05 22:30:00,ACTIVE,32.66,27.49,0.11987053764717498,88.49645929404137
2026-04-05 22:35:00,ACTIVE,32.63,27.61,0.12018860772812978,88.62012962754946
2026-04-05 22:40:00,ACTIVE,32.61,27.69,0.1129606019755795,85.80977450287706
2026-04-05 22:45:00,ACTIVE,32.55,27.82,0.1261080147854564,90.92168230031957
2026-04-05 22:50:00,ACTIVE,32.52,27.97,0.12065039997460586,88.79968125642857
2026-04-05 22:55:00,ACTIVE,32.47,28.09,0.12190045138089933,89.28571965983484
2026-04-05 23:00:00,ACTIVE,32.42,28.2,0.11697456276399754,87.37046159391659
2026-04-05 23:05:00,ACTIVE,32.37,28.35,0.10811603058659836,83.92613377319714
2026-04-05 23:10:00,ACTIVE,32.32,28.51,0.10296426592449903,81.92305177314083
2026-04-05 23:15:00,ACTIVE,32.27,28.62,0.11326976811727041,85.92998285362023
2026-04-05 23:20:00,ACTIVE,32.23,28.79,0.1093631770148793,84.41104267835394
2026-04-05 23:25:00,ACTIVE,32.18,28.93,0.12185863466127311,89.26946070317075
2026-04-06 00:55:00,ACTIVE,30.02,34.94,0.014457397593566457,47.51027742043924
2026-04-06 01:00:00,ACTIVE,30.03,35.24,0.0203078134867411,49.78500531216055
2026-04-06 01:05:00,ACTIVE,30.05,35.55,0.024180967185083946,51.29094453210945
2026-04-06 01:10:00,ACTIVE,30.03,35.86,0.022980724960929177,50.82427267254273
2026-04-06 01:15:00,ACTIVE,30.0,36.23,0.02025827720150214,49.765744874656136
2026-04-06 01:20:00,ACTIVE,30.01,36.6,0.02729007067866246,52.49980977591924
2026-04-06 01:25:00,ACTIVE,30.02,36.98,0.03230157990927979,54.44835839787338
2026-04-06 01:30:00,ACTIVE,30.03,37.26,0.02806796899690578,52.80226810259915
2026-04-06 01:35:00,ACTIVE,30.01,37.73,0.03736657415603983,56.4177027820828
2026-04-06 01:40:00,ACTIVE,29.99,38.15,0.044125982883084613,59.045860479536636
2026-04-06 01:45:00,ACTIVE,29.96,38.59,0.051528766707644835,61.924171893560384
2026-04-06 01:50:00,ACTIVE,29.93,39.03,0.05155096808274018,61.93280411528378
2026-04-06 01:55:00,ACTIVE,29.9,39.44,0.03585088318432722,55.82837980205206
2026-04-06 02:00:00,ACTIVE,29.88,39.83,0.03825093842923294,56.76155664057876
2026-04-06 02:05:00,ACTIVE,29.85,40.21,0.036026830990340764,55.89679090121735
2026-04-06 02:10:00,ACTIVE,29.8,40.56,0.03740296408178595,56.43185172133496
2026-04-06 02:15:00,ACTIVE,29.8,40.85,0.029964820460855246,53.539791897536894
2026-04-06 02:20:00,ACTIVE,29.77,41.19,0.02128337863849966,50.16431941587845
2026-04-06 02:25:00,ACTIVE,29.74,41.49,0.024638511084627,51.468844341111364
2026-04-06 02:30:00,ACTIVE,29.69,41.78,0.01212854029747118,46.60478339334846
2026-04-06 02:35:00,ACTIVE,29.67,42.04,-1.9824019607095344e-05,41.881320368593386
2026-04-06 02:40:00,ACTIVE,29.64,42.26,-0.006177890334521874,39.48697346037641
2026-04-06 02:45:00,ACTIVE,29.66,42.43,-0.006601072318472512,39.32243407040082
2026-04-06 02:50:00,ACTIVE,29.69,42.49,-0.011148340405598978,37.55438924456402
2026-04-06 02:55:00,ACTIVE,29.71,42.58,-0.01638566149130205,35.518041646532964
2026-04-06 03:00:00,ACTIVE,29.75,42.63,-0.016473993362946637,35.483696913470084
2026-04-06 03:05:00,ACTIVE,29.77,42.64,-0.01797837310464334,34.89877190631456
2026-04-06 03:10:00,ACTIVE,29.81,42.65,-0.02150211047430628,33.528690902804314
2026-04-06 03:15:00,ACTIVE,29.83,42.66,-0.021246025603528507,33.62826047338572
2026-04-06 03:20:00,ACTIVE,29.82,42.68,-0.01705857135489286,35.25640437778594
2026-04-06 03:25:00,ACTIVE,29.82,42.71,-0.013526948061914457,36.62955154446222
2026-04-06 03:30:00,ACTIVE,29.85,42.71,-0.006797982330377761,39.245872556754826
2026-04-06 03:35:00,ACTIVE,29.83,42.74,-0.019341499939545037,34.368768110358424
2026-04-06 03:40:00,ACTIVE,29.82,42.79,-0.011587984272195428,37.38344923208767
2026-04-06 03:45:00,ACTIVE,29.83,42.82,-0.006317305730347944,39.432766700513255
2026-04-06 03:50:00,ACTIVE,29.87,42.81,-0.015675192258576498,35.794282551350705
2026-04-06 03:55:00,ACTIVE,29.89,42.8,0.0014320921527160024,42.44584676704613
2026-04-06 04:00:00,ACTIVE,29.91,42.77,0.0020035942365329573,42.66805519700612
2026-04-06 04:05:00,ACTIVE,29.93,42.75,-0.00028732031869660446,41.77731386656316
2026-04-06 04:10:00,ACTIVE,29.95,42.72,-0.010897110534493826,37.652071119745436
2026-04-06 04:15:00,ACTIVE,29.95,42.78,-0.010214531690263873,37.9174678306152
2026-04-06 04:20:00,ACTIVE,29.92,42.82,-0.0027613593824140636,40.815371029300636
2026-04-06 04:25:00,ACTIVE,29.94,42.82,-0.0035010102619690286,40.52778387027101
2026-04-06 04:30:00,ACTIVE,29.96,42.81,-0.0036483972244514273,40.470477647849115
2026-04-06 04:35:00,ACTIVE,29.95,42.82,-0.001179888587443223,41.43027017372894
2026-04-06 04:40:00,ACTIVE,29.93,42.87,-0.004541977477482084,40.123040480616
2026-04-06 04:45:00,ACTIVE,29.91,42.94,-0.002675310040475831,40.84882828118584
2026-04-06 04:50:00,ACTIVE,29.91,42.98,-0.006278540164609936,39.44783932359386
2026-04-06 04:55:00,ACTIVE,29.91,43.02,-0.008642801830513913,38.5285795559193
2026-04-06 05:00:00,ACTIVE,29.9,43.1,-0.0009469117005077576,41.520855019749334
2026-04-06 05:05:00,ACTIVE,29.9,43.14,0.013354401865334709,47.08141643119139
2026-04-06 05:10:00,ACTIVE,29.88,43.18,0.01378187847650797,47.24762563550262
2026-04-06 05:15:00,ACTIVE,29.89,43.21,-0.0053223572079481585,39.81961734430596
2026-04-06 05:20:00,ACTIVE,29.91,43.23,0.00303267924091144,43.06817860791488
2026-04-06 05:25:00,ACTIVE,29.91,43.26,0.007953066279413279,44.98129757909809
2026-04-06 05:30:00,ACTIVE,29.91,43.28,-0.0013014764511273258,41.38299502101036
2026-04-06 05:35:00,ACTIVE,29.91,43.31,-0.010727839752883384,37.717886093452165
2026-04-06 05:40:00,ACTIVE,29.92,43.31,-0.002078162390020566,41.08100808528338
2026-04-06 05:45:00,ACTIVE,29.91,43.34,-0.0015735574754700554,41.27720591025627
2026-04-06 05:50:00,ACTIVE,29.92,43.37,0.0019382912761775062,42.64266444393063
2026-04-06 05:55:00,ACTIVE,29.92,43.36,-0.0016362972217061067,41.25281177259348
2026-04-06 06:00:00,ACTIVE,29.92,43.4,0.00023843517219057642,41.98173534722096
2026-04-06 06:05:00,ACTIVE,29.93,43.38,-0.00044697930753034854,41.71523609949572
2026-04-06 06:10:00,ACTIVE,29.95,43.38,-0.0035625054350505447,40.50387364098663
2026-04-06 06:15:00,ACTIVE,29.93,43.43,0.001915660653168616,42.63386532429446
2026-04-06 06:20:00,ACTIVE,29.9,43.53,-0.0008383368982765038,41.56307050245744
2026-04-06 06:25:00,ACTIVE,29.91,43.54,0.011091999828838406,46.201761188098466
2026-04-06 06:30:00,ACTIVE,29.9,43.56,0.015550323015339207,47.93522292617297
2026-04-06 06:35:00,ACTIVE,29.88,43.61,0.005680405448703851,44.0976535656753
2026-04-06 06:40:00,ACTIVE,29.87,43.63,0.010449480176964898,45.951940081397176
2026-04-06 07:15:00,ACTIVE,29.95,43.76,0.013324985544801327,47.06997893238602
2026-04-06 07:20:00,ACTIVE,30.04,43.67,0.010439385996665385,45.948015315382136
2026-04-06 07:25:00,ACTIVE,30.07,43.67,0.011693976895113867,46.435818740217265
2026-04-06 07:30:00,ACTIVE,30.15,43.63,0.011882732934989038,46.5092098694079
2026-04-06 07:35:00,ACTIVE,30.22,43.57,0.015235690844502825,47.81288930276864
2026-04-06 07:40:00,ACTIVE,30.26,43.59,0.01676457180647506,48.407340745336555
2026-04-06 07:45:00,ACTIVE,30.28,43.63,0.024640707114611582,51.46969818992283
2026-04-06 07:50:00,ACTIVE,30.33,43.66,0.027585435490406318,52.61465196624806
2026-04-06 07:55:00,ACTIVE,30.35,43.68,0.010210845461952833,45.85915538846548
2026-04-06 08:00:00,ACTIVE,30.38,43.72,0.0202829991101392,49.77535711695483
2026-04-06 08:05:00,ACTIVE,30.4,43.77,0.017910617815967533,48.8529403181857
2026-04-06 09:00:00,ACTIVE,30.48,44.02,-0.027879946261317068,31.048894386037485
2026-04-06 09:05:00,ACTIVE,30.63,43.68,0.002615446471385119,42.90595236015549
2026-04-06 09:10:00,ACTIVE,30.77,43.3,-0.015722325573048423,35.775956424282775
2026-04-06 09:15:00,ACTIVE,30.93,42.9,0.005397939629701143,43.9878266937613
2026-04-06 09:20:00,ACTIVE,31.05,42.59,0.015563883935986789,47.9404956119098
2026-04-06 09:25:00,ACTIVE,31.17,42.27,0.014806228387119369,47.645907972194
2026-04-06 10:00:00,ACTIVE,31.84,39.93,0.032740442261230684,54.61899454594171
2026-04-06 10:05:00,ACTIVE,32.02,39.4,0.04439072542866879,59.14879628163375
2026-04-06 10:10:00,ACTIVE,32.19,38.89,0.044177417577409894,59.06585904646252
2026-04-06 10:15:00,ACTIVE,32.37,38.38,0.05388467949715203,62.84018549509034
2026-04-06 10:20:00,ACTIVE,32.52,37.91,0.06280086614755714,66.30693022432087
2026-04-06 10:25:00,ACTIVE,32.69,37.46,0.05131583074623075,61.84137925463976
2026-04-06 11:15:00,ACTIVE,31.67,38.07,0.07724767036485253,71.92406054451877
2026-04-06 11:20:00,ACTIVE,32.26,36.26,0.06672153095623129,67.83134246393378
2026-04-06 11:25:00,ACTIVE,31.5,37.39,0.08404931841254742,74.56864151214084
2026-04-06 11:30:00,ACTIVE,31.96,36.45,0.08690029777304514,75.67714429014195
2026-04-06 11:35:00,ACTIVE,31.22,38.55,0.07818475298180555,72.28841207175242
2026-04-06 11:40:00,ACTIVE,31.88,36.07,0.08515451441567118,74.99835800068271
2026-04-06 11:45:00,ACTIVE,31.16,38.2,0.09529708325252856,78.94193819193359
2026-04-06 11:50:00,ACTIVE,31.83,35.8,0.09435611716762071,78.5760767151451
2026-04-06 11:55:00,ACTIVE,31.04,37.81,0.10600033568616563,83.10352042599878
2026-04-06 12:00:00,ACTIVE,31.77,35.62,0.09374256390728103,78.33751816822549
2026-04-06 12:05:00,ACTIVE,30.94,37.76,0.1077081122460915,83.76752911266726
2026-04-06 13:25:00,ACTIVE,31.21,30.35,0.09393493544420972,78.41231505593657
2026-04-06 13:30:00,ACTIVE,30.85,35.25,0.09494112610624539,78.80353680924685
2026-04-06 13:35:00,ACTIVE,30.83,30.73,0.08841564905981736,76.26633519566339
2026-04-06 13:40:00,ACTIVE,30.87,35.36,0.0937041724382679,78.32259099946296
2026-04-06 13:45:00,ACTIVE,30.57,31.07,0.09760113046653057,79.83778569358687
2026-04-06 13:50:00,ACTIVE,30.78,35.73,0.08524276979336776,75.03267299177163
2026-04-06 13:55:00,ACTIVE,30.46,31.3,0.09128188220264927,77.3807688689655
2026-04-06 14:00:00,ACTIVE,30.53,36.44,0.09456118873483726,78.65581156173793
2026-04-06 14:05:00,ACTIVE,30.54,31.57,0.08869522984363037,76.37504032339126
2026-04-06 14:10:00,ACTIVE,30.35,36.9,0.09568983976081846,79.0946477087227
2026-04-06 14:15:00,ACTIVE,30.39,31.9,0.06799932371379991,68.32816711342097
2026-04-06 14:20:00,ACTIVE,30.11,37.64,0.08484806181838617,74.8792047159824
2026-04-06 14:25:00,ACTIVE,30.31,32.27,0.09334576106229964,78.18323537611722
2026-04-06 14:30:00,ACTIVE,29.71,38.91,0.09112117943768455,77.3182852663607
2026-04-06 14:35:00,ACTIVE,30.72,32.82,0.08638463878201302,75.47664847737656
2026-04-06 14:40:00,ACTIVE,29.59,39.24,0.09818699756985444,80.06557945476675
2026-04-06 14:45:00,ACTIVE,30.89,33.43,0.09589290865444128,79.1736038863175
2026-04-06 14:50:00,ACTIVE,29.35,39.84,0.09537311343102689,78.97149984546398
2026-04-06 14:55:00,ACTIVE,30.89,35.44,0.09541132892996579,78.98635859446912
2026-04-06 15:00:00,ACTIVE,29.43,33.67,0.10744292290920554,83.66441959152957
2026-04-06 15:05:00,ACTIVE,30.69,35.82,0.09586982644209424,79.16462918209352
2026-04-06 15:10:00,ACTIVE,29.75,32.31,0.11484019171345372,86.54058668440481
2026-04-06 15:15:00,ACTIVE,30.58,35.81,0.11946341006061606,88.3381620902964
2026-04-06 15:20:00,ACTIVE,29.97,31.96,0.11132821748007299,85.17507936158393
2026-04-06 15:25:00,ACTIVE,30.55,35.24,0.12306267320493047,89.73760862769012
2026-04-06 16:25:00,ACTIVE,29.83,32.69,0.1116322374771353,85.29328681547887
2026-04-06 16:30:00,ACTIVE,31.08,31.31,0.1145128018364398,86.41329267688313
2026-04-06 16:35:00,ACTIVE,29.92,33.99,0.11828870733012958,87.88142036213374
2026-04-06 16:40:00,ACTIVE,31.28,30.73,0.1206728020399816,88.8083915094897
2026-04-06 16:45:00,ACTIVE,30.14,33.66,0.13016265313630437,92.49818542692242
2026-04-06 16:50:00,ACTIVE,31.39,30.32,0.12329148237200033,89.82657300282499
2026-04-06 16:55:00,ACTIVE,30.5,32.95,0.13312469517055886,93.64987100873383
2026-04-06 17:00:00,ACTIVE,31.05,29.68,0.1258267063167724,90.81230542326037
2026-04-06 18:00:00,ACTIVE,31.26,32.91,0.107874008886847,83.83203217069936
2026-04-06 18:05:00,ACTIVE,30.76,32.98,0.11953971254673118,88.36782962104
2026-04-06 18:10:00,ACTIVE,31.69,32.12,0.12982056052624075,92.36517478017996
2026-04-06 18:15:00,ACTIVE,30.95,33.75,0.13370965483839065,93.87731194562541
2026-04-06 18:20:00,ACTIVE,31.97,30.95,0.09028792022078841,76.99430180666876
2026-04-06 18:25:00,ACTIVE,31.29,33.27,0.11341485141975222,85.98639337909474
2026-04-06 18:30:00,ACTIVE,31.35,29.6,0.12610299369435246,90.9197300261241
2026-04-06 18:35:00,ACTIVE,31.68,32.53,0.12965896941230026,92.3023457744056
2026-04-06 18:40:00,ACTIVE,31.12,33.75,0.1331699595374093,93.66747046143186
2026-04-06 18:45:00,ACTIVE,31.99,32.07,0.11515283463444997,86.66214685816428
2026-04-06 18:50:00,ACTIVE,31.22,33.83,0.13063733428578084,92.6827484511765
2026-04-06 18:55:00,ACTIVE,32.17,31.59,0.1290471303527816,92.06445373401999
2026-04-06 19:00:00,ACTIVE,31.52,33.45,0.13066948237886988,92.69524810339792
2026-04-06 19:05:00,ACTIVE,32.38,31.99,0.12467247741813176,90.36352422255433
2026-04-06 19:10:00,ACTIVE,31.69,33.64,0.12682134041474874,91.19903381420494
2026-04-06 19:15:00,ACTIVE,32.46,32.41,0.13426401934223564,94.09285703200938
2026-04-06 19:20:00,ACTIVE,31.68,34.38,0.13754534572147564,95.36868507107343
2026-04-06 19:25:00,ACTIVE,32.37,33.21,0.14158531352332426,96.93948407208843
2026-04-06 19:30:00,ACTIVE,32.76,30.92,0.13541953830638315,94.54213982919065
2026-04-06 19:35:00,ACTIVE,32.09,34.58,0.13110724482611902,92.86545659231363
2026-04-06 19:40:00,ACTIVE,32.65,33.67,0.13711754487881794,95.20234980078423
2026-04-06 19:45:00,ACTIVE,32.77,30.36,0.124453775138337,90.27848955409384
2026-04-06 19:50:00,ACTIVE,32.25,35.03,0.13055644118544873,92.65129602199315
2026-04-06 19:55:00,ACTIVE,32.75,34.2,0.11917236905001083,88.22500105755154
2026-04-06 20:00:00,ACTIVE,33.08,33.7,0.11641476875813822,87.1528054371582
2026-04-06 20:05:00,ACTIVE,32.18,35.75,0.12950153075883447,92.24113130644076
2026-04-06 20:10:00,ACTIVE,32.64,34.85,0.13548665382043967,94.56823532984893
2026-04-06 20:15:00,ACTIVE,32.95,34.31,0.1235667442600153,89.93359888023757
2026-04-06 20:20:00,ACTIVE,33.16,34.0,0.13541400760706618,94.53998941181403
2026-04-06 20:25:00,ACTIVE,33.3,33.8,0.12401668834321627,90.10854376867982
2026-04-06 20:30:00,ACTIVE,33.37,33.71,0.12229226699940382,89.43806334481354
2026-04-06 20:35:00,ACTIVE,33.45,33.62,0.12267842971947873,89.58820909960033
2026-04-06 20:40:00,ACTIVE,33.49,33.6,0.13225909247897638,93.31331192957694
2026-04-06 20:45:00,ACTIVE,33.52,33.59,0.12465326045298697,90.35605238338815
2026-04-06 20:50:00,ACTIVE,33.55,33.58,0.12622284515921617,90.96633004139946
2026-04-06 20:55:00,ACTIVE,33.55,33.61,0.12638829329025542,91.03065871224612
2026-04-06 21:00:00,ACTIVE,33.56,33.58,0.12053785232588787,88.75592107247566
2026-04-06 21:05:00,ACTIVE,33.54,33.59,0.11886384084000828,88.10504074404727
2026-04-06 21:10:00,ACTIVE,33.52,33.57,0.09834174945492197,80.12574926759497
2026-04-06 21:15:00,ACTIVE,33.5,33.56,0.12038640859371175,88.69703751822965
2026-04-06 21:20:00,ACTIVE,33.47,33.56,0.12205628993818035,89.34631198682929
2026-04-06 21:25:00,ACTIVE,33.45,33.5,0.13135815382743982,92.96301370859561
2026-04-06 21:30:00,ACTIVE,33.42,33.49,0.12270525317745318,89.5986384552429
2026-04-06 21:35:00,ACTIVE,33.4,33.47,0.11558360298183307,86.82963593801006
2026-04-06 21:40:00,ACTIVE,33.34,33.53,0.12640093284564224,91.03557315759538
2026-04-06 21:45:00,ACTIVE,33.32,33.54,0.12434597064874009,90.23657358028674
2026-04-06 21:50:00,ACTIVE,33.29,33.59,0.12955588296847215,92.26226424630299
2026-04-06 21:55:00,ACTIVE,33.23,33.67,0.134745304418239,94.27998776019082
2026-04-06 22:00:00,ACTIVE,33.18,33.76,0.13013824777419453,92.4886962625771
2026-04-06 22:05:00,ACTIVE,33.14,33.86,0.11887467305892419,88.10925247034966
2026-04-06 22:10:00,ACTIVE,33.08,33.99,0.10081616974728158,81.08784033217009
2026-04-06 22:15:00,ACTIVE,33.03,34.11,0.09764756291752263,79.85583931460822
2026-04-06 22:20:00,ACTIVE,33.0,34.19,0.09870542194456111,80.2671504894464
2026-04-06 22:25:00,ACTIVE,32.98,34.28,0.1088020018639253,84.19284951203474
2026-04-06 22:30:00,ACTIVE,32.94,34.36,0.10857851034872262,84.10595271828925
2026-04-06 22:35:00,ACTIVE,32.89,34.45,0.11992411593681385,88.51729132240614
2026-04-06 22:40:00,ACTIVE,32.85,34.56,0.11591259646582369,86.95755345154977
2026-04-06 22:45:00,ACTIVE,32.83,34.61,0.12305153408389341,89.73327757332153
2026-04-06 22:50:00,ACTIVE,32.8,34.63,0.13240997332011017,93.37197662349278
2026-04-06 22:55:00,ACTIVE,32.78,34.62,0.134917877289004,94.34708663480956
2026-04-06 23:00:00,ACTIVE,32.78,34.58,0.1317203327943745,93.1038342268159
2026-04-06 23:05:00,ACTIVE,32.73,34.55,0.12990766094578726,92.39904070652449
2026-04-06 23:10:00,ACTIVE,32.71,34.53,0.12499907142007244,90.49050878212216
2026-04-06 23:15:00,ACTIVE,32.7,34.5,0.12296500502412255,89.69963380007545
2026-04-06 23:20:00,ACTIVE,32.65,34.5,0.12020596433949277,88.62687813375723
2026-04-06 23:25:00,ACTIVE,32.57,34.58,0.1313242434552659,92.94982885630286
2026-04-06 23:30:00,ACTIVE,32.47,34.75,0.12052582854742777,88.75124605026757
2026-04-06 23:35:00,ACTIVE,32.42,34.86,0.11385250398857788,86.15655914566062
2026-04-06 23:40:00,ACTIVE,32.33,34.99,0.10810768067553878,83.9228872047604
2026-04-06 23:45:00,ACTIVE,32.24,35.11,0.10551635895484474,82.91534314257451
2026-04-06 23:50:00,ACTIVE,32.16,35.16,0.10486615343353273,82.66253365660188
2026-04-06 23:55:00,ACTIVE,32.08,35.22,0.1012377413574796,81.2517535851055
2026-04-07 00:00:00,ACTIVE,31.98,35.27,0.10053140145399347,80.97711822433224
2026-04-07 00:05:00,ACTIVE,31.9,35.35,0.10554595441299758,82.92685029272552
2026-04-07 00:10:00,ACTIVE,31.82,35.47,0.10976728452000273,84.56816562994284
2026-04-07 00:50:00,ACTIVE,30.89,38.17,0.06324923174610808,66.48126137467584
2026-04-07 00:55:00,ACTIVE,30.86,38.56,0.055566624891975114,63.4941506442039
2026-04-07 01:00:00,ACTIVE,30.79,38.94,0.06452629423256384,66.9778020839955
2026-04-07 01:05:00,ACTIVE,30.74,39.3,0.06519879129590561,67.23927884992402
2026-04-07 01:10:00,ACTIVE,30.67,39.68,0.059301288242588845,64.94624277661819
2026-04-07 01:15:00,ACTIVE,30.61,40.05,0.06497739911529493,67.15319830839678
2026-04-07 01:20:00,ACTIVE,30.57,40.48,0.06088328311105512,65.56134568854254
2026-04-07 01:25:00,ACTIVE,30.52,40.83,0.04689419841285153,60.12218346081446
2026-04-07 01:30:00,ACTIVE,30.46,41.17,0.049580432375863626,61.16663080112772
2026-04-07 01:35:00,ACTIVE,30.39,41.53,0.050194479951356286,61.405381545061424
2026-04-07 01:40:00,ACTIVE,30.35,41.85,0.04808516746761177,60.5852497755017
2026-04-07 01:45:00,ACTIVE,30.31,42.14,0.06132843314536379,65.73442658014615
2026-04-07 01:50:00,ACTIVE,30.23,42.48,0.052565816892901185,62.32739228414314
2026-04-07 01:55:00,ACTIVE,30.2,42.78,0.05699194688946818,64.04833683567858
2026-04-07 02:00:00,ACTIVE,30.15,43.03,0.05980312101536889,65.14136275202958
2026-04-07 02:05:00,ACTIVE,30.12,43.28,0.06251950192266731,66.19753166842742
2026-04-07 02:10:00,ACTIVE,30.08,43.53,0.06892305802320497,68.6873286220233
2026-04-07 02:15:00,ACTIVE,30.05,43.72,0.07136801663654574,69.63796455174564
2026-04-07 02:20:00,ACTIVE,30.03,43.95,0.061368402311242465,65.74996718069373
2026-04-07 02:25:00,ACTIVE,29.98,44.15,0.06071916272737443,65.49753326543019
2026-04-07 02:30:00,ACTIVE,29.97,44.34,0.05850273522298072,64.635753597748
2026-04-07 02:35:00,ACTIVE,29.93,44.51,0.06943517757461337,68.88644824851747
2026-04-07 03:10:00,ACTIVE,29.62,45.82,0.030560802342353366,53.771518433488964
2026-04-07 03:15:00,ACTIVE,29.59,45.97,0.026181037716354938,52.06860142111793
2026-04-07 03:20:00,ACTIVE,29.56,46.05,0.024975932724563277,51.60003884585227
2026-04-07 03:25:00,ACTIVE,29.52,46.23,0.023718182100414154,51.11100687311342
2026-04-07 03:30:00,ACTIVE,29.5,46.35,0.009847162532376608,45.717750107412705
2026-04-07 03:35:00,ACTIVE,29.48,46.43,0.01396954216730073,47.320592043276754
2026-04-07 03:40:00,ACTIVE,29.46,46.53,0.020122985910600355,49.71314162754676
2026-04-07 03:45:00,ACTIVE,29.47,46.55,0.028678312861098176,53.03957878901362
2026-04-07 03:50:00,ACTIVE,29.45,46.65,0.03036626329451647,53.695878785603455
2026-04-07 03:55:00,ACTIVE,29.45,46.65,0.02717325627428485,52.45439061450499
2026-04-07 04:00:00,ACTIVE,29.42,46.75,0.013969278593782442,47.32048956200969
2026-04-07 04:05:00,ACTIVE,29.41,46.81,0.019832363591093638,49.600143388069476
2026-04-07 04:10:00,ACTIVE,29.39,46.9,-0.0009925122503304795,41.503124854158784
2026-04-07 04:15:00,ACTIVE,29.38,46.98,0.019142180444614354,49.331790012453226
2026-04-07 04:20:00,ACTIVE,29.38,47.05,0.008887749511578669,45.34471619017688
2026-04-07 04:25:00,ACTIVE,29.36,47.19,0.001249364526844765,42.37479957403508
2026-04-07 04:30:00,ACTIVE,29.36,47.24,0.003468107229725681,43.23747942499823
2026-04-07 04:35:00,ACTIVE,29.36,47.31,0.01330113422924828,47.06070518950459
2026-04-07 04:40:00,ACTIVE,29.36,47.39,-4.080582516208242e-05,41.87316233347484
2026-04-07 04:45:00,ACTIVE,29.36,47.44,0.00143596538342472,42.44735273620885
2026-04-07 04:50:00,ACTIVE,29.35,47.49,0.015586630278531077,47.94933972500619
2026-04-07 04:55:00,ACTIVE,29.33,47.55,0.018894419947083574,49.235457080830784
2026-04-07 05:00:00,ACTIVE,29.31,47.58,0.011837756361702811,46.4917223150876
2026-04-07 05:05:00,ACTIVE,29.29,47.65,0.01461779795996343,47.57264344602576
2026-04-07 05:10:00,ACTIVE,29.24,47.74,0.01962774322607208,49.5205839755375
2026-04-07 05:15:00,ACTIVE,29.21,47.86,0.0161479832292718,48.167602022501946
2026-04-07 05:20:00,ACTIVE,29.18,47.96,0.011288642969131513,46.278218938129925
2026-04-07 05:25:00,ACTIVE,29.14,48.07,-0.0009180703377977828,41.53206896648228
2026-04-07 05:30:00,ACTIVE,29.11,48.15,-0.0032392755623354974,40.62955017754879
2026-04-07 05:35:00,ACTIVE,29.08,48.25,-0.004010340762910514,40.329748667688634
2026-04-07 05:40:00,ACTIVE,29.05,48.36,-0.009220496100501463,38.30396351274853
2026-04-07 05:45:00,ACTIVE,29.01,48.46,-0.007461057442337604,38.98805918433442
2026-04-07 05:50:00,ACTIVE,29.01,48.52,-0.008100079488484013,38.73959799826901
2026-04-07 05:55:00,ACTIVE,29.0,48.57,0.0064409929787960785,44.39338120288733
2026-04-07 06:00:00,ACTIVE,29.03,48.56,0.005726569589902031,44.11560286389586
2026-04-07 06:05:00,ACTIVE,29.05,48.55,-0.0029092986737582205,40.757850053279995
2026-04-07 06:10:00,ACTIVE,29.07,48.53,-0.015046826514561129,36.038600410151396
2026-04-07 06:15:00,ACTIVE,29.09,48.51,-0.006374532732605798,39.410515998926826
2026-04-07 06:20:00,ACTIVE,29.07,48.57,0.0006194638387331253,42.129884906355876
2026-04-07 06:25:00,ACTIVE,29.08,48.58,-0.002901424153480048,40.760911782777136
2026-04-07 06:30:00,ACTIVE,29.08,48.61,-0.0005081946152561967,41.6914346859848
2026-04-07 06:35:00,ACTIVE,29.07,48.65,-0.008540869578969823,38.568212317057494
2026-04-07 06:40:00,ACTIVE,29.05,48.71,-0.0037364819708630703,40.43622900071763
2026-04-07 06:45:00,ACTIVE,29.02,48.75,-0.004686849150622008,40.06671223974749
2026-04-07 06:50:00,ACTIVE,28.98,48.84,-0.0037901593208207185,40.415358456241506
2026-04-07 06:55:00,ACTIVE,28.93,48.95,-0.008309868048266389,38.65802911547254
2026-04-07 07:00:00,ACTIVE,28.91,48.96,-0.013703623296238532,36.5608576104528
2026-04-07 07:05:00,ACTIVE,28.85,49.09,-0.017822043948052535,34.9595549855485
2026-04-07 07:10:00,ACTIVE,28.85,49.12,-0.010865294307650597,37.664441737481184
2026-04-07 07:15:00,ACTIVE,28.83,49.19,-0.03167881593634747,29.57183788875712
2026-04-07 07:20:00,ACTIVE,28.83,49.24,-0.022924162758836575,32.975776023901275
2026-04-07 07:25:00,ACTIVE,28.85,49.24,-0.01587843074581763,35.71526043325855
2026-04-07 07:30:00,ACTIVE,28.88,49.28,-0.027961341038359455,31.017246897558117
2026-04-07 07:35:00,ACTIVE,28.97,49.21,-0.02943320119516646,30.444965984109174
2026-04-07 07:40:00,ACTIVE,29.04,49.13,-0.024102379844031074,32.5176678628522
2026-04-07 07:45:00,ACTIVE,29.14,48.99,-0.026387805585379676,31.629060664111243
2026-04-07 07:50:00,ACTIVE,29.24,48.92,-0.04215486560377246,25.498595437506644
2026-04-07 07:55:00,ACTIVE,29.39,48.6,-0.015578541217446173,35.831861900073505
2026-04-07 08:00:00,ACTIVE,29.5,48.35,-0.011404634114441814,37.454738474666165
2026-04-07 08:05:00,ACTIVE,29.64,48.05,-0.017773155086923897,34.97856369502051
2026-04-07 09:00:00,ACTIVE,30.48,45.31,0.01337457961728089,47.089261838420946
2026-04-07 09:05:00,ACTIVE,30.65,44.74,0.027224882688140606,52.474463724808864
2026-04-07 09:10:00,ACTIVE,30.83,44.11,0.03172851926767428,54.22554397768343
2026-04-07 09:15:00,ACTIVE,31.0,43.42,0.022957664470093564,50.815306413962425
2026-04-07 09:20:00,ACTIVE,31.19,42.64,0.02827608170116236,52.883185388077315
2026-04-07 09:25:00,ACTIVE,31.37,41.93,0.02700617397990762,52.38942655687687
2026-04-07 09:30:00,ACTIVE,31.56,41.2,0.02385757672068095,51.165205555133056
2026-04-07 09:35:00,ACTIVE,31.73,40.59,0.043293864826868866,58.72232071992961
2026-04-07 09:40:00,ACTIVE,31.92,39.99,0.025980934777783515,51.99079845054367
2026-04-07 09:45:00,ACTIVE,32.11,39.41,0.04265566867046566,58.47418065196395
2026-04-07 09:50:00,ACTIVE,32.31,38.67,0.03371687712600657,54.99864680689398
2026-04-07 09:55:00,ACTIVE,32.51,37.91,0.049767591385151744,61.23940098129753
2026-04-07 10:00:00,ACTIVE,32.72,36.85,0.04991921304632452,61.2983537169588
2026-04-07 10:05:00,ACTIVE,32.92,35.79,0.06225600518477503,66.09508025471501
2026-04-07 10:10:00,ACTIVE,31.99,37.51,0.06177546356058272,65.90823859155077
2026-04-07 10:15:00,ACTIVE,32.29,35.93,0.07269592881122616,70.15427636900054
2026-04-07 10:20:00,ACTIVE,32.64,34.59,0.0707213985028256,69.38654989492066
2026-04-07 10:25:00,ACTIVE,32.2,27.94,0.07053138418038651,69.31266952693127
2026-04-07 10:30:00,ACTIVE,32.13,34.44,0.09300351399832502,78.05016467541864
2026-04-07 10:35:00,ACTIVE,32.6,32.86,0.08790857277637404,76.06917646605503
2026-04-07 10:40:00,ACTIVE,31.73,34.19,0.08158220349260259,73.60939088398848
2026-04-07 10:45:00,ACTIVE,32.3,32.5,0.09520537666615031,78.90628132006358
2026-04-07 10:50:00,ACTIVE,31.53,33.62,0.09914476168704744,80.43797225398816
2026-04-07 10:55:00,ACTIVE,32.16,31.96,0.09182706101700033,77.59274242394419
2026-04-07 11:00:00,ACTIVE,31.43,32.73,0.09511770295514971,78.87219248955559
2026-04-07 11:05:00,ACTIVE,32.19,30.84,0.0826201642598482,74.012965322264
2026-04-07 11:10:00,ACTIVE,31.46,31.78,0.10338995403681406,82.08856558274654
2026-04-07 11:15:00,ACTIVE,32.13,29.07,0.1082514783303491,83.97879785147916
2026-04-07 11:20:00,ACTIVE,31.67,30.93,0.11382199987876207,86.14469869835617
2026-04-07 11:25:00,ACTIVE,31.54,28.21,0.11283667679638393,85.76159056745264
2026-04-07 11:30:00,ACTIVE,31.81,30.6,0.10440779964204078,82.48431894967834
2026-04-07 11:35:00,ACTIVE,30.98,32.22,0.10895398219822405,84.25194170509161
2026-04-07 11:40:00,ACTIVE,31.83,29.77,0.10321562438596754,82.02078364614998
2026-04-07 11:45:00,ACTIVE,31.26,32.17,0.11986045262232042,88.49253808779821
2026-04-07 11:50:00,ACTIVE,30.88,29.58,0.11639945959422782,87.14685300868443
2026-04-07 11:55:00,ACTIVE,31.59,31.89,0.11300927387476317,85.82869885434843
2026-04-07 12:00:00,ACTIVE,30.67,34.08,0.11227046561484888,85.54143931824918
2026-04-07 12:05:00,ACTIVE,31.5,30.5,0.11851344276780779,87.96880081126407
2026-04-07 12:10:00,ACTIVE,31.01,33.76,0.11987255855751311,88.49724505375431
2026-04-07 14:45:00,ACTIVE,30.62,30.83,0.07980204183371759,72.91723780441635
2026-04-07 14:50:00,ACTIVE,30.43,33.52,0.0749688924118665,71.03803810383307
2026-04-07 14:55:00,ACTIVE,30.22,31.55,0.07902208339616151,72.6139784729965
2026-04-07 15:00:00,ACTIVE,30.3,34.02,0.08668323240414011,75.5927460767515
2026-04-07 15:05:00,ACTIVE,30.0,32.1,0.06818856390109052,68.40174648625953
2026-04-07 15:10:00,ACTIVE,29.56,35.9,0.10393781681194225,82.30158270121736
2026-04-07 15:15:00,ACTIVE,30.15,32.11,0.11175356626275607,85.3404612348295
2026-04-07 15:20:00,ACTIVE,29.2,36.8,0.11071114136015076,84.93515107495735
2026-04-07 16:10:00,ACTIVE,30.91,34.38,0.10198613420012975,81.5427397481793
2026-04-07 16:15:00,ACTIVE,29.88,32.44,0.11423630457810663,86.3057864692905
2026-04-07 16:20:00,ACTIVE,30.54,35.79,0.12894577782017985,92.02504637614742
2026-04-07 16:25:00,ACTIVE,29.86,32.93,0.11684809398241891,87.32128866841148
2026-04-07 16:30:00,ACTIVE,30.74,35.62,0.11903303901090051,88.170827485637
2026-04-07 16:35:00,ACTIVE,29.88,33.1,0.12874893019932382,91.94850912106054
2026-04-07 16:40:00,ACTIVE,30.68,35.99,0.1287214912296329,91.93784044539444
2026-04-07 16:45:00,ACTIVE,29.89,33.03,0.13005341423699773,92.45571173348745
2026-04-07 16:50:00,ACTIVE,30.89,35.52,0.13217630688582566,93.28112367130417
2026-04-07 16:55:00,ACTIVE,29.79,34.13,0.13765606400520042,95.4117339709655
2026-04-07 17:00:00,ACTIVE,31.08,34.69,0.13791249683398993,95.51143883274823
2026-04-07 17:05:00,ACTIVE,29.78,38.36,0.12169970129526403,89.20766506894792
2026-04-07 18:10:00,ACTIVE,31.38,28.52,0.13636006330963713,94.90782980693378
2026-04-07 18:15:00,ACTIVE,31.67,30.13,0.1284310317838649,91.82490553362635
2026-04-07 18:20:00,ACTIVE,31.0,31.04,0.14235832234204748,97.24004128931938
2026-04-07 18:25:00,ACTIVE,32.03,28.56,0.14105508906577674,96.73332499135311
2026-04-07 18:30:00,ACTIVE,31.38,30.02,0.14466506500999637,98.13693682317853
2026-04-07 18:35:00,ACTIVE,31.74,27.53,0.14573461779421154,98.55279470308768
2026-04-07 18:40:00,ACTIVE,31.73,29.05,0.14586615014322635,98.60393641821203
2026-04-07 18:45:00,ACTIVE,31.26,29.31,0.13959205598565833,96.16447617536743
2026-04-07 18:50:00,ACTIVE,32.03,28.34,0.12966200422248947,92.30352575331813
2026-04-07 18:55:00,ACTIVE,31.31,29.53,0.14757609040433967,99.26878638377936
2026-04-07 19:00:00,ACTIVE,32.21,27.6,0.1302631342538501,92.53725396578292
2026-04-07 19:05:00,ACTIVE,31.62,29.14,0.1378796304095311,95.49865988270729
2026-04-07 19:10:00,ACTIVE,32.02,27.04,0.13183734230953742,93.149329250178
2026-04-07 19:15:00,ACTIVE,31.83,28.9,0.11561232877793609,86.84080495074362
2026-04-07 19:20:00,ACTIVE,31.49,27.27,0.12028675149733048,88.65828937093795
2026-04-07 19:25:00,ACTIVE,31.97,28.74,0.1321092309136772,93.2550435451223
2026-04-07 19:30:00,ACTIVE,32.03,26.7,0.1413149527828239,96.8343638330367
2026-04-07 19:35:00,ACTIVE,32.12,28.37,0.1317949044977026,93.13282880371283
2026-04-07 19:40:00,ACTIVE,32.26,26.47,0.12166242269871536,89.19317060139521
2026-04-07 19:45:00,ACTIVE,32.08,28.33,0.136732224733762,95.05253165157824
2026-04-07 19:50:00,ACTIVE,32.37,26.46,0.13995546765578365,96.3057759867493
2026-04-07 19:55:00,ACTIVE,32.1,28.31,0.14506749334503644,98.2934068887003
2026-04-07 20:00:00,ACTIVE,32.7,27.38,0.1379465302646422,95.52467153199035
2026-04-07 20:05:00,ACTIVE,32.01,28.54,0.14320968838412135,97.57106494940295
2026-04-07 20:10:00,ACTIVE,32.63,27.68,0.14843511735760795,99.60278871900127
2026-04-07 20:15:00,ACTIVE,31.86,28.96,0.1395845250039887,96.16154801874255
2026-04-07 20:20:00,ACTIVE,32.38,28.31,0.14703284781961468,99.0575656634052
2026-04-07 20:25:00,ACTIVE,31.91,27.82,0.14335885613914684,97.6290635702015
2026-04-07 20:30:00,ACTIVE,32.23,28.84,0.1401830984877665,96.39428220784227
2026-04-07 20:35:00,ACTIVE,32.74,27.69,0.13862317874243185,95.78776242901779
2026-04-07 20:40:00,ACTIVE,32.07,29.24,0.11820974756025526,87.85071964031556
2026-04-07 20:45:00,ACTIVE,32.65,28.32,0.11083364621239239,84.98278276633681
2026-04-07 20:50:00,ACTIVE,31.89,29.53,0.11506468133590475,86.6278715569533
2026-04-07 20:55:00,ACTIVE,32.5,28.5,0.11891604673880252,88.1253391666326
2026-04-07 21:00:00,ACTIVE,32.06,26.64,0.10952317113496496,84.47325074938952
2026-04-07 21:05:00,ACTIVE,32.24,28.84,0.12263241789017493,89.57031902248828
2026-04-07 21:10:00,ACTIVE,32.74,28.01,0.10888153922143101,84.22377480843343
2026-04-07 21:15:00,ACTIVE,31.93,29.24,0.11790744173284234,87.73317868083467
2026-04-07 21:20:00,ACTIVE,32.39,28.6,0.10517232016436417,82.78157579221346
2026-04-07 21:25:00,ACTIVE,32.84,27.92,0.11426281483842982,86.316094049072
2026-04-07 21:30:00,ACTIVE,31.97,29.42,0.1161858600724987,87.06380236773728
2026-04-07 21:35:00,ACTIVE,32.5,28.69,0.12208492233465351,89.35744468441071
2026-04-07 21:40:00,ACTIVE,32.89,28.31,0.09468556720837029,78.704171744679
2026-04-07 21:45:00,ACTIVE,32.44,26.27,0.10671450161588514,83.38119866107012
2026-04-07 21:50:00,ACTIVE,32.36,29.75,0.1229064469891234,89.67686557334949
2026-04-07 21:55:00,ACTIVE,32.7,29.45,0.1295015157270507,92.24112546186177
2026-04-07 22:00:00,ACTIVE,32.96,29.43,0.1229500111112048,89.69380394583212
2026-04-07 22:05:00,ACTIVE,33.12,29.5,0.12587029384880127,90.82925289787548
2026-04-07 22:10:00,ACTIVE,33.22,29.62,0.10872073384554598,84.16125130919106
2026-04-07 22:15:00,ACTIVE,33.3,29.82,0.12094619671061863,88.91469138527657
2026-04-07 22:20:00,ACTIVE,33.35,30.06,0.12694852976196946,91.24848690624755
2026-04-07 22:25:00,ACTIVE,33.39,30.28,0.10703952607054312,83.50757295753075
2026-04-07 22:30:00,ACTIVE,33.42,30.55,0.12618221216632447,90.95053133512924
2026-04-07 22:35:00,ACTIVE,33.41,30.86,0.1257950159534273,90.799983743107
2026-04-07 22:40:00,ACTIVE,33.41,31.2,0.12355618150570541,89.92949192574393
2026-04-07 22:45:00,ACTIVE,33.41,31.55,0.12333273675477469,89.84261331463634
2026-04-07 22:50:00,ACTIVE,33.39,31.85,0.13415036691446797,94.04866729368554
2026-04-07 22:55:00,ACTIVE,33.38,32.1,0.1359216640140294,94.73737370199373
2026-04-07 23:00:00,ACTIVE,33.36,32.37,0.13577611016449437,94.6807802208925
2026-04-07 23:05:00,ACTIVE,33.33,32.66,0.13176786736229162,93.12231636713489
2026-04-07 23:10:00,ACTIVE,33.29,32.97,0.1351233680681138,94.4269844771626
2026-04-07 23:15:00,ACTIVE,33.27,33.24,0.12128951673768695,89.04817926983362
2026-04-07 23:20:00,ACTIVE,33.24,33.54,0.1283251206056863,91.7837257071923
2026-04-07 23:25:00,ACTIVE,33.21,33.8,0.13803544401352424,95.55924250749577
2026-04-07 23:30:00,ACTIVE,33.15,34.11,0.12383608277249902,90.03832166197625
2026-04-07 23:35:00,ACTIVE,33.14,34.37,0.1182090940087252,87.8504655298521
2026-04-07 23:40:00,ACTIVE,33.12,34.62,0.1228360681998853,89.64950126322373
2026-04-07 23:45:00,ACTIVE,33.08,34.95,0.1272528889525445,91.36682624357748
2026-04-07 23:50:00,ACTIVE,33.04,35.29,0.12808427730964772,91.69008228541912
2026-04-07 23:55:00,ACTIVE,32.96,35.6,0.12960536637224856,92.28150412271569
2026-04-08 00:00:00,ACTIVE,32.91,35.93,0.12737355346928436,91.41374238540074
2026-04-08 00:05:00,ACTIVE,32.86,36.27,0.12242542404016671,89.48983676402563
2026-04-08 00:10:00,ACTIVE,32.81,36.64,0.12163910771260777,89.18410539130376
2026-04-08 00:15:00,ACTIVE,32.75,36.94,0.10021255857792127,80.85314741669714
2026-04-08 00:20:00,ACTIVE,32.7,37.28,0.09979521561993293,80.69087832604033
2026-04-08 00:25:00,ACTIVE,32.63,37.59,0.09859300685593614,80.2234418468106
2026-04-08 00:30:00,ACTIVE,32.57,37.91,0.11325456924358301,85.92407330761004
2026-04-08 00:35:00,ACTIVE,32.5,38.16,0.11912684770051069,88.20730168621324
2026-04-08 00:40:00,ACTIVE,32.46,38.4,0.12045889738530674,88.72522222835781
2026-04-08 00:45:00,ACTIVE,32.43,38.61,0.10386385618078631,82.27282571818371
2026-04-08 00:50:00,ACTIVE,32.41,38.74,0.11659758773721068,87.22388814963978
2026-04-08 00:55:00,ACTIVE,32.36,38.87,0.12480812980994577,90.41626787101838
2026-04-08 01:00:00,ACTIVE,32.33,39.02,0.10868136135221218,84.14594270371953
2026-04-08 01:05:00,ACTIVE,32.3,39.16,0.10645754690272108,83.2812908829538
2026-04-08 01:10:00,ACTIVE,32.29,39.26,0.10890047359388039,84.23113677139628
2026-04-08 01:15:00,ACTIVE,32.27,39.36,0.13280869633587983,93.52700600629282
2026-04-08 01:20:00,ACTIVE,32.25,39.44,0.12171348414481059,89.21302404391028
2026-04-08 01:25:00,ACTIVE,32.25,39.5,0.12219900538862782,89.40180185654798
2026-04-08 01:30:00,ACTIVE,32.23,39.61,0.12156167827239917,89.1539996842055
2026-04-08 02:30:00,ACTIVE,31.15,41.98,0.040640321415976066,57.690583947900606
2026-04-08 02:35:00,ACTIVE,31.17,41.97,0.060725519507925096,65.50000487536086
2026-04-08 02:40:00,ACTIVE,31.23,41.86,0.0599161931742212,65.18532687325018
2026-04-08 02:45:00,ACTIVE,31.29,41.77,0.07249710167952478,70.07696945093345
2026-04-08 02:50:00,ACTIVE,31.31,41.72,0.07635996221477664,71.57890653742642
2026-04-08 02:55:00,ACTIVE,31.33,41.71,0.07649679607061466,71.63210955650915
2026-04-08 03:00:00,ACTIVE,31.35,41.69,0.07889619807348897,72.56503240491001
2026-04-08 03:05:00,ACTIVE,31.36,41.7,0.0890836632568508,76.5260689571265
2026-04-08 03:10:00,ACTIVE,31.38,41.69,0.08864597502236393,76.3558893232261
2026-04-08 03:15:00,ACTIVE,31.38,41.72,0.09835442130817607,80.13067627083085
2026-04-08 03:20:00,ACTIVE,31.38,41.74,0.0893754898506342,76.63953543618477
2026-04-08 03:25:00,ACTIVE,31.38,41.73,0.1001385532217588,80.82437304392205
2026-04-08 03:30:00,ACTIVE,31.39,41.75,0.10479223732669624,82.63379398527961
2026-04-08 03:35:00,ACTIVE,31.41,41.76,0.10525230837061883,82.81267638524797
2026-04-08 03:40:00,ACTIVE,31.4,41.78,0.10139670060841627,81.31355928376952
2026-04-08 03:45:00,ACTIVE,31.41,41.79,0.09922107739378766,80.4676449251056
2026-04-08 03:50:00,ACTIVE,31.4,41.83,0.10683513286919233,83.4281018695807
2026-04-08 03:55:00,ACTIVE,31.41,41.85,0.11072945994743844,84.94227361157715
2026-04-08 04:00:00,ACTIVE,31.42,41.83,0.11075609447670376,84.95262950895419
2026-04-08 04:05:00,ACTIVE,31.41,41.88,0.11446998300854122,86.39664408575898
2026-04-08 04:10:00,ACTIVE,31.38,41.94,0.09962450425235908,80.6245032312873
2026-04-08 04:15:00,ACTIVE,31.37,42.0,0.1087207245977439,84.16124771350938
2026-04-08 04:20:00,ACTIVE,31.34,42.05,0.10492389533110208,82.68498455707123
2026-04-08 04:25:00,ACTIVE,31.32,42.14,0.10072660636825997,81.0530167708956
2026-04-08 04:30:00,ACTIVE,31.33,42.16,0.05228233527112991,62.21717045314718
2026-04-08 04:35:00,ACTIVE,31.33,42.14,0.07021651977802051,69.19024560848682
2026-04-08 04:40:00,ACTIVE,31.33,42.17,0.07439495487559983,70.81488273407983
2026-04-08 04:45:00,ACTIVE,31.34,42.16,0.07532056809938681,71.17477479227534
2026-04-08 04:50:00,ACTIVE,31.33,42.18,0.07828272557575716,72.32650525968218
2026-04-08 04:55:00,ACTIVE,31.32,42.17,0.08509986945985037,74.97711123679153
2026-04-08 05:00:00,ACTIVE,31.31,42.2,0.08366677660019911,74.41990361962392
2026-04-08 05:05:00,ACTIVE,31.29,42.25,0.08025879708931855,73.0948309770347
2026-04-08 06:05:00,ACTIVE,30.9,43.3,0.04087681072089322,57.7825344737797
2026-04-08 06:50:00,ACTIVE,31.19,42.94,0.07956775385207865,72.82614318545927
2026-04-08 06:55:00,ACTIVE,31.23,42.86,0.08174864544700317,73.67410596799974
2026-04-08 07:00:00,ACTIVE,31.28,42.76,0.06838340183718605,68.47750234630342
2026-04-08 07:05:00,ACTIVE,31.34,42.57,0.07471707039766412,70.9401259946916
2026-04-08 07:10:00,ACTIVE,31.38,42.42,0.051723324850841856,61.99981896600324
2026-04-08 07:15:00,ACTIVE,31.44,42.29,0.054368973051035274,63.0284859637945
2026-04-08 07:20:00,ACTIVE,31.51,42.09,0.054948364716127684,63.253761979189264
2026-04-08 07:25:00,ACTIVE,31.58,41.93,0.06748202982590656,68.12703562866949
2026-04-08 07:30:00,ACTIVE,31.68,41.72,0.06955726632691889,68.9339181541115
2026-04-08 07:35:00,ACTIVE,31.78,41.47,0.06699049152918796,67.93591829721628
2026-04-08 07:40:00,ACTIVE,31.85,41.26,0.05822654431078511,64.52836650204695
2026-04-08 07:45:00,ACTIVE,31.93,41.07,0.07700498771760828,71.8297019558982
2026-04-08 07:50:00,ACTIVE,32.0,40.87,0.05802016769713281,64.44812423417304
2026-04-08 07:55:00,ACTIVE,32.08,40.67,0.07678116535728263,71.74267652469464
2026-04-08 08:00:00,ACTIVE,32.14,40.52,0.06849990148630525,68.522799126236
2026-04-08 08:05:00,ACTIVE,32.24,40.3,0.06390336190199153,66.73559681639034
2026-04-08 08:10:00,ACTIVE,32.32,40.06,0.09096169424887263,77.2562750753023
2026-04-08 10:20:00,ACTIVE,32.63,40.01,0.0531664735559188,62.56093644402216
2026-04-08 10:25:00,ACTIVE,32.89,39.49,0.0514206666832977,61.882141011488386
2026-04-08 10:30:00,ACTIVE,31.9,42.51,0.07742138729213138,71.99160424516514
2026-04-08 10:35:00,ACTIVE,32.38,41.16,0.07574565794904681,71.34005598854675
2026-04-08 10:40:00,ACTIVE,32.51,33.22,0.06910380731896437,68.75760661114072
2026-04-08 10:45:00,ACTIVE,31.96,42.52,0.07957077489709669,72.82731781227044
2026-04-08 10:50:00,ACTIVE,32.51,40.97,0.08327599235258182,74.26796094684104
2026-04-08 10:55:00,ACTIVE,31.67,44.16,0.07606571781004301,71.4644999778498
2026-04-08 11:00:00,ACTIVE,32.25,41.71,0.08529679303568333,75.05367802429245
2026-04-08 11:05:00,ACTIVE,31.44,43.28,0.09466888995519218,78.69768738294229
2026-04-08 11:10:00,ACTIVE,32.01,42.46,0.08440512344694334,74.7069837514848
2026-04-08 11:15:00,ACTIVE,31.16,46.54,0.08706137551253035,75.73977368836472
2026-04-08 11:20:00,ACTIVE,31.95,42.52,0.09775220585483851,79.89652603031023
2026-04-08 11:25:00,ACTIVE,30.99,46.21,0.09112180812247056,77.31852970826773
2026-04-08 11:30:00,ACTIVE,31.9,39.01,0.10031127102565168,80.89152827067616
2026-04-08 11:35:00,ACTIVE,31.11,44.9,0.09892587481561177,80.35286581357813
2026-04-08 11:40:00,ACTIVE,31.07,34.15,0.10701585669859559,83.49836995700366
2026-04-08 11:45:00,ACTIVE,31.19,44.4,0.10098928934965562,81.15515178409325
2026-04-08 11:50:00,ACTIVE,30.34,38.07,0.10640148656272963,83.25949379684462
2026-04-08 11:55:00,ACTIVE,31.3,43.11,0.10824896563165631,83.97782087720856
2026-04-08 12:00:00,ACTIVE,30.36,47.0,0.10548596262374921,82.90352460122438
2026-04-08 13:25:00,ACTIVE,30.75,39.37,0.08252158347613037,73.97463566119283
2026-04-08 13:30:00,ACTIVE,30.4,33.52,0.1082980220364706,83.99689473013392
2026-04-08 13:35:00,ACTIVE,30.34,40.75,0.06929179149664638,68.83069762893903
2026-04-08 13:40:00,ACTIVE,30.17,34.31,0.08407277006993541,74.57775986203966
2026-04-08 13:45:00,ACTIVE,29.67,43.12,0.0969629277580239,79.58964307806686
2026-04-08 13:50:00,ACTIVE,30.19,34.92,0.09057438168563064,77.10568224455184
2026-04-08 13:55:00,ACTIVE,29.27,44.07,0.09781042268649742,79.91916159215064
2026-04-08 14:00:00,ACTIVE,30.55,35.42,0.10091336900121545,81.12563283410758
2026-04-08 14:05:00,ACTIVE,29.15,35.53,0.10166426536094991,81.41759240150733
2026-04-08 14:10:00,ACTIVE,30.45,39.28,0.10076476876135976,81.06785487156809
2026-04-08 14:15:00,ACTIVE,29.55,34.98,0.09895491362347614,80.36415652989601
2026-04-08 14:20:00,ACTIVE,29.85,40.47,0.10098424332720862,81.1531898162243
2026-04-08 14:25:00,ACTIVE,29.99,34.5,0.11776676560027394,87.67848172795202
2026-04-08 14:30:00,ACTIVE,29.2,42.23,0.1192238571102815,88.24502037394322
2026-04-08 14:35:00,ACTIVE,30.38,34.88,0.12236664241202255,89.46698160099076
2026-04-08 14:40:00,ACTIVE,29.05,35.67,0.1293446092857103,92.18011792581221
2026-04-08 14:45:00,ACTIVE,29.85,40.21,0.1072063690681293,83.57244397304102
2026-04-08 14:50:00,ACTIVE,29.69,35.21,0.12545702290024963,90.66856706447939
2026-04-08 14:55:00,ACTIVE,28.55,37.24,0.12184071322670287,89.26249258537862
2026-04-08 15:00:00,ACTIVE,30.26,38.66,0.11547485310833605,86.78735238501456
2026-04-08 15:05:00,ACTIVE,29.15,35.98,0.11407184823171501,86.24184341892649
2026-04-08 15:10:00,ACTIVE,28.64,44.72,0.07541186195501548,71.21027118834927
2026-04-08 15:15:00,ACTIVE,29.95,36.01,0.06510544037624338,67.20298263704774
2026-04-08 15:20:00,ACTIVE,28.74,36.43,0.09435992967541462,78.57755907434392
2026-04-08 16:15:00,ACTIVE,29.46,38.69,0.11456582385666997,86.43390841950644
2026-04-08 16:20:00,ACTIVE,30.4,33.11,0.1176972202099611,87.65144145560663
2026-04-08 16:25:00,ACTIVE,29.41,38.48,0.11669306927949524,87.26101277998146
2026-04-08 16:30:00,ACTIVE,30.59,33.02,0.09725833084969815,79.70450015219659
2026-04-08 16:35:00,ACTIVE,29.27,38.7,0.11571369861711511,86.88021903766843
2026-04-08 16:40:00,ACTIVE,30.76,33.46,0.11543184228459757,86.77062914307923
2026-04-08 16:45:00,ACTIVE,29.36,38.2,0.13339188305448246,93.75375759440377
2026-04-08 16:50:00,ACTIVE,30.89,33.75,0.13222373739198673,93.29956535087928
2026-04-08 16:55:00,ACTIVE,29.43,35.7,0.12682753679753705,91.20144305912251
2026-04-08 18:00:00,ACTIVE,31.12,30.82,0.11939629050800393,88.31206501938819
2026-04-08 18:05:00,ACTIVE,31.29,35.09,0.1294624354413209,92.22593047101168
2026-04-08 18:10:00,ACTIVE,30.41,37.74,0.12032650210477619,88.67374499274683
2026-04-08 18:15:00,ACTIVE,31.62,34.87,0.1315640296587851,93.04306126493067
2026-04-08 18:20:00,ACTIVE,30.82,37.17,0.12920568421002615,92.12610180964398
2026-04-08 18:25:00,ACTIVE,31.5,31.9,0.13257963357007896,93.43794302823515
2026-04-08 18:30:00,ACTIVE,31.33,36.15,0.1264583026345118,91.05787937672007
2026-04-08 18:35:00,ACTIVE,30.89,31.45,0.13807162143032436,95.57330882013889
2026-04-08 18:40:00,ACTIVE,31.63,35.68,0.14433212280034674,98.0074839869272
2026-04-08 18:45:00,ACTIVE,30.73,38.35,0.1318732549824999,93.16329262651665
2026-04-08 18:50:00,ACTIVE,31.84,35.46,0.1394749672937492,96.11895036691993
2026-04-08 18:55:00,ACTIVE,31.2,37.25,0.14509194084653781,98.30291243746187
2026-04-08 19:00:00,ACTIVE,32.13,33.72,0.14469588460443378,98.14891993555182
2026-04-08 19:05:00,ACTIVE,31.45,36.77,0.14352701744761637,97.69444716440549
2026-04-08 19:10:00,ACTIVE,31.84,31.34,0.12942169737299192,92.21009090986341
2026-04-08 19:15:00,ACTIVE,31.7,36.13,0.14609840806026553,98.69424171814437
2026-04-08 19:20:00,ACTIVE,32.1,31.29,0.1394149591389499,96.09561831225149
2026-04-08 19:25:00,ACTIVE,31.73,36.24,0.1312814723859334,92.9331988344128
2026-04-08 19:30:00,ACTIVE,31.89,30.89,0.12285976806568505,89.65871612020983
2026-04-08 19:35:00,ACTIVE,31.84,36.37,0.1198613837058467,88.49290010679061
2026-04-08 19:40:00,ACTIVE,31.17,38.44,0.12307228950716642,89.74134758767362
2026-04-08 19:45:00,ACTIVE,32.01,36.15,0.13103178501756435,92.83611670702044
2026-04-08 19:50:00,ACTIVE,31.61,33.11,0.13530863780543695,94.49902008055832
2026-04-08 19:55:00,ACTIVE,32.04,36.37,0.1344191557322818,94.15317634603808
2026-04-08 20:00:00,ACTIVE,32.64,34.26,0.13332636113126217,93.7282817053405
2026-04-08 21:20:00,ACTIVE,33.1,37.61,0.09026058614636012,76.98367391582617
2026-04-08 21:25:00,ACTIVE,33.18,37.75,0.10528300398059359,82.82461129063554
2026-04-08 21:30:00,ACTIVE,33.26,37.87,0.11641958185534323,87.15467684026146
2026-04-08 21:35:00,ACTIVE,33.31,38.02,0.1177944363171976,87.68924051035647
2026-04-08 21:40:00,ACTIVE,33.36,38.17,0.12167081932403617,89.19643533302495
2026-04-08 21:45:00,ACTIVE,33.37,38.35,0.1137627643413105,86.12166704869524
2026-04-08 21:50:00,ACTIVE,33.38,38.55,0.11424602224427788,86.3095648410654
2026-04-08 21:55:00,ACTIVE,33.37,38.77,0.1236111795945753,89.9508759929672
2026-04-08 22:00:00,ACTIVE,33.39,38.94,0.1341057987763375,94.03133854497115
2026-04-08 22:05:00,ACTIVE,33.39,39.08,0.13313017057466076,93.65199992651617
2026-04-08 22:10:00,ACTIVE,33.39,39.26,0.13415992340238153,94.05238299697926
2026-04-08 22:15:00,ACTIVE,33.37,39.46,0.11720300980162257,87.45928516778815
2026-04-08 22:20:00,ACTIVE,33.38,39.62,0.12677993632549922,91.18293529431047
2026-04-08 22:25:00,ACTIVE,33.38,39.72,0.13009221807752075,92.47079923836836
2026-04-08 22:30:00,ACTIVE,33.4,39.8,0.12927493180869065,92.15302629620922
2026-04-08 22:35:00,ACTIVE,33.36,39.95,0.13186543790870647,93.16025323305911
2026-04-08 22:40:00,ACTIVE,33.33,40.02,0.13642239099415765,94.93206372893079
2026-04-08 22:45:00,ACTIVE,33.31,40.11,0.13291404918843752,93.56796874749982
2026-04-08 22:50:00,ACTIVE,33.29,40.2,0.13865736332203654,95.80105389719944
2026-04-08 22:55:00,ACTIVE,33.27,40.31,0.12937914308449217,92.1935451755549
2026-04-08 23:00:00,ACTIVE,33.26,40.42,0.13233817625845334,93.34406086815564
2026-04-08 23:05:00,ACTIVE,33.27,40.48,0.12261728643174102,89.56443568852185
2026-04-08 23:10:00,ACTIVE,33.26,40.52,0.1205297175297812,88.75275814390181
2026-04-08 23:15:00,ACTIVE,33.24,40.64,0.12350846826472706,89.91094031470641
2026-04-08 23:20:00,ACTIVE,33.26,40.7,0.12803839868262967,91.6722439993182
2026-04-08 23:25:00,ACTIVE,33.26,40.75,0.11145374478313991,85.22388622637315
2026-04-08 23:30:00,ACTIVE,33.26,40.85,0.12117850513821732,89.00501632445862
2026-04-08 23:35:00,ACTIVE,33.26,40.95,0.11818635718485138,87.84162511775502
2026-04-08 23:40:00,ACTIVE,33.24,41.04,0.11549908989856228,86.79677600612801
2026-04-08 23:45:00,ACTIVE,33.18,41.21,0.11480281131706388,86.52605263557408
2026-04-08 23:50:00,ACTIVE,33.12,41.41,0.1156365342718908,86.85021640340564
2026-04-08 23:55:00,ACTIVE,33.06,41.62,0.11729934135630493,87.4967402954731
2026-04-09 00:00:00,ACTIVE,33.0,41.81,0.1309652312745937,92.81023963123674
2026-04-09 00:05:00,ACTIVE,32.94,42.03,0.13352023501838983,93.80366272894265
2026-04-09 00:10:00,ACTIVE,32.86,42.27,0.12453634263460989,90.31059301308734
2026-04-09 00:15:00,ACTIVE,32.78,42.49,0.12496941019528718,90.47897606093555
2026-04-09 00:20:00,ACTIVE,32.7,42.7,0.11179967187681095,85.35838777683448
2026-04-09 00:25:00,ACTIVE,32.65,42.92,0.11442301011253553,86.37838033175412
2026-04-09 00:30:00,ACTIVE,32.61,43.02,0.12228707703384523,89.43604540974212
2026-04-09 00:35:00,ACTIVE,32.57,43.13,0.11696338863245914,87.36611692694927
2026-04-09 01:10:00,ACTIVE,32.21,43.95,0.12185985837963997,89.26993650290046
2026-04-09 01:15:00,ACTIVE,32.16,44.03,0.10712347764050406,83.54021456476532
2026-04-09 01:20:00,ACTIVE,32.14,44.08,0.1263110074028762,91.00060882060286
2026-04-09 01:25:00,ACTIVE,32.12,44.1,0.12760274692600987,91.50285617801535
2026-04-09 01:30:00,ACTIVE,32.09,44.19,0.1269426772870762,91.24621137778627
2026-04-09 01:35:00,ACTIVE,32.06,44.31,0.12290445651303639,89.67609164692176
2026-04-09 01:40:00,ACTIVE,32.03,44.39,0.12364682009875505,89.96473354607333
2026-04-09 01:45:00,ACTIVE,31.99,44.5,0.12369821030889955,89.98471481689435
2026-04-09 01:50:00,ACTIVE,31.94,44.6,0.11779466194052457,87.68932823603004
2026-04-09 01:55:00,ACTIVE,31.89,44.7,0.12394158771140279,90.07934353659523
2026-04-09 02:00:00,ACTIVE,31.85,44.72,0.11051943633741429,84.86061333778375
2026-04-09 02:05:00,ACTIVE,31.8,44.74,0.1126358348127382,85.68350024526536
2026-04-09 02:10:00,ACTIVE,31.74,44.79,0.10403856446534693,82.34075487314662
2026-04-09 02:15:00,ACTIVE,31.68,44.82,0.09261262606238801,77.89818168708945
2026-04-09 02:20:00,ACTIVE,31.64,44.74,0.10443571725312684,82.49517372817054
2026-04-09 02:25:00,ACTIVE,31.6,44.7,0.1123544918752098,85.57410996621164
2026-04-09 02:30:00,ACTIVE,31.55,44.63,0.10991921504477375,84.6272384563215
2026-04-09 02:35:00,ACTIVE,31.53,44.51,0.1187709109527676,88.06890823477941
2026-04-09 02:40:00,ACTIVE,31.5,44.36,0.11080025568657337,84.9698000379656
2026-04-09 02:45:00,ACTIVE,31.47,44.23,0.11832334405387934,87.8948876306203
2026-04-09 02:50:00,ACTIVE,31.42,44.15,0.09696735532255196,79.59136458038537
2026-04-09 02:55:00,ACTIVE,31.39,44.07,0.09245058452115434,77.83517754854749
2026-04-09 03:00:00,ACTIVE,31.36,43.99,0.1140999996821549,86.25278911760455
2026-04-09 03:05:00,ACTIVE,31.33,43.88,0.11130449355237854,85.16585514897868
2026-04-09 03:10:00,ACTIVE,31.28,43.81,0.10685298478919958,83.4350429590866
2026-04-09 03:15:00,ACTIVE,31.27,43.71,0.11591601173496968,86.95888135850988
2026-04-09 03:20:00,ACTIVE,31.25,43.61,0.11150854274437993,85.2451924810255
2026-04-09 03:25:00,ACTIVE,31.21,43.53,0.11251796220685711,85.63766963951639
2026-04-09 03:30:00,ACTIVE,31.18,43.41,0.11125303997956804,85.14584924181962
2026-04-09 03:35:00,ACTIVE,31.15,43.33,0.1046179306724973,82.56602099011845
2026-04-09 03:40:00,ACTIVE,31.11,43.26,0.08991890102084832,76.8508217050808
2026-04-09 03:45:00,ACTIVE,31.09,43.22,0.1048066252666559,82.63938822830922
2026-04-09 03:50:00,ACTIVE,31.08,43.15,0.11245141666236463,85.61179575142181
2026-04-09 03:55:00,ACTIVE,31.09,43.06,0.11953291788709425,88.36518775726945
2026-04-09 04:00:00,ACTIVE,31.06,42.99,0.10927099885142377,84.37520245036869
2026-04-09 04:05:00,ACTIVE,31.04,42.94,0.11192831397669156,85.40840572051425
2026-04-09 04:10:00,ACTIVE,31.0,42.95,0.10985562915823743,84.60251532684404
2026-04-09 04:15:00,ACTIVE,30.97,42.96,0.11266198776497938,85.69366889840047
2026-04-09 04:20:00,ACTIVE,30.94,43.0,0.11400798161694764,86.2170111381769
2026-04-09 04:25:00,ACTIVE,30.91,43.03,0.11161392727096697,85.28616753756174
2026-04-09 04:30:00,ACTIVE,30.86,43.12,0.09704877051994226,79.62302000859685
2026-04-09 04:35:00,ACTIVE,30.81,43.23,0.10652565785769502,83.30777342570632
2026-04-09 04:40:00,ACTIVE,30.76,43.33,0.09474364637702865,78.72675378111667
2026-04-09 04:45:00,ACTIVE,30.73,43.38,0.0866871527191348,75.59427035297827
2026-04-09 04:50:00,ACTIVE,30.68,43.47,0.09926828676599281,80.48600062454074
2026-04-09 04:55:00,ACTIVE,30.67,43.51,0.10066420909804541,81.02875579295555
2026-04-09 05:00:00,ACTIVE,30.65,43.53,0.10107602026343865,81.18887404115311
2026-04-09 06:10:00,ACTIVE,29.14,46.87,-0.012221411396238668,37.137163434164314
2026-04-09 06:15:00,ACTIVE,29.2,46.75,-0.00040852867845586616,41.730186270561674
2026-04-09 06:20:00,ACTIVE,29.27,46.56,0.005808051281005366,44.147284145842605
2026-04-09 06:25:00,ACTIVE,29.33,46.44,-0.0024251567655723116,40.94609155990288
2026-04-09 06:30:00,ACTIVE,29.38,46.35,0.0004959410643742279,42.08185743186046
2026-04-09 06:35:00,ACTIVE,29.46,46.23,0.002660085799255585,42.9233087884896
2026-04-09 06:40:00,ACTIVE,29.52,46.14,0.010369979591462242,45.92102908249502
2026-04-09 06:45:00,ACTIVE,29.59,46.04,0.00494063168814507,43.81001862870102
2026-04-09 06:50:00,ACTIVE,29.64,45.97,0.00924521572028969,45.483704318568144
2026-04-09 06:55:00,ACTIVE,29.71,45.89,0.01800717702240273,48.890483960226064
2026-04-09 07:00:00,ACTIVE,29.77,45.84,0.013022468493961159,46.95235584612472
2026-04-09 07:05:00,ACTIVE,29.83,45.8,0.017332581513058387,48.628191287575945
2026-04-09 07:10:00,ACTIVE,29.87,45.85,0.014538284047848016,47.54172726554023
2026-04-09 07:15:00,ACTIVE,29.92,45.86,0.02220848763140193,50.524015421677305
2026-04-09 07:20:00,ACTIVE,29.97,45.9,-0.0028263146408014084,40.79011546787294
2026-04-09 07:25:00,ACTIVE,30.02,45.89,-0.0048555373826023596,40.00112376991947
2026-04-09 07:30:00,ACTIVE,30.08,45.86,0.0037731679525717654,43.35609152841061
2026-04-09 07:35:00,ACTIVE,30.12,45.83,0.019954793257363823,49.647745846035555
2026-04-09 07:40:00,ACTIVE,30.16,45.87,0.016642282849196444,48.359792997099426
2026-04-09 07:45:00,ACTIVE,30.21,45.84,0.02314736072663487,50.88906311324478
2026-04-09 07:50:00,ACTIVE,30.25,45.8,0.027530284157030738,52.59320831530327
2026-04-09 07:55:00,ACTIVE,30.32,45.75,0.044036186460160776,59.01094630735959
2026-04-09 08:00:00,ACTIVE,30.4,45.63,0.04606746231259379,59.800736284974676
2026-04-09 08:05:00,ACTIVE,30.51,45.47,0.0362343894957729,55.97749270602773
2026-04-09 10:15:00,ACTIVE,32.62,37.7,0.062078121232157835,66.02591635322555
2026-04-09 11:15:00,ACTIVE,31.77,37.95,0.0897062568031507,76.76814250041531
2026-04-09 11:20:00,ACTIVE,30.86,40.52,0.1047543259878802,82.61905349821134
2026-04-09 12:05:00,ACTIVE,31.49,35.75,0.11287256695158326,85.77554518855324
2026-04-09 12:10:00,ACTIVE,30.45,38.56,0.09439684467428011,78.59191216976065
2026-04-09 12:15:00,ACTIVE,31.5,34.11,0.09638058484624501,79.36321957448055
2026-04-09 14:35:00,ACTIVE,30.34,32.01,0.08465936011781061,74.80583471471202
2026-04-09 14:40:00,ACTIVE,30.35,35.54,0.09141213208080029,77.43141194052374
2026-04-09 14:45:00,ACTIVE,30.15,32.49,0.09206958221892692,77.68703824024671
2026-04-09 14:50:00,ACTIVE,30.49,35.08,0.09086628703522687,77.21917934503043
2026-04-09 14:55:00,ACTIVE,30.1,32.41,0.09453906295622999,78.64720873304285
2026-04-09 15:00:00,ACTIVE,30.13,35.84,0.09778073627700917,79.90761907878048
2026-04-09 15:05:00,ACTIVE,30.21,32.37,0.10005355689258494,80.79132521891336
2026-04-09 15:10:00,ACTIVE,30.06,36.05,0.10614451913191464,83.15958107391825
2026-04-09 15:15:00,ACTIVE,30.09,32.75,0.11512323008332148,86.65063617253038
2026-04-09 15:20:00,ACTIVE,29.96,36.34,0.11259096013365139,85.66605230891098
2026-04-09 17:00:00,ACTIVE,31.01,33.96,0.09074096593129355,77.17045265350222
2026-04-09 17:05:00,ACTIVE,30.4,31.45,0.08542191152441642,75.10232593604573
2026-04-09 18:20:00,ACTIVE,31.52,32.55,0.09686712668706776,79.55239421027014
2026-04-09 18:25:00,ACTIVE,30.94,29.95,0.10898118325388395,84.26251787627733
2026-04-09 18:30:00,ACTIVE,31.7,32.36,0.12213554445688224,89.37712731133406
2026-04-09 18:35:00,ACTIVE,30.84,34.4,0.130232283505421,92.52525874027869
2026-04-09 18:40:00,ACTIVE,31.94,32.06,0.12091175675067722,88.90130062145755
2026-04-09 18:45:00,ACTIVE,31.1,34.03,0.12216130498349914,89.38714338360498
2026-04-09 18:50:00,ACTIVE,32.05,31.13,0.12178989059942019,89.24273199913631
2026-04-09 18:55:00,ACTIVE,31.22,33.94,0.12213880557985918,89.37839528399267
2026-04-09 19:00:00,ACTIVE,32.03,30.58,0.11698557939728566,87.37474502324383
2026-04-09 19:05:00,ACTIVE,31.37,34.03,0.1315893265306981,93.05289706142182
2026-04-09 19:10:00,ACTIVE,31.43,29.82,0.12930784861087763,92.16582483385307
2026-04-09 19:15:00,ACTIVE,31.49,34.44,0.1265130270270315,91.07915702677009
2026-04-09 19:20:00,ACTIVE,30.95,32.91,0.13177576472861335,93.12538697951034
2026-04-09 19:25:00,ACTIVE,31.68,34.73,0.11310279836862625,85.86506255543122
2026-04-09 19:30:00,ACTIVE,31.0,37.11,0.11235401586094679,85.57392488485321
2026-04-09 19:35:00,ACTIVE,31.88,34.85,0.1301890248755545,92.50843914766995
2026-04-09 19:40:00,ACTIVE,31.07,37.24,0.13250500146497396,93.40892496623749
2026-04-09 19:45:00,ACTIVE,32.01,34.94,0.13184919244048482,93.15393675567482
2026-04-09 19:50:00,ACTIVE,31.23,37.18,0.12242611853193691,89.49010679265763
2026-04-09 19:55:00,ACTIVE,32.06,34.99,0.12337297565119737,89.85825879039328
2026-04-09 20:00:00,ACTIVE,31.54,34.03,0.12573701272543636,90.77743123351965
2026-04-09 20:05:00,ACTIVE,32.05,35.05,0.12849641807907408,91.8503286885207
2026-04-09 20:10:00,ACTIVE,32.44,30.88,0.11997965002154104,88.53888379271538
2026-04-09 21:15:00,ACTIVE,32.5,32.74,0.11553103432436357,86.80919646950738
2026-04-09 21:20:00,ACTIVE,32.59,28.97,0.12375800282584426,90.007963028388
2026-04-09 21:25:00,ACTIVE,32.16,33.15,0.127140886938378,91.32327821037684
2026-04-09 21:30:00,ACTIVE,32.64,32.02,0.13625892041056853,94.86850395766734
2026-04-09 21:35:00,ACTIVE,32.98,31.22,0.13405973844575642,94.01342960984795
2026-04-09 21:40:00,ACTIVE,32.31,31.08,0.12946317809453678,92.22621922552331
2026-04-09 21:45:00,ACTIVE,32.43,31.98,0.13024767278908683,92.53124232049375
2026-04-09 21:50:00,ACTIVE,32.77,31.21,0.1266206522969674,91.12100331733258
2026-04-09 21:55:00,ACTIVE,33.0,30.67,0.13486723757240454,94.32739716693564
2026-04-09 22:00:00,ACTIVE,33.18,30.28,0.13578121683161848,94.68276576830537
2026-04-09 22:05:00,ACTIVE,32.19,32.01,0.13616644045368187,94.83254638794983
2026-04-09 22:10:00,ACTIVE,32.51,31.39,0.11759617526872806,87.61215369378985
2026-04-09 22:15:00,ACTIVE,32.78,30.87,0.09546023495196948,79.00537397634217
2026-04-09 22:20:00,ACTIVE,32.96,30.48,0.10616966575997178,83.16935845338475
2026-04-09 22:25:00,ACTIVE,33.11,30.22,0.10639317911282203,83.25626373792934
2026-04-09 22:30:00,ACTIVE,33.19,30.02,0.09912201998444875,80.42912994497098
2026-04-09 22:35:00,ACTIVE,33.27,29.88,0.08746959533797949,75.89849557068185
2026-04-09 22:40:00,ACTIVE,33.31,29.79,0.0920836908705594,77.69252389186002
2026-04-09 22:45:00,ACTIVE,32.33,31.54,0.09883075886908432,80.31588333225302
2026-04-09 22:50:00,ACTIVE,32.57,31.08,0.09988205785115983,80.72464386496239
2026-04-09 22:55:00,ACTIVE,32.76,30.66,0.09364317795236515,78.29887544473017
2026-04-09 23:00:00,ACTIVE,32.87,30.42,0.08910583020160456,76.53468779182583
2026-04-09 23:05:00,ACTIVE,32.96,30.24,0.08246484426980916,73.95257462185312
2026-04-09 23:10:00,ACTIVE,33.01,30.07,0.09197440989939576,77.65003384026723
2026-04-10 00:00:00,ACTIVE,32.89,29.49,0.0702832864557944,69.21620547645911
2026-04-10 00:05:00,ACTIVE,32.94,29.33,0.06473626221632528,67.05944072947842
2026-04-10 00:10:00,ACTIVE,32.94,29.18,0.08661966620711581,75.56803060284638
2026-04-10 00:15:00,ACTIVE,32.96,29.0,0.08403690767787925,74.56381603565815
2026-04-10 00:20:00,ACTIVE,32.96,28.87,0.09408860084840764,78.4720624289959
2026-04-10 00:25:00,ACTIVE,32.94,28.79,0.09515551410541245,78.88689402183829
2026-04-10 00:30:00,ACTIVE,32.89,28.74,0.09902311702635358,80.39067501775541
2026-04-10 00:35:00,ACTIVE,32.87,28.7,0.10379363429786531,82.24552241554571
2026-04-10 00:40:00,ACTIVE,32.85,28.63,0.11047036801677157,84.84153485180875
2026-04-10 00:45:00,ACTIVE,32.83,28.6,0.06412765810029791,66.82280648278171
2026-04-10 00:50:00,ACTIVE,32.81,28.58,0.07949398685091708,72.79746148862014
2026-04-10 00:55:00,ACTIVE,32.79,28.56,0.09171460075303656,77.5490162164711
2026-04-10 01:00:00,ACTIVE,32.81,28.5,0.08581038679728059,75.25337084542716
2026-04-10 01:05:00,ACTIVE,32.83,28.41,0.09874913287642334,80.28414594373471
2026-04-10 01:10:00,ACTIVE,32.83,28.36,0.11327446666101693,85.93180971665114
2026-04-10 01:15:00,ACTIVE,32.83,28.32,0.11385218107534983,86.15643359224016
2026-04-10 01:20:00,ACTIVE,32.84,28.3,0.10841563132862608,84.04262295562705
2026-04-10 01:25:00,ACTIVE,32.82,28.31,0.1064878815675423,83.29308544754797
2026-04-10 01:30:00,ACTIVE,32.81,28.33,0.10413860965101074,82.37965391526897
2026-04-10 01:35:00,ACTIVE,32.79,28.4,0.10542866980692306,82.88124830996418
2026-04-10 01:40:00,ACTIVE,32.78,28.41,0.09904445409386964,80.3989711839584
2026-04-10 01:45:00,ACTIVE,32.79,28.47,0.11958212574907107,88.38432049897098
2026-04-10 01:50:00,ACTIVE,32.8,28.53,0.11924552140869693,88.25344377234087
2026-04-10 01:55:00,ACTIVE,32.78,28.59,0.09379768083965878,78.35894844355549
2026-04-10 02:00:00,ACTIVE,32.76,28.67,0.11350920514148427,86.02307949618977
2026-04-10 02:05:00,ACTIVE,32.75,28.75,0.11676394465963646,87.28857017196648
2026-04-10 02:10:00,ACTIVE,32.71,28.86,0.12093332198778761,88.90968550336036
2026-04-10 02:15:00,ACTIVE,32.67,28.95,0.11635369975389204,87.12906090859562
2026-04-10 02:20:00,ACTIVE,32.63,29.03,0.1119622438490332,85.4215981547595
2026-04-10 02:25:00,ACTIVE,32.58,29.13,0.11595122230347571,86.97257174629198
2026-04-10 02:30:00,ACTIVE,32.55,29.21,0.12428469145168508,90.21274732566339
2026-04-10 02:35:00,ACTIVE,32.5,29.27,0.11543310477751684,86.77112001892618
2026-04-10 02:40:00,ACTIVE,32.47,29.35,0.12199788216169832,89.3236021828285
2026-04-10 02:45:00,ACTIVE,32.43,29.45,0.11795183308120921,87.75043869108437
2026-04-10 02:50:00,ACTIVE,32.4,29.59,0.11056391401627452,84.87790691460116
2026-04-10 02:55:00,ACTIVE,32.35,29.68,0.08473867568496951,74.8366737757563
2026-04-10 03:00:00,ACTIVE,32.3,29.83,0.09584295713137586,79.15418199822857
2026-04-10 03:05:00,ACTIVE,32.29,29.92,0.0766264399374656,71.68251700194573
2026-04-10 03:10:00,ACTIVE,32.26,30.02,0.08225919435768214,73.87261490623852
2026-04-10 03:15:00,ACTIVE,32.22,30.11,0.08166832204002417,73.6428750439852
2026-04-10 03:20:00,ACTIVE,32.21,30.2,0.07753703966522474,72.03657159169619
2026-04-10 03:25:00,ACTIVE,32.21,30.27,0.08422983924235405,74.63883067032991
2026-04-10 03:30:00,ACTIVE,32.19,30.29,0.07961581775293453,72.84483113822333
2026-04-10 03:35:00,ACTIVE,32.18,30.29,0.07720453306105429,71.9072881252728
2026-04-10 03:40:00,ACTIVE,32.17,30.26,0.07475847638981142,70.95622525446076
2026-04-10 03:45:00,ACTIVE,32.15,30.31,0.07603105367808621,71.45102205264854
2026-04-10 03:50:00,ACTIVE,32.12,30.33,0.0626093570325934,66.23246865897556
2026-04-10 03:55:00,ACTIVE,32.08,30.37,0.07590603269644991,71.40241205309103
2026-04-10 04:00:00,ACTIVE,32.03,30.4,0.09732142595031212,79.72903245687685
2026-04-10 04:05:00,ACTIVE,31.95,30.47,0.12409030614697181,90.1371674553694
2026-04-10 04:10:00,ACTIVE,31.9,30.51,0.10648520443077525,83.29204453733148
2026-04-10 04:15:00,ACTIVE,31.89,30.53,0.1116222550443478,85.28940549854285
2026-04-10 04:20:00,ACTIVE,31.87,30.57,0.1266106515709261,91.11711488770999
2026-04-10 04:25:00,ACTIVE,31.81,30.67,0.12725779255848008,91.36873283780862
2026-04-10 04:30:00,ACTIVE,31.78,30.76,0.12924881732792248,92.1428726013496
2026-04-10 04:35:00,ACTIVE,31.71,30.88,0.12218255118747012,89.39540422072297
2026-04-10 04:40:00,ACTIVE,31.65,31.03,0.12473046434000734,90.38607039208381
2026-04-10 04:45:00,ACTIVE,31.6,31.17,0.1082726960428822,83.98704761070634
2026-04-10 04:50:00,ACTIVE,31.53,31.33,0.11216910691324,85.50202956177573
2026-04-10 04:55:00,ACTIVE,31.53,31.44,0.1133662652839027,85.96750237367121
2026-04-10 05:00:00,ACTIVE,31.52,31.53,0.1022184087810375,81.63305152726926
2026-04-10 05:05:00,ACTIVE,31.53,31.59,0.10288035043937488,81.89042419622241
2026-04-10 05:10:00,ACTIVE,31.53,31.66,0.1063971443767579,83.25780549096667
2026-04-10 05:15:00,ACTIVE,31.51,31.76,0.11037132873055222,84.80302691821001
2026-04-10 05:20:00,ACTIVE,31.47,31.85,0.11025799533711,84.75896122513215
2026-04-10 05:25:00,ACTIVE,31.44,31.99,0.09938627956623464,80.53187796362795
2026-04-10 05:30:00,ACTIVE,31.43,32.03,0.09812637192427809,80.04200731058687
2026-04-10 05:35:00,ACTIVE,31.42,32.12,0.10116929837668664,81.22514194582293
2026-04-10 05:40:00,ACTIVE,31.39,32.21,0.09292675733854977,78.02032055526476
2026-04-10 05:45:00,ACTIVE,31.34,32.31,0.09274770303412039,77.95070160374826
2026-04-10 05:50:00,ACTIVE,31.33,32.37,0.0954970078416344,79.01967181760806
2026-04-10 05:55:00,ACTIVE,31.3,32.4,0.10450843315755204,82.52344674311307
2026-04-10 06:00:00,ACTIVE,31.26,32.49,0.08941377794537242,76.65442241150622
2026-04-10 06:05:00,ACTIVE,31.2,32.54,0.09846768346875762,80.17471426752302
2026-04-10 06:10:00,ACTIVE,31.14,32.61,0.10073085175568358,81.05466744007194
2026-04-10 06:15:00,ACTIVE,31.08,32.68,0.10122168336258536,81.24551000011292
2026-04-10 06:20:00,ACTIVE,31.02,32.79,0.08458157201055216,74.77558955258064
2026-04-10 06:25:00,ACTIVE,30.94,32.93,0.09347475847507797,78.23339147068634
2026-04-10 06:30:00,ACTIVE,30.88,33.02,0.09189524230518198,77.61925231328405
2026-04-10 06:35:00,ACTIVE,30.83,33.11,0.086798882299232,75.63771245979908
2026-04-10 09:00:00,ACTIVE,31.2,34.42,0.013964950088385775,47.31880657534087
2026-04-10 09:05:00,ACTIVE,31.45,33.96,0.021110495370112392,50.0970998540912
2026-04-10 09:10:00,ACTIVE,31.7,33.49,0.021816223353900155,50.371497291470504
2026-04-10 09:15:00,ACTIVE,31.96,33.03,0.012820806698503329,46.873946769026844
2026-04-10 09:20:00,ACTIVE,32.21,32.61,0.023214577410646142,50.91519795027198
2026-04-10 09:25:00,ACTIVE,32.47,32.15,0.013424577430976414,47.10870172498884
2026-04-10 09:30:00,ACTIVE,32.33,27.76,0.017533707861986658,48.70639217517454
2026-04-10 09:35:00,ACTIVE,32.0,33.0,0.024705410332601763,51.49485575433087
2026-04-10 09:40:00,ACTIVE,32.39,32.05,-0.012799834882600614,36.91226386092385
2026-04-10 09:45:00,ACTIVE,31.64,33.45,0.02451577047338177,51.42112098315792
2026-04-10 09:50:00,ACTIVE,32.11,32.34,0.01533655192837452,47.85210557813461
2026-04-10 09:55:00,ACTIVE,31.52,32.27,0.03172637930632588,54.22471192918374
2026-04-10 10:00:00,ACTIVE,31.95,32.39,0.02697810098880493,52.37851136434502
2026-04-10 10:05:00,ACTIVE,31.32,33.7,0.035694684947758515,55.76764762645152
2026-04-10 10:10:00,ACTIVE,31.92,32.2,0.03276198807820507,54.62737187700954
2026-04-10 10:15:00,ACTIVE,31.17,33.52,0.04873208899448661,60.83678239605506
2026-04-10 10:20:00,ACTIVE,31.97,31.0,0.047821126793697044,60.48258687145015
2026-04-10 10:25:00,ACTIVE,31.15,33.4,0.05595450166733951,63.64496284893991
2026-04-10 10:30:00,ACTIVE,31.42,29.29,0.0641089564165353,66.81553499260842
2026-04-10 10:35:00,ACTIVE,31.32,32.84,0.06738071194462447,68.08764174374049
2026-04-10 10:40:00,ACTIVE,30.96,29.4,0.0891409411996067,76.54833946512905
2026-04-10 10:45:00,ACTIVE,31.47,32.39,0.10596135306611582,83.08836340900395
2026-04-10 10:50:00,ACTIVE,30.38,34.79,0.11323501853852963,85.9164717054505
2026-04-10 10:55:00,ACTIVE,31.57,32.1,0.10170105944352853,81.43189848289029
2026-04-10 11:00:00,ACTIVE,30.42,34.57,0.12336756849507424,89.85615640843058
2026-04-10 11:05:00,ACTIVE,31.5,30.89,0.10875194538809535,84.17338681676473
2026-04-10 11:10:00,ACTIVE,30.54,34.17,0.11704949803920656,87.39959753291721
2026-04-10 11:15:00,ACTIVE,30.98,30.22,0.11474080995518521,86.50194559262783
2026-04-10 11:20:00,ACTIVE,30.41,34.5,0.11843773280391706,87.93936366189075
2026-04-10 11:25:00,ACTIVE,30.85,30.41,0.12258258183185705,89.55094202879431
2026-04-10 11:30:00,ACTIVE,30.2,34.78,0.11545351615071486,86.77905626154032
2026-04-10 11:35:00,ACTIVE,30.77,30.38,0.11996147562342485,88.53181731896976
2026-04-10 13:20:00,ACTIVE,30.5,29.33,0.09053849564561339,77.09172922349468
2026-04-10 13:25:00,ACTIVE,29.04,31.45,0.11352259008721216,86.02828376028523
2026-04-10 13:30:00,ACTIVE,29.79,31.58,0.10727207229017732,83.59799035375953
2026-04-10 13:35:00,ACTIVE,29.37,30.7,0.08896293710839764,76.4791288519851
2026-04-10 13:40:00,ACTIVE,28.51,33.52,0.09425921225099188,78.53839865588822
2026-04-10 13:45:00,ACTIVE,29.95,29.79,0.10185472799228446,81.49164707860008
2026-04-10 13:50:00,ACTIVE,28.66,31.66,0.0994496953298748,80.55653494681702
2026-04-10 13:55:00,ACTIVE,29.05,32.14,0.10708396007111004,83.52484955158423
2026-04-10 14:00:00,ACTIVE,29.41,30.28,0.11436015324426713,86.35394065531963
2026-04-10 14:05:00,ACTIVE,28.24,32.17,0.10726813533601315,83.5964596079785
2026-04-10 14:10:00,ACTIVE,29.51,31.04,0.09815657404687228,80.05375034081047
2026-04-10 14:15:00,ACTIVE,29.06,30.31,0.11845644276027889,87.94663836857251
2026-04-10 14:20:00,ACTIVE,27.99,32.17,0.10602954361185957,83.11487689782035
2026-04-10 14:25:00,ACTIVE,29.79,29.43,0.11045713727660572,84.83639054510765
2026-04-10 14:30:00,ACTIVE,28.64,30.86,0.11178582349394517,85.35300332155211
2026-04-10 14:35:00,ACTIVE,27.74,32.92,0.1331341923175054,93.65356363938531
2026-04-10 14:40:00,ACTIVE,29.75,29.56,0.12051194602656956,88.7458483216308
2026-04-10 14:45:00,ACTIVE,28.63,30.62,0.1252547413072369,90.58991700096087
2026-04-10 14:50:00,ACTIVE,28.65,31.58,0.11824113174929768,87.86292227538928
2026-04-10 14:55:00,ACTIVE,29.56,29.04,0.112606657015619,85.67215548787752
2026-04-10 15:00:00,ACTIVE,28.34,31.0,0.11575773792564986,86.8973421696449
2026-04-10 15:05:00,ACTIVE,29.5,30.12,0.10815872237515817,83.94273296955474
2026-04-10 15:10:00,ACTIVE,29.09,29.65,0.11635384136503879,87.12911596909579
2026-04-10 16:15:00,ACTIVE,29.89,26.93,0.1210078173088932,88.93865038172386
2026-04-10 16:20:00,ACTIVE,28.6,29.0,0.12310477212628046,89.753977308542
2026-04-10 16:25:00,ACTIVE,29.89,27.96,0.1218845451355432,89.27953507729835
2026-04-10 16:30:00,ACTIVE,29.07,28.26,0.10743262150172572,83.66041425253381
2026-04-10 16:35:00,ACTIVE,28.17,30.61,0.11252679367701812,85.64110344522643
2026-04-10 16:40:00,ACTIVE,29.97,27.37,0.12147634342795471,89.12082023947235
2026-04-10 16:45:00,ACTIVE,28.71,29.11,0.12876370810849047,91.95425498986312
2026-04-10 16:50:00,ACTIVE,29.41,29.01,0.1081995015970027,83.95858853179618
2026-04-10 16:55:00,ACTIVE,29.26,28.27,0.12245659819730609,89.5019577356011
2026-04-10 17:00:00,ACTIVE,28.17,30.16,0.11765886383863294,87.63652793334111
2026-04-10 18:00:00,ACTIVE,29.95,27.6,0.09465896075043773,78.6938267618497
2026-04-10 18:05:00,ACTIVE,29.5,29.33,0.10501003557619948,82.71847715344397
2026-04-10 18:10:00,ACTIVE,30.14,27.5,0.11319572283388868,85.90119295655406
2026-04-10 18:15:00,ACTIVE,29.15,29.96,0.13227544098244215,93.31966846858212
2026-04-10 18:20:00,ACTIVE,30.41,27.4,0.12041647142614276,88.70872639038568
2026-04-10 18:25:00,ACTIVE,29.09,29.95,0.12733524616002184,91.39884793918917
2026-04-10 18:30:00,ACTIVE,30.66,27.36,0.10843866904942956,84.0515803608834
2026-04-10 18:35:00,ACTIVE,29.25,29.37,0.12552494151338783,90.69497482189244
2026-04-10 19:20:00,ACTIVE,30.94,27.42,0.12942401784154706,92.21099314222442
2026-04-10 19:25:00,ACTIVE,31.01,28.49,0.14103062691958929,96.72381374852185
2026-04-10 19:30:00,ACTIVE,30.4,29.05,0.11982903897578656,88.48032399921784
2026-04-10 19:35:00,ACTIVE,31.51,27.37,0.13113075672445945,92.87459836478227
2026-04-10 19:40:00,ACTIVE,30.62,29.39,0.13412042492468668,94.03702540693206
2026-04-10 19:45:00,ACTIVE,31.1,27.55,0.14717212832074172,99.11171997422201
2026-04-10 19:50:00,ACTIVE,31.18,28.72,0.14445794512073173,98.05640555879609
2026-04-10 19:55:00,ACTIVE,30.84,27.96,0.13367773560252544,93.86490127646431
2026-04-10 20:00:00,ACTIVE,31.66,28.09,0.12781441657278358,91.58515645514755
2026-04-10 20:05:00,ACTIVE,30.97,29.14,0.12385429312306434,90.04540211456377
2026-04-10 20:10:00,ACTIVE,32.05,27.65,0.12590825572163938,90.84401303331605
2026-04-10 21:20:00,ACTIVE,31.46,35.62,-0.08115977617518078,10.332911559478559
2026-04-10 21:25:00,ACTIVE,32.21,33.67,-0.08019449620075769,10.70822663471994
2026-04-10 21:30:00,ACTIVE,31.38,36.11,-0.06707911389383103,15.807680500719428
2026-04-10 21:35:00,ACTIVE,32.24,34.01,-0.07066094100512488,14.415013349844031
2026-04-10 21:40:00,ACTIVE,31.4,36.31,-0.0632201368095121,17.308107644275943
2026-04-10 21:45:00,ACTIVE,32.22,34.28,-0.05586827421758789,20.16662013284328
2026-04-10 21:50:00,ACTIVE,31.41,36.75,-0.05008597936371306,22.414861560877604
2026-04-10 21:55:00,ACTIVE,32.17,34.63,0.10451193755993365,82.52480930638838
2026-04-10 22:00:00,ACTIVE,31.61,33.52,0.09214240211575309,77.71535168896683
2026-04-10 22:05:00,ACTIVE,32.1,34.98,0.09594431322079172,79.19359073904289
2026-04-10 22:10:00,ACTIVE,32.13,29.84,0.08744930823664093,75.89060764679752
2026-04-10 22:15:00,ACTIVE,31.97,35.48,0.09542959269755502,78.99345981638251
2026-04-10 23:05:00,ACTIVE,32.6,35.3,0.11335465047531484,85.9629863649747
2026-04-10 23:10:00,ACTIVE,32.65,30.16,0.10529929507589514,82.83094550850069
2026-04-10 23:15:00,ACTIVE,32.21,36.4,0.11796683608692798,87.75627208074269
2026-04-10 23:20:00,ACTIVE,32.71,35.19,0.11485776586797286,86.5474197745967
2026-04-10 23:25:00,ACTIVE,32.62,29.77,0.11843141304149835,87.93690644515515
2026-04-10 23:30:00,ACTIVE,32.32,36.23,0.12732871626091813,91.39630901821457
2026-04-10 23:35:00,ACTIVE,32.8,35.1,0.12784841491674637,91.59837551216788
2026-04-10 23:40:00,ACTIVE,31.96,37.37,0.1316227876510062,93.06590723797044
2026-04-10 23:45:00,ACTIVE,32.37,35.97,0.13826649999171753,95.64908047589704
2026-04-10 23:50:00,ACTIVE,32.81,34.89,0.12532391369296825,90.61681224362962
2026-04-10 23:55:00,ACTIVE,31.96,36.96,0.1262767572210986,90.98729184532989
2026-04-11 00:00:00,ACTIVE,32.37,35.84,0.12796513535208937,91.64375813703704
2026-04-11 00:05:00,ACTIVE,32.77,34.9,0.12767017664160385,91.52907384486043
2026-04-11 00:10:00,ACTIVE,33.04,34.28,0.1320854781216002,93.24580810961987
2026-04-11 00:15:00,ACTIVE,32.11,36.4,0.125750065488339,90.78250634003872
2026-04-11 00:20:00,ACTIVE,32.55,35.37,0.12544825960765665,90.66515976721222
2026-04-11 00:25:00,ACTIVE,32.85,34.66,0.12741870299563712,91.43129718642138
2026-04-11 00:30:00,ACTIVE,33.05,34.19,0.12046183297990026,88.72636363078502
2026-04-11 00:35:00,ACTIVE,32.05,36.52,0.11038204234395227,84.80719252894046
2026-04-11 00:40:00,ACTIVE,32.45,35.49,0.12183083962831037,89.25865358485879
2026-04-11 00:45:00,ACTIVE,32.79,34.74,0.12651764825918083,91.080953829913
2026-04-11 00:50:00,ACTIVE,33.02,34.24,0.11403726209643944,86.228395819984
2026-04-11 00:55:00,ACTIVE,32.06,36.51,0.10418066691069244,82.39600639745045
2026-04-11 01:00:00,ACTIVE,32.45,35.56,0.11832255735832131,87.89458175179719
2026-04-11 01:05:00,ACTIVE,32.74,34.94,0.1270274640306202,91.2791777128143
2026-04-11 01:10:00,ACTIVE,32.97,34.48,0.12212458390921227,89.37286568892146
2026-04-11 01:15:00,ACTIVE,32.93,30.43,0.11878679790270325,88.07508531497216
2026-04-11 01:20:00,ACTIVE,32.21,36.27,0.12683543389594265,91.20451356732822
2026-04-11 01:25:00,ACTIVE,32.54,35.49,0.12116822069411065,89.00101758107225
2026-04-11 01:30:00,ACTIVE,32.78,35.05,0.13175493970004498,93.11728990159395
2026-04-11 01:35:00,ACTIVE,32.94,34.78,0.1300596193367275,92.45812436768028
2026-04-11 01:40:00,ACTIVE,33.06,34.57,0.11261309418185694,85.6746583529477
2026-04-11 01:45:00,ACTIVE,33.14,34.45,0.12900835057852295,92.04937558645724
2026-04-11 01:50:00,ACTIVE,33.21,34.39,0.12383369097615443,90.03739169631983
2026-04-11 01:55:00,ACTIVE,33.25,34.38,0.12237038146419371,89.46843539956126
2026-04-11 02:00:00,ACTIVE,32.19,36.96,0.13343381561476358,93.77006159162113
2026-04-11 02:05:00,ACTIVE,32.42,36.43,0.10708429293739552,83.52497897490004
2026-04-11 02:10:00,ACTIVE,32.62,36.02,0.11672264593931686,87.27251262106434
2026-04-11 02:15:00,ACTIVE,32.76,35.76,0.117671696781938,87.64151757076209
2026-04-11 02:20:00,ACTIVE,32.86,35.58,0.10970023753461117,84.54209677423911
2026-04-11 02:25:00,ACTIVE,32.96,35.43,0.11430110079235506,86.33098019201383
2026-04-11 02:30:00,ACTIVE,33.05,35.25,0.10679008191315637,83.41058539415145
2026-04-11 02:35:00,ACTIVE,33.1,35.15,0.1264492309302237,91.05435216444211
2026-04-11 02:40:00,ACTIVE,33.16,35.06,0.12939702686121735,92.20049865142207
2026-04-11 02:45:00,ACTIVE,33.22,34.96,0.12903798728106802,92.06089877303558
2026-04-11 02:50:00,ACTIVE,33.26,34.86,0.12988002385590397,92.38829499880875
2026-04-11 02:55:00,ACTIVE,33.29,34.8,0.1260865189647991,90.91332440855642
2026-04-11 03:00:00,ACTIVE,33.31,34.74,0.12966372410939847,92.30419447068692
2026-04-11 03:05:00,ACTIVE,33.35,34.66,0.12842330243540706,91.82190024907172
2026-04-11 03:10:00,ACTIVE,33.34,34.63,0.12723972232068081,91.36170686312877
2026-04-11 03:15:00,ACTIVE,33.33,34.65,0.1197006488639058,88.43040403218488
2026-04-11 03:20:00,ACTIVE,33.31,34.67,0.11598541634283316,86.98586689256486
2026-04-11 03:25:00,ACTIVE,32.24,37.2,0.12305899090514955,89.73617689528506
2026-04-11 03:30:00,ACTIVE,32.41,36.74,0.1353593324722025,94.51873091386638
2026-04-11 03:35:00,ACTIVE,32.58,36.31,0.13319379182557534,93.67673680618492
2026-04-11 03:40:00,ACTIVE,32.7,36.01,0.12263068340220684,89.5696446280126
2026-04-11 03:45:00,ACTIVE,32.77,35.79,0.1298559190602942,92.37892269914681
2026-04-11 03:50:00,ACTIVE,32.82,35.65,0.13475698778715262,94.28453042615207
2026-04-11 03:55:00,ACTIVE,32.86,35.55,0.12503896745851084,90.5060209496436
2026-04-11 04:00:00,ACTIVE,32.89,35.45,0.13699869418133276,95.15613889860965
2026-04-11 04:05:00,ACTIVE,32.93,35.33,0.13313235266916612,93.65284835700801
2026-04-11 04:10:00,ACTIVE,32.97,35.21,0.13415704002700723,94.05126189815381
2026-04-11 04:15:00,ACTIVE,33.01,35.11,0.13867023940210815,95.80606030683077
2026-04-11 04:20:00,ACTIVE,33.03,35.0,0.14402240134373318,97.8870597215608
2026-04-11 04:25:00,ACTIVE,33.01,34.97,0.14203861810533952,97.11573557197892
2026-04-11 04:30:00,ACTIVE,33.0,34.97,0.12833084331361133,91.78595078034452
2026-04-11 04:35:00,ACTIVE,33.0,34.97,0.13556599381759177,94.59908388963449
2026-04-11 04:40:00,ACTIVE,32.99,35.0,0.1350776274201469,94.40919983934955
2026-04-11 04:45:00,ACTIVE,32.95,35.05,0.1314656143815655,93.00479595522438
2026-04-11 04:50:00,ACTIVE,32.93,35.12,0.116614508182588,87.23046706808641
2026-04-11 04:55:00,ACTIVE,32.91,35.17,0.1327517269084988,93.50485545361327
2026-04-11 05:00:00,ACTIVE,32.9,35.22,0.12450058150128684,90.2966885575931
2026-04-11 05:05:00,ACTIVE,32.91,35.24,0.129758117651252,92.34089607043184
2026-04-11 06:20:00,ACTIVE,31.41,38.27,0.0644284557066564,66.93976102369648
2026-04-11 06:25:00,ACTIVE,31.43,38.26,0.07922012569016934,72.69098023460556
2026-04-11 06:30:00,ACTIVE,31.45,38.23,0.08132694645689104,73.51014318787708
2026-04-11 06:35:00,ACTIVE,31.45,38.25,0.06405396700736343,66.79415430017961
2026-04-11 06:40:00,ACTIVE,31.5,38.19,0.07266622470872403,70.1427269763259
2026-04-11 06:45:00,ACTIVE,31.57,38.11,0.07415118752844557,70.7201023981537
2026-04-11 06:50:00,ACTIVE,31.64,38.04,0.06747841656466991,68.12563073946755
2026-04-11 07:45:00,ACTIVE,31.68,38.34,0.06783689819924665,68.26501368039538
2026-04-11 07:50:00,ACTIVE,31.83,38.09,0.07062025415341622,69.34722348174037
2026-04-11 07:55:00,ACTIVE,31.97,37.86,0.08034509893972452,73.12838640793231
2026-04-11 08:00:00,ACTIVE,32.1,37.66,0.07565216400190011,71.30370416447732
2026-04-11 08:05:00,ACTIVE,32.25,37.36,0.08282357797409445,74.0920555711973
2026-04-11 08:10:00,ACTIVE,32.4,37.09,0.08549229292872945,75.12969126295116
2026-04-11 08:15:00,ACTIVE,32.54,36.79,0.08446550215830118,74.7304598840025
2026-04-11 08:20:00,ACTIVE,32.68,36.41,0.10211897442466222,81.59438998457345
2026-04-11 08:25:00,ACTIVE,32.84,35.95,0.10618094642509923,83.17374454218101
2026-04-11 08:30:00,ACTIVE,32.97,35.38,0.1128256798580175,85.75731479580112
2026-04-11 08:35:00,ACTIVE,32.12,36.88,0.11743415869557644,87.54915926320602
2026-04-11 08:40:00,ACTIVE,32.44,35.6,0.10785246768598405,83.82365663444368
2026-04-11 08:45:00,ACTIVE,32.74,34.4,0.08866625863593286,76.3637758910142
2026-04-11 08:50:00,ACTIVE,31.83,35.71,0.08272107811875296,74.05220211734033
2026-04-11 08:55:00,ACTIVE,32.36,33.97,0.10104727536918462,81.17769760277707
2026-04-11 09:00:00,ACTIVE,32.06,27.98,0.1110052810534723,85.04951692119427
2026-04-11 09:05:00,ACTIVE,32.02,33.08,0.10874077285300998,84.16904277052187
2026-04-11 09:10:00,ACTIVE,32.55,31.23,0.10126519547456714,81.26242815030255
2026-04-11 09:15:00,ACTIVE,31.81,31.54,0.10178857286221038,81.46592498938323
2026-04-11 09:20:00,ACTIVE,32.46,29.28,0.10996825853784087,84.64630728896935
2026-04-11 09:25:00,ACTIVE,31.73,29.58,0.10607876513198938,83.134014950013
2026-04-11 09:30:00,ACTIVE,32.43,27.6,0.11190723464374774,85.40020976531008
2026-04-11 09:35:00,ACTIVE,31.7,27.98,0.1078952279103842,83.84028243966425
2026-04-11 10:10:00,ACTIVE,31.42,25.23,0.10520019410179521,82.79241358974517
2026-04-11 10:45:00,ACTIVE,31.27,24.26,0.10965224470372276,84.52343645452544
2026-04-11 10:50:00,ACTIVE,30.25,26.26,0.10281368097706645,81.86450212705533
2026-04-11 10:55:00,ACTIVE,30.61,24.87,0.11371499728529677,86.10309451357914
2026-04-11 11:00:00,ACTIVE,30.13,26.34,0.11130684786339307,85.1667705397865
2026-04-11 11:05:00,ACTIVE,30.31,25.05,0.11590372789531778,86.95410522067904
2026-04-11 11:10:00,ACTIVE,29.87,26.53,0.09580407798262791,79.13906521240031
2026-04-11 11:15:00,ACTIVE,30.22,25.16,0.10479391173833946,82.63444502119512
2026-04-11 11:20:00,ACTIVE,29.09,27.52,0.10173652867963118,81.44568944444481
2026-04-11 11:25:00,ACTIVE,30.17,25.3,0.06938883259062723,68.86842863595665
2026-04-11 11:30:00,ACTIVE,28.88,27.17,0.07024968006943055,69.20313881832786
2026-04-11 11:35:00,ACTIVE,29.8,26.9,0.08576205790257146,75.23457985914887
2026-04-11 11:40:00,ACTIVE,29.16,26.96,0.08713324544084755,75.76771777533294
2026-04-11 11:45:00,ACTIVE,28.52,28.92,0.10012220199751443,80.81801544703806
2026-04-11 11:50:00,ACTIVE,29.9,26.17,0.09383363286118862,78.37292711919683
2026-04-11 11:55:00,ACTIVE,28.76,27.83,0.08561901074828698,75.17896101809146
2026-04-11 12:00:00,ACTIVE,28.54,29.22,0.08261428629264378,74.01067988201655
2026-04-11 12:05:00,ACTIVE,29.49,26.97,0.08142524211210816,73.54836198678643
2026-04-11 12:10:00,ACTIVE,28.54,28.5,0.09224629329884076,77.75574611154953
2026-04-11 13:25:00,ACTIVE,27.39,30.81,0.07599232599298017,71.43596415811572
2026-04-11 13:30:00,ACTIVE,27.19,31.14,0.07465122339479535,70.9145237098717
2026-04-11 13:35:00,ACTIVE,27.04,31.5,0.0885263374884232,76.30937248744537
2026-04-11 13:40:00,ACTIVE,26.95,31.76,0.08237323594776608,73.91695595660434
2026-04-11 13:45:00,ACTIVE,26.91,31.94,0.08377817316940245,74.46321624690303
2026-04-11 15:05:00,ACTIVE,27.34,31.82,0.058632445591110804,64.68618689986164
2026-04-11 15:10:00,ACTIVE,27.29,31.87,0.059499979724981666,65.02349695223563
2026-04-11 17:55:00,ACTIVE,29.28,38.71,0.09390816825143217,78.4019075770315
2026-04-11 18:00:00,ACTIVE,28.92,36.97,0.11201263798715727,85.44119213810414
2026-04-11 18:05:00,ACTIVE,28.17,38.66,0.10806957316692495,83.90807044398464
2026-04-11 18:10:00,ACTIVE,28.29,45.84,0.11577896793349318,86.90559670946983
2026-04-11 18:15:00,ACTIVE,29.56,37.63,0.10769259031866513,83.7614939586039
2026-04-11 18:20:00,ACTIVE,28.58,38.3,0.11338061795756144,85.97308290464345
2026-04-11 18:25:00,ACTIVE,28.67,47.67,0.11517137935838839,86.66935732004549
2026-04-11 18:30:00,ACTIVE,29.79,37.85,0.1348983347317841,94.33948820064771
2026-04-11 18:35:00,ACTIVE,28.73,38.3,0.12935713403991045,92.18498773476875
2026-04-11 18:40:00,ACTIVE,28.93,49.12,0.13706639430223266,95.18246170302149
2026-04-11 18:45:00,ACTIVE,29.92,38.03,0.11755160597554393,87.59482449597358
2026-04-11 18:50:00,ACTIVE,28.77,38.22,0.10192013981545528,81.51708015914203
2026-04-11 18:55:00,ACTIVE,29.53,47.38,0.10868657586280411,84.14797018226153
2026-04-11 19:00:00,ACTIVE,29.93,37.04,0.10623721814514425,83.1956238159692
2026-04-11 19:05:00,ACTIVE,28.74,39.69,0.11177189956626088,85.34758949333133
2026-04-11 19:10:00,ACTIVE,30.43,43.47,0.12146505222876447,89.11643005487727
2026-04-11 19:15:00,ACTIVE,29.54,36.55,0.1258438909962129,90.81898707980368
2026-04-11 19:20:00,ACTIVE,29.63,46.05,0.11893367405804744,88.13219292805313
2026-04-11 19:25:00,ACTIVE,30.35,36.02,0.09024735668854572,76.97853010772222
2026-04-11 21:25:00,ACTIVE,31.64,31.15,0.11932975390330841,88.28619460721835
2026-04-11 21:30:00,ACTIVE,31.44,35.61,0.12474190369785765,90.3905181829487
2026-04-11 21:35:00,ACTIVE,31.08,31.01,0.12026831003214006,88.65111905757924
2026-04-11 21:40:00,ACTIVE,31.77,34.43,0.12143067863885976,89.10306509670635
2026-04-11 21:45:00,ACTIVE,30.78,36.65,0.10378297775596101,82.24137899505362
2026-04-11 21:50:00,ACTIVE,31.45,31.34,0.11986027769611529,88.49247007391253
2026-04-11 21:55:00,ACTIVE,31.16,35.08,0.12509604879924335,90.52821501588298
2026-04-11 22:00:00,ACTIVE,31.07,30.62,0.12569943740995115,90.76282139727294
2026-04-11 22:05:00,ACTIVE,31.59,33.53,0.11966339672111692,88.41591985024372
2026-04-11 22:10:00,ACTIVE,30.83,34.97,0.11697913294708956,87.37223854843393
2026-04-11 22:15:00,ACTIVE,31.91,31.66,0.11660765983182442,87.22780432841479
2026-04-11 22:20:00,ACTIVE,31.17,33.83,0.10308108042392417,81.96847097151094
2026-04-11 22:25:00,ACTIVE,31.58,29.81,0.11558024337867967,86.82832967480797
2026-04-11 22:30:00,ACTIVE,31.54,32.62,0.12137733000817941,89.08232236312816
2026-04-11 22:35:00,ACTIVE,31.19,29.55,0.10810987209271017,83.92373926004214
2026-04-11 22:40:00,ACTIVE,31.84,31.64,0.10102569705591025,81.16930763666906
2026-04-11 22:45:00,ACTIVE,31.1,32.96,0.08766187820562854,75.97325798247068
2026-04-11 22:50:00,ACTIVE,32.15,30.7,0.09726114335066532,79.70559369400837
2026-04-11 22:55:00,ACTIVE,31.37,32.2,0.10513137597463973,82.7656560880299
2026-04-11 23:00:00,ACTIVE,31.62,28.95,0.11452542975945956,86.4182025993967
2026-04-11 23:05:00,ACTIVE,31.61,31.64,0.11223879565515232,85.52912557133496
2026-04-11 23:10:00,ACTIVE,31.05,32.54,0.09021466750181734,76.96582007032205
2026-04-11 23:15:00,ACTIVE,31.99,30.81,0.0990705309277436,80.4091102411509
2026-04-11 23:20:00,ACTIVE,31.22,32.31,0.10404688339366647,82.34398939503758
2026-04-11 23:25:00,ACTIVE,32.0,29.37,0.11708923548635497,87.41504803780862
2026-04-11 23:30:00,ACTIVE,31.53,31.58,0.1143858964384491,86.36394998848448
2026-04-11 23:35:00,ACTIVE,31.84,28.58,0.12465432969968904,90.35646812225882
2026-04-11 23:40:00,ACTIVE,31.8,31.03,0.12349424972423634,89.90541193668605
2026-04-11 23:45:00,ACTIVE,31.56,28.42,0.11352498738999511,86.02921586692601
2026-04-11 23:50:00,ACTIVE,31.98,30.62,0.10556142864655105,82.93286690270844
2026-04-11 23:55:00,ACTIVE,31.47,31.31,0.08184749914932105,73.71254174384343
2026-04-12 00:00:00,ACTIVE,32.13,30.3,0.09717643025490069,79.67265599432199
2026-04-12 00:05:00,ACTIVE,31.47,31.37,0.09547687249580677,79.01184289850215
2026-04-12 00:10:00,ACTIVE,32.25,29.97,0.10611702887428287,83.14889245674514
2026-04-12 00:15:00,ACTIVE,31.51,31.17,0.09470131661012937,78.71029534411423
2026-04-12 00:20:00,ACTIVE,32.28,29.79,0.1011816931800758,81.2299612279896
2026-04-12 00:25:00,ACTIVE,31.57,30.91,0.07665107085918399,71.69209386718995
2026-04-12 00:30:00,ACTIVE,32.32,29.57,0.09141837370690165,77.43383877670799
2026-04-12 00:35:00,ACTIVE,31.53,30.95,0.09767261077182665,79.86557828938427
2026-04-12 00:40:00,ACTIVE,32.13,28.38,0.09000447769280939,76.88409517591519
2026-04-12 00:45:00,ACTIVE,31.73,30.52,0.08536699868639303,75.08097501560756
2026-04-12 00:50:00,ACTIVE,31.53,27.97,0.07823525681589855,72.30804870650589
2026-04-12 00:55:00,ACTIVE,31.9,30.16,0.09562770018487277,79.07048692611095
2026-04-12 01:00:00,ACTIVE,31.66,27.91,0.10597569726286665,83.0939406440295
2026-04-12 01:05:00,ACTIVE,32.04,29.76,0.10409051192547736,82.36095281097197
2026-04-12 01:10:00,ACTIVE,32.64,28.7,0.11025077874470829,84.75615530768643
2026-04-12 01:15:00,ACTIVE,31.86,29.89,0.09955361228722326,80.59693939081205
2026-04-12 01:20:00,ACTIVE,32.39,29.05,0.10125664155057817,81.2591022586332
2026-04-12 01:25:00,ACTIVE,32.85,28.28,0.10413036673076481,82.37644894643684
2026-04-12 01:30:00,ACTIVE,31.89,29.84,0.09906434911566198,80.40670666153875
2026-04-12 01:35:00,ACTIVE,32.48,28.84,0.1081450932144728,83.93743375108586
2026-04-12 01:40:00,ACTIVE,32.92,28.12,0.1208292880504851,88.86923557583579
2026-04-12 01:45:00,ACTIVE,32.13,29.38,0.1180719626813172,87.7971468494404
2026-04-12 01:50:00,ACTIVE,32.61,28.52,0.12340295410472407,89.86991485478819
2026-04-12 01:55:00,ACTIVE,32.92,27.97,0.1275104789072254,91.46698101295439
2026-04-12 02:00:00,ACTIVE,33.15,27.61,0.12472979642010457,90.38581069498535
2026-04-12 02:05:00,ACTIVE,33.31,27.35,0.13206412752563113,93.23750668335504
2026-04-12 02:10:00,ACTIVE,32.4,28.66,0.11897759445580519,88.14926982576765
2026-04-12 02:15:00,ACTIVE,32.63,28.35,0.1297696942808672,92.34539723458131
2026-04-12 02:20:00,ACTIVE,32.92,27.9,0.12231940783713469,89.44861610238128
2026-04-12 02:25:00,ACTIVE,33.15,27.52,0.12052251414809417,88.7499573629766
2026-04-12 02:30:00,ACTIVE,32.78,25.62,0.11750294360313318,87.57590384865188
2026-04-12 02:35:00,ACTIVE,32.51,28.5,0.13347981137241377,93.78794541983748
2026-04-12 02:40:00,ACTIVE,32.84,27.94,0.1333460502214151,93.73593711366553
2026-04-12 02:45:00,ACTIVE,32.25,26.92,0.13445838642950236,94.16842981909174
2026-04-12 02:50:00,ACTIVE,32.31,28.92,0.1394025254139138,96.09078389677504
2026-04-12 02:55:00,ACTIVE,32.64,28.48,0.1337466605728333,93.89170032037131
2026-04-12 03:00:00,ACTIVE,32.88,28.26,0.1307759386719649,92.73663987854248
2026-04-12 03:05:00,ACTIVE,33.07,28.11,0.13171920565979262,93.10339598028473
2026-04-12 03:10:00,ACTIVE,33.2,28.15,0.11345997521118106,86.00393817399782
2026-04-12 03:15:00,ACTIVE,33.28,28.25,0.12790378538879404,91.61990436745688
2026-04-12 03:20:00,ACTIVE,33.36,28.32,0.1277254569892166,91.55056765844137
2026-04-12 03:25:00,ACTIVE,33.4,28.39,0.128116899136841,91.70276613243963
2026-04-12 03:30:00,ACTIVE,33.39,27.6,0.11439479433344135,86.36740962114754
2026-04-12 03:35:00,ACTIVE,32.45,30.2,0.13828835087198343,95.65757642006699
2026-04-12 03:40:00,ACTIVE,32.68,29.95,0.11799844190362774,87.76856088791475
2026-04-12 03:45:00,ACTIVE,32.81,29.83,0.12292501165258979,89.68408378801294
2026-04-12 03:50:00,ACTIVE,32.9,29.81,0.12409987019257435,90.14088609720393
2026-04-12 03:55:00,ACTIVE,32.99,29.8,0.13239450050255125,93.3659605640694
2026-04-12 04:00:00,ACTIVE,33.08,29.76,0.1328303758644766,93.53543532640937
2026-04-12 04:05:00,ACTIVE,33.12,29.79,0.12920400498194673,92.12544890102713
2026-04-12 04:10:00,ACTIVE,33.15,29.76,0.1368762182532261,95.10851845336
2026-04-12 04:15:00,ACTIVE,33.16,29.71,0.13645912064783244,94.94634475940671
2026-04-12 04:20:00,ACTIVE,33.17,29.65,0.12293871844814508,89.68941319206303
2026-04-12 04:25:00,ACTIVE,33.18,29.56,0.12909225232285326,92.08199782075256
2026-04-12 04:30:00,ACTIVE,33.19,29.41,0.1185137583474784,87.96892351328935
2026-04-12 04:35:00,ACTIVE,33.19,29.27,0.1216051640413649,89.17090759184241
2026-04-12 04:40:00,ACTIVE,33.2,29.12,0.11072615550213316,84.94098879455905
2026-04-12 04:45:00,ACTIVE,33.22,29.0,0.12904089772560456,92.0620303967501
2026-04-12 04:50:00,ACTIVE,33.23,28.85,0.1275431785084823,91.47969509967666
2026-04-12 04:55:00,ACTIVE,33.25,28.7,0.13075260912513043,92.72756900702589
2026-04-12 05:00:00,ACTIVE,33.24,28.57,0.08891111753831499,76.4589806396945
2026-04-12 05:05:00,ACTIVE,33.24,28.44,0.1068956444039349,83.45162964578724
2026-04-12 06:15:00,ACTIVE,31.61,29.85,0.003515274867296747,43.25581889739278
2026-04-12 06:20:00,ACTIVE,31.64,29.82,0.003583544563206087,43.28236316095966
2026-04-12 06:25:00,ACTIVE,31.68,29.77,-0.00039031340624196,41.737268636758685
2026-04-12 06:30:00,ACTIVE,31.74,29.72,-0.003178785643559112,40.65306954914922
2026-04-12 06:35:00,ACTIVE,31.79,29.65,0.003997731625922429,43.44340519303983
2026-04-12 06:40:00,ACTIVE,31.83,29.63,0.016187516799131496,48.18297325689984
2026-04-12 06:45:00,ACTIVE,31.83,29.66,0.008538525099000105,45.208932593545875
2026-04-12 06:50:00,ACTIVE,31.86,29.69,0.06934109944694589,68.84986928645499
2026-04-12 06:55:00,ACTIVE,31.92,29.69,0.08065598131451168,73.24926205538806
2026-04-12 07:00:00,ACTIVE,31.96,29.69,0.08277962229493474,74.07496495555392
2026-04-12 07:05:00,ACTIVE,32.02,29.72,0.0901897451462439,76.95612989130137
2026-04-12 07:10:00,ACTIVE,32.07,29.73,0.07743751923515124,71.99787658227842
2026-04-12 07:15:00,ACTIVE,32.13,29.79,0.07834526977542111,72.35082336595681
2026-04-12 07:20:00,ACTIVE,32.16,29.87,0.08209803147397954,73.80995240268963
2026-04-12 07:25:00,ACTIVE,32.18,29.97,0.08834185976784065,76.23764483182693
2026-04-12 07:30:00,ACTIVE,32.21,30.05,0.09849334374856628,80.18469136235797
2026-04-12 07:35:00,ACTIVE,32.25,30.05,0.09634716015198791,79.3502235609172
2026-04-12 07:40:00,ACTIVE,32.3,30.05,0.09103725853044214,77.28565558124284
2026-04-12 07:45:00,ACTIVE,32.35,29.97,0.08974669832285559,76.78386675908958
2026-04-12 07:50:00,ACTIVE,32.43,29.85,0.10196129779976737,81.53308298981104
2026-04-12 07:55:00,ACTIVE,32.52,29.73,0.0985533921426574,80.20803906265591
2026-04-12 08:00:00,ACTIVE,32.61,29.63,0.09295630481778888,78.03180905050723
2026-04-12 08:05:00,ACTIVE,32.72,29.5,0.10266080487579216,81.8050616466013
2026-04-12 08:10:00,ACTIVE,32.81,29.37,0.10639156283393048,83.25563530488415
2026-04-12 09:05:00,ACTIVE,32.4,28.71,0.09278412837733185,77.96486431383273
2026-04-12 09:10:00,ACTIVE,31.63,29.48,0.09824048985459471,80.08637804315984
2026-04-12 09:15:00,ACTIVE,32.3,28.16,0.1011091095879289,81.2017396580102
2026-04-12 09:20:00,ACTIVE,31.48,29.26,0.1180264931648416,87.77946763154567
2026-04-12 09:25:00,ACTIVE,32.0,26.77,0.07459999527340383,70.89460546154585
2026-04-12 09:30:00,ACTIVE,31.66,28.46,0.09194263059825264,77.63767757978769
2026-04-12 09:35:00,ACTIVE,31.07,28.75,0.0994854126330359,80.57042236049857
2026-04-12 09:40:00,ACTIVE,31.95,27.31,0.09158814947130306,77.49985009516361
2026-04-12 09:45:00,ACTIVE,31.12,28.56,0.08751524575278447,75.91624512451214
2026-04-12 09:50:00,ACTIVE,31.11,26.99,0.09055081834639461,77.09652047110514
2026-04-12 09:55:00,ACTIVE,31.46,27.68,0.0967084505024231,79.49069857195077
2026-04-12 10:00:00,ACTIVE,30.55,28.84,0.11320666799874712,85.90544859790292
2026-04-12 10:05:00,ACTIVE,30.96,27.08,0.11081649536088578,84.9761142625926
2026-04-12 10:10:00,ACTIVE,30.91,28.27,0.11488008267004862,86.55609687603064
2026-04-12 10:15:00,ACTIVE,30.25,28.1,0.10654669446413717,83.31595276821714
2026-04-12 10:20:00,ACTIVE,31.04,27.53,0.09609687822227397,79.25291025931443
2026-04-12 10:25:00,ACTIVE,29.5,29.39,0.1156359829749235,86.85000205102264
2026-04-12 10:30:00,ACTIVE,30.69,27.87,0.12302210690146226,89.72183585125028
2026-04-12 10:35:00,ACTIVE,29.22,29.8,0.11123291842802502,85.1380256861348
2026-04-12 10:40:00,ACTIVE,30.6,28.15,0.11512675806700684,86.652007904564
2026-04-12 10:45:00,ACTIVE,29.22,29.57,0.11521558275186067,86.6865442506631
2026-04-12 10:50:00,ACTIVE,30.35,28.74,0.08604980743838453,75.34646111800218
2026-04-12 10:55:00,ACTIVE,29.42,29.04,0.11103125376362949,85.05961549355169
2026-04-12 11:00:00,ACTIVE,29.96,28.99,0.09731625364429602,79.72702138809572
2026-04-12 11:05:00,ACTIVE,29.54,28.28,0.09840125352107237,80.14888532517013
2026-04-12 11:10:00,ACTIVE,28.48,30.31,0.09950898529247976,80.57958775777941
2026-04-12 11:15:00,ACTIVE,29.92,27.4,0.10253150260674826,81.75478701942477
2026-04-12 11:20:00,ACTIVE,28.82,28.78,0.11215814473664082,85.49776730601144
2026-04-12 11:25:00,ACTIVE,28.09,29.66,0.1077702117475805,83.79167431373985
2026-04-12 11:30:00,ACTIVE,27.58,30.8,0.10276662750402443,81.84620704351163
2026-04-12 11:35:00,ACTIVE,29.49,27.25,0.11116194899480014,85.11043172492519
2026-04-12 11:40:00,ACTIVE,28.57,28.35,0.09877577074953109,80.29450314124695
2026-04-12 11:45:00,ACTIVE,27.88,29.34,0.10192280546740723,81.51811660389322
2026-04-12 11:50:00,ACTIVE,27.44,30.02,0.10956196095072596,84.48833280123634
2026-04-12 11:55:00,ACTIVE,27.15,30.33,0.10853322125863696,84.0883436528331
2026-04-12 12:00:00,ACTIVE,26.96,30.52,0.10633549354206018,83.2338347381526
2026-04-12 12:05:00,ACTIVE,27.68,30.25,0.10852051454222572,84.0834030942881
2026-04-12 12:10:00,ACTIVE,28.55,27.87,0.11132769278825905,85.17487535367654
2026-04-12 12:15:00,ACTIVE,27.84,28.88,0.1118943185718917,85.39518780628377
2026-04-12 14:05:00,ACTIVE,27.61,29.86,0.03744730714249772,56.44909295663295
2026-04-12 14:10:00,ACTIVE,27.61,29.84,0.059671328190768036,65.09011976015987
2026-04-12 14:15:00,ACTIVE,27.65,29.89,0.0662871013922563,67.66242984913742
2026-04-12 14:20:00,ACTIVE,27.65,29.9,0.07528330453046261,71.16028616768443
2026-04-12 14:25:00,ACTIVE,27.66,29.89,0.06677292360712878,67.85132468375551
2026-04-12 14:30:00,ACTIVE,27.7,29.94,0.07745084386941714,72.00305739638891
2026-04-12 14:35:00,ACTIVE,27.72,29.95,0.07461977704287798,70.90229690495639
2026-04-12 14:40:00,ACTIVE,27.74,29.76,0.0891444985101344,76.54972259987103
2026-04-12 16:05:00,ACTIVE,27.65,28.49,0.07992633998329746,72.96556675622105
2026-04-12 16:10:00,ACTIVE,27.78,28.17,0.09464221395330658,78.6873153603995
2026-04-12 16:15:00,ACTIVE,27.86,27.86,0.11256308170571533,85.65521276540477
2026-04-12 16:20:00,ACTIVE,27.9,27.55,0.11224011698502218,85.52963932385511
2026-04-12 16:25:00,ACTIVE,27.96,27.22,0.08043031037565251,73.1615178696161
2026-04-12 16:30:00,ACTIVE,28.0,26.89,0.1029797436205866,81.92906972940801
2026-04-12 16:35:00,ACTIVE,28.04,26.6,0.10283689800060042,81.87352924785492
2026-04-12 16:40:00,ACTIVE,28.08,26.32,0.10591515284974512,83.07040008422484
2026-04-12 16:45:00,ACTIVE,28.12,26.11,0.10664229940950037,83.35312537949387
2026-04-12 16:50:00,ACTIVE,28.13,25.9,0.10703055865103828,83.50408629271293
2026-04-12 16:55:00,ACTIVE,28.14,25.81,0.1190529437314447,88.17856673423498
2026-04-12 17:00:00,ACTIVE,28.17,25.72,0.09896261134197332,80.36714951625594
2026-04-12 18:45:00,ACTIVE,29.63,28.93,0.0735684240628457,70.4935153770459
2026-04-12 18:50:00,ACTIVE,28.72,31.18,0.08771253084386466,75.99295247446729
2026-04-12 18:55:00,ACTIVE,28.05,33.43,0.06916454527107285,68.78122242175486
2026-04-12 19:00:00,ACTIVE,29.88,31.54,0.07538018877558816,71.1979561895563
2026-04-12 19:05:00,ACTIVE,28.96,33.56,0.06376890583337408,66.6833183160102
2026-04-12 19:10:00,ACTIVE,28.39,37.15,0.08395540596695444,74.53212696970988
2026-04-12 19:15:00,ACTIVE,29.78,33.61,0.07322408206464981,70.35963013505805
2026-04-12 19:20:00,ACTIVE,28.72,35.6,0.08677635500340236,75.6289535152925
2026-04-12 19:25:00,ACTIVE,28.52,40.67,0.11068083736772799,84.92336843624358
2026-04-12 19:30:00,ACTIVE,29.71,35.04,0.12329957202684116,89.82971837980959
2026-04-12 19:35:00,ACTIVE,28.62,36.42,0.10851095699028618,84.0796869772854
2026-04-12 19:40:00,ACTIVE,29.82,39.12,0.10562800077916068,82.95875112865468
2026-04-12 19:45:00,ACTIVE,29.44,35.34,0.10992332415742251,84.62883613985768
2026-04-12 19:50:00,ACTIVE,28.69,44.68,0.11824549352427455,87.86461819776102
2026-04-12 19:55:00,ACTIVE,30.28,36.18,0.12098083271185867,88.9281583728407
2026-04-12 20:00:00,ACTIVE,28.98,36.01,0.11550764289209747,86.80010153602323
2026-04-12 20:05:00,ACTIVE,30.29,40.1,0.12340208926507518,89.86957859239128
2026-04-12 20:10:00,ACTIVE,29.66,35.1,0.11838220579105935,87.91777394122853
2026-04-12 20:15:00,ACTIVE,29.51,43.72,0.12800544314878687,91.65943040223594
2026-04-12 20:20:00,ACTIVE,30.29,35.21,0.1315896812753577,93.0530349913718
2026-04-12 20:25:00,ACTIVE,29.22,45.82,0.12863357382727214,91.90365686409538
2026-04-12 20:30:00,ACTIVE,30.79,37.15,0.12667025212824412,91.14028846247268
2026-04-12 20:35:00,ACTIVE,29.34,41.33,0.11416103857681803,86.27652193911764
2026-04-12 20:40:00,ACTIVE,30.9,39.87,0.12404250592563809,90.11858202508826
2026-04-12 20:45:00,ACTIVE,29.58,37.32,0.1143681124918714,86.35703532804942
2026-04-12 20:50:00,ACTIVE,30.97,40.0,0.11587008557438433,86.9410245906577
2026-04-12 20:55:00,ACTIVE,29.68,35.28,0.11425541603459116,86.31321728513514
2026-04-12 21:00:00,ACTIVE,30.96,40.18,0.11476148280303067,86.50998350043713
2026-04-12 21:05:00,ACTIVE,29.83,34.55,0.11136547412401115,85.18956529363825
2026-04-12 21:10:00,ACTIVE,31.01,40.12,0.09248654625485941,77.84916000042566
2026-04-12 21:15:00,ACTIVE,30.01,39.2,0.09043352679475009,77.05091578780385
2026-04-12 21:20:00,ACTIVE,31.25,39.45,0.09249306438308763,77.85169434471044
2026-04-12 21:25:00,ACTIVE,30.07,43.93,0.09845599155780937,80.17016828029287
2026-04-12 21:30:00,ACTIVE,31.41,37.71,0.08494057182538317,74.91517396962553
2026-04-12 21:35:00,ACTIVE,30.25,43.02,0.10065141622239032,81.02378173442719
2026-04-12 21:40:00,ACTIVE,31.45,35.81,0.10455861547753492,82.54295836844376
2026-04-12 21:45:00,ACTIVE,30.44,42.26,0.09988952983859517,80.72754908375984
2026-04-12 21:50:00,ACTIVE,31.32,34.22,0.11117692955839137,85.1162563887537
2026-04-12 21:55:00,ACTIVE,30.76,40.93,0.11305133693850983,85.84505359323586
2026-04-12 22:00:00,ACTIVE,31.17,33.04,0.10919616022321982,84.34610408914752
2026-04-12 22:05:00,ACTIVE,30.97,39.98,0.10235140330212167,81.6847617564359
2026-04-12 22:10:00,ACTIVE,30.95,32.67,0.0878108376915111,76.03117562515807
2026-04-12 22:15:00,ACTIVE,31.25,38.73,0.10843552280199908,84.0503570535297
2026-04-12 22:20:00,ACTIVE,30.61,32.66,0.10910468857934202,84.31053856638303
2026-04-12 22:25:00,ACTIVE,31.51,37.52,0.11444285512393193,86.38609636455575
2026-04-12 22:30:00,ACTIVE,30.49,40.37,0.1095187271503591,84.47152286270284
2026-04-12 22:35:00,ACTIVE,31.73,36.28,0.10936985195755056,84.4136379944045
2026-04-12 22:40:00,ACTIVE,30.74,38.73,0.10810334995653909,83.9212033574101
2026-04-12 22:45:00,ACTIVE,31.79,33.49,0.11934355355803927,88.29156011628396
2026-04-12 22:50:00,ACTIVE,31.04,37.23,0.11529629666452607,86.71792700904172
2026-04-12 22:55:00,ACTIVE,31.63,31.39,0.1172253132277064,87.46795706843936
2026-04-12 23:00:00,ACTIVE,31.37,35.7,0.11250820310026688,85.63387515509606
2026-04-12 23:05:00,ACTIVE,31.35,30.48,0.11369099115758236,86.09376057744856
2026-04-12 23:10:00,ACTIVE,31.68,34.25,0.1136309556312376,86.07041788031998
2026-04-12 23:15:00,ACTIVE,30.99,35.67,0.10040471169601806,80.9278593799485
2026-04-12 23:20:00,ACTIVE,31.94,33.07,0.10698968468789616,83.48819389365919
2026-04-12 23:25:00,ACTIVE,31.08,34.68,0.10792190238125149,83.85065386692459
2026-04-12 23:30:00,ACTIVE,32.12,32.05,0.11199727170901591,85.43521750277591
2026-04-12 23:35:00,ACTIVE,31.36,33.29,0.10093811463951502,81.13525430284865
2026-04-12 23:40:00,ACTIVE,32.24,30.35,0.10816689905198801,83.94591218197075
2026-04-12 23:45:00,ACTIVE,31.63,32.0,0.09837946439843748,80.14041339327696
2026-04-12 23:50:00,ACTIVE,32.18,28.73,0.12371878835281208,89.99271586353781
2026-04-12 23:55:00,ACTIVE,31.83,31.12,0.11379618606857717,86.13466190864901
2026-04-13 00:00:00,ACTIVE,31.52,28.23,0.09976074891452952,80.67747716319167
2026-04-13 00:05:00,ACTIVE,32.02,30.47,0.10991914841072692,84.6272125480224
2026-04-13 00:10:00,ACTIVE,31.26,31.77,0.11204985709272364,85.45566347468646
2026-04-13 00:15:00,ACTIVE,32.21,29.9,0.12634691887533572,91.01457173016829
2026-04-13 00:20:00,ACTIVE,31.46,31.21,0.12364862304798624,89.96543455929674
2026-04-13 00:25:00,ACTIVE,31.7,28.18,0.08368364738730344,74.42646323020242
2026-04-13 00:30:00,ACTIVE,31.71,30.56,0.08701986302851633,75.72363302298885
2026-04-13 00:35:00,ACTIVE,31.52,27.93,0.0838715707840148,74.49953061546387
2026-04-13 00:40:00,ACTIVE,31.89,30.01,0.10624488780507069,83.19860589274344
2026-04-13 00:45:00,ACTIVE,31.25,31.05,0.11250223289033734,85.63155384951811
2026-04-13 00:50:00,ACTIVE,32.06,29.6,0.10802374569674861,83.89025204841745
2026-04-13 00:55:00,ACTIVE,32.35,27.22,0.11240562485810579,85.5939912232888
2026-04-13 01:00:00,ACTIVE,31.97,29.63,0.1048770591605247,82.66677396392723
2026-04-13 01:05:00,ACTIVE,32.57,28.57,0.10622481270365158,83.19080039755113
2026-04-13 01:10:00,ACTIVE,32.98,27.88,0.1129148443528345,85.79198326502022
2026-04-13 01:15:00,ACTIVE,32.09,29.32,0.10395905390652149,82.30983999646963
2026-04-13 01:20:00,ACTIVE,32.58,28.46,0.11072811417045886,84.94175035366057
2026-04-13 01:25:00,ACTIVE,32.93,27.85,0.132262669033054,93.31470254649464
2026-04-13 02:30:00,ACTIVE,32.47,26.58,0.09297605494935524,78.03948819263312
2026-04-13 02:35:00,ACTIVE,32.67,26.39,0.10557381422894868,82.93768259961777
2026-04-13 02:40:00,ACTIVE,32.93,25.97,0.11730979798664298,87.50080598740298
2026-04-13 02:45:00,ACTIVE,33.11,25.63,0.1263917553507009,91.03200481235285
2026-04-13 02:50:00,ACTIVE,33.26,25.38,0.09812703919103549,80.04226675373279
2026-04-13 02:55:00,ACTIVE,32.78,24.08,0.09713745081089753,79.65750021222088
2026-04-13 03:00:00,ACTIVE,32.54,26.27,0.08061277590673943,73.23246315631367
2026-04-13 03:05:00,ACTIVE,32.81,25.8,0.09497870866634245,78.81814946230537
2026-04-13 03:10:00,ACTIVE,32.99,25.51,0.11633362340736852,87.12125492928838
2026-04-13 03:15:00,ACTIVE,33.15,25.29,0.11826963045598882,87.87400299241385
2026-04-13 03:20:00,ACTIVE,33.27,25.07,0.1214384543407177,89.10608840414584
2026-04-13 03:25:00,ACTIVE,32.34,26.33,0.13050626706243235,92.63178758376378
2026-04-13 03:30:00,ACTIVE,32.61,25.96,0.12781539280882148,91.5855360301017
2026-04-13 03:35:00,ACTIVE,32.8,25.67,0.13488446860148917,94.33409684490343
2026-04-13 03:40:00,ACTIVE,32.93,25.49,0.13095211996958878,92.80514176268582
2026-04-13 03:45:00,ACTIVE,33.02,25.41,0.1266951497183178,91.14996901230221
2026-04-13 03:50:00,ACTIVE,33.1,25.39,0.12878334662924723,91.96189073606189
2026-04-13 03:55:00,ACTIVE,33.15,25.41,0.12228662874298946,89.43587110765286
2026-04-13 04:00:00,ACTIVE,33.17,25.44,0.13249768376319493,93.40607973597626
2026-04-13 04:05:00,ACTIVE,33.19,25.49,0.12463564594877424,90.34920360464093
2026-04-13 04:10:00,ACTIVE,33.19,25.57,0.11726029818106715,87.48155973372903
2026-04-13 04:15:00,ACTIVE,33.19,25.62,0.10738273785907465,83.64101875735005
2026-04-13 04:20:00,ACTIVE,33.18,25.65,0.11464632066849689,86.46520676588058
2026-04-13 04:25:00,ACTIVE,33.17,25.71,0.10697309293682666,83.48174277640199
2026-04-13 04:30:00,ACTIVE,33.17,25.78,0.11385483356360254,86.15746491875115
2026-04-13 04:35:00,ACTIVE,33.17,25.88,0.10718687352141104,83.5648638172548
2026-04-13 04:40:00,ACTIVE,33.16,25.96,0.1051195960643378,82.76107588535456
2026-04-13 04:45:00,ACTIVE,33.12,26.17,0.10796330231846407,83.86675077244593
2026-04-13 08:55:00,ACTIVE,32.6,30.36,0.013426497160637763,47.10944814416398
2026-04-13 09:00:00,ACTIVE,31.96,32.8,0.041593677111614547,58.06126268787365
2026-04-13 09:05:00,ACTIVE,32.44,31.67,0.036318243098030334,56.01009622197586
2026-04-13 09:10:00,ACTIVE,31.69,32.9,0.05985747412437281,65.16249604157865
2026-04-13 09:15:00,ACTIVE,32.32,31.43,0.051742115746767514,62.00712514317986
2026-04-13 09:20:00,ACTIVE,31.54,32.78,0.04878666926863118,60.85800401075757
2026-04-13 09:25:00,ACTIVE,32.24,30.47,0.029352683587190953,53.30178406262387
2026-04-13 09:30:00,ACTIVE,31.63,32.05,0.048284185415133574,60.66263088557102
2026-04-13 09:35:00,ACTIVE,30.98,33.35,0.07559209960172758,71.28035024077913
2026-04-13 09:40:00,ACTIVE,31.82,31.22,0.05493232705144402,63.247526298882065
2026-04-13 09:45:00,ACTIVE,31.06,32.46,0.05462108324266113,63.126510120563864
2026-04-13 09:50:00,ACTIVE,31.04,28.91,0.06533722255742985,67.29310296387168
2026-04-13 09:55:00,ACTIVE,31.36,31.37,0.0849914761259406,74.93496631164032
2026-04-13 10:00:00,ACTIVE,30.46,32.87,0.09380602763513246,78.36219380060653
2026-04-13 10:05:00,ACTIVE,31.55,29.98,0.05365391565279454,62.750461112628365
2026-04-13 10:10:00,ACTIVE,30.39,32.79,0.07031205529645224,69.22739122554975
2026-04-13 10:15:00,ACTIVE,30.79,29.37,0.08414218637333765,74.6047499434924
2026-04-13 10:20:00,ACTIVE,30.49,32.3,0.09364410464769873,78.29923575752859
2026-04-13 10:25:00,ACTIVE,29.98,30.3,0.08324812855016933,74.25712708995387
2026-04-13 13:15:00,ACTIVE,29.0,27.83,0.03292842914838262,54.69208661722186
2026-04-13 13:20:00,ACTIVE,28.15,29.13,0.017159091830914464,48.560735943185975
2026-04-13 13:25:00,ACTIVE,27.59,30.26,0.028028115494932615,52.786772473882074
2026-04-13 13:30:00,ACTIVE,27.23,30.92,0.02264228463167567,50.69268208638723
2026-04-13 13:35:00,ACTIVE,26.97,31.43,0.0547039372568755,63.15872498195421
2026-04-13 13:40:00,ACTIVE,26.81,31.74,0.03123780587441899,54.034747380849815
2026-04-13 13:45:00,ACTIVE,26.68,31.96,0.04312958808890899,58.65844750396999
2026-04-13 14:35:00,ACTIVE,26.67,30.61,0.0939949060406311,78.43563250735434
2026-04-13 14:40:00,ACTIVE,26.62,30.51,0.08360645942855766,74.39645141465459
2026-04-13 14:45:00,ACTIVE,26.6,30.36,0.08803323654710238,76.11764757674882
2026-04-13 14:50:00,ACTIVE,26.61,30.12,0.102348657536588,81.68369416234387
2026-04-13 14:55:00,ACTIVE,26.63,29.77,0.09698591720628646,79.59858171424811
2026-04-13 15:00:00,ACTIVE,26.63,29.51,0.10123202149803251,81.24952961948347
2026-04-13 15:05:00,ACTIVE,26.62,29.41,0.09807875485510081,80.02349309256248
2026-04-13 15:10:00,ACTIVE,26.61,29.72,0.10925266031741504,84.36807215816987
2026-04-13 15:15:00,ACTIVE,26.6,30.28,0.10787081006825472,83.83078842290344
2026-04-13 15:20:00,ACTIVE,26.58,31.04,0.08996855221755606,76.87012682185724
2026-04-13 15:25:00,ACTIVE,26.58,31.75,0.08654742507600738,75.53994218676411
2026-04-13 15:30:00,ACTIVE,26.56,32.2,0.100433268145602,80.93896254826049
2026-04-13 15:35:00,ACTIVE,26.54,32.58,0.09823483688510587,80.08418008533906
2026-04-13 15:40:00,ACTIVE,26.52,32.83,0.09719792290182894,79.68101265209253
2026-04-13 15:45:00,ACTIVE,26.5,33.0,0.08877878814196788,76.4075290208247
2026-04-13 15:50:00,ACTIVE,26.5,33.2,0.061243547006746946,65.70142159884944
2026-04-13 15:55:00,ACTIVE,26.46,33.33,0.08063104671583593,73.23956711606883
2026-04-13 16:00:00,ACTIVE,26.46,33.39,0.0919889941186185,77.65570439956603
2026-04-13 16:05:00,ACTIVE,26.42,33.46,0.08765626901197837,75.97107704534089
2026-04-13 16:10:00,ACTIVE,26.39,33.57,0.08810348007138752,76.14495929386806
2026-04-13 16:15:00,ACTIVE,26.38,33.63,0.08607689759174214,75.35699416873888
2026-04-13 16:20:00,ACTIVE,26.35,33.75,0.08935748780157454,76.63253597429149
2026-04-13 16:25:00,ACTIVE,26.33,33.84,0.07828825504400722,72.32865519840183
2026-04-13 16:30:00,ACTIVE,26.3,33.95,0.08146451410945338,73.56363151793704
2026-04-13 16:35:00,ACTIVE,26.28,34.19,0.08679306937074344,75.63545230756257
2026-04-13 16:40:00,ACTIVE,26.24,34.56,0.07916588768113375,72.6698916976199
2026-04-13 16:45:00,ACTIVE,26.23,35.0,0.08820175573317263,76.18317031903649
2026-04-13 16:50:00,ACTIVE,26.23,35.48,0.09102927419900825,77.28255115555054
2026-04-13 16:55:00,ACTIVE,26.22,35.92,0.08988375080726457,76.8371547841817
2026-04-13 17:55:00,ACTIVE,34.03,28.39,0.11508922478264388,86.63741441063685
2026-04-13 18:00:00,ACTIVE,35.03,27.17,0.1012786598392616,81.26766329366228
2026-04-13 18:05:00,ACTIVE,35.9,26.21,0.10187195596776677,81.4983455692823
2026-04-13 18:10:00,ACTIVE,36.66,25.46,0.11237057871429346,85.58036476625004
2026-04-13 18:15:00,ACTIVE,37.32,24.78,0.08961429070300841,76.73238472577052
2026-04-13 18:20:00,ACTIVE,37.82,24.32,0.09204309443174313,77.67673939835288
2026-04-13 18:25:00,ACTIVE,38.19,24.03,0.1030306027342921,81.94884450210905
2026-04-13 18:30:00,ACTIVE,38.56,23.69,0.10267269897142317,81.80968624621484
2026-04-13 18:35:00,ACTIVE,38.88,23.39,0.10620388731045949,83.1826642963904
2026-04-13 18:40:00,ACTIVE,39.13,23.11,0.07559396844092853,71.28107687299351
2026-04-13 18:45:00,ACTIVE,39.34,22.92,0.0731314858528474,70.32362736371654
2026-04-13 18:50:00,ACTIVE,39.56,22.62,0.08429734882249112,74.66507938968596
2026-04-13 18:55:00,ACTIVE,39.72,22.45,0.08335585687092884,74.2990134481948
2026-04-13 19:00:00,ACTIVE,39.85,22.35,0.0887889191112805,76.41146809095002
2026-04-13 19:05:00,ACTIVE,39.92,22.3,0.07538034752495548,71.19801791364912
2026-04-13 19:10:00,ACTIVE,40.03,22.27,0.08193281642026784,73.74571435574178
2026-04-13 19:15:00,ACTIVE,40.07,22.31,0.06993898761645351,69.08233701526993
2026-04-13 19:20:00,ACTIVE,40.15,22.32,0.08473465869990787,74.83511191278328
2026-04-13 19:25:00,ACTIVE,40.17,22.43,0.08720819998468665,75.79686120626081
2026-04-13 19:30:00,ACTIVE,40.19,22.56,0.08750825877386909,75.91352848417274
2026-04-13 19:35:00,ACTIVE,40.26,22.73,0.07592887854690072,71.41129485632749
2026-04-13 19:40:00,ACTIVE,40.34,22.93,0.10800509281140935,83.88299953179008
2026-04-13 19:45:00,ACTIVE,40.33,23.31,0.0974540632064047,79.78060377615128
2026-04-13 19:50:00,ACTIVE,40.33,23.67,0.10266419805413607,81.8063809643321
2026-04-13 19:55:00,ACTIVE,40.31,24.0,0.09804086951109126,80.00876271265795
2026-04-13 20:00:00,ACTIVE,40.3,24.27,0.09720898920843418,79.68531539513728
2026-04-13 20:05:00,ACTIVE,40.29,24.55,0.10844178735685955,84.0527928047533
2026-04-13 21:15:00,ACTIVE,38.64,28.72,0.07779474471131947,72.13677111031039
2026-04-13 21:20:00,ACTIVE,38.6,28.76,0.09049118529902345,77.07333426373108
2026-04-13 21:25:00,ACTIVE,38.62,28.62,0.08552916729410875,75.14402855946979
2026-04-13 21:30:00,ACTIVE,38.64,28.48,0.090150095094787,76.9407133671424
2026-04-13 21:35:00,ACTIVE,38.63,28.34,0.09510879072902612,78.86872728473752
2026-04-13 21:40:00,ACTIVE,38.63,28.21,0.09913683920885263,80.43489187774648
2026-04-13 21:45:00,ACTIVE,38.62,28.18,0.10426625710210063,82.42928512484504
2026-04-13 21:50:00,ACTIVE,38.61,28.14,0.10040049993380756,80.9262217847504
2026-04-13 21:55:00,ACTIVE,38.56,28.15,0.1025950484050191,81.779494561994
2026-04-13 22:00:00,ACTIVE,38.55,28.13,0.09779962918346635,79.91496491915467
2026-04-13 22:05:00,ACTIVE,38.54,28.11,0.09220102743966846,77.73814607861476
2026-04-13 22:10:00,ACTIVE,38.49,28.18,0.08889745358655521,76.4536678939433
2026-04-13 22:15:00,ACTIVE,38.47,28.2,0.09942564335086601,80.54718318302768
2026-04-13 22:20:00,ACTIVE,38.44,28.19,0.09858339405475991,80.21970424809071
2026-04-13 22:25:00,ACTIVE,38.41,28.2,0.09293771422833852,78.02458075543926
2026-04-13 22:30:00,ACTIVE,38.38,28.19,0.09629318752476929,79.32923820829177
2026-04-13 22:35:00,ACTIVE,38.35,28.15,0.1028693006512047,81.88612787578857
2026-04-13 22:40:00,ACTIVE,38.32,28.16,0.09527884700446237,78.93484767001618
2026-04-13 22:45:00,ACTIVE,38.31,28.08,0.08078913101597995,73.30103262097428
2026-04-13 22:50:00,ACTIVE,38.27,28.11,0.09037013344264494,77.02626751854976
2026-04-13 22:55:00,ACTIVE,38.21,28.1,0.08401876793059165,74.55676303466518
2026-04-13 23:00:00,ACTIVE,38.16,28.14,0.08269981171611357,74.04393342668249
2026-04-13 23:05:00,ACTIVE,38.13,28.13,0.08750825900089365,75.91352857244324
2026-04-13 23:10:00,ACTIVE,38.07,28.16,0.09312366560004465,78.09688138832541
2026-04-13 23:15:00,ACTIVE,38.03,28.22,0.09305406511706954,78.06981969514128
2026-04-13 23:20:00,ACTIVE,37.97,28.32,0.08561270961060308,75.17651104292715
2026-04-13 23:25:00,ACTIVE,37.9,28.4,0.09225580042470699,77.75944262215201
2026-04-13 23:30:00,ACTIVE,37.81,28.62,0.0949786757846901,78.81813667743451
2026-04-13 23:35:00,ACTIVE,37.75,28.87,0.08053598585916011,73.20260605448966
2026-04-13 23:40:00,ACTIVE,37.71,29.13,0.08564460075019403,75.18891078784287
2026-04-13 23:45:00,ACTIVE,37.63,29.47,0.08617607908555469,75.39555739474496
2026-04-13 23:50:00,ACTIVE,37.56,29.82,0.0731851191324624,70.34448077299416
2026-04-13 23:55:00,ACTIVE,37.49,30.19,0.06880052082788851,68.63968435517982
2026-04-14 00:00:00,ACTIVE,37.39,30.58,0.06898538476982508,68.7115621793508
2026-04-14 00:05:00,ACTIVE,37.32,30.94,0.06031782444093692,65.34148702686447
2026-04-14 00:10:00,ACTIVE,37.24,31.33,0.05587631126846421,63.614561269901074
2026-04-14 00:15:00,ACTIVE,37.17,31.68,0.04083343280723062,57.765668501873655
2026-04-14 00:20:00,ACTIVE,37.09,32.11,0.03546446013635424,55.67813282794316
2026-04-14 00:25:00,ACTIVE,37.03,32.45,0.03440800421317697,55.267367200557736
2026-04-14 00:30:00,ACTIVE,36.95,32.84,0.038386746903086744,56.81436097603939
2026-04-14 00:35:00,ACTIVE,36.89,33.16,0.030167586756105647,53.618630420426385
2026-04-14 00:40:00,ACTIVE,36.81,33.46,0.043845529777224834,58.936816180145314
2026-04-14 00:45:00,ACTIVE,36.75,33.76,0.04588471222464169,59.72968035837566
2026-04-14 00:50:00,ACTIVE,36.68,34.02,0.042493550401514646,58.41114668055507
2026-04-14 00:55:00,ACTIVE,36.63,34.23,0.048624371394520305,60.79490020621646
2026-04-14 01:00:00,ACTIVE,36.54,34.49,0.04225257808210103,58.31745309259282
2026-04-14 01:05:00,ACTIVE,36.45,34.78,0.04445666071801324,59.17443289353608
2026-04-14 01:10:00,ACTIVE,36.4,35.01,0.0551565801927873,63.33471922409184
2026-04-14 01:15:00,ACTIVE,36.32,35.23,0.008543006964794042,45.21067520899657
2026-04-14 01:20:00,ACTIVE,36.25,35.43,0.02601686137434195,52.004767240581565
2026-04-14 01:25:00,ACTIVE,36.2,35.6,0.03433764597071465,55.24001087932112
2026-04-14 01:30:00,ACTIVE,36.18,35.66,0.02899448331403559,53.162510519161884
2026-04-14 01:35:00,ACTIVE,36.13,35.78,0.024007422339321183,51.22346773929176
2026-04-14 01:40:00,ACTIVE,36.0,36.04,0.02664904521023831,52.25056962975641
2026-04-14 01:45:00,ACTIVE,35.94,36.11,0.02845932879259716,52.95443455695261
2026-04-14 01:50:00,ACTIVE,35.87,36.27,0.0369827619994777,56.268470961019936
2026-04-14 01:55:00,ACTIVE,35.77,36.49,0.040639652294120476,57.69032378346518
2026-04-14 02:00:00,ACTIVE,35.67,36.63,0.03582562731551853,55.818559948171966
2026-04-14 02:05:00,ACTIVE,35.6,36.82,0.0289152330063569,53.13169683196496
2026-04-14 02:10:00,ACTIVE,35.53,37.02,0.03249414578954718,54.52323084913776
2026-04-14 02:15:00,ACTIVE,35.49,37.11,0.06502869294952551,67.17314210684259
2026-04-14 02:20:00,ACTIVE,35.45,37.19,0.06788243785365466,68.28272016895154
2026-04-14 02:25:00,ACTIVE,35.43,37.23,0.05905738277907707,64.85140873901743
2026-04-14 02:30:00,ACTIVE,35.34,37.36,0.06434071520207763,66.90564622286122
2026-04-14 02:35:00,ACTIVE,35.31,37.42,0.06704539078656807,67.95726393730025
2026-04-14 02:40:00,ACTIVE,35.23,37.54,0.04562842554714458,59.630032322368606
2026-04-14 02:45:00,ACTIVE,35.21,37.57,0.054966326365241736,63.26074573298849
2026-04-14 04:00:00,ACTIVE,33.17,41.83,0.05693358291237066,64.02564406152376
2026-04-14 04:05:00,ACTIVE,33.15,41.96,0.06127197579814819,65.71247513177926
2026-04-14 04:10:00,ACTIVE,33.14,41.97,0.0671323201811056,67.99106336660162
2026-04-14 04:15:00,ACTIVE,33.12,42.07,0.0765696414301466,71.66043290550441
2026-04-14 04:20:00,ACTIVE,33.1,42.19,0.0718602666079804,69.82935859281336
2026-04-14 04:25:00,ACTIVE,33.08,42.29,0.06733296459871185,68.06907687220207
2026-04-14 04:30:00,ACTIVE,33.04,42.42,0.07604405948443005,71.45607890176574
2026-04-14 04:35:00,ACTIVE,33.01,42.53,0.06553523307087494,67.37009236872973
2026-04-14 04:40:00,ACTIVE,32.98,42.6,0.0702102159490719,69.18779458691915
2026-04-14 04:45:00,ACTIVE,32.96,42.64,0.08361184681553763,74.39854611008319
2026-04-14 04:50:00,ACTIVE,32.91,42.78,0.08580189646615471,75.25006967959986
2026-04-14 04:55:00,ACTIVE,32.89,42.91,0.09263096284544964,77.90531129849424
2026-04-14 05:00:00,ACTIVE,32.84,42.92,0.08810747533675128,76.14651271190256
2026-04-14 05:05:00,ACTIVE,32.86,42.82,0.09403438968509958,78.45098433002461
2026-04-14 05:10:00,ACTIVE,32.82,42.81,0.09463174618767384,78.68324533890296
2026-04-14 06:25:00,ACTIVE,31.23,42.2,0.03537817773752877,55.64458496010665
2026-04-14 06:30:00,ACTIVE,31.25,41.76,0.0480422573425871,60.56856568670989
2026-04-14 06:35:00,ACTIVE,31.27,41.4,0.04452546524283635,59.201185106464116
2026-04-14 09:25:00,ACTIVE,33.53,28.56,0.0345967746758476,55.340763937543734
2026-04-14 09:30:00,ACTIVE,33.8,27.92,0.04818285523594612,60.62323221903524
2026-04-14 09:35:00,ACTIVE,34.05,27.39,0.05492235274690299,63.24364814232801
2026-04-14 09:40:00,ACTIVE,34.32,26.86,0.040412205163097126,57.60188898801167
2026-04-14 09:45:00,ACTIVE,34.64,26.33,0.03255805987838978,54.548081588507216
2026-04-14 09:50:00,ACTIVE,34.93,25.9,0.03854780092002014,56.876981150584506
2026-04-14 09:55:00,ACTIVE,35.2,25.47,0.03215335097134392,54.39072480299061
2026-04-14 10:00:00,ACTIVE,35.41,25.15,0.04711828429158044,60.20931135185555
2026-04-14 10:05:00,ACTIVE,35.62,24.62,0.047581912128715764,60.38957668542619
2026-04-14 10:10:00,ACTIVE,35.85,24.1,0.06941361919943939,68.87806603463663
2026-04-14 10:15:00,ACTIVE,36.07,23.7,0.06049100695022813,65.40882293792382
2026-04-14 10:20:00,ACTIVE,36.34,23.23,0.046980734439894756,60.155829943038675
2026-04-14 10:25:00,ACTIVE,36.63,22.79,0.060747729348193724,65.50864038846834
2026-04-14 10:30:00,ACTIVE,36.87,22.45,0.04154835219329994,58.04363969187425
2026-04-14 10:35:00,ACTIVE,37.14,22.08,0.06108563609031337,65.64002350808501
2026-04-14 10:40:00,ACTIVE,37.4,21.74,0.041798093179932494,58.14074266683742
2026-04-14 10:45:00,ACTIVE,37.66,21.35,0.04362329733935694,58.85040893421719
2026-04-14 10:50:00,ACTIVE,37.9,20.75,0.04662525403651496,60.01761392501649
2026-04-14 10:55:00,ACTIVE,38.13,20.33,0.06493516912963304,67.13677866780948
2026-04-14 11:00:00,ACTIVE,38.36,19.86,0.04239836927793311,58.37413885743109
2026-04-14 11:05:00,ACTIVE,38.62,19.48,0.05005252122465281,61.35018590068299
2026-04-14 11:10:00,ACTIVE,38.83,18.95,0.04528233225192452,59.495466150296416
2026-04-14 11:15:00,ACTIVE,39.07,18.48,0.028735823762734536,53.06193987486102
2026-04-14 11:20:00,ACTIVE,39.28,17.99,0.031725892244772014,54.224522552475875
2026-04-14 11:25:00,ACTIVE,39.47,17.59,0.03625834066233752,55.98680527245353
2026-04-14 11:30:00,ACTIVE,39.7,17.23,0.03771929740414193,56.554846777512665
2026-04-14 11:35:00,ACTIVE,39.94,16.67,0.02572456446808591,51.891117897104955
2026-04-14 11:40:00,ACTIVE,40.16,16.2,0.033719487290900074,54.999661677459365
2026-04-14 11:45:00,ACTIVE,40.39,15.81,0.03665124385766072,56.139571823322306
2026-04-14 11:50:00,ACTIVE,40.58,15.48,0.019017044969703745,49.28313549622387
2026-04-14 11:55:00,ACTIVE,40.77,15.18,0.02132024375621716,50.17865311676996
2026-04-14 12:00:00,ACTIVE,40.96,14.95,0.02655733585046488,52.2149116795495
2026-04-14 13:20:00,ACTIVE,42.27,12.45,0.08053832394109867,73.20351513519364
2026-04-14 13:25:00,ACTIVE,42.4,12.37,0.08735523726909827,75.85403146869707
2026-04-14 13:30:00,ACTIVE,42.54,12.24,0.0637042965954695,66.65819729244402
2026-04-14 13:35:00,ACTIVE,42.68,12.15,0.0680601560816681,68.3518196342735
2026-04-14 13:40:00,ACTIVE,42.81,12.06,0.07835512633831393,72.35465574282338
2026-04-14 13:45:00,ACTIVE,42.91,12.02,0.042249171956072196,58.31612874061135
2026-04-14 13:50:00,ACTIVE,43.06,11.93,0.056882638459572754,64.00583610772632
2026-04-14 13:55:00,ACTIVE,43.22,11.79,0.044647583036198035,59.24866630364863
2026-04-14 14:00:00,ACTIVE,43.37,11.65,0.06983754160457739,69.04289331127828
2026-04-14 14:05:00,ACTIVE,43.55,11.46,0.06797780232844586,68.31979928172707
2026-04-14 14:10:00,ACTIVE,43.7,11.32,0.06690636182358389,67.90320742821922
2026-04-14 14:15:00,ACTIVE,43.85,11.14,0.06805275274620926,68.34894110837593
2026-04-14 14:20:00,ACTIVE,43.95,11.04,0.06686811814002785,67.8883377206197
2026-04-14 14:25:00,ACTIVE,44.08,10.87,0.06441549826312715,66.9347229787541
2026-04-14 14:30:00,ACTIVE,44.15,10.81,0.07011007277753273,69.14885744644485
2026-04-14 14:35:00,ACTIVE,44.23,10.72,0.05470477721054168,63.1590515683144
2026-04-14 14:40:00,ACTIVE,44.34,10.67,0.053648213070061124,62.74824386444714
2026-04-14 15:20:00,ACTIVE,44.78,9.88,0.08207116189586439,73.79950511485688
2026-04-14 15:25:00,ACTIVE,44.81,9.91,0.08751049977337555,75.91439981779683
2026-04-14 15:30:00,ACTIVE,44.88,9.95,0.09134434965117638,77.40505713326739
2026-04-14 15:35:00,ACTIVE,44.92,9.97,0.08870405760219702,76.37847268597874
2026-04-14 15:40:00,ACTIVE,44.92,10.0,0.08937482325254908,76.63927625302847
2026-04-14 15:45:00,ACTIVE,44.9,10.03,0.0923216336544328,77.78503955177098
2026-04-14 15:50:00,ACTIVE,44.94,10.02,0.09707740590345887,79.63415386758479
2026-04-14 15:55:00,ACTIVE,44.96,10.02,0.08719411532887772,75.79138488457721
2026-04-14 16:00:00,ACTIVE,45.0,9.98,0.07267149116414867,70.14477465178415
2026-04-14 16:05:00,ACTIVE,45.0,9.99,0.07497402464919406,71.04003359331777
2026-04-14 16:10:00,ACTIVE,45.0,9.98,0.07910892473713654,72.6477436657755
2026-04-14 16:15:00,ACTIVE,45.01,9.95,0.07918697784250872,72.67809186307763
2026-04-14 16:20:00,ACTIVE,45.04,9.93,0.06619770864499486,67.62767263200516
2026-04-14 16:25:00,ACTIVE,45.02,10.06,0.07878409543660653,72.52144524811499
2026-04-14 16:30:00,ACTIVE,45.02,10.18,0.08594042809877062,75.30393281930668
2026-04-14 16:35:00,ACTIVE,44.97,10.27,0.07569510603942686,71.32040066132012
2026-04-14 16:40:00,ACTIVE,44.96,10.4,0.0730853389642852,70.30568477357504
2026-04-14 16:45:00,ACTIVE,44.91,10.47,0.07873116390962437,72.50086469059971
2026-04-14 16:50:00,ACTIVE,44.89,10.5,0.0849286587285415,74.91054198206133
2026-04-14 16:55:00,ACTIVE,44.85,10.61,0.06489378173957105,67.12068664080515
2026-04-14 17:00:00,ACTIVE,44.8,10.82,0.06708739616896087,67.9735962488275
2026-04-14 17:05:00,ACTIVE,44.71,11.05,0.08726578223855741,75.81925003490817
2026-04-14 18:20:00,ACTIVE,42.23,14.3,0.09585020544266282,79.15700024844418
2026-04-14 18:25:00,ACTIVE,42.15,14.2,0.0874673049115639,75.89760501914729
2026-04-14 18:30:00,ACTIVE,42.09,14.06,0.0857272139454987,75.22103201529322
2026-04-14 18:35:00,ACTIVE,42.06,13.94,0.09147285315561565,77.45502118899768
2026-04-14 18:40:00,ACTIVE,42.04,13.83,0.08802384895220183,76.11399754154682
2026-04-14 18:45:00,ACTIVE,42.01,13.73,0.08715300650789615,75.77540116933542
2026-04-14 18:50:00,ACTIVE,41.94,13.6,0.09279609086769125,77.96951550632431
2026-04-14 18:55:00,ACTIVE,41.86,13.53,0.08183626322921495,73.70817305257067
2026-04-14 19:00:00,ACTIVE,41.8,13.42,0.09660276657203143,79.44960710280426
2026-04-14 19:05:00,ACTIVE,41.73,13.36,0.0923615137586365,77.80054552382722
2026-04-14 19:10:00,ACTIVE,41.7,13.26,0.09665742579139991,79.47085941257292
2026-04-14 19:15:00,ACTIVE,41.63,13.21,0.08924045082075871,76.5870302718789
2026-04-14 19:20:00,ACTIVE,41.56,13.15,0.0861968234360006,75.40362310381873
2026-04-14 19:25:00,ACTIVE,41.47,13.12,0.08274219725250592,74.06041354768547
2026-04-14 19:30:00,ACTIVE,41.36,13.08,0.08287528290505913,74.1121592101099
2026-04-14 19:35:00,ACTIVE,41.3,13.01,0.08949928194669554,76.68766762692593
2026-04-14 19:40:00,ACTIVE,41.21,12.98,0.08797998785820221,76.0969437020072
2026-04-14 19:45:00,ACTIVE,41.1,12.98,0.07204902662131485,69.9027512669435
2026-04-14 19:50:00,ACTIVE,40.98,13.01,0.06251975592162534,66.19763042696438
2026-04-14 19:55:00,ACTIVE,40.88,13.04,0.07102545575855101,69.50477183553274
2026-04-14 20:00:00,ACTIVE,40.79,13.08,0.06784407347190041,68.26780353211433
2026-04-14 20:05:00,ACTIVE,40.69,13.09,0.0643158798327057,66.89598986535724
2026-04-14 20:10:00,ACTIVE,40.61,13.08,0.05100431127787669,61.720255895819086
2026-04-14 20:15:00,ACTIVE,40.47,13.08,0.051717055634242226,61.99738140222677
2026-04-14 20:20:00,ACTIVE,40.36,13.04,0.05769346904818601,64.32109898630752
2026-04-14 20:25:00,ACTIVE,40.23,13.1,0.05830009076964071,64.55696244878834
2026-04-14 20:30:00,ACTIVE,40.13,13.11,0.06027730874567966,65.32573392764263
2026-04-14 20:35:00,ACTIVE,40.02,13.12,0.05150609935703898,61.91535849369343
2026-04-14 20:40:00,ACTIVE,39.92,13.1,0.04201399089565189,58.2246868794666
2026-04-14 20:45:00,ACTIVE,39.82,13.07,0.0318878135437799,54.28747993906896
2026-04-14 20:50:00,ACTIVE,39.72,13.08,0.02495847622677444,51.59325150233053
2026-04-14 20:55:00,ACTIVE,39.61,13.11,0.016969298573625335,48.48694152858378
2026-04-14 21:00:00,ACTIVE,39.53,13.14,0.013669341129286805,47.20386945692343
2026-04-14 21:05:00,ACTIVE,39.42,13.22,0.031029839966391637,53.95388717190828
2026-04-14 21:10:00,ACTIVE,39.29,13.33,0.01567002304233528,47.98176406017431
2026-04-14 21:15:00,ACTIVE,39.18,13.46,0.016638700408826423,48.35840009150453
2026-04-14 21:20:00,ACTIVE,39.05,13.56,0.01953522560569182,49.48461176169879
2026-04-14 21:25:00,ACTIVE,38.93,13.75,0.012977464060320076,46.93485745928799
2026-04-14 21:30:00,ACTIVE,38.81,13.83,0.012395271244327433,46.708492315154686
2026-04-14 21:35:00,ACTIVE,38.72,13.9,0.02829397104142123,52.890141027128344
2026-04-14 21:40:00,ACTIVE,38.51,14.02,0.019115868475976183,49.32155953140022
2026-04-14 21:45:00,ACTIVE,38.41,14.05,0.020053453239711028,49.68610630070063
2026-04-14 21:50:00,ACTIVE,38.26,14.15,0.016285352437640843,48.22101319453594
2026-04-14 21:55:00,ACTIVE,38.13,14.27,0.016816173134569457,48.42740410192683
2026-04-14 22:00:00,ACTIVE,38.01,14.35,0.012368899816922296,46.6982387156571
2026-04-14 22:05:00,ACTIVE,37.89,14.47,0.012334435460896187,46.68483846628093
2026-04-14 22:10:00,ACTIVE,37.78,14.62,0.005551422566320574,44.04750312073786
2026-04-14 22:15:00,ACTIVE,37.69,14.75,0.013250931652709796,47.041185688126646
2026-04-14 22:20:00,ACTIVE,37.58,14.9,0.01863277403060354,49.13372529375109
2026-04-14 22:25:00,ACTIVE,37.49,14.99,0.009376517256435957,45.53475629024869
2026-04-14 22:30:00,ACTIVE,37.41,15.14,0.016675997561330647,48.372901773886134
2026-04-14 22:35:00,ACTIVE,37.27,15.34,0.01726076182912989,48.60026673636629
2026-04-14 22:40:00,ACTIVE,37.17,15.46,0.014141607924850419,47.38749374480623
2026-04-14 22:45:00,ACTIVE,37.07,15.62,0.018929340781631943,49.24903481578157
2026-04-14 22:50:00,ACTIVE,36.94,15.75,0.022509687439776938,50.641126344661615
2026-04-14 22:55:00,ACTIVE,36.8,15.91,0.013760292956694231,47.23923286738593
2026-04-14 23:00:00,ACTIVE,36.69,16.03,0.00499702560787274,43.831945415526164
2026-04-14 23:05:00,ACTIVE,36.6,16.13,-0.0036488089743961227,40.470317553404435
2026-04-14 23:10:00,ACTIVE,36.49,16.22,-0.000624207278103972,41.646327253489176
2026-04-14 23:15:00,ACTIVE,36.4,16.25,0.01065307901935919,46.031102310881884
2026-04-14 23:20:00,ACTIVE,36.27,16.34,0.004494349671360753,43.636497605633714
2026-04-14 23:25:00,ACTIVE,36.2,16.38,0.004828681351722652,43.766490688568645
2026-04-14 23:30:00,ACTIVE,36.13,16.43,0.006561575487006199,44.44026545858602
2026-04-14 23:35:00,ACTIVE,36.04,16.48,0.010615736360395034,46.01658293491822
2026-04-14 23:40:00,ACTIVE,35.97,16.55,-0.007170312566076031,39.101105075683584
2026-04-15 00:15:00,ACTIVE,35.26,17.7,0.06118164682703864,65.67735389702172
2026-04-15 00:20:00,ACTIVE,35.18,17.83,0.06235844864694945,66.13491178207781
2026-04-15 00:25:00,ACTIVE,35.07,18.01,0.06163226081763101,65.85255925532731
2026-04-15 00:30:00,ACTIVE,34.98,18.18,0.0538600223582445,62.830598436216725
2026-04-15 00:35:00,ACTIVE,34.87,18.33,0.05747911618406776,64.23775543474069
2026-04-15 00:40:00,ACTIVE,34.83,18.44,0.04086030145973024,57.77611542981346
2026-04-15 00:45:00,ACTIVE,34.76,18.52,0.048303411408040786,60.67010623486424
2026-04-15 00:50:00,ACTIVE,34.63,18.68,0.061995304258658956,65.9937158938111
2026-04-15 00:55:00,ACTIVE,34.55,18.81,0.05806159676596473,64.46423246649717
2026-04-15 01:00:00,ACTIVE,34.45,18.92,0.049573089509755086,61.16377578660443
2026-04-15 01:05:00,ACTIVE,34.37,19.04,0.04293573616718943,58.58307502084214
2026-04-15 01:10:00,ACTIVE,34.27,19.18,0.04084732154986048,57.7710686496269
2026-04-15 01:15:00,ACTIVE,34.16,19.3,0.04133041997546005,57.95890443484689
2026-04-15 01:20:00,ACTIVE,34.1,19.35,0.042071396370151004,58.24700697368982
2026-04-15 01:25:00,ACTIVE,34.02,19.42,0.042600229712778936,58.452625168449515
2026-04-15 01:30:00,ACTIVE,33.98,19.46,0.026045229485124555,52.01579717999287
2026-04-15 01:35:00,ACTIVE,33.89,19.53,0.04208542349723099,58.252460927356054
2026-04-15 01:40:00,ACTIVE,33.8,19.67,0.048288888556802856,60.664459536342044
2026-04-15 01:45:00,ACTIVE,33.69,19.84,0.05640737936571827,63.821048370183384
2026-04-15 01:50:00,ACTIVE,33.6,19.97,0.05238299251508072,62.2563074725488
2026-04-15 01:55:00,ACTIVE,33.53,20.03,0.05882326559629519,64.7603805291723
2026-04-15 02:00:00,ACTIVE,33.45,20.1,0.06050574660347291,65.41455393226036
2026-04-15 02:05:00,ACTIVE,33.35,20.12,0.05339941669852699,62.65150816975097
2026-04-15 02:10:00,ACTIVE,33.29,20.15,0.056345761072468525,63.79709026996371
2026-04-15 02:15:00,ACTIVE,33.21,20.18,0.040220806613446625,57.52747041208907
2026-04-15 02:20:00,ACTIVE,33.12,20.2,0.04394243063974923,58.97449266310668
2026-04-15 02:25:00,ACTIVE,33.06,20.16,0.03984941225055583,57.38306681215333
2026-04-15 02:30:00,ACTIVE,32.99,20.15,0.045106298311520854,59.427021560811255
2026-04-15 02:35:00,ACTIVE,32.96,20.14,0.05122097108075574,61.80449641916355
2026-04-15 02:40:00,ACTIVE,32.93,20.14,0.039874690953200564,57.39289554416528
2026-04-15 02:45:00,ACTIVE,32.86,20.18,0.05526370058217556,63.37636920965915
2026-04-15 02:50:00,ACTIVE,32.81,20.21,0.050665053021634154,61.58834728759997
2026-04-15 02:55:00,ACTIVE,32.74,20.28,0.04494361292482407,59.36376708566764
2026-04-15 03:00:00,ACTIVE,32.71,20.33,0.04908327035398541,60.973326882479775
2026-04-15 03:05:00,ACTIVE,32.65,20.42,0.0444620522883688,59.17652921552274
2026-04-15 03:10:00,ACTIVE,32.61,20.53,0.05917483393638606,64.89707547935248
2026-04-15 03:15:00,ACTIVE,32.59,20.61,0.05945068823397498,65.0043316943352
2026-04-15 03:20:00,ACTIVE,32.57,20.72,0.09141875842982422,77.4339883626483
2026-04-15 03:25:00,ACTIVE,32.53,20.83,0.08715552084486428,75.77637878059161
2026-04-15 03:30:00,ACTIVE,32.47,21.02,0.09211621948251542,77.70517149542299
2026-04-15 03:35:00,ACTIVE,32.4,21.21,0.09240971491501832,77.81928684356191
2026-04-15 03:40:00,ACTIVE,32.37,21.41,0.07680083089140621,71.75032277408842
2026-04-15 03:45:00,ACTIVE,32.33,21.62,0.0690293202015721,68.72864492250183
2026-04-15 03:50:00,ACTIVE,32.31,21.88,0.07122622914906312,69.5828354876991
2026-04-15 03:55:00,ACTIVE,32.26,22.16,0.07287193463972297,70.22271002816215
2026-04-15 04:00:00,ACTIVE,32.22,22.41,0.04999552091503895,61.32802334053634
2026-04-15 04:05:00,ACTIVE,32.2,22.63,0.06618716707634176,67.623573914807
2026-04-15 04:10:00,ACTIVE,32.2,22.84,0.07509901930681079,71.08863335770866
2026-04-15 04:15:00,ACTIVE,32.16,23.1,0.06841369591292512,68.48928112926448
2026-04-15 04:20:00,ACTIVE,32.15,23.3,0.08042174764323157,73.15818855309864
2026-04-15 04:25:00,ACTIVE,32.12,23.51,0.07163063600941683,69.74007483301183
2026-04-15 04:30:00,ACTIVE,32.06,23.76,0.07656636207188833,71.65915784269977
2026-04-15 04:35:00,ACTIVE,32.03,23.95,0.05666485610206623,63.92115911860442
2026-04-15 04:40:00,ACTIVE,32.0,24.08,0.0451325433539525,59.43722601996917
2026-04-15 04:45:00,ACTIVE,31.97,24.25,0.07777812289574354,72.13030830353016
2026-04-15 04:50:00,ACTIVE,31.91,24.44,0.06819002407207375,68.40231422225008
2026-04-15 04:55:00,ACTIVE,31.89,24.57,0.08146997379101134,73.56575432256265
2026-04-15 05:00:00,ACTIVE,31.81,24.73,0.08218691953297291,73.84451338958786
2026-04-15 05:05:00,ACTIVE,31.81,24.77,0.09683504437463852,79.53992013453839
2026-04-15 05:10:00,ACTIVE,31.76,24.81,0.08721552865861093,75.79971070265377
2026-04-15 05:15:00,ACTIVE,31.73,24.79,0.09396865573737262,78.42542600270946
2026-04-15 05:20:00,ACTIVE,31.69,24.75,0.09090051167520741,77.23248638927642
2026-04-15 05:25:00,ACTIVE,31.66,24.7,0.09543843424649617,78.99689754087078
2026-04-15 05:30:00,ACTIVE,31.66,24.54,0.09843449709543733,80.16181091665102
2026-04-15 05:35:00,ACTIVE,31.66,24.41,0.07617195875932842,71.50580802414859
2026-04-15 05:40:00,ACTIVE,31.67,24.32,0.08443540549685452,74.71875785862679
2026-04-15 05:45:00,ACTIVE,31.66,24.25,0.09154340239643777,77.4824517732105
2026-04-15 05:50:00,ACTIVE,31.63,24.22,0.09517018350022016,78.8925976986594
2026-04-15 05:55:00,ACTIVE,31.7,24.09,0.09078097091743481,77.18600718149563
2026-04-15 06:00:00,ACTIVE,31.66,24.06,0.09357707309588514,78.27317290262735
2026-04-15 06:05:00,ACTIVE,31.61,24.05,0.08388474856508543,74.5046543308885
2026-04-15 06:10:00,ACTIVE,31.55,24.07,0.09747473076411611,79.78863962707852
2026-04-15 06:15:00,ACTIVE,31.51,24.05,0.08670188672134171,75.59999915010805
2026-04-15 06:20:00,ACTIVE,31.47,24.13,0.09760082396623243,79.83766652175538
2026-04-15 06:25:00,ACTIVE,31.43,24.19,0.08557249214705054,75.16087390058587
2026-04-15 06:30:00,ACTIVE,31.39,24.22,0.09742790985617056,79.77043496827065
2026-04-15 06:35:00,ACTIVE,31.35,24.3,0.06541032817452852,67.32152750484317
2026-04-15 06:40:00,ACTIVE,31.35,24.27,0.07701164158192392,71.83228907637354
2026-04-15 06:45:00,ACTIVE,31.33,24.33,0.07607172492767483,71.46683563368615
2026-04-15 06:50:00,ACTIVE,31.28,24.44,0.0709824248132101,69.48804077002194
2026-04-15 06:55:00,ACTIVE,31.28,24.53,0.07805782438332431,72.23906036266123
2026-04-15 07:00:00,ACTIVE,31.29,24.6,0.07800332082789335,72.21786857732484
2026-04-15 07:05:00,ACTIVE,31.29,24.7,0.07029769145875636,69.2218063538354
2026-04-15 07:10:00,ACTIVE,31.33,24.73,0.07562909722198857,71.29473546061165
2026-04-15 07:15:00,ACTIVE,31.38,24.68,0.0663671539809062,67.69355547499572
2026-04-15 07:20:00,ACTIVE,31.4,24.73,0.06385553251537562,66.7170000462178
2026-04-15 07:25:00,ACTIVE,31.46,24.71,0.0621722346411811,66.06250903319895
2026-04-15 07:30:00,ACTIVE,31.49,24.78,0.06974873910516188,69.00836559120445
2026-04-15 07:35:00,ACTIVE,31.6,24.8,0.06630264905761368,67.66847501048755
2026-04-15 07:40:00,ACTIVE,31.68,24.8,0.0676120063271623,68.17757240726324
2026-04-15 07:45:00,ACTIVE,31.81,24.71,0.07240261889796928,70.04023315347766
2026-04-15 07:50:00,ACTIVE,31.9,24.67,0.047620903469424436,60.40473709314167
2026-04-15 07:55:00,ACTIVE,32.02,24.69,0.07461007250723284,70.89852363852349
2026-04-15 08:00:00,ACTIVE,32.11,24.67,0.058605736783357065,64.67580212191399
2026-04-15 08:55:00,ACTIVE,33.62,25.3,0.03297722728455993,54.71106005149616
2026-04-15 09:00:00,ACTIVE,33.77,25.26,0.022414885301178078,50.60426587648238
2026-04-15 11:10:00,ACTIVE,37.67,18.54,0.04407112292276283,59.02453011872788
2026-04-15 11:15:00,ACTIVE,37.88,18.23,0.04727899885771841,60.27179954293038
2026-04-15 11:20:00,ACTIVE,38.11,17.87,0.054382306441188466,63.03367018232298
2026-04-15 11:25:00,ACTIVE,38.31,17.6,0.06531113097965185,67.28295817403205
2026-04-15 11:30:00,ACTIVE,38.55,17.32,0.05261878802616193,62.34798824116302
2026-04-15 11:35:00,ACTIVE,38.74,17.1,0.061807550723588456,65.92071455325814
2026-04-15 11:40:00,ACTIVE,38.93,16.85,0.0537992687043925,62.80697652053336
2026-04-15 11:45:00,ACTIVE,37.69,17.66,0.04501479203805592,59.3914425735531
2026-04-15 11:50:00,ACTIVE,34.63,20.96,0.015721173167168867,48.00165198228933
2026-04-15 11:55:00,ACTIVE,32.52,23.52,0.00450791847843357,43.641773357728866
2026-04-15 12:00:00,ACTIVE,31.12,25.43,-0.0022844038341379713,41.00081837331606
2026-04-15 13:15:00,ACTIVE,27.25,25.86,0.03951269300528304,57.25214540880575
2026-04-15 13:20:00,ACTIVE,27.29,25.54,0.030484772588136422,53.74195694492543
2026-04-15 13:25:00,ACTIVE,27.34,25.27,0.04848461734514553,60.74056177286429
2026-04-15 13:30:00,ACTIVE,27.38,25.18,0.03805156869925502,56.684038752307806
2026-04-15 13:35:00,ACTIVE,27.46,25.09,0.0575864108498893,64.27947318155283
2026-04-15 13:40:00,ACTIVE,27.53,24.86,0.046684040989372955,60.04047115837854
2026-04-15 13:45:00,ACTIVE,27.6,24.64,0.06178515696402975,65.91200752962104
2026-04-15 13:50:00,ACTIVE,27.68,24.38,0.06783896768640207,68.26581832749056
2026-04-15 13:55:00,ACTIVE,27.73,24.03,0.07537785637965644,71.19704931965555
2026-04-15 14:00:00,ACTIVE,27.8,23.78,0.06911926872280494,68.76361823274225
2026-04-15 14:05:00,ACTIVE,27.86,23.66,0.07699343876885839,71.82521155447698
2026-04-15 14:10:00,ACTIVE,27.92,23.5,0.06499013019055772,67.15814833802213
2026-04-15 14:15:00,ACTIVE,27.98,23.32,0.08808489117153939,76.13773165574231
2026-04-15 14:20:00,ACTIVE,28.05,23.11,0.092223779936848,77.74699258472401
2026-04-15 14:25:00,ACTIVE,28.08,22.9,0.09603749696266917,79.22982195073347
2026-04-15 14:30:00,ACTIVE,28.11,22.79,0.10045273739883637,80.9465324807528
2026-04-15 14:35:00,ACTIVE,28.14,22.7,0.10977113250049464,84.56966178144926
2026-04-15 14:40:00,ACTIVE,28.21,22.65,0.0994828472437061,80.56942489933202
2026-04-15 14:45:00,ACTIVE,28.25,22.74,0.10301900485685256,81.94433507649245
2026-04-15 14:50:00,ACTIVE,28.27,23.05,0.09045949944119847,77.06101433539033
2026-04-15 14:55:00,ACTIVE,28.27,23.24,0.10314093872962493,81.9917447626422
2026-04-15 15:00:00,ACTIVE,28.28,23.1,0.10941269407497245,84.43029564083842
2026-04-15 15:05:00,ACTIVE,28.27,22.79,0.10207808281896963,81.57849072583619
2026-04-15 15:10:00,ACTIVE,28.31,22.24,0.10715339434485938,83.55184662017268
2026-04-15 15:15:00,ACTIVE,28.31,21.73,0.09472181851001615,78.71826678483866
2026-04-15 15:20:00,ACTIVE,28.32,21.4,0.10267437033319876,81.81033609629688
2026-04-15 15:25:00,ACTIVE,28.32,21.0,0.08858240304059078,76.3311716001254
2026-04-15 15:30:00,ACTIVE,28.33,20.61,0.10409778617793802,82.36378114749809
2026-04-15 15:35:00,ACTIVE,28.32,20.55,0.09607704644475362,79.24519937203878
2026-04-15 15:40:00,ACTIVE,28.32,20.4,0.10479220516314874,82.63378147961849
2026-04-15 15:45:00,ACTIVE,28.3,20.2,0.0963495815380731,79.3511650315007
2026-04-15 15:50:00,ACTIVE,28.28,20.07,0.09742740922590215,79.77024031584664
2026-04-15 15:55:00,ACTIVE,28.25,19.81,0.10021748200526082,80.85506171778216
2026-04-15 16:00:00,ACTIVE,28.22,19.74,0.09424606990176859,78.53328871688782
2026-04-15 16:05:00,ACTIVE,28.19,19.62,0.0923571025052008,77.79883036350172
2026-04-15 16:10:00,ACTIVE,28.17,19.48,0.08844891857641474,76.27927087386644
2026-04-15 16:15:00,ACTIVE,28.16,19.49,0.09011660610381111,76.92769235406752
2026-04-15 16:20:00,ACTIVE,28.16,19.54,0.08844909405504192,76.27933910254197
2026-04-15 16:25:00,ACTIVE,28.13,19.59,0.08945124794609882,76.66899129982313
2026-04-15 16:30:00,ACTIVE,28.09,19.78,0.0786413387104104,72.4659393297771
2026-04-15 16:35:00,ACTIVE,28.08,20.1,0.07641104133706084,71.59876685270419
2026-04-15 16:40:00,ACTIVE,28.05,20.39,0.07645847927096766,71.61721142029627
2026-04-15 16:45:00,ACTIVE,28.01,20.58,0.07638101624401106,71.58709265417558
2026-04-15 16:50:00,ACTIVE,27.99,21.09,0.07260543129415914,70.1190896010916
2026-04-15 16:55:00,ACTIVE,27.97,22.23,0.06499194371356143,67.15885346248407
2026-04-15 17:00:00,ACTIVE,27.92,23.71,0.057169713315224135,64.11745504099291
2026-04-15 17:05:00,ACTIVE,27.85,25.27,0.06556712559675931,67.38249265265677
2026-04-15 17:10:00,ACTIVE,27.78,26.92,0.05238593511940981,62.25745160046448
2026-04-15 17:15:00,ACTIVE,27.7,28.25,0.05067398938002149,61.5918218753977
2026-04-15 17:20:00,ACTIVE,27.63,29.43,0.062040329418986906,66.01122233948904
2026-04-15 17:25:00,ACTIVE,27.52,30.36,0.05280526140714348,62.42049183894607
2026-04-15 17:30:00,ACTIVE,27.43,31.33,0.059205483761212874,64.90899258279998
2026-04-15 17:35:00,ACTIVE,27.31,32.21,0.04090599357698116,57.79388119816913
2026-04-15 17:40:00,ACTIVE,27.17,33.09,0.05716016850745903,64.11374387911299
2026-04-15 17:45:00,ACTIVE,27.09,33.76,0.05076576364445318,61.62750506149196
2026-04-15 17:50:00,ACTIVE,26.98,34.32,0.05625611792789614,63.7622356946679
2026-04-15 17:55:00,ACTIVE,26.86,34.99,0.056860353979324985,63.9971715734953
2026-04-15 18:00:00,ACTIVE,28.67,32.7,0.05619797254000558,63.73962791121718
2026-04-15 18:05:00,ACTIVE,28.49,32.17,0.06297742298263759,66.37557812296002
2026-04-15 18:10:00,ACTIVE,27.86,33.53,0.06637570901001227,67.6968817963509
2026-04-15 18:15:00,ACTIVE,27.45,34.54,0.06639870328914921,67.70582231084728
2026-04-15 18:20:00,ACTIVE,29.17,32.35,0.06841080727750026,68.48815798525388
2026-04-15 18:25:00,ACTIVE,28.8,31.96,0.07423298996145444,70.75190838927871
2026-04-15 18:30:00,ACTIVE,28.02,33.45,0.06506736312148476,67.1881776394166
2026-04-15 18:35:00,ACTIVE,28.3,34.1,0.07172999627946702,69.77870756985295
2026-04-15 18:40:00,ACTIVE,29.26,31.31,0.09352880234019595,78.25440452165657
2026-04-15 18:45:00,ACTIVE,28.27,33.08,0.08162620147259791,73.62649794681995
2026-04-15 18:50:00,ACTIVE,29.26,32.46,0.07379984374158649,70.58349475757831
2026-04-15 18:55:00,ACTIVE,29.13,31.56,0.08461906997201185,74.7901693124426
2026-04-15 19:00:00,ACTIVE,28.3,33.99,0.08551760235900963,75.13953194232047
2026-04-15 19:05:00,ACTIVE,30.0,30.3,0.09284610696587453,77.98896250217044
2026-04-15 19:10:00,ACTIVE,28.79,32.2,0.0842950600357133,74.66418947566672
2026-04-15 19:15:00,ACTIVE,29.94,31.48,0.07685331171037418,71.77072808968762
2026-04-15 19:20:00,ACTIVE,29.41,31.21,0.08445424273165003,74.72608205303872
2026-04-15 19:25:00,ACTIVE,29.51,32.36,0.08827709573361503,76.21246362117056
2026-04-15 19:30:00,ACTIVE,29.93,30.36,0.08039356665676167,73.14723137037696
2026-04-15 19:35:00,ACTIVE,29.27,32.82,0.044033854016771345,59.010039419006574
2026-04-15 19:40:00,ACTIVE,30.35,29.74,0.06172555921205025,65.88883504561528
2026-04-15 19:45:00,ACTIVE,28.93,32.52,0.07764095912118796,72.07697700718944
2026-04-15 19:50:00,ACTIVE,30.59,30.3,0.06343931481914894,66.55516847391209
2026-04-15 19:55:00,ACTIVE,29.31,32.02,0.07997447285421061,72.9842815255595
2026-04-15 20:00:00,ACTIVE,30.85,30.05,0.07716674044228133,71.89259379830636
2026-04-15 20:05:00,ACTIVE,29.67,32.18,0.08597722246538392,75.31823901112651
2026-04-15 21:20:00,ACTIVE,31.94,25.35,0.06794801357642605,68.30821697607287
2026-04-15 21:25:00,ACTIVE,31.77,26.5,0.07432340914649044,70.78706470053994
2026-04-15 21:30:00,ACTIVE,31.12,27.04,0.08230546737055339,73.89060653536954
2026-04-15 21:35:00,ACTIVE,32.08,25.81,0.08225998790841538,73.87292345045475
2026-04-15 21:40:00,ACTIVE,31.4,26.67,0.09641101342732816,79.37505065510099
2026-04-15 21:45:00,ACTIVE,31.91,24.92,0.09446964766174504,78.62021904387198
2026-04-15 21:50:00,ACTIVE,31.73,26.01,0.10139779470547222,81.3139846848239
2026-04-15 21:55:00,ACTIVE,31.47,25.17,0.10648173177209258,83.29069431647399
2026-04-15 22:00:00,ACTIVE,32.02,25.46,0.11167172239702527,85.30863913405179
2026-04-15 22:05:00,ACTIVE,31.26,26.32,0.10135724645985217,81.29821892954145
2026-04-15 22:10:00,ACTIVE,32.2,25.07,0.10286377541936098,81.88397958424612
2026-04-15 22:15:00,ACTIVE,31.39,26.18,0.11315014518510497,85.88347169522487
2026-04-15 22:20:00,ACTIVE,31.97,24.57,0.1135975133652321,86.05741503460199
2026-04-15 22:25:00,ACTIVE,31.69,25.72,0.12281745979669456,89.64226604191104
2026-04-15 22:30:00,ACTIVE,32.44,24.38,0.10986210604038438,84.60503363404477
2026-04-15 22:35:00,ACTIVE,31.74,25.66,0.07595301861917203,71.42068087207515
2026-04-15 22:40:00,ACTIVE,32.45,24.7,0.09675768028522297,79.50983983679126
2026-04-15 22:45:00,ACTIVE,31.67,25.71,0.10624940228121799,83.20036118757996
2026-04-15 22:50:00,ACTIVE,32.35,24.85,0.11402979924919993,86.22549415502935
2026-04-15 22:55:00,ACTIVE,32.83,23.94,0.11308085080319796,85.8565290186457
2026-04-15 23:00:00,ACTIVE,32.08,25.2,0.11798533283921914,87.7634638905407
2026-04-15 23:05:00,ACTIVE,32.63,24.42,0.1045988644500016,82.55860776191508
2026-04-15 23:10:00,ACTIVE,33.0,23.91,0.10771167781856539,83.76891545977563
2026-04-15 23:15:00,ACTIVE,32.16,24.96,0.10765336677881793,83.74624326844243
2026-04-15 23:20:00,ACTIVE,32.65,24.26,0.1032010524946943,82.01511788013957
2026-04-15 23:25:00,ACTIVE,32.97,23.74,0.10114097377398429,81.2141289229942
2026-04-15 23:30:00,ACTIVE,33.21,23.28,0.10878996495868848,84.18816938594247
2026-04-15 23:35:00,ACTIVE,32.33,24.46,0.13898946234196485,95.93017888886466
2026-04-15 23:40:00,ACTIVE,32.71,23.9,0.1246275280556266,90.34604724818661
2026-04-15 23:45:00,ACTIVE,32.98,23.58,0.13687432717037606,95.10778317248713
2026-04-15 23:50:00,ACTIVE,33.16,23.39,0.13441536388095504,94.15170201837802
2026-04-15 23:55:00,ACTIVE,33.09,22.83,0.12751409729478153,91.46838789534485
2026-04-16 00:00:00,ACTIVE,32.42,24.44,0.12318195163290946,89.78398583778232
2026-04-16 00:05:00,ACTIVE,32.73,24.09,0.13517150574997927,94.44570111707019
2026-04-16 00:10:00,ACTIVE,32.9,23.9,0.13170717066728183,93.09871659788853
2026-04-16 00:15:00,ACTIVE,33.03,23.78,0.1137735724288465,86.12586939236162
2026-04-16 00:20:00,ACTIVE,33.13,23.68,0.12147974872815898,89.12214427036106
2026-04-16 00:25:00,ACTIVE,33.19,23.61,0.13297051717801828,93.58992433377507
2026-04-16 00:30:00,ACTIVE,33.25,23.52,0.12866358976526843,91.91532750300432
2026-04-16 00:35:00,ACTIVE,33.31,23.43,0.1259083143708527,90.84403583699424
2026-04-16 00:40:00,ACTIVE,33.34,23.31,0.12375006120996401,90.00487521113227
2026-04-16 00:45:00,ACTIVE,33.36,23.1,0.12255293286627644,89.53941407416708
2026-04-16 00:50:00,ACTIVE,33.37,22.97,0.12315854542930732,89.7748851609851
2026-04-16 00:55:00,ACTIVE,33.36,22.84,0.12399817610415848,90.10134593739878
2026-04-16 01:00:00,ACTIVE,33.34,22.72,0.1206342447050251,88.79339984960475
2026-04-16 01:05:00,ACTIVE,33.31,22.59,0.12714687167988775,91.32560516604727
2026-04-16 01:10:00,ACTIVE,33.3,22.46,0.10905442213546412,84.29099423244259
2026-04-16 01:15:00,ACTIVE,33.26,22.29,0.11927267753883375,88.26400247582133
2026-04-16 01:20:00,ACTIVE,33.22,22.1,0.11297286664415862,85.81454318671237
2026-04-16 01:25:00,ACTIVE,33.18,21.92,0.11191244604690531,85.40223603563581
2026-04-16 01:30:00,ACTIVE,33.11,21.81,0.10858155882479481,84.1071380106984
2026-04-16 01:35:00,ACTIVE,33.07,21.74,0.11553904746876364,86.81231209810541
2026-04-16 01:40:00,ACTIVE,32.97,21.71,0.10677073194363756,83.40306184092513
2026-04-16 01:45:00,ACTIVE,32.94,21.71,0.10297181540817674,81.92598712361904
2026-04-16 01:50:00,ACTIVE,32.93,21.59,0.11433857584179774,86.34555104334602
2026-04-16 01:55:00,ACTIVE,32.92,21.39,0.11463657498372287,86.46141750006014
2026-04-16 02:00:00,ACTIVE,32.91,21.09,0.10391333824812626,82.29206507497024
2026-04-16 02:05:00,ACTIVE,32.94,20.71,0.1177530017932919,87.67313015701929
2026-04-16 02:10:00,ACTIVE,32.96,20.33,0.13000241326473816,92.43588180409061
2026-04-16 02:15:00,ACTIVE,32.97,19.99,0.11304913251958831,85.84419648268214
2026-04-16 02:20:00,ACTIVE,32.99,19.63,0.1174838251195181,87.56847030055535
2026-04-16 02:25:00,ACTIVE,32.98,19.32,0.12754623672804244,91.4808841804975
2026-04-16 02:30:00,ACTIVE,32.99,19.08,0.12470967866429034,90.37798861513579
2026-04-16 02:35:00,ACTIVE,33.01,18.88,0.12323086686230977,89.80300479962683
2026-04-16 02:40:00,ACTIVE,33.01,18.74,0.12181846222154569,89.253841066756
2026-04-16 02:45:00,ACTIVE,33.04,18.61,0.11055232416386668,84.8734006092351
2026-04-16 02:50:00,ACTIVE,33.07,18.48,0.12687002543720682,91.21796326819873
2026-04-16 02:55:00,ACTIVE,33.09,18.37,0.12276710902011462,89.6226889181736
2026-04-16 03:00:00,ACTIVE,33.08,18.29,0.1200336189916969,88.55986772342092
2026-04-16 03:05:00,ACTIVE,33.08,18.27,0.12080163239252589,88.85848264857857
2026-04-16 03:10:00,ACTIVE,33.07,18.21,0.12449036041385131,90.29271444821389
2026-04-16 03:15:00,ACTIVE,33.06,18.23,0.11432214963512938,86.33916429219089
2026-04-16 03:20:00,ACTIVE,33.04,18.23,0.09735602788607312,79.74248619928085
2026-04-16 03:25:00,ACTIVE,33.02,18.29,0.10302400538170103,81.9462793542248
2026-04-16 03:30:00,ACTIVE,32.99,18.33,0.10353891112258556,82.14648229223539
2026-04-16 03:35:00,ACTIVE,32.93,18.42,0.11060375842734471,84.89339900864123
2026-04-16 03:40:00,ACTIVE,32.89,18.49,0.10754231254398955,83.70306374581182
2026-04-16 03:45:00,ACTIVE,32.84,18.57,0.11071748144180621,84.93761619211155
2026-04-16 03:50:00,ACTIVE,32.82,18.59,0.1011950907962268,81.23517041853225
2026-04-16 03:55:00,ACTIVE,32.79,18.58,0.10661300378428601,83.3417348088067
2026-04-16 04:00:00,ACTIVE,32.78,18.56,0.09803801504023058,80.00765285233324
2026-04-16 04:05:00,ACTIVE,32.76,18.56,0.09955366672616767,80.59696055747565
2026-04-16 04:10:00,ACTIVE,32.76,18.55,0.1076570788049368,83.74768655888565
2026-04-16 04:15:00,ACTIVE,32.73,18.61,0.10649164916589754,83.2945503452954
2026-04-16 04:20:00,ACTIVE,32.72,18.71,0.10692368602344482,83.46253264058163
2026-04-16 04:25:00,ACTIVE,32.67,18.88,0.10610351093642117,83.14363648334873
2026-04-16 04:30:00,ACTIVE,32.65,19.04,0.10573870711313921,83.00179538230937
2026-04-16 04:35:00,ACTIVE,32.61,19.17,0.09519953691772232,78.90401073983949
2026-04-16 04:40:00,ACTIVE,32.6,19.25,0.0939612770496302,78.42255706020718
2026-04-16 04:45:00,ACTIVE,32.57,19.23,0.08224530114235984,73.86721301943656
2026-04-16 04:50:00,ACTIVE,32.51,19.29,0.11157792662103849,85.27216995448256
2026-04-16 04:55:00,ACTIVE,32.47,19.26,0.09824395797261315,80.08772649854018
2026-04-16 05:00:00,ACTIVE,32.43,19.23,0.08804075331063238,76.12057020515157
2026-04-16 05:05:00,ACTIVE,32.4,19.16,0.08859061529439338,76.33436464539255
2026-04-16 05:10:00,ACTIVE,32.36,19.11,0.09355908314628353,78.26617814518161
2026-04-16 05:15:00,ACTIVE,32.31,19.05,0.09193201168225806,77.63354878880364
2026-04-16 05:20:00,ACTIVE,32.28,19.02,0.08390460267889438,74.51237390284223
2026-04-16 05:25:00,ACTIVE,32.2,19.02,0.08755537248061535,75.93184698746806
2026-04-16 05:30:00,ACTIVE,32.11,19.09,0.09058589097000258,77.11015722387855
2026-04-16 05:35:00,ACTIVE,32.04,19.13,0.08922825839923532,76.58228967876325
2026-04-16 05:40:00,ACTIVE,32.0,19.17,0.05902912570985436,64.84042197420055
2026-04-16 05:45:00,ACTIVE,31.95,19.26,0.07054605893507909,69.31837528775459
2026-04-16 05:50:00,ACTIVE,31.9,19.35,0.06962874058917762,68.96170840028695
2026-04-16 05:55:00,ACTIVE,31.85,19.46,0.06165441399882654,65.86117273855243
2026-04-16 06:00:00,ACTIVE,31.8,19.58,0.06833806714336293,68.4598755494423
2026-04-16 06:05:00,ACTIVE,31.75,19.73,0.06765640134938672,68.19483384596289
2026-04-16 06:10:00,ACTIVE,31.65,19.93,0.08679980127020431,75.63806976925204
2026-04-16 06:15:00,ACTIVE,31.62,20.07,0.08170406516366852,73.65677249705104
2026-04-16 06:20:00,ACTIVE,31.57,20.24,0.07737158722642107,71.97224124592725
2026-04-16 06:25:00,ACTIVE,31.5,20.39,0.07696665657600982,71.8147982433233
2026-04-16 06:30:00,ACTIVE,31.43,20.56,0.08118948155864797,73.4566948102103
2026-04-16 06:35:00,ACTIVE,31.36,20.74,0.059223840500926106,64.91612995364494
2026-04-16 06:40:00,ACTIVE,31.3,20.93,0.0713634711042695,69.63619718182866
2026-04-16 06:45:00,ACTIVE,31.23,21.15,0.0743304075252989,70.78978577332573
2026-04-16 06:50:00,ACTIVE,31.18,21.32,0.07016805844563184,69.17140312848757
2026-04-16 07:35:00,ACTIVE,31.1,22.7,0.04248088186809823,58.40622096812099
2026-04-16 07:40:00,ACTIVE,31.21,22.66,0.04710473152505884,60.20404183656303
2026-04-16 07:45:00,ACTIVE,31.37,22.66,0.04576742576663806,59.68407765555699
2026-04-16 07:50:00,ACTIVE,31.52,22.7,0.05605644852840713,63.684601290476095
2026-04-16 07:55:00,ACTIVE,31.67,22.76,0.06307455585292648,66.41334481395833
2026-04-16 08:00:00,ACTIVE,31.84,22.82,0.05003577892549893,61.3436762481126
2026-04-16 09:10:00,ACTIVE,32.02,24.1,0.05008565682687638,61.36306951100459
2026-04-16 11:50:00,ACTIVE,29.5,18.44,0.018579529535957706,49.11302304979732
2026-04-16 11:55:00,ACTIVE,29.32,17.93,0.013787377383134403,47.24976369141275
2026-04-16 12:00:00,ACTIVE,28.26,19.53,0.013059802205157123,46.96687174306428
2026-04-16 12:05:00,ACTIVE,29.91,17.66,0.026479691339326428,52.18472234970515
2026-04-16 12:50:00,ACTIVE,28.95,19.29,0.046153996304037326,59.834381975727744
2026-04-16 12:55:00,ACTIVE,28.08,20.44,0.051685818187605925,61.985235822762476
2026-04-16 13:00:00,ACTIVE,27.48,21.54,0.052595953457606315,62.33910982449362
2026-04-16 13:05:00,ACTIVE,27.09,22.51,0.06808295500144057,68.3606841901708
2026-04-16 13:10:00,ACTIVE,26.79,23.26,0.07215349884506284,69.94337160669524
2026-04-16 13:15:00,ACTIVE,26.57,23.88,0.06394651962338815,66.75237717429935
2026-04-16 13:20:00,ACTIVE,26.38,24.55,0.05677408582937438,63.96362924583124
2026-04-16 13:25:00,ACTIVE,28.2,23.22,0.06978654569557458,69.02306535055027
2026-04-16 13:30:00,ACTIVE,27.87,23.27,0.07755241096719012,72.0425481803612
2026-04-16 13:35:00,ACTIVE,27.33,24.34,0.08233379538858543,73.90162088612875
2026-04-16 13:40:00,ACTIVE,26.97,25.15,0.07540317278337982,71.20689271040231
2026-04-16 13:45:00,ACTIVE,26.73,25.86,0.08753891267139302,75.9254471711449
2026-04-16 13:50:00,ACTIVE,26.53,26.41,0.09257371756811128,77.88305349128727
2026-04-16 13:55:00,ACTIVE,26.4,26.72,0.0816998554132734,73.6551356840764
2026-04-16 14:00:00,ACTIVE,26.3,26.96,0.07476320723511659,70.95806467681356
2026-04-16 14:05:00,ACTIVE,26.23,27.12,0.07353178031612828,70.47926774846063
2026-04-16 14:10:00,ACTIVE,26.17,27.17,0.07219523257220617,69.95959829465927
2026-04-16 14:15:00,ACTIVE,26.12,27.33,0.07286173185922268,70.21874303678908
2026-04-16 14:20:00,ACTIVE,26.09,27.59,0.07161743759872286,69.73494309648572
2026-04-16 14:25:00,ACTIVE,26.08,27.83,0.06439334182732981,66.92610823009186
2026-04-16 14:30:00,ACTIVE,26.04,27.93,0.07075510784438405,69.39965658354839
2026-04-16 14:35:00,ACTIVE,26.04,27.9,0.05518301556441113,63.344997686043726
2026-04-16 14:40:00,ACTIVE,26.04,27.81,0.07161105519875988,69.7324615253501
2026-04-16 14:45:00,ACTIVE,26.04,27.56,0.07150868381057335,69.69265802141564
2026-04-16 14:50:00,ACTIVE,26.03,27.56,0.0678743823192231,68.27958805848473
2026-04-16 14:55:00,ACTIVE,26.03,27.76,0.06654348090482698,67.76211398078878
2026-04-16 15:00:00,ACTIVE,26.04,27.69,0.05627049830803127,63.76782699832635
2026-04-16 15:05:00,ACTIVE,26.02,27.47,0.05499244761158989,63.270902058405284
2026-04-16 15:10:00,ACTIVE,26.0,27.22,0.04538379454245084,59.53491618366711
2026-04-16 15:15:00,ACTIVE,26.02,26.89,0.04795390500875757,60.53421299764803
2026-04-16 15:20:00,ACTIVE,26.01,26.62,0.05219661527488245,62.1838412557187
2026-04-16 15:25:00,ACTIVE,26.02,26.42,0.04225115813705582,58.3169009970396
2026-04-16 15:30:00,ACTIVE,26.01,25.98,0.04431436927419735,59.11910788384252
2026-04-16 15:35:00,ACTIVE,26.02,25.48,0.03467295221406497,55.370382886703894
2026-04-16 15:40:00,ACTIVE,27.29,24.14,0.06013625107703768,65.27088862791352
2026-04-16 15:45:00,ACTIVE,27.93,22.26,0.07170363679871822,69.76845861539135
2026-04-16 15:50:00,ACTIVE,27.39,22.96,0.059145481288873314,64.8856627375556
2026-04-16 15:55:00,ACTIVE,27.08,23.45,0.05740124461096635,64.2074778198599
2026-04-16 16:00:00,ACTIVE,26.85,23.71,0.06799977342855967,68.32834196914509
2026-04-16 16:05:00,ACTIVE,26.69,23.77,0.07689984495401359,71.7888209003752
2026-04-16 18:10:00,ACTIVE,29.64,28.04,0.11298743049386634,85.82020582604363
2026-04-16 18:15:00,ACTIVE,28.46,30.41,0.12839188968520432,91.8096865089981
2026-04-16 18:20:00,ACTIVE,29.69,29.59,0.1253870163313005,90.6413474790858
2026-04-16 18:25:00,ACTIVE,29.12,30.15,0.11963593740176914,88.40524326233124
2026-04-16 18:30:00,ACTIVE,28.42,32.81,0.10937282392836079,84.41479354044068
2026-04-16 18:35:00,ACTIVE,29.99,29.65,0.11026995522002409,84.76361140381059
2026-04-16 18:40:00,ACTIVE,28.67,32.19,0.12455728081306405,90.31873408534634
2026-04-16 18:45:00,ACTIVE,29.9,31.54,0.11437808558226958,86.36091301252684
2026-04-16 18:50:00,ACTIVE,29.19,31.87,0.10566521996058309,82.97322249473098
2026-04-16 18:55:00,ACTIVE,29.39,33.82,0.10411075554688731,82.36882382921948
2026-04-16 19:00:00,ACTIVE,29.82,31.44,0.10762266140748944,83.73430456769673
2026-04-16 19:05:00,ACTIVE,29.24,35.65,0.09701451894276286,79.6097024907711
2026-04-16 19:10:00,ACTIVE,29.97,32.08,0.10949650619246742,84.46288302689973
2026-04-16 19:15:00,ACTIVE,28.8,38.4,0.12707209894582477,91.2965324254389
2026-04-16 19:20:00,ACTIVE,30.56,33.68,0.09957409036667114,80.6049015697989
2026-04-16 19:25:00,ACTIVE,29.14,33.5,0.12315048044711946,89.77174937709145
2026-04-16 19:30:00,ACTIVE,30.34,35.6,0.11462521665262759,86.45700121359134
2026-04-16 19:35:00,ACTIVE,29.41,33.11,0.12271350356902022,89.60184632903476
2026-04-16 19:40:00,ACTIVE,30.31,36.05,0.10171070449559949,81.4356486212332
2026-04-16 19:45:00,ACTIVE,29.79,32.33,0.11332684889283118,85.95217670011253
2026-04-16 19:50:00,ACTIVE,30.33,35.77,0.11117348127359522,85.11491564482239
2026-04-16 19:55:00,ACTIVE,30.19,31.38,0.11916743622762022,88.22308310353225
2026-04-16 20:00:00,ACTIVE,30.4,35.04,0.11153346388159269,85.2548821863296
2026-04-16 20:05:00,ACTIVE,30.4,30.62,0.10752348434217146,83.6957430635546
2026-04-16 20:10:00,ACTIVE,30.65,33.6,0.09683298710088722,79.53912023619468
2026-04-16 20:15:00,ACTIVE,30.43,30.01,0.1098176245302897,84.58773856758697
2026-04-16 21:30:00,ACTIVE,31.17,27.11,0.10973739264296867,84.55654322776377
2026-04-16 21:35:00,ACTIVE,32.08,25.88,0.11230401630574788,85.55448432116314
2026-04-16 21:40:00,ACTIVE,31.33,26.78,0.12030252694627408,88.66442309790227
2026-04-16 21:45:00,ACTIVE,32.25,25.37,0.11602216487836114,87.0001552645835
2026-04-16 21:50:00,ACTIVE,31.44,26.36,0.11863855169245863,88.01744500436128
2026-04-16 21:55:00,ACTIVE,32.29,25.07,0.09354016032328338,78.25882067281478
2026-04-16 22:00:00,ACTIVE,31.5,26.02,0.09409132775149981,78.47312268909278
2026-04-16 22:05:00,ACTIVE,32.16,24.4,0.12030764052584325,88.66641133297563
2026-04-16 22:10:00,ACTIVE,31.56,25.75,0.1169967084525586,87.37907216389505
2026-04-16 22:15:00,ACTIVE,31.94,24.13,0.12137678922409906,89.08211209831049
2026-04-16 22:20:00,ACTIVE,31.71,25.2,0.11971907574481094,88.43756867495861
2026-04-16 22:25:00,ACTIVE,31.78,23.95,0.11917031984434262,88.2242042961974
2026-04-16 22:30:00,ACTIVE,31.82,24.76,0.13231183634242327,93.33381952074491
2026-04-16 22:35:00,ACTIVE,31.97,23.52,0.11310348393239683,85.86532911272545
2026-04-16 22:40:00,ACTIVE,31.88,24.48,0.12952301395331495,92.24948428896035
2026-04-16 22:45:00,ACTIVE,31.94,23.34,0.12259782985910561,89.55687068643326
2026-04-16 22:50:00,ACTIVE,31.88,24.29,0.12421160580676144,90.18433055016779
2026-04-16 22:55:00,ACTIVE,32.5,23.43,0.12917545073906,92.11434659071152
2026-04-16 23:00:00,ACTIVE,31.63,24.48,0.1379323521633466,95.51915887732483
2026-04-16 23:05:00,ACTIVE,32.28,23.69,0.1284650722092759,91.8381409525337
2026-04-16 23:10:00,ACTIVE,32.77,23.08,0.13308826166315274,93.6357051242902
2026-04-16 23:15:00,ACTIVE,31.94,24.14,0.12545232614698304,90.66674089761345
2026-04-16 23:20:00,ACTIVE,32.47,23.5,0.12561981991465598,90.73186494212106
2026-04-16 23:25:00,ACTIVE,32.85,23.04,0.13862630245851593,95.78897697585205
2026-04-16 23:30:00,ACTIVE,31.96,24.14,0.13991076720917878,96.28839579455081
2026-04-16 23:35:00,ACTIVE,32.43,23.6,0.1366049398797124,95.00304142507345
2026-04-16 23:40:00,ACTIVE,32.79,23.16,0.12797576445251369,91.64789088787742
2026-04-16 23:45:00,ACTIVE,33.0,22.88,0.13379966542142818,93.91230938640982
2026-04-16 23:50:00,ACTIVE,32.8,22.24,0.12369875126427304,89.9849251483133
2026-04-17 00:35:00,ACTIVE,32.99,21.91,0.12100530392280129,88.93767314018235
2026-04-17 00:40:00,ACTIVE,33.03,21.66,0.12000240554526342,88.54773147558907
2026-04-17 00:45:00,ACTIVE,33.08,21.43,0.11216205801032919,85.49928884447459
2026-04-17 00:50:00,ACTIVE,33.11,21.23,0.12478194697088946,90.40608759744923
2026-04-17 00:55:00,ACTIVE,33.14,21.09,0.12526020960584222,90.59204315602146
2026-04-17 01:00:00,ACTIVE,33.16,20.93,0.12278032683184631,89.627828198109
2026-04-17 01:05:00,ACTIVE,33.17,20.86,0.11951101981943768,88.35667346594678
2026-04-17 01:10:00,ACTIVE,33.17,20.76,0.10334903899030856,82.07265720987587
2026-04-17 01:15:00,ACTIVE,33.15,20.74,0.10616690816603525,83.1682862602354
2026-04-17 01:20:00,ACTIVE,33.16,20.69,0.09519214992599406,78.90113856862517
2026-04-17 01:25:00,ACTIVE,33.13,20.66,0.09493373685253725,78.80066375854142
2026-04-17 01:30:00,ACTIVE,33.11,20.66,0.10507379696372676,82.74326852029232
2026-04-17 01:35:00,ACTIVE,33.09,20.63,0.099084995387485,80.41473423619898
2026-04-17 01:40:00,ACTIVE,33.05,20.56,0.08745544664812144,75.89299435161657
2026-04-17 01:45:00,ACTIVE,33.01,20.43,0.08911462085686095,76.53810572809964
2026-04-17 01:50:00,ACTIVE,32.95,20.43,0.10244859141039347,81.72254992477578
2026-04-17 01:55:00,ACTIVE,32.92,20.41,0.10760150869338347,83.7260800808156
2026-04-17 02:00:00,ACTIVE,32.86,20.45,0.05523614046915887,63.365653431683235
2026-04-17 02:05:00,ACTIVE,32.84,20.51,0.08992762207297494,76.85421257863233
2026-04-17 02:10:00,ACTIVE,32.85,20.55,0.09329004066429541,78.16157046446095
2026-04-17 02:15:00,ACTIVE,32.8,20.62,0.0923277725911173,77.78742646079706
2026-04-17 02:20:00,ACTIVE,32.8,20.67,0.09985223882040739,80.71304978649083
2026-04-17 02:25:00,ACTIVE,32.76,20.73,0.09823445697093341,80.08403236911164
2026-04-17 02:30:00,ACTIVE,32.74,20.71,0.10256174804754647,81.76654689240429
2026-04-17 02:35:00,ACTIVE,32.7,20.66,0.10964885774748728,84.52211955604206
2026-04-17 02:40:00,ACTIVE,32.66,20.5,0.07980869404517615,72.9198242822365
2026-04-17 02:45:00,ACTIVE,32.61,20.32,0.08370086707350072,74.43315849788848
2026-04-17 02:50:00,ACTIVE,32.58,20.2,-0.006503087530051244,39.36053199972005
2026-04-17 02:55:00,ACTIVE,32.53,20.16,0.014195713814151134,47.40853091169248
2026-04-17 03:00:00,ACTIVE,32.5,20.14,0.040729856371709894,57.72539645778206
2026-04-17 03:05:00,ACTIVE,32.44,20.11,0.056231255547464776,63.75256883486606
2026-04-17 03:10:00,ACTIVE,32.4,20.01,0.05962798758562693,65.07326829435664
2026-04-17 03:15:00,ACTIVE,32.33,19.82,0.04132352862899141,57.95622497781171
2026-04-17 03:20:00,ACTIVE,32.28,19.67,0.023405727006554522,50.98951972931188
2026-04-17 03:25:00,ACTIVE,32.24,19.53,0.030112748752143315,53.597308596573654
2026-04-17 03:30:00,ACTIVE,32.23,19.35,0.02952867084472688,53.370210501122294
2026-04-17 03:35:00,ACTIVE,32.2,19.21,0.039904409530207796,57.40445056474074
2026-04-17 03:40:00,ACTIVE,32.16,19.06,0.01996444680724274,49.65149928845139
2026-04-17 03:45:00,ACTIVE,32.15,19.0,0.015161077637565634,47.783878588657046
2026-04-17 03:50:00,ACTIVE,32.14,18.98,0.08563283311046616,75.1843353561475
2026-04-17 03:55:00,ACTIVE,32.12,18.93,0.061507296206924356,65.80397117361773
2026-04-17 04:00:00,ACTIVE,32.14,18.91,0.07137332028669158,69.64002668905947
2026-04-17 04:05:00,ACTIVE,32.14,18.96,0.07519369447994662,71.12544445984531
2026-04-17 04:10:00,ACTIVE,32.12,19.1,0.0844955874336889,74.74215748231076
2026-04-17 04:15:00,ACTIVE,32.08,19.27,0.08445918370248545,74.7280031752934
2026-04-17 04:20:00,ACTIVE,32.04,19.44,0.09622558782844104,79.30295445043292
2026-04-17 04:25:00,ACTIVE,31.98,19.67,0.08472892003356453,74.8328806347629
2026-04-17 04:30:00,ACTIVE,31.91,19.93,0.09484948975682811,78.76790724654205
2026-04-17 04:35:00,ACTIVE,31.88,20.19,0.08709069549807574,75.75117373070748
2026-04-17 04:40:00,ACTIVE,31.86,20.44,0.09358845058627446,78.27759663851194
2026-04-17 04:45:00,ACTIVE,31.83,20.62,0.10179413187257896,81.46808641451379
2026-04-17 04:50:00,ACTIVE,31.78,20.86,0.09505057248384718,78.84609117329968
2026-04-17 04:55:00,ACTIVE,31.72,21.09,0.09466478038870257,78.6960895229461
2026-04-17 05:00:00,ACTIVE,31.66,21.29,0.10464976439701767,82.57839841120887
2026-04-17 05:05:00,ACTIVE,31.62,21.42,0.09700205610869972,79.60485675727608
2026-04-17 05:10:00,ACTIVE,31.56,21.55,0.09416878838854398,78.50324052598032
2026-04-17 05:15:00,ACTIVE,31.5,21.65,0.10006144336674744,80.79439159625684
2026-04-17 05:20:00,ACTIVE,31.45,21.61,0.09136751382412212,77.41406370497963
2026-04-17 05:25:00,ACTIVE,31.41,21.66,0.09591786608678748,79.1833077037042
2026-04-17 05:30:00,ACTIVE,31.38,21.67,0.08311142259289056,74.20397379971526
2026-04-17 05:35:00,ACTIVE,31.38,21.63,0.06567965081984539,67.42624411719362
2026-04-17 05:40:00,ACTIVE,31.33,21.65,0.06425412512224116,66.87197872411465
2026-04-17 05:45:00,ACTIVE,31.31,21.69,0.03922729627317234,57.14117895469508
2026-04-17 05:50:00,ACTIVE,31.31,21.71,0.04505697431122285,59.40784366281942
2026-04-17 05:55:00,ACTIVE,31.32,21.77,0.04835212209652995,60.68904566818906
2026-04-17 06:00:00,ACTIVE,31.31,21.85,0.0582792763709834,64.54886950393796
2026-04-17 06:05:00,ACTIVE,31.33,21.91,0.06448522614375696,66.96183420602331
2026-04-17 06:10:00,ACTIVE,31.32,21.99,0.0593952840835314,64.9827897443897
2026-04-17 06:15:00,ACTIVE,31.31,22.03,0.056701563188890136,63.935431374756256
2026-04-17 06:20:00,ACTIVE,31.33,22.02,0.06585504041664864,67.49443817639401
2026-04-17 06:25:00,ACTIVE,31.31,22.0,0.06615160439242534,67.60974661936574
2026-04-17 06:30:00,ACTIVE,31.31,21.94,0.06677534276086683,67.85226528636954
2026-04-17 06:35:00,ACTIVE,31.3,21.86,0.053422523063267835,62.660492264781475
2026-04-17 06:40:00,ACTIVE,31.32,21.81,0.05144962151923477,61.89339907828379
2026-04-17 06:45:00,ACTIVE,31.34,21.77,0.0599939918024015,65.21557612607096
2026-04-17 07:40:00,ACTIVE,31.36,22.46,0.029825537812604164,53.485636751886624
2026-04-17 07:45:00,ACTIVE,31.51,22.39,0.017133763710593497,48.55088799685344
2026-04-17 07:50:00,ACTIVE,31.65,22.33,0.008350927125407415,45.135991737587325
2026-04-17 07:55:00,ACTIVE,31.78,22.34,0.011035749561632668,46.17989025549025
2026-04-17 08:00:00,ACTIVE,31.98,22.27,0.023556670061497864,51.048208612873445
2026-04-17 08:05:00,ACTIVE,32.12,22.27,0.024559083718535046,51.43796181099481
2026-04-17 08:10:00,ACTIVE,32.26,22.26,0.021455103819100874,50.231088696072746
2026-04-17 08:15:00,ACTIVE,32.37,22.31,0.032993605657285596,54.71742820410965
2026-04-17 08:20:00,ACTIVE,32.48,22.35,0.03285229450297589,54.66248434541839
2026-04-17 08:25:00,ACTIVE,32.64,22.36,0.0339687608659634,55.09658291591818
2026-04-17 08:30:00,ACTIVE,32.76,22.35,0.036706498396455456,56.16105560205455
2026-04-17 08:35:00,ACTIVE,32.88,22.33,0.03526699040514525,55.60135368718569
2026-04-17 08:40:00,ACTIVE,32.04,23.47,0.05107346119147921,61.74714240099306
2026-04-17 08:45:00,ACTIVE,32.37,23.24,0.036267019717225235,55.99017981685984
2026-04-17 08:50:00,ACTIVE,32.64,22.99,0.02758950687925038,52.61623498221321
2026-04-17 08:55:00,ACTIVE,31.91,23.82,0.052478651022021816,62.29350090935611
2026-04-17 09:00:00,ACTIVE,32.25,23.73,0.054120339516083804,62.9318135823607
2026-04-17 09:05:00,ACTIVE,31.7,24.07,0.055382988532196364,63.42275012206149
2026-04-17 11:30:00,ACTIVE,29.69,30.18,0.0543831766416451,63.03400852908092
2026-04-17 11:35:00,ACTIVE,30.39,30.14,0.06609130219136877,67.58630023518037
2026-04-17 11:40:00,ACTIVE,29.71,30.01,0.07548377504526582,71.23823205731298
2026-04-17 11:45:00,ACTIVE,28.88,32.29,0.05839179541799766,64.5926185671271
2026-04-17 11:50:00,ACTIVE,30.12,29.16,0.06409813930083558,66.81132913865898
2026-04-17 11:55:00,ACTIVE,28.97,30.73,0.07402597261051463,70.67141699330762
2026-04-17 12:00:00,ACTIVE,28.19,31.83,0.0726406328297508,70.1327764767435
2026-04-17 12:05:00,ACTIVE,28.92,31.55,0.0777138257267746,72.10530861696377
2026-04-17 12:10:00,ACTIVE,28.95,30.59,0.0777108764750325,72.10416190443598
2026-04-17 13:15:00,ACTIVE,27.33,32.19,0.0809243423355705,73.35360477405966
2026-04-17 13:20:00,ACTIVE,27.27,32.1,0.08869810579545612,76.37615853583166
2026-04-17 13:25:00,ACTIVE,27.22,31.95,0.0762220645270083,71.52528988481605
2026-04-17 13:30:00,ACTIVE,27.2,31.8,0.0869767714695131,75.70687838999315
2026-04-17 13:35:00,ACTIVE,27.24,31.68,0.07110360540839167,69.53515757074656
2026-04-17 13:40:00,ACTIVE,27.27,31.52,0.0832794401276295,74.26930149257463
2026-04-17 13:45:00,ACTIVE,27.31,31.23,0.07198577945226564,69.87815983581524
2026-04-17 13:50:00,ACTIVE,27.34,31.05,0.06317520822611433,66.45247993953555
2026-04-17 13:55:00,ACTIVE,27.41,30.84,0.07168966146297956,69.76302479896165
2026-04-17 14:00:00,ACTIVE,27.46,30.55,0.06539416574849455,67.31524331548489
2026-04-17 14:05:00,ACTIVE,27.52,30.1,0.06266364407857505,66.25357626224829
2026-04-17 14:10:00,ACTIVE,27.55,29.71,0.0672904172268331,68.05253382717771
2026-04-17 14:15:00,ACTIVE,27.6,29.44,0.07822457711573261,72.30389628174049
2026-04-17 14:20:00,ACTIVE,27.63,29.25,0.08274371264709768,74.0610027554286
2026-04-17 14:25:00,ACTIVE,27.66,28.99,0.09083308526235806,77.20627000658709
2026-04-17 14:30:00,ACTIVE,27.71,28.72,0.06627962616220806,67.65952336956431
2026-04-17 14:35:00,ACTIVE,27.75,28.54,0.059607908307082125,65.06546117503632
2026-04-17 14:40:00,ACTIVE,27.78,28.36,0.08034856957755526,73.12973584305279
2026-04-17 14:45:00,ACTIVE,27.82,28.15,0.08139079303073415,73.53496767642005
2026-04-17 14:50:00,ACTIVE,27.82,28.03,0.08712138583111118,75.7631065843433
2026-04-17 14:55:00,ACTIVE,27.86,27.86,0.08558496127606102,75.16572208164915
2026-04-17 15:00:00,ACTIVE,27.89,27.8,0.09150270308618513,77.46662728177333
2026-04-17 15:05:00,ACTIVE,27.94,27.89,0.09576312000647014,79.12314014784837
2026-04-17 15:10:00,ACTIVE,27.98,28.06,0.10607790714177961,83.13368135077891
2026-04-17 15:15:00,ACTIVE,27.99,28.22,0.11078846877297788,84.96521711230655
2026-04-17 15:20:00,ACTIVE,27.99,28.38,0.11384987806295,86.1555381470895
2026-04-17 16:35:00,ACTIVE,27.44,32.57,0.044030474432895095,59.00872538700508
2026-04-17 16:40:00,ACTIVE,27.41,32.61,0.03930672715018374,57.17206284990885
2026-04-17 16:45:00,ACTIVE,27.46,32.52,0.03821104270728376,56.746044596113
2026-04-17 16:50:00,ACTIVE,27.45,32.54,0.045637639561081744,59.63361486673473
2026-04-17 16:55:00,ACTIVE,27.46,32.57,0.047781971144480184,60.46736257816598
2026-04-17 18:30:00,ACTIVE,28.08,32.87,0.10653583859121302,83.31173184488786
2026-04-17 19:05:00,ACTIVE,29.43,30.76,0.08721225630800539,75.79843836452775
2026-04-17 19:10:00,ACTIVE,28.89,33.18,0.08724622562974177,75.81164613727887
2026-04-17 19:15:00,ACTIVE,29.87,30.43,0.08777360554641683,76.01669921861519
2026-04-17 19:20:00,ACTIVE,28.54,33.3,0.08906900069936496,76.52036793875685
2026-04-17 19:25:00,ACTIVE,30.28,31.15,0.10449903326405952,82.51979192603733
2026-04-17 19:30:00,ACTIVE,29.08,32.02,0.10250753116068595,81.74546656803147
2026-04-17 19:35:00,ACTIVE,29.8,32.71,0.1120132495112941,85.44142990769794
2026-04-17 19:40:00,ACTIVE,29.78,31.01,0.1341437852755794,94.04610825552032
2026-04-17 19:45:00,ACTIVE,29.55,33.93,0.12450923262646207,90.3000522425157
2026-04-17 19:50:00,ACTIVE,30.32,30.58,0.13070867832861888,92.7104880661227
2026-04-17 19:55:00,ACTIVE,29.69,34.23,0.130910043845674,92.78878194581262
2026-04-17 20:00:00,ACTIVE,30.64,30.37,0.122848930569879,89.6545023421748
2026-04-17 20:05:00,ACTIVE,29.77,34.19,0.1268341491517746,91.20401403986793
2026-04-17 20:10:00,ACTIVE,30.85,30.1,0.1164494227049882,87.16627940223988
2026-04-17 20:15:00,ACTIVE,29.75,34.06,0.12448817760990966,90.29186574188276
2026-04-17 20:20:00,ACTIVE,31.01,29.94,0.12706213087267532,91.29265669174171
2026-04-17 20:25:00,ACTIVE,29.67,33.63,0.12607123103174406,90.907380234952
2026-04-17 20:30:00,ACTIVE,31.01,29.79,0.12327481389876505,89.82009205485939
2026-04-17 20:35:00,ACTIVE,29.79,32.99,0.1217659102331568,89.23340807943742
2026-04-17 21:25:00,ACTIVE,30.67,37.4,0.0792159618646211,72.68936127788798
2026-04-17 21:30:00,ACTIVE,31.01,31.96,0.05920931236874266,64.91048120181333
2026-04-17 21:35:00,ACTIVE,30.73,39.58,0.07625031647587771,71.53627465876411
2026-04-17 21:40:00,ACTIVE,30.87,32.61,0.05834477668310689,64.5743369902884
2026-04-17 21:45:00,ACTIVE,30.78,41.31,0.06370554212488344,66.65868157263017
2026-04-17 21:50:00,ACTIVE,31.04,33.07,0.08258707453282704,74.00009954889696
2026-04-17 21:55:00,ACTIVE,30.84,42.52,0.08623046397115586,75.41670303950319
2026-04-17 22:00:00,ACTIVE,31.35,33.73,0.09327822776974493,78.15697743702383
2026-04-17 22:05:00,ACTIVE,30.8,43.97,0.07816216733113529,72.27963043802407
2026-04-17 22:10:00,ACTIVE,31.49,34.52,0.09366572681936303,78.30764277642477
2026-04-17 22:15:00,ACTIVE,30.85,44.49,0.07248010001613031,70.07035895372518
2026-04-17 22:20:00,ACTIVE,31.69,35.43,0.0788019731481509,72.5283963657505
2026-04-17 22:25:00,ACTIVE,30.88,44.6,0.09089507685982767,77.23037325298723
2026-04-17 22:30:00,ACTIVE,31.8,36.23,0.10215060471398202,81.60668830706072
2026-04-17 22:35:00,ACTIVE,30.89,44.86,0.09800829247609733,79.99609628150445
2026-04-17 22:40:00,ACTIVE,31.85,36.85,0.11153186116252845,85.25425902554502
2026-04-17 22:45:00,ACTIVE,30.93,44.77,0.08867919393713242,76.36880532669257
2026-04-17 22:50:00,ACTIVE,31.86,36.69,0.09585627498136295,79.15936017451152
2026-04-17 22:55:00,ACTIVE,31.04,44.33,0.10021625941687434,80.85458635740547
2026-04-17 23:00:00,ACTIVE,31.9,36.04,0.09792602208007994,79.96410833946737
2026-04-17 23:05:00,ACTIVE,31.15,43.74,0.09069418485692293,77.15226348257514
2026-04-17 23:10:00,ACTIVE,31.97,35.97,0.10584714754305602,83.04395861908195
2026-04-17 23:15:00,ACTIVE,31.19,43.49,0.08258894476617917,74.00082672317787
2026-04-17 23:20:00,ACTIVE,32.14,38.78,0.07890165593718979,72.567154502726
2026-04-17 23:25:00,ACTIVE,31.21,43.52,0.07872819541719661,72.49971049700987
2026-04-17 23:30:00,ACTIVE,32.15,40.22,0.06643841582214793,67.72126312875024
2026-04-17 23:35:00,ACTIVE,31.14,43.97,0.07751670998666038,72.0286671131592
2026-04-17 23:40:00,ACTIVE,32.07,40.48,0.07295365910986595,70.25448570617631
2026-04-17 23:45:00,ACTIVE,31.18,44.67,0.06776268900087157,68.23616005076487
2026-04-17 23:50:00,ACTIVE,31.92,40.84,0.07642571583017921,71.60447251182359
2026-04-18 00:40:00,ACTIVE,32.32,38.91,0.08476639965666766,74.84745326440165
2026-04-18 00:45:00,ACTIVE,31.93,30.58,0.10609351154366237,83.139748572126
2026-04-18 00:50:00,ACTIVE,32.02,39.81,0.08974350422642863,76.7826248473411
2026-04-18 00:55:00,ACTIVE,32.63,38.04,0.11022007212113549,84.74421612004969
2026-04-18 01:00:00,ACTIVE,31.73,40.8,0.11029885084217811,84.77484644741476
2026-04-18 01:05:00,ACTIVE,32.36,38.89,0.11878738537004768,88.07531373093065
2026-04-18 01:10:00,ACTIVE,32.37,31.44,0.12588582721361213,90.83529249896245
2026-04-18 01:15:00,ACTIVE,31.96,40.14,0.10657228844513633,83.32590408509822
2026-04-18 01:20:00,ACTIVE,32.52,38.59,0.10839537910043523,84.03474859093633
2026-04-18 01:25:00,ACTIVE,31.68,41.76,0.1146447394865725,86.46459197905328
2026-04-18 01:30:00,ACTIVE,32.19,39.61,0.10904203715453104,84.28617876939151
2026-04-18 01:35:00,ACTIVE,32.48,33.11,0.12177845226498724,89.23828460619116
2026-04-18 01:40:00,ACTIVE,31.91,40.52,0.12612859096148188,90.92968262070103
2026-04-18 01:45:00,ACTIVE,32.52,38.74,0.12790847038845393,91.62172596434736
2026-04-18 01:50:00,ACTIVE,31.85,39.8,0.10859851779818047,84.11373190940232
2026-04-18 01:55:00,ACTIVE,32.17,39.47,0.12030472508660983,88.66527776724936
2026-04-18 02:00:00,ACTIVE,32.67,37.99,0.12269407356695466,89.59429165797518
2026-04-18 02:05:00,ACTIVE,32.74,31.6,0.13321571031317514,93.68525903708235
2026-04-18 02:10:00,ACTIVE,32.05,39.3,0.10808164574434137,83.91276443994586
2026-04-18 02:15:00,ACTIVE,32.49,37.97,0.11954654907252316,88.37048776298845
2026-04-18 02:20:00,ACTIVE,32.81,37.07,0.09754187502237394,79.81474630390576
2026-04-18 02:25:00,ACTIVE,32.98,32.91,0.10465999121005098,82.58237474678484
2026-04-18 02:30:00,ACTIVE,32.1,38.96,0.10838180324439678,84.0294700980995
2026-04-18 02:35:00,ACTIVE,32.55,37.6,0.11548292586085124,86.79049119012595
2026-04-18 02:40:00,ACTIVE,32.86,36.76,0.10522635137376102,82.80258392245285
2026-04-18 02:45:00,ACTIVE,31.91,39.55,0.1114057835349127,85.20523818646346
2026-04-18 02:50:00,ACTIVE,32.27,38.26,0.10815761645939342,83.94230297321229
2026-04-18 02:55:00,ACTIVE,32.64,37.3,0.10388140106318161,82.2796474269426
2026-04-18 03:00:00,ACTIVE,32.92,36.61,0.1103386527041918,84.7903219977548
2026-04-18 03:05:00,ACTIVE,32.4,29.25,0.10104917154305809,81.17843486311486
2026-04-18 03:10:00,ACTIVE,32.22,38.23,0.10669381389467253,83.37315497027656
2026-04-18 03:15:00,ACTIVE,32.6,37.21,0.10448483575556322,82.51427172556625
2026-04-18 03:20:00,ACTIVE,32.9,36.4,0.10377036912374304,82.23647657308801
2026-04-18 03:25:00,ACTIVE,31.96,38.99,0.1043818119314211,82.47421454492012
2026-04-18 03:30:00,ACTIVE,32.32,37.62,0.11513898766126612,86.65676295098702
2026-04-18 03:35:00,ACTIVE,32.71,36.53,0.11838500518315925,87.9188623861196
2026-04-18 03:40:00,ACTIVE,32.84,31.91,0.12621284217710077,90.962440734582
2026-04-18 03:45:00,ACTIVE,32.08,37.78,0.11499119982046269,86.59930086116789
2026-04-18 03:50:00,ACTIVE,32.55,36.43,0.12951314857841878,92.24564848585706
2026-04-18 03:55:00,ACTIVE,32.88,35.48,0.12635758515614853,91.01871893729148
2026-04-18 04:00:00,ACTIVE,31.92,37.63,0.12319384889827417,89.78861166983503
2026-04-18 04:05:00,ACTIVE,32.34,36.27,0.14021228872607022,96.40563180254594
2026-04-18 04:10:00,ACTIVE,32.66,35.36,0.1254291994180768,90.65774888469541
2026-04-18 04:15:00,ACTIVE,32.88,34.68,0.13314002721412888,93.65583233315634
2026-04-18 04:20:00,ACTIVE,33.08,34.09,0.13405043406398331,94.00981192913585
2026-04-18 04:25:00,ACTIVE,32.12,36.02,0.12960518054324272,92.28143186966045
2026-04-18 04:30:00,ACTIVE,32.5,34.86,0.11787783221045933,87.72166606230377
2026-04-18 04:35:00,ACTIVE,32.8,33.93,0.10904405556885866,84.2869635586188
2026-04-18 04:40:00,ACTIVE,33.0,33.18,0.10612966074692376,83.1538039149296
2026-04-18 04:45:00,ACTIVE,32.23,34.78,0.11211545496220282,85.48116889277406
2026-04-18 04:50:00,ACTIVE,32.32,34.13,0.11060282896243517,84.89303761899086
2026-04-18 04:55:00,ACTIVE,32.62,33.34,0.11036807202150051,84.80176066175056
2026-04-18 05:00:00,ACTIVE,32.82,32.83,0.09272738596121011,77.94280202647529
2026-04-18 05:05:00,ACTIVE,33.01,32.37,0.1062478449946695,83.19975569162686
2026-04-18 05:10:00,ACTIVE,32.15,33.99,0.11428563518756801,86.32496693702242
2026-04-18 05:15:00,ACTIVE,32.48,33.08,0.11437773556045444,86.36077691888833
2026-04-18 05:20:00,ACTIVE,32.73,32.39,0.11046981564188396,84.84132008031446
2026-04-18 05:25:00,ACTIVE,32.91,31.88,0.11773273025783992,87.665248285381
2026-04-18 06:10:00,ACTIVE,33.18,28.56,0.09567788197934268,79.08999834711446
2026-04-18 06:15:00,ACTIVE,32.24,29.88,0.10120626127262716,81.23951366432806
2026-04-18 06:20:00,ACTIVE,32.51,29.13,0.10302155804669677,81.94532779431927
2026-04-18 06:25:00,ACTIVE,32.71,28.43,0.10906770725594417,84.296159683011
2026-04-18 06:30:00,ACTIVE,32.89,27.84,0.11673286789444037,87.2764870678134
2026-04-18 06:35:00,ACTIVE,33.02,27.31,0.11705419670585565,87.40142444373444
2026-04-18 06:40:00,ACTIVE,33.11,26.88,0.11502162844257341,86.61113195774047
2026-04-18 06:45:00,ACTIVE,33.19,26.55,0.12015708436147515,88.60787287816966
2026-04-18 06:50:00,ACTIVE,32.25,27.81,0.12060383314157563,88.78157538569099
2026-04-18 06:55:00,ACTIVE,32.52,27.27,0.11746211214328034,87.56002797550322
2026-04-18 07:00:00,ACTIVE,32.78,26.8,0.11378571753215871,86.13059158745963
2026-04-18 07:05:00,ACTIVE,32.94,26.41,0.12452830073109789,90.30746620252287
2026-04-18 07:10:00,ACTIVE,33.06,25.63,0.09920395046455,80.46098572269199
2026-04-18 07:15:00,ACTIVE,32.25,27.26,0.11525633902957755,86.70239089188966
2026-04-18 07:20:00,ACTIVE,32.61,26.59,0.12100611957856061,88.93799027915838
2026-04-18 07:25:00,ACTIVE,32.88,26.16,0.11434835208793742,86.34935219187567
2026-04-18 07:30:00,ACTIVE,32.03,27.17,0.10664256726779853,83.35322952674647
2026-04-18 07:35:00,ACTIVE,32.35,26.78,0.11560692334113237,86.83870323727763
2026-04-18 07:40:00,ACTIVE,32.73,26.17,0.10983850151362418,84.59585584628186
2026-04-18 07:45:00,ACTIVE,31.96,27.1,0.12409541378020034,90.1391533784179
2026-04-18 07:50:00,ACTIVE,32.35,26.65,0.12069447491465257,88.81681824246186
2026-04-18 07:55:00,ACTIVE,32.76,26.05,0.11495873922386779,86.58667970297938
2026-04-18 08:00:00,ACTIVE,31.95,27.26,0.11723561567061203,87.47196281002392
2026-04-18 08:05:00,ACTIVE,32.5,26.45,0.1256339472265674,90.73735784912574
2026-04-18 08:10:00,ACTIVE,31.71,27.59,0.12568011295406806,90.75530776412407
2026-04-18 08:15:00,ACTIVE,32.33,26.66,0.12387255633001831,90.05250311849393
2026-04-18 08:20:00,ACTIVE,31.55,27.67,0.13351168804757968,93.80033954077166
2026-04-18 08:25:00,ACTIVE,32.23,26.73,0.13361107988484644,93.83898455141166
2026-04-18 08:30:00,ACTIVE,31.49,27.67,0.11448116841059675,86.4009931348694
2026-04-18 08:35:00,ACTIVE,32.23,26.59,0.11539837910620343,86.75761816631643
2026-04-18 08:40:00,ACTIVE,31.45,27.79,0.12297218096562856,89.70242391185403
2026-04-18 09:55:00,ACTIVE,30.99,28.84,0.05202858170478292,62.11850732807488
2026-04-18 10:00:00,ACTIVE,31.35,27.0,0.06476772685847393,67.07167464590513
2026-04-18 10:05:00,ACTIVE,31.02,28.58,0.06463403095718917,67.01969170978327
2026-04-18 10:10:00,ACTIVE,30.13,28.52,0.06479593900634695,67.08264394463943
2026-04-18 10:15:00,ACTIVE,30.94,27.76,0.08982184741365501,76.81308583274182
2026-04-18 10:20:00,ACTIVE,29.47,29.92,0.09707647742687303,79.63379286220925
2026-04-18 10:25:00,ACTIVE,30.75,27.57,0.08574480083025088,75.22787005518727
2026-04-18 10:30:00,ACTIVE,29.28,29.5,0.11276263354895621,85.73280146199538
2026-04-18 10:35:00,ACTIVE,30.54,27.48,0.12327817804192759,89.82140008328392
2026-04-18 10:40:00,ACTIVE,29.18,29.18,0.12070893146580991,88.82243916253594
2026-04-18 10:45:00,ACTIVE,30.25,28.35,0.11374819723068003,86.11600314146918
2026-04-18 10:50:00,ACTIVE,29.31,28.6,0.13466508282649614,94.2487964234401
2026-04-18 10:55:00,ACTIVE,28.57,30.39,0.1283930595323277,91.81014136279468
2026-04-18 11:00:00,ACTIVE,29.82,27.31,0.11752205730930981,87.58333553920995
2026-04-18 11:05:00,ACTIVE,28.74,28.67,0.12383234798602594,90.036869521972
2026-04-18 11:10:00,ACTIVE,28.04,29.47,0.12169644558974724,89.20639920267764
2026-04-18 11:15:00,ACTIVE,27.55,30.13,0.11576823662870361,86.9014242200665
2026-04-18 11:20:00,ACTIVE,29.48,27.21,0.09623459758514452,79.30645757657734
2026-04-18 11:25:00,ACTIVE,28.64,28.01,0.11497577326951292,86.59330279088378
2026-04-18 11:30:00,ACTIVE,27.99,28.83,0.123315350448714,89.8358532626926
2026-04-18 11:35:00,ACTIVE,27.57,29.4,0.11285088975403951,85.76711677478444
2026-04-18 11:40:00,ACTIVE,27.27,29.8,0.11020563560855134,84.73860299126808
2026-04-18 11:45:00,ACTIVE,27.06,30.36,0.11864452050913898,88.01976576822341
2026-04-18 11:50:00,ACTIVE,29.07,26.84,0.1272319673241213,91.35869160621435
2026-04-18 11:55:00,ACTIVE,28.33,27.79,0.12467744292100419,90.36545488322642
2026-04-18 12:00:00,ACTIVE,27.85,28.53,0.07554753537243308,71.26302301187775
2026-04-18 14:40:00,ACTIVE,27.74,27.07,0.09383482273050264,78.37338975791613
2026-04-18 14:45:00,ACTIVE,27.68,27.04,0.10414409723683732,82.38178756948533
2026-04-18 14:50:00,ACTIVE,27.68,27.06,0.09994132987082566,80.74768969944569
2026-04-18 14:55:00,ACTIVE,27.65,27.11,0.11310483532044585,85.8658545523085
2026-04-18 16:25:00,ACTIVE,27.51,28.96,0.10574924658422852,83.00589328394382
2026-04-18 16:30:00,ACTIVE,27.45,29.19,0.06928875777534899,68.82951807340368
2026-04-18 16:35:00,ACTIVE,27.43,29.44,0.09125641588215622,77.37086718837001
2026-04-18 16:40:00,ACTIVE,27.41,29.55,0.10465830585939817,82.58171945762125
2026-04-18 16:45:00,ACTIVE,27.38,29.59,0.10966427155998765,84.52811267342936
2026-04-18 16:50:00,ACTIVE,27.34,29.67,0.10594890178246813,83.08352216648063
2026-04-18 16:55:00,ACTIVE,27.32,29.79,0.10680211428241537,83.4152637565887
2026-04-18 17:00:00,ACTIVE,27.27,29.91,0.07396519718324712,70.64778661179955
2026-04-18 18:45:00,ACTIVE,30.66,32.04,0.07979200927593427,72.91333699814348
2026-04-18 18:50:00,ACTIVE,29.34,33.71,0.0690272551324882,68.72784199321795
2026-04-18 18:55:00,ACTIVE,30.29,34.46,0.10335338827008961,82.07434827393139
2026-04-18 19:00:00,ACTIVE,29.61,33.51,0.11437715376169588,86.36055070695954
2026-04-18 19:05:00,ACTIVE,28.85,38.4,0.11881773824737435,88.08711537681528
2026-04-18 19:10:00,ACTIVE,30.27,33.29,0.10352944884316684,82.14280321859242
2026-04-18 19:15:00,ACTIVE,29.02,34.99,0.10583061694742568,83.03753127996048
2026-04-18 19:20:00,ACTIVE,29.96,37.0,0.11674890835795815,87.28272383634854
2026-04-18 19:25:00,ACTIVE,29.75,34.41,0.10657639562807808,83.32750101833588
2026-04-18 19:30:00,ACTIVE,29.31,41.28,0.08791065852153518,76.06998743450234
2026-04-18 19:35:00,ACTIVE,30.25,35.15,0.09077983636999504,77.18556605273609
2026-04-18 19:40:00,ACTIVE,29.28,45.07,0.09646178059664079,79.39478967846752
2026-04-18 19:45:00,ACTIVE,30.82,37.36,0.10636329300032793,83.24464357708834
2026-04-18 19:50:00,ACTIVE,29.57,47.18,0.10325795597824489,82.03724279288632
2026-04-18 19:55:00,ACTIVE,31.11,39.95,0.1007883998790769,81.07704299828681
2026-04-18 20:00:00,ACTIVE,29.72,46.94,0.07880408313722215,72.52921676058725
2026-04-18 20:05:00,ACTIVE,31.18,42.91,0.09470515767246879,78.71178880574104
2026-04-18 20:10:00,ACTIVE,29.98,49.09,0.09276534645366757,77.95756162520351
2026-04-18 22:20:00,ACTIVE,30.95,44.76,0.1269138439708526,91.23500055964577
2026-04-18 22:25:00,ACTIVE,31.6,34.67,0.12160613605877774,89.17128552653296
2026-04-18 22:30:00,ACTIVE,31.04,44.34,0.12837141277606395,91.80172478504404
2026-04-18 22:35:00,ACTIVE,31.46,34.16,0.1309699120187786,92.81205957353586
2026-04-18 22:40:00,ACTIVE,30.96,44.7,0.128083520880852,91.6897881747591
2026-04-18 22:45:00,ACTIVE,31.56,34.66,0.12629990596760138,90.99629241901384
2026-04-18 23:30:00,ACTIVE,32.2,39.21,0.11063276884075779,84.9046786847781
2026-04-18 23:35:00,ACTIVE,31.19,42.46,0.10505834762304206,82.73726158902352
2026-04-19 01:15:00,ACTIVE,32.4,39.58,0.09828807882610308,80.1048813363966
2026-04-19 01:20:00,ACTIVE,31.92,34.3,0.11974758320937301,88.44865279717243
2026-04-19 01:25:00,ACTIVE,32.24,40.35,0.11307291385244839,85.8534430152615
2026-04-19 01:30:00,ACTIVE,32.0,31.37,0.1174526326923438,87.55634222532113
2026-04-19 01:35:00,ACTIVE,32.11,40.74,0.11139050087122648,85.19929606166727
2026-04-19 01:40:00,ACTIVE,31.63,33.99,0.12403775361550812,90.11673425689534
2026-04-19 01:45:00,ACTIVE,32.06,40.77,0.12658001048251788,91.10520118111073
2026-04-19 01:50:00,ACTIVE,31.35,43.71,0.13640105323340163,94.92376729318589
2026-04-19 01:55:00,ACTIVE,32.09,40.29,0.12496077597401756,90.47561894850048
2026-04-19 02:00:00,ACTIVE,31.43,42.13,0.14064374671150387,96.57338902382602
2026-04-19 02:05:00,ACTIVE,32.05,40.02,0.1391423276860002,95.98961518674571
2026-04-19 02:10:00,ACTIVE,31.6,32.29,0.12940249148954291,92.20262337942381
2026-04-19 02:15:00,ACTIVE,31.99,39.87,0.12237204275572733,89.46908133418485
2026-04-19 02:20:00,ACTIVE,31.77,31.33,0.1385064498730012,95.74237652485108
2026-04-19 02:25:00,ACTIVE,31.92,39.62,0.12997113310366792,92.4237196166251
2026-04-19 02:30:00,ACTIVE,31.99,31.68,0.13824173974534137,95.63945332732055
2026-04-19 02:35:00,ACTIVE,31.86,39.46,0.1291495974804277,92.10429446286683
2026-04-19 02:40:00,ACTIVE,32.04,31.79,0.13259812921567132,93.44513440773237
2026-04-19 02:45:00,ACTIVE,31.83,39.21,0.1364894454618032,94.95813549384509
2026-04-19 02:50:00,ACTIVE,31.98,31.75,0.1365940643986585,94.99881287781444
2026-04-19 02:55:00,ACTIVE,31.78,39.11,0.14088630423940668,96.66769896420328
2026-04-19 03:00:00,ACTIVE,31.84,31.52,0.12830523193109528,91.77599269749732
2026-04-19 03:05:00,ACTIVE,31.78,38.8,0.12673586878645915,91.16580118589759
2026-04-19 03:10:00,ACTIVE,31.76,31.32,0.11087998694562329,85.00080072614138
2026-04-19 03:15:00,ACTIVE,31.78,38.54,0.11503197215157618,86.61515374419156
2026-04-19 03:20:00,ACTIVE,31.75,31.16,0.1163889226057413,87.14275607232253
2026-04-19 03:25:00,ACTIVE,31.81,38.18,0.11097353598950216,85.037173972632
2026-04-19 03:30:00,ACTIVE,31.8,31.11,0.12431881196604994,90.22601388433593
2026-04-19 03:35:00,ACTIVE,31.77,38.14,0.11075450569326584,84.95201176654645
2026-04-19 03:40:00,ACTIVE,31.77,31.09,0.1154098217171125,86.7620672220185
2026-04-19 03:45:00,ACTIVE,31.78,37.89,0.09983736334674453,80.70726598317475
2026-04-19 03:50:00,ACTIVE,31.87,31.06,0.11064379482570985,84.90896575017007
2026-04-19 03:55:00,ACTIVE,31.76,37.77,0.10415716641254663,82.38686905754543
2026-04-19 04:00:00,ACTIVE,32.42,34.15,0.10107789223044311,81.18960188950358
2026-04-19 04:05:00,ACTIVE,31.69,37.62,0.10268052486059304,81.81272906722062
2026-04-19 04:10:00,ACTIVE,32.44,35.56,0.10748681361949641,83.68148494631957
2026-04-19 04:15:00,ACTIVE,31.62,37.32,0.10066687293735122,81.02979153292321
2026-04-19 04:20:00,ACTIVE,32.38,35.07,0.10391627227940348,82.29320586955703
2026-04-19 04:25:00,ACTIVE,31.58,36.54,0.09245720619631981,77.837752153407
2026-04-19 04:30:00,ACTIVE,32.35,34.25,0.116120840128704,87.03852165567021
2026-04-19 04:35:00,ACTIVE,31.53,35.56,0.11268473460260214,85.70251320399068
2026-04-19 04:40:00,ACTIVE,32.28,33.31,0.12201554782584068,89.33047085331008
2026-04-19 04:45:00,ACTIVE,31.5,34.48,0.10203516556538444,81.561803865355
2026-04-19 04:50:00,ACTIVE,32.27,32.39,0.1125452302476398,85.64827185550472
2026-04-19 04:55:00,ACTIVE,31.54,33.37,0.11911886831274177,88.20419918269073
2026-04-19 05:00:00,ACTIVE,32.3,31.46,0.12228954922241886,89.43700663308158
2026-04-19 05:05:00,ACTIVE,31.58,32.45,0.12949814808266785,92.23981607211121
2026-04-19 05:10:00,ACTIVE,32.18,30.9,0.1283264718714212,91.78425109921783
2026-04-19 05:15:00,ACTIVE,32.54,28.17,0.122169502788598,89.39033081100327
2026-04-19 05:20:00,ACTIVE,32.01,30.51,0.12933213292675938,92.17526693364158
2026-04-19 05:25:00,ACTIVE,32.59,29.21,0.12458744788756065,90.33046348835325
2026-04-19 05:30:00,ACTIVE,31.76,30.4,0.12887086267884768,91.99591826549474
2026-04-19 05:35:00,ACTIVE,32.38,29.1,0.12846901794166232,91.83967511141687
2026-04-19 05:40:00,ACTIVE,32.65,27.18,0.12057151586387987,88.76900995200194
2026-04-19 05:45:00,ACTIVE,32.11,29.27,0.11237018765759005,85.58021271764244
2026-04-19 05:50:00,ACTIVE,32.65,28.27,0.1079876196580451,83.87620571233523
2026-04-19 05:55:00,ACTIVE,31.83,29.51,0.11076239985608721,84.95508113335377
2026-04-19 06:00:00,ACTIVE,32.44,28.44,0.11159383567009407,85.27835562713871
2026-04-19 06:05:00,ACTIVE,32.01,26.31,0.1091726506419941,84.33696321760722
2026-04-19 06:10:00,ACTIVE,32.21,28.57,0.12358185133107535,89.93947273203375
2026-04-19 06:15:00,ACTIVE,32.73,27.6,0.1295426715173324,92.25712743945944
2026-04-19 06:20:00,ACTIVE,31.93,28.73,0.12827823506630626,91.7654959187305
2026-04-19 06:25:00,ACTIVE,32.52,27.59,0.13076037716321726,92.73058933467826
2026-04-19 06:30:00,ACTIVE,31.89,28.15,0.134212465350172,94.07281208036524
2026-04-19 06:35:00,ACTIVE,32.29,27.54,0.13482295422583507,94.31017914937593
2026-04-19 06:40:00,ACTIVE,32.75,26.61,0.11825734854347136,87.86922760388126
2026-04-19 06:45:00,ACTIVE,31.89,27.65,0.11863270085896882,88.01517011410182
2026-04-19 06:50:00,ACTIVE,32.45,26.76,0.13553721138475416,94.58789285570411
2026-04-19 06:55:00,ACTIVE,32.87,25.96,0.1350650816434139,94.40432185652254
2026-04-19 07:00:00,ACTIVE,32.07,26.9,0.12854936484709317,91.87091517197568
2026-04-19 07:05:00,ACTIVE,32.56,25.99,0.12537297919371831,90.63588963318882
2026-04-19 07:10:00,ACTIVE,32.92,25.29,0.12713275201422464,91.32011523201658
2026-04-19 07:15:00,ACTIVE,33.16,24.8,0.11445041905887915,86.38903733390045
2026-04-19 07:20:00,ACTIVE,32.32,25.88,0.11598599458886705,86.98609172314197
2026-04-19 07:25:00,ACTIVE,32.69,25.26,0.1126270607516095,85.68008876103286
2026-04-19 07:30:00,ACTIVE,32.95,24.79,0.11049191666654001,84.84991328430863
2026-04-19 07:35:00,ACTIVE,33.14,24.4,0.09768420233112785,79.87008525841561
2026-04-19 07:40:00,ACTIVE,32.4,24.95,0.10572433321155666,82.99620659760761
2026-04-19 07:45:00,ACTIVE,32.61,24.93,0.10542555418570748,82.88003691053403
2026-04-19 07:50:00,ACTIVE,31.73,25.92,0.10828316602050742,83.99111849225814
2026-04-19 07:55:00,ACTIVE,32.39,24.57,0.13408417775223086,94.02293197226231
2026-04-19 08:00:00,ACTIVE,31.81,25.59,0.13498507557949224,94.37321432016401
2026-04-19 08:05:00,ACTIVE,32.27,24.11,0.13455216524977665,94.20489240603015
2026-04-19 09:00:00,ACTIVE,31.69,25.52,0.11269185904184137,85.70528329092915
2026-04-19 09:05:00,ACTIVE,31.37,25.11,0.11875496314503176,88.06270749217737
2026-04-19 09:10:00,ACTIVE,32.01,25.2,0.1333943586145176,93.75472012861712
2026-04-19 09:15:00,ACTIVE,31.13,26.49,0.1327848970848518,93.51775250686578
2026-04-19 09:20:00,ACTIVE,31.41,25.31,0.12755720324568098,91.48514812412184
2026-04-19 16:40:00,ACTIVE,27.6,33.01,0.09171347710922745,77.54857932720381
2026-04-19 16:45:00,ACTIVE,27.17,34.06,0.092881727241314,78.00281219004432
2026-04-19 16:50:00,ACTIVE,26.84,34.9,0.09517964700946002,78.89627725047494
2026-04-19 16:55:00,ACTIVE,27.64,34.6,0.10295590878746957,81.91980239514052
2026-04-19 17:00:00,ACTIVE,28.47,32.06,0.11243780934529024,85.60650502607068
2026-04-19 17:05:00,ACTIVE,27.74,33.49,0.10209442609653802,81.58484523293546
2026-04-19 17:10:00,ACTIVE,27.24,34.6,0.09761912122984184,79.84478076741492
2026-04-19 17:15:00,ACTIVE,27.88,34.56,0.09528121469287903,78.93576826215504
2026-04-19 17:20:00,ACTIVE,28.63,32.09,0.11135026664979625,85.18365240361625
2026-04-19 17:25:00,ACTIVE,27.84,33.55,0.10396965578607376,82.31396216343391
2026-04-19 17:30:00,ACTIVE,27.32,34.58,0.09058926469422524,77.1114689775604
2026-04-19 17:35:00,ACTIVE,29.01,32.46,0.10162599486435897,81.40271226860482
2026-04-19 17:40:00,ACTIVE,28.55,32.18,0.10126980063493984,81.26421870450194
2026-04-19 17:45:00,ACTIVE,27.74,33.64,0.09070147832377612,77.15509928994015
2026-04-19 17:50:00,ACTIVE,28.45,33.36,0.09743354865926968,79.7726274179904
2026-04-19 17:55:00,ACTIVE,29.12,31.11,0.09726846665290856,79.7084411018126
2026-04-19 18:00:00,ACTIVE,28.23,32.68,0.0901178893006358,76.92819127989793
2026-04-19 18:05:00,ACTIVE,27.67,33.79,0.09401626905640675,78.44393876262295
2026-04-19 18:10:00,ACTIVE,28.8,32.79,0.10480327322449162,82.63808490493109
2026-04-19 18:15:00,ACTIVE,28.98,31.56,0.10081282945703707,81.08654157811152
2026-04-19 18:20:00,ACTIVE,28.18,33.24,0.08950270804376925,76.68899974394387
2026-04-19 18:25:00,ACTIVE,27.65,34.59,0.09377785215191387,78.35123875763004
2026-04-19 18:30:00,ACTIVE,29.39,32.21,0.10207716056623484,81.57813214038562
2026-04-19 18:35:00,ACTIVE,28.62,33.34,0.11387493801694565,86.16528182640394
2026-04-19 18:40:00,ACTIVE,27.92,34.98,0.10512498099417439,82.76316962540962
2026-04-19 18:45:00,ACTIVE,29.41,33.53,0.10954249870089011,84.48076559176856
2026-04-19 18:50:00,ACTIVE,28.92,33.32,0.11219275824285646,85.51122554717868
2026-04-19 18:55:00,ACTIVE,28.67,35.41,0.10699917352165134,83.4918832920194
2026-04-19 19:00:00,ACTIVE,29.71,32.26,0.11895741299856422,88.14142297786488
2026-04-19 19:05:00,ACTIVE,28.57,34.59,0.10458936518440332,82.55491430750058
2026-04-19 19:10:00,ACTIVE,30.32,32.7,0.11640761958837137,87.15002573462624
2026-04-19 19:15:00,ACTIVE,29.19,33.64,0.11188396716289883,85.39116302596308
2026-04-19 19:20:00,ACTIVE,29.77,34.92,0.11395971227860568,86.1982433082916
2026-04-19 19:25:00,ACTIVE,29.77,33.08,0.10050191266329561,80.96565254805924
2026-04-19 19:30:00,ACTIVE,29.18,37.5,0.08596050089134205,75.31173741678501
2026-04-19 19:35:00,ACTIVE,30.29,33.18,0.09152158113769704,77.47396734632594
2026-04-19 19:40:00,ACTIVE,29.02,39.61,0.08780115006981482,76.02740893511768
2026-04-19 19:45:00,ACTIVE,30.68,34.94,0.10007123881228769,80.7982002097963
2026-04-19 19:50:00,ACTIVE,29.29,34.97,0.0882140067756606,76.18793370484683
2026-04-19 19:55:00,ACTIVE,30.71,37.46,0.0998127059310589,80.69767881668572
2026-04-19 20:00:00,ACTIVE,29.62,34.71,0.09104343690132932,77.2880578228679
2026-04-19 20:05:00,ACTIVE,30.59,39.25,0.10179474787965942,81.46832592714213
2026-04-19 21:25:00,ACTIVE,30.74,31.97,0.08150181705641463,73.57813545328891
2026-04-19 21:30:00,ACTIVE,31.68,34.43,0.08604706169177567,75.34539353126839
2026-04-19 21:35:00,ACTIVE,30.65,36.55,0.0725364103701539,70.0922532489734
2026-04-19 21:40:00,ACTIVE,31.53,31.47,0.07607798543727828,71.46926981205421
2026-04-19 21:45:00,ACTIVE,31.04,34.92,0.07813031732614162,72.2672466868458
2026-04-19 21:50:00,ACTIVE,31.0,30.71,0.08221474768554221,73.85533338529078
2026-04-19 21:55:00,ACTIVE,31.31,33.71,0.08307777949595163,74.19089286797156
2026-04-19 22:00:00,ACTIVE,30.65,34.57,0.06834940888099883,68.46428538412962
2026-04-19 22:05:00,ACTIVE,31.71,31.99,0.0794956342993487,72.79810204084173
2026-04-19 22:10:00,ACTIVE,30.58,34.45,0.0746505266288584,70.91425279701016
2026-04-19 22:15:00,ACTIVE,31.35,30.18,0.09624553372821165,79.3107097101208
2026-04-19 22:20:00,ACTIVE,30.98,32.94,0.09057681268893736,77.10662745445275
2026-04-19 22:25:00,ACTIVE,30.87,29.87,0.09939251189619736,80.53430118533655
2026-04-19 22:30:00,ACTIVE,31.45,31.14,0.1007141123664857,81.04815891893531
2026-04-19 22:35:00,ACTIVE,30.64,32.03,0.09508727463546052,78.86036151056895
2026-04-19 22:40:00,ACTIVE,31.74,28.95,0.09877617352845341,80.29465974762597
2026-04-19 22:45:00,ACTIVE,30.93,30.66,0.0896321209714026,76.73931739681028
2026-04-19 22:50:00,ACTIVE,31.27,28.03,0.08639144650592168,75.47929542072843
2026-04-19 22:55:00,ACTIVE,31.29,29.31,0.1108781294521663,85.0000785053194
2026-04-19 23:00:00,ACTIVE,30.47,29.89,0.10596204236421047,83.08863141825839
2026-04-19 23:05:00,ACTIVE,31.59,27.89,0.12442473774485124,90.2671993877072
2026-04-19 23:10:00,ACTIVE,30.86,29.16,0.11300959446067321,85.82882350287335
2026-04-19 23:15:00,ACTIVE,31.19,27.11,0.12002340221873808,88.55589529157383
2026-04-19 23:20:00,ACTIVE,31.38,27.92,0.12684751327463123,91.20921020772428
2026-04-19 23:25:00,ACTIVE,30.74,28.41,0.12497451755215877,90.48096187653242
2026-04-19 23:30:00,ACTIVE,31.83,26.97,0.12872084032360448,91.937587363541
2026-04-19 23:35:00,ACTIVE,31.01,28.03,0.12747810834179824,91.4543948602103
2026-04-19 23:40:00,ACTIVE,31.82,25.91,0.1293606754675971,92.18636469402813
2026-04-19 23:45:00,ACTIVE,31.34,27.36,0.12640715268688674,91.03799152350632
2026-04-19 23:50:00,ACTIVE,31.18,26.32,0.12139975628616073,89.09104203040704
2026-04-19 23:55:00,ACTIVE,31.78,26.4,0.12417064118578713,90.16840290201328
2026-04-20 00:00:00,ACTIVE,31.01,27.26,0.11195861760204467,85.42018821650592
2026-04-20 00:05:00,ACTIVE,31.77,25.18,0.10255330777578825,81.76326519039665
2026-04-20 00:10:00,ACTIVE,31.52,26.12,0.09573403195209829,79.11183028376286
2026-04-20 00:15:00,ACTIVE,31.12,25.99,0.09770585348912969,79.87850354762686
2026-04-20 00:20:00,ACTIVE,31.95,25.17,0.10065730381865201,81.02607091859394
2026-04-20 00:25:00,ACTIVE,31.26,25.89,0.1118028230418534,85.35961299622818
2026-04-20 02:45:00,ACTIVE,32.29,35.5,0.08994672947571425,76.86164181832112
2026-04-20 02:50:00,ACTIVE,32.33,35.61,0.08309032638198233,74.19577128210987
2026-04-20 02:55:00,ACTIVE,32.35,35.71,0.09720184806265197,79.68253881244877
2026-04-20 03:00:00,ACTIVE,32.38,35.8,0.08414743305353478,74.60678993005084
2026-04-20 03:05:00,ACTIVE,32.34,36.13,0.08363055181092705,74.40581888786578
2026-04-20 03:10:00,ACTIVE,32.28,36.51,0.08389127958605408,74.50719368806072
2026-04-20 03:15:00,ACTIVE,32.26,36.7,0.09325351507946467,78.14736877895807
2026-04-20 03:20:00,ACTIVE,32.22,36.89,0.0958707344501582,79.16498222900621
2026-04-20 03:25:00,ACTIVE,32.19,36.99,0.1035490429002432,82.15042167665717
2026-04-20 03:30:00,ACTIVE,32.17,37.15,0.10470541832261354,82.60003747741344
2026-04-20 03:35:00,ACTIVE,32.18,37.21,0.09778562802816237,79.90952106369758
2026-04-20 03:40:00,ACTIVE,32.19,37.21,0.09597263028107605,79.20460082926834
2026-04-20 03:45:00,ACTIVE,32.16,37.24,0.10638869160034431,83.2545189269648
2026-04-20 03:50:00,ACTIVE,32.18,37.14,0.07697090389029787,71.81644966169291
2026-04-20 03:55:00,ACTIVE,32.21,36.91,0.08757505810859478,75.93950104964902
2026-04-20 04:00:00,ACTIVE,32.29,36.62,0.08834257179758148,76.23792167948028
2026-04-20 04:05:00,ACTIVE,32.4,36.27,0.10362394078580134,82.17954307801068
2026-04-20 04:10:00,ACTIVE,32.5,36.02,0.08968890379448324,76.76139539498864
2026-04-20 04:15:00,ACTIVE,32.57,35.9,0.09586154530696994,79.16140935475366
2026-04-20 04:20:00,ACTIVE,32.62,35.82,0.06814691421849312,68.38555247605315
2026-04-20 04:25:00,ACTIVE,32.67,35.7,0.0847843051564337,74.85441518650714
2026-04-20 04:30:00,ACTIVE,32.72,35.59,0.0797948008980407,72.9144224219466
2026-04-20 04:35:00,ACTIVE,32.78,35.54,0.0713502931394902,69.6310733949754
2026-04-20 04:40:00,ACTIVE,32.79,35.62,0.07892599283237256,72.57661704612137
2026-04-20 04:45:00,ACTIVE,32.83,35.64,0.08077577207818437,73.29583846914606
2026-04-20 04:50:00,ACTIVE,32.85,35.72,0.0890479012904854,76.5121641777331
2026-04-20 04:55:00,ACTIVE,32.84,35.67,0.0819386304584479,73.7479749394427
2026-04-20 05:00:00,ACTIVE,32.86,35.51,0.09212437173976001,77.7083412131445
2026-04-20 05:05:00,ACTIVE,32.89,35.35,0.09877321795884936,80.29351057862037
2026-04-20 05:10:00,ACTIVE,32.93,35.24,0.09121604606173894,77.35517080743509
2026-04-20 05:15:00,ACTIVE,32.98,35.08,0.08700978483248611,75.71971447189321
2026-04-20 05:20:00,ACTIVE,33.03,34.91,0.0881592973965255,76.16666189222192
2026-04-20 05:25:00,ACTIVE,33.06,34.73,0.09613489359808508,79.26769119749913
2026-04-20 05:30:00,ACTIVE,33.12,34.61,0.09959515905618721,80.61309338668154
2026-04-20 05:35:00,ACTIVE,33.14,34.66,0.09717890835511284,79.67361951619358
2026-04-20 05:40:00,ACTIVE,33.19,34.64,0.10371639960081652,82.2154924274571
2026-04-20 05:45:00,ACTIVE,33.19,34.62,0.09684984771486321,79.54567589131099
2026-04-20 05:50:00,ACTIVE,33.22,34.65,0.10366708308638795,82.19631744008157
2026-04-20 05:55:00,ACTIVE,33.24,34.66,0.1145403968088286,86.4240220086965
2026-04-20 06:00:00,ACTIVE,33.28,34.67,0.1198695299801028,88.49606749823805
2026-04-20 07:40:00,ACTIVE,32.58,37.29,0.07964696130169024,72.8569402088083
2026-04-20 07:45:00,ACTIVE,32.7,37.05,0.07558642104706415,71.27814233506551
2026-04-20 07:50:00,ACTIVE,32.84,36.76,0.07472862617699244,70.94461905194234
2026-04-20 07:55:00,ACTIVE,32.99,36.52,0.07241856260003215,70.04643229973357
2026-04-20 08:00:00,ACTIVE,32.86,30.93,0.08113659030476605,73.43612991146972
2026-04-20 10:10:00,ACTIVE,30.65,35.69,0.09163274000258026,77.51718755066335
2026-04-20 10:15:00,ACTIVE,31.58,36.72,0.08939165782815045,76.64582178404113
2026-04-20 10:20:00,ACTIVE,30.34,40.38,0.11189698701422146,85.39622533597495
2026-04-20 10:25:00,ACTIVE,31.19,33.39,0.11226984070475537,85.5411963439982
2026-04-20 10:30:00,ACTIVE,30.09,40.92,0.10869346350183251,84.15064819778932
2026-04-20 10:35:00,ACTIVE,30.71,33.26,0.10557611252880622,82.93857621246255
2026-04-20 10:40:00,ACTIVE,29.9,40.95,0.10669256531065224,83.37266950241444
2026-04-20 10:45:00,ACTIVE,30.49,33.52,0.08926005555328814,76.5946528807171
2026-04-20 10:50:00,ACTIVE,29.19,43.49,0.11695977851688244,87.36471326082628
2026-04-20 10:55:00,ACTIVE,30.6,35.47,0.10772839792885747,83.77541648498965
2026-04-20 11:00:00,ACTIVE,29.06,34.74,0.11569962450871074,86.87474681697111
2026-04-20 11:05:00,ACTIVE,30.35,38.61,0.09890440092209046,80.3445164474085
2026-04-20 11:10:00,ACTIVE,29.37,34.39,0.10060647713599374,81.00630875556188
2026-04-20 11:15:00,ACTIVE,28.72,43.22,0.1057042284233839,82.98838955976812
2026-04-20 11:20:00,ACTIVE,29.83,35.09,0.10980366672660324,84.58231156787745
2026-04-20 11:25:00,ACTIVE,28.55,35.89,0.1132715202151322,85.93066409508204
2026-04-20 11:30:00,ACTIVE,29.05,41.11,0.1332348516702911,93.69270147873301
2026-04-20 11:35:00,ACTIVE,29.23,35.39,0.12943905013011486,92.21683791748588
2026-04-20 11:40:00,ACTIVE,28.15,36.91,0.1249106106237744,90.45611392125461
2026-04-20 11:45:00,ACTIVE,29.25,40.08,0.12371259275597801,89.99030692421081
2026-04-20 11:50:00,ACTIVE,29.08,35.78,0.12342317926942709,89.87777869679613
2026-04-20 11:55:00,ACTIVE,28.11,37.2,0.12187912552171609,89.2774278515968
2026-04-20 12:00:00,ACTIVE,27.44,38.43,0.12937159149080502,92.19060900467393
2026-04-20 13:20:00,ACTIVE,27.36,38.02,0.09276442459320122,77.9572031922727
2026-04-20 13:25:00,ACTIVE,27.29,38.06,0.10435064787650394,82.46209750123748
2026-04-20 13:30:00,ACTIVE,27.26,37.97,0.11195589847020126,85.41913097798503
2026-04-20 14:20:00,ACTIVE,28.13,36.48,0.0868946867266322,75.67496263263071
2026-04-20 14:25:00,ACTIVE,28.13,36.88,0.09940026670910695,80.53731637084518
2026-04-20 14:30:00,ACTIVE,28.14,37.26,0.1100328879259646,84.6714361472376
2026-04-20 14:35:00,ACTIVE,28.12,37.68,0.1097207901824167,84.550087946502
2026-04-20 14:40:00,ACTIVE,28.13,37.98,0.09937329428174968,80.52682909371183
2026-04-20 14:45:00,ACTIVE,28.14,38.26,0.10824234229762353,83.97524562735698
2026-04-20 14:50:00,ACTIVE,28.16,38.48,0.09906586283127827,80.4072952164715
2026-04-20 14:55:00,ACTIVE,28.17,38.75,0.09589398735549365,79.17402330117883
2026-04-20 15:00:00,ACTIVE,28.2,38.91,0.12109850178021497,88.97390984020139
2026-04-20 15:05:00,ACTIVE,28.21,39.07,0.1005728584502042,80.99323731523269
2026-04-20 15:10:00,ACTIVE,28.23,39.21,0.11653332836293112,87.19890315820543
2026-04-20 15:15:00,ACTIVE,28.26,39.32,0.11486341418630536,86.54961592397939
2026-04-20 16:45:00,ACTIVE,27.94,39.87,0.06683007763638543,67.87354701236399
2026-04-20 16:50:00,ACTIVE,27.85,40.08,0.08264861110415134,74.02402587442803
2026-04-20 16:55:00,ACTIVE,27.76,40.25,0.10282414682295793,81.86857140212817
2026-04-20 17:00:00,ACTIVE,27.69,40.37,0.07543788300778353,71.220388557026
2026-04-20 17:05:00,ACTIVE,27.62,40.43,0.09074128493578526,77.17057668714841
2026-04-20 18:05:00,ACTIVE,28.34,42.9,0.10526943479461404,82.81933539121586
2026-04-20 18:10:00,ACTIVE,29.09,37.38,0.10919535091510324,84.34578941822849
2026-04-20 18:15:00,ACTIVE,28.29,38.54,0.1108380273298607,84.98448620935422
2026-04-20 18:20:00,ACTIVE,27.76,39.71,0.11368202825138984,86.09027566747307
2026-04-20 18:25:00,ACTIVE,29.73,40.74,0.08149044969218489,73.57371565460436
2026-04-20 18:30:00,ACTIVE,29.13,37.24,0.09094152410272777,77.24843262532035
2026-04-20 18:35:00,ACTIVE,28.26,39.76,0.11024761196872607,84.75492401852937
2026-04-20 18:40:00,ACTIVE,30.12,39.72,0.08487429112017786,74.88940305494759
2026-04-20 18:45:00,ACTIVE,29.11,37.16,0.09996878892679789,80.75836618495387
2026-04-20 18:50:00,ACTIVE,28.26,38.52,0.11217033457251702,85.50250689378936
2026-04-20 18:55:00,ACTIVE,29.83,42.46,0.1054379545799009,82.88485836648778
2026-04-20 19:00:00,ACTIVE,29.07,37.5,0.12213559457303769,89.37714679723365
2026-04-20 19:05:00,ACTIVE,28.84,46.47,0.11989782350673522,88.50706843823292
2026-04-20 19:10:00,ACTIVE,30.11,37.0,0.10648628956521577,83.29246645358891
2026-04-20 19:15:00,ACTIVE,28.9,37.3,0.11501712018510529,86.60937908081804
2026-04-20 19:20:00,ACTIVE,29.99,42.4,0.10020914691984817,80.85182091377536
2026-04-20 19:25:00,ACTIVE,29.65,36.2,0.108889098716408,84.2267140514523
2026-04-20 19:30:00,ACTIVE,28.6,43.1,0.11767698467745674,87.64357358244479
2026-04-20 19:35:00,ACTIVE,30.26,39.02,0.11906123366270849,88.18178998164345
2026-04-20 19:40:00,ACTIVE,29.03,36.83,0.12073223007999284,88.83149800698189
2026-04-20 19:45:00,ACTIVE,30.34,41.47,0.11468309417567862,86.47950484724609
2026-04-20 19:50:00,ACTIVE,29.65,35.73,0.11834930726629461,87.90498251011573
2026-04-20 19:55:00,ACTIVE,30.16,42.41,0.11714388893899819,87.43629810538953
2026-04-20 20:00:00,ACTIVE,30.26,35.04,0.13042007134316558,92.59827341821672
2026-04-20 20:05:00,ACTIVE,30.15,42.89,0.10040527116467379,80.92807690960433
2026-04-20 21:20:00,ACTIVE,31.46,37.86,0.11782235146142012,87.70009432969579
2026-04-20 21:25:00,ACTIVE,31.27,31.77,0.11083189384588099,84.9821014204201
2026-04-20 21:30:00,ACTIVE,31.66,37.01,0.11782722196335477,87.70198805260364
2026-04-20 21:35:00,ACTIVE,30.85,39.27,0.12573810368706118,90.7778554154722
2026-04-20 21:40:00,ACTIVE,31.97,35.93,0.11183038340056828,85.37032886973518
2026-04-20 21:45:00,ACTIVE,31.17,37.93,0.11587074649021761,86.94128156447076
2026-04-20 21:50:00,ACTIVE,31.77,32.05,0.12670548933088832,91.15398920600009
2026-04-20 21:55:00,ACTIVE,31.52,36.55,0.12712315552420844,91.31638397531601
2026-04-20 22:00:00,ACTIVE,31.22,31.26,0.11579297725744053,86.91104374101582
2026-04-20 22:05:00,ACTIVE,31.75,35.67,0.11797248693184276,87.75846921249779
2026-04-20 22:10:00,ACTIVE,30.9,37.93,0.11722208074265295,87.46670023062732
2026-04-20 22:15:00,ACTIVE,31.83,33.26,0.1250788513299721,90.52152838646506
2026-04-20 22:20:00,ACTIVE,31.13,36.86,0.11583526209721773,86.92748470969129
2026-04-20 22:25:00,ACTIVE,31.86,31.79,0.12152218503131834,89.13864413023099
2026-04-20 22:30:00,ACTIVE,31.51,35.5,0.0904590456347889,77.0608378887725
2026-04-20 22:35:00,ACTIVE,31.91,30.72,0.09910322350834894,80.42182159814043
2026-04-20 22:40:00,ACTIVE,31.73,34.75,0.09619077046692343,79.28941694732094
2026-04-20 22:45:00,ACTIVE,31.52,30.18,0.1067129171697197,83.38058260505782
2026-04-20 22:50:00,ACTIVE,31.92,34.22,0.10285059851084155,81.87885620808225
2026-04-20 22:55:00,ACTIVE,31.14,36.17,0.06730719257515755,68.05905632975252
2026-04-20 23:00:00,ACTIVE,32.07,33.05,0.09241404690915206,77.82097118670312
2026-04-20 23:05:00,ACTIVE,31.3,35.65,0.09214362013005678,77.71582527087274
2026-04-20 23:10:00,ACTIVE,31.93,31.08,0.09879798511097332,80.30314041225334
2026-04-20 23:15:00,ACTIVE,31.59,34.58,0.10206754858702305,81.57439486125762
2026-04-20 23:20:00,ACTIVE,31.73,29.98,0.1052197239761048,82.80000709260462
2026-04-20 23:25:00,ACTIVE,31.79,33.6,0.1018102630418889,81.47435845079727
2026-04-20 23:30:00,ACTIVE,31.41,29.57,0.1060230485989827,83.11235154112472
2026-04-20 23:35:00,ACTIVE,31.89,32.63,0.09797275300932756,79.98227801323185
2026-04-20 23:40:00,ACTIVE,31.08,33.92,0.10816331820427633,83.9445198956249
2026-04-20 23:45:00,ACTIVE,32.02,31.49,0.1091316120760753,84.32100681856888
2026-04-20 23:50:00,ACTIVE,31.32,32.43,0.12105245914007201,88.95600778338114
2026-04-20 23:55:00,ACTIVE,32.19,30.31,0.13252284636310457,93.4158633255343
2026-04-21 00:00:00,ACTIVE,31.56,30.98,0.13470011025224166,94.26241560261872
2026-04-21 00:05:00,ACTIVE,32.2,29.64,0.1360831083013711,94.80014561942335
2026-04-21 00:10:00,ACTIVE,31.97,27.17,0.14229642754966193,97.21597568216212
2026-04-21 00:15:00,ACTIVE,32.19,29.03,0.1267600161325555,91.1751900298156
2026-04-21 00:20:00,ACTIVE,32.29,26.74,0.13750606538037718,95.35341229574864
2026-04-21 00:25:00,ACTIVE,32.09,28.68,0.1317449268374054,93.11339675308312
2026-04-21 00:30:00,ACTIVE,31.86,26.69,0.131320738116104,92.9484659287936
2026-04-21 00:35:00,ACTIVE,32.07,28.27,0.13899876059104516,95.93379418509545
2026-04-21 00:40:00,ACTIVE,32.66,27.2,0.14143331423378358,96.88038450895424
2026-04-21 00:45:00,ACTIVE,31.88,28.28,0.13844854112277827,95.71986074961183
2026-04-21 00:50:00,ACTIVE,32.46,27.29,0.1421734111653098,97.16814509956184
2026-04-21 00:55:00,ACTIVE,32.89,26.58,0.13743638370589206,95.32631903410923
2026-04-21 01:00:00,ACTIVE,32.08,27.81,0.1298720770032642,92.38520514542378
2026-04-21 01:05:00,ACTIVE,32.63,27.04,0.13074671140870547,92.72527588799055
2026-04-21 01:10:00,ACTIVE,32.92,26.14,0.14138578985812533,96.86190633153568
2026-04-21 01:15:00,ACTIVE,32.26,27.82,0.13095867666667754,92.80769110311184
2026-04-21 01:20:00,ACTIVE,32.71,27.29,0.1401068516594438,96.36463631766833
2026-04-21 01:25:00,ACTIVE,32.45,25.85,0.12442662778665559,90.26793426380615
2026-04-21 01:30:00,ACTIVE,32.3,28.31,0.13451693274239046,94.19119348808823
2026-04-21 01:35:00,ACTIVE,32.74,27.81,0.13305322097508415,93.62208078852498
2026-04-21 01:40:00,ACTIVE,32.76,26.43,0.13698770299879892,95.15186536491065
2026-04-21 01:45:00,ACTIVE,32.24,28.97,0.1350820193555164,94.4109074885263
2026-04-21 01:50:00,ACTIVE,32.65,28.43,0.13570001121424408,94.65119182789175
2026-04-21 01:55:00,ACTIVE,32.97,28.1,0.13818447461025296,95.6171877991278
2026-04-21 02:00:00,ACTIVE,33.16,27.9,0.14482107241301806,98.19759479988451
2026-04-21 02:05:00,ACTIVE,32.98,26.36,0.1322337736841483,93.30346760913343
2026-04-21 02:10:00,ACTIVE,32.47,29.2,0.14389130862387967,97.83608894073132
2026-04-21 02:15:00,ACTIVE,32.76,28.83,0.13079035076468337,92.74224351252055
2026-04-21 02:20:00,ACTIVE,32.98,28.56,0.14320058979629147,97.56752728440789
2026-04-21 02:25:00,ACTIVE,33.12,28.32,0.11790657929838466,87.73284335361153
2026-04-21 02:30:00,ACTIVE,33.24,28.04,0.13475972333175118,94.28559404619396
2026-04-21 02:35:00,ACTIVE,32.31,29.45,0.11751939667630179,87.58230104589812
2026-04-21 02:40:00,ACTIVE,32.63,28.76,0.12136841633706763,89.0788565964774
2026-04-21 02:45:00,ACTIVE,32.84,28.28,0.12817538971522835,91.72550813104112
2026-04-21 02:50:00,ACTIVE,32.96,27.97,0.1296027167346958,92.28047390459885
2026-04-21 02:55:00,ACTIVE,33.06,27.71,0.12781075583431928,91.58373310610006
2026-04-21 03:00:00,ACTIVE,33.14,27.51,0.11997060351626815,88.53536637818578
2026-04-21 03:05:00,ACTIVE,33.2,27.35,0.11724319814452866,87.47491098759306
2026-04-21 03:10:00,ACTIVE,33.26,27.22,0.12685612315733108,91.21255785696485
2026-04-21 03:15:00,ACTIVE,33.27,27.17,0.11437532813400175,86.35984087601564
2026-04-21 03:20:00,ACTIVE,33.3,27.04,0.11427967345130491,86.32264892613082
2026-04-21 03:25:00,ACTIVE,33.31,26.91,0.1129551441452919,85.80765241805264
2026-04-21 03:30:00,ACTIVE,33.36,26.78,0.12172241572840165,89.21649677519689
2026-04-21 03:35:00,ACTIVE,33.37,26.69,0.13056508672097117,92.65465753357638
2026-04-21 03:40:00,ACTIVE,33.38,26.65,0.14100184974189162,96.7126247578673
2026-04-21 03:45:00,ACTIVE,33.4,26.61,0.13150240069113145,93.01909901434549
2026-04-21 03:50:00,ACTIVE,33.38,26.61,0.13449961717791792,94.1844609415162
2026-04-21 03:55:00,ACTIVE,33.37,26.66,0.13660762007927085,95.00408352614838
2026-04-21 04:00:00,ACTIVE,33.36,26.69,0.13880290398422956,95.85764225086781
2026-04-21 04:05:00,ACTIVE,33.33,26.73,0.1392656214742512,96.03755362806878
2026-04-21 04:10:00,ACTIVE,33.32,26.8,0.13570379745647426,94.65266397465244
2026-04-21 04:15:00,ACTIVE,33.3,26.85,0.13802624015710485,95.5556639125222
2026-04-21 04:20:00,ACTIVE,33.25,26.95,0.1421004440915805,97.13977442629349
2026-04-21 04:25:00,ACTIVE,33.21,27.01,0.1467440521521048,98.9452776531358
2026-04-21 04:30:00,ACTIVE,33.18,27.1,0.14097781833102607,96.70328099127508
2026-04-21 04:35:00,ACTIVE,33.13,27.18,0.14120501529345353,96.79161851749284
2026-04-21 04:40:00,ACTIVE,33.11,27.22,0.11843768920963976,87.93934671179348
2026-04-21 04:45:00,ACTIVE,33.09,27.26,0.12364576424966389,89.96432301639118
2026-04-21 04:50:00,ACTIVE,33.1,27.18,0.11870635752991732,88.04380891292865
2026-04-21 04:55:00,ACTIVE,33.11,27.1,0.12875397210000877,91.95046948632769
2026-04-21 05:00:00,ACTIVE,33.08,27.04,0.12735906177430428,91.40810780089062
2026-04-21 06:05:00,ACTIVE,32.37,28.15,0.061971259877235674,65.98436708407493
2026-04-21 06:10:00,ACTIVE,32.37,28.19,0.05952165704138518,65.03192541221884
2026-04-21 06:15:00,ACTIVE,32.39,28.26,0.06631027950514184,67.67144184090364
2026-04-21 06:20:00,ACTIVE,32.42,28.28,0.0746888003568138,70.9291341863148
2026-04-21 06:25:00,ACTIVE,32.47,28.24,0.07225067995458834,69.98115705381942
2026-04-21 06:30:00,ACTIVE,32.51,28.23,0.0831799370388921,74.2306132257238
2026-04-21 06:35:00,ACTIVE,32.56,28.14,0.09374074411701666,78.33681060696026
2026-04-21 06:40:00,ACTIVE,32.59,28.11,0.09730247515470569,79.72166410834856
2026-04-21 06:45:00,ACTIVE,32.64,28.09,0.10758087008969786,83.71805548764017
2026-04-21 06:50:00,ACTIVE,32.71,28.02,0.11283175582257127,85.75967722033502
2026-04-21 06:55:00,ACTIVE,32.77,28.01,0.11008483518909651,84.69163400846702
2026-04-21 07:00:00,ACTIVE,32.81,27.97,0.11073190997661353,84.94322621901598
2026-04-21 07:05:00,ACTIVE,32.85,27.97,0.08237090878161474,73.91605112011923
2026-04-21 07:10:00,ACTIVE,32.91,27.91,0.09790698460921421,79.9567062903213
2026-04-21 07:15:00,ACTIVE,32.98,27.92,0.10005393900322301,80.79147378915896
2026-04-21 07:20:00,ACTIVE,33.0,27.99,0.08794547373762551,76.0835241034406
2026-04-21 07:25:00,ACTIVE,33.08,27.96,0.0785183057824494,72.41810231477795
2026-04-21 07:30:00,ACTIVE,33.14,27.9,0.08321899032794117,74.2457977198667
2026-04-21 07:35:00,ACTIVE,33.19,27.92,0.07966958374154276,72.8657361467127
2026-04-21 07:40:00,ACTIVE,33.24,27.93,0.09603509332073201,79.22888737933616
2026-04-21 07:45:00,ACTIVE,33.29,27.97,0.10111742829846876,81.20497409522521
2026-04-21 07:50:00,ACTIVE,32.35,29.64,0.11396125054944384,86.19884141065637
2026-04-21 07:55:00,ACTIVE,32.58,29.41,0.09853329077929113,80.20022335643164
2026-04-21 08:00:00,ACTIVE,32.79,29.21,0.0970134901339687,79.6093024747548
2026-04-21 08:05:00,ACTIVE,32.97,29.1,0.11159086232776294,85.277199547835
2026-04-21 09:05:00,ACTIVE,31.74,30.72,0.10806177958902924,83.9050401860783
2026-04-21 09:10:00,ACTIVE,31.51,27.92,0.12024140100513053,88.64065643143516
2026-04-21 09:15:00,ACTIVE,31.9,30.02,0.12653135969215712,91.08628503706069
2026-04-21 09:20:00,ACTIVE,31.15,31.1,0.12576824220850574,90.7895737166318
2026-04-21 09:25:00,ACTIVE,31.49,28.27,0.11144394966441895,85.22007773990583
2026-04-21 09:30:00,ACTIVE,31.53,30.16,0.12426624693020472,90.20557582397412
2026-04-21 09:35:00,ACTIVE,30.69,31.46,0.11751818873526276,87.58183138062591
2026-04-21 09:40:00,ACTIVE,31.43,28.77,0.11370548084828158,86.09939438266477
2026-04-21 09:45:00,ACTIVE,30.93,30.98,0.11634596782864698,87.12605462214816
2026-04-21 09:50:00,ACTIVE,30.44,29.64,0.11602737444916666,87.00218082246376
2026-04-21 09:55:00,ACTIVE,31.31,30.01,0.1145162319183855,86.41462634327802
2026-04-21 10:00:00,ACTIVE,30.29,31.57,0.11280118892456115,85.74779236005557
2026-04-21 10:05:00,ACTIVE,30.87,29.04,0.1244767554681197,90.28742464487578
2026-04-21 10:10:00,ACTIVE,30.4,31.01,0.10673100533628699,83.38761555070681
2026-04-21 10:15:00,ACTIVE,30.26,29.66,0.10606613936707537,83.12910586660274
2026-04-21 10:20:00,ACTIVE,30.27,30.81,0.11110180518693319,85.08704692634551
2026-04-21 10:25:00,ACTIVE,29.98,29.68,0.11913442218269904,88.21024675648069
2026-04-21 10:30:00,ACTIVE,30.05,30.47,0.1177325047225194,87.66516059392563
2026-04-21 10:35:00,ACTIVE,29.87,29.38,0.12491590878424702,90.4581739241026
2026-04-21 10:40:00,ACTIVE,28.69,31.14,0.12348378040282088,89.90134131027828
2026-04-21 10:45:00,ACTIVE,30.21,28.77,0.11623745945795005,87.08386496899932
2026-04-21 10:50:00,ACTIVE,29.04,29.99,0.12786110215279334,91.60330849646026
2026-04-21 10:55:00,ACTIVE,29.58,29.94,0.12856174032133078,91.87572693868347
2026-04-21 11:00:00,ACTIVE,29.55,28.85,0.11670741857140388,87.26659199607944
2026-04-21 11:05:00,ACTIVE,28.5,30.68,0.12864673619389394,91.9087745861552
2026-04-21 11:10:00,ACTIVE,30.05,27.87,0.11596267652085718,86.97702531476149
2026-04-21 11:15:00,ACTIVE,28.94,29.38,0.12806414409594324,91.6822541953141
2026-04-21 11:20:00,ACTIVE,28.16,30.57,0.118330286790571,87.89758706893132
2026-04-21 11:25:00,ACTIVE,27.69,31.35,0.12699837914093903,91.26786907920716
2026-04-21 11:30:00,ACTIVE,27.35,31.97,0.12618349383427396,90.95102966651044
2026-04-21 11:35:00,ACTIVE,27.09,32.35,0.12783542356275168,91.59332428233695
2026-04-21 11:40:00,ACTIVE,26.92,32.53,0.1270387379912461,91.28356119480159
2026-04-21 11:45:00,ACTIVE,26.81,32.58,0.12673045841395836,91.16369755335987
2026-04-21 11:50:00,ACTIVE,26.73,32.71,0.12592041999874082,90.84874268346579
2026-04-21 11:55:00,ACTIVE,26.71,32.71,0.12423009878301972,90.19152089178858
2026-04-21 12:00:00,ACTIVE,26.71,32.56,0.12124326060766083,89.03019420500152
2026-04-21 12:05:00,ACTIVE,26.72,32.41,0.11500779673002243,86.6057539841221
2026-04-21 13:25:00,ACTIVE,27.89,26.35,0.11256510125637786,85.6559979964558
2026-04-21 13:30:00,ACTIVE,27.78,26.5,0.1070612247393094,83.51600971962718
2026-04-21 13:35:00,ACTIVE,27.75,26.66,0.11089128834010908,85.00519487481756
2026-04-21 13:40:00,ACTIVE,27.71,26.84,0.11887201520122676,88.10821905611947
2026-04-21 13:45:00,ACTIVE,27.68,26.99,0.12169480011165218,89.20575941655193
2026-04-21 13:50:00,ACTIVE,27.67,27.15,0.12291995347211587,89.682117092924
2026-04-21 13:55:00,ACTIVE,27.67,27.2,0.11475732044673786,86.50836511498771
2026-04-21 14:00:00,ACTIVE,27.65,27.21,0.12791125993467706,91.62281058101648
2026-04-21 14:05:00,ACTIVE,27.68,27.1,0.1262946062414937,90.99423180742386
2026-04-21 14:10:00,ACTIVE,27.7,27.1,0.11591107064499362,86.95696018993156
2026-04-21 14:15:00,ACTIVE,27.74,27.22,0.11709892963265545,87.41881726471125
2026-04-21 14:20:00,ACTIVE,27.8,27.18,0.11331856632859338,85.94895631711229
2026-04-21 14:25:00,ACTIVE,27.85,27.07,0.09749295682079867,79.79572618643583
2026-04-21 14:30:00,ACTIVE,27.94,26.8,0.09931813070679202,80.50538068305958
2026-04-21 14:35:00,ACTIVE,28.0,26.64,0.09049412695624848,77.07447802339875
2026-04-21 14:40:00,ACTIVE,28.08,26.54,0.0892481235922139,76.59001355846137
2026-04-21 14:45:00,ACTIVE,28.11,26.54,0.0833937633899321,74.31375206124885
2026-04-21 14:50:00,ACTIVE,28.15,26.46,0.08575063056473481,75.23013674184237
2026-04-21 14:55:00,ACTIVE,28.22,26.43,0.07288719137698685,70.22864207238337
2026-04-21 15:00:00,ACTIVE,28.28,26.33,0.08255522865598108,73.98771740280333
2026-04-21 15:05:00,ACTIVE,28.33,26.27,0.09054314180203371,77.09353571756135
2026-04-21 15:10:00,ACTIVE,28.39,26.23,0.08015378280531038,73.05399987626781
2026-04-21 15:15:00,ACTIVE,28.41,26.23,0.09503103554475889,78.83849492355019
2026-04-21 15:20:00,ACTIVE,28.38,26.32,0.08324027835094938,74.25407481684248
2026-04-21 15:25:00,ACTIVE,28.35,26.37,0.08748705652082445,75.90528473582243
2026-04-21 15:30:00,ACTIVE,28.31,26.46,0.08968370888505234,76.75937553766684
2026-04-21 17:00:00,ACTIVE,27.86,27.47,0.10953614220814589,84.47829409374127
2026-04-21 18:05:00,ACTIVE,27.5,34.86,0.10407356271845286,82.35436270957315
2026-04-21 18:10:00,ACTIVE,27.34,35.72,0.11347305619691389,86.00902425396905
2026-04-21 18:15:00,ACTIVE,27.2,36.53,0.11415015597059852,86.27229062148926
2026-04-21 18:20:00,ACTIVE,28.03,36.42,0.12126881793324235,89.04013126971617
2026-04-21 18:25:00,ACTIVE,28.92,33.89,0.12500306805752942,90.49206273364672
2026-04-21 18:30:00,ACTIVE,28.21,35.62,0.12153003172226179,89.14169503927279
2026-04-21 18:35:00,ACTIVE,27.72,36.85,0.1230346514791078,89.72671336785444
2026-04-21 18:40:00,ACTIVE,28.22,37.48,0.12256961553804885,89.5459005427331
2026-04-21 18:45:00,ACTIVE,29.18,34.36,0.1271074178494832,91.31026493552432
2026-04-21 18:50:00,ACTIVE,28.34,36.15,0.1106370008429916,84.90632414959546
2026-04-21 18:55:00,ACTIVE,27.78,37.51,0.12348015403625928,89.89993132553295
2026-04-21 19:00:00,ACTIVE,29.54,36.18,0.125916813817686,90.84734054714286
2026-04-21 19:05:00,ACTIVE,29.02,35.26,0.11773102285798881,87.66458442316426
2026-04-21 19:10:00,ACTIVE,28.19,36.91,0.12013375515891589,88.59880214051235
2026-04-21 19:15:00,ACTIVE,29.96,35.87,0.1277811929098826,91.57223860553721
2026-04-21 19:20:00,ACTIVE,29.0,35.52,0.12039024598656634,88.6985295531067
2026-04-21 19:25:00,ACTIVE,28.16,37.22,0.11753352899616187,87.58779590006702
2026-04-21 19:30:00,ACTIVE,30.04,36.74,0.11737879364599291,87.52763251625097
2026-04-21 19:35:00,ACTIVE,29.1,35.8,0.10194712118705812,81.52757091392982
2026-04-21 19:40:00,ACTIVE,29.29,40.06,0.1148508333982936,86.54472432825138
2026-04-21 19:45:00,ACTIVE,29.75,35.21,0.11829401512253102,87.88348411001756
2026-04-21 19:50:00,ACTIVE,28.66,36.73,0.11829738878518964,87.88479583976242
2026-04-21 19:55:00,ACTIVE,29.54,40.69,0.12668872726246772,91.14747186684754
2026-04-21 20:00:00,ACTIVE,29.69,35.42,0.12951739327444145,92.24729888620654
2026-04-21 20:05:00,ACTIVE,28.82,43.99,0.12272735195365608,89.60723078500537
2026-04-21 21:20:00,ACTIVE,31.23,32.65,0.10208018144910991,81.57930670415323
2026-04-21 21:25:00,ACTIVE,30.62,38.89,0.10905745018612595,84.29217158315127
2026-04-21 21:30:00,ACTIVE,30.88,32.78,0.12344245867424719,89.88527481342797
2026-04-21 21:35:00,ACTIVE,30.95,38.01,0.0731872030539173,70.34529103235764
2026-04-21 21:40:00,ACTIVE,30.59,32.85,0.08618081806335748,75.39739997913264
2026-04-21 21:45:00,ACTIVE,31.32,37.13,0.08021078500663653,73.07616317194007
2026-04-21 21:50:00,ACTIVE,30.19,40.73,0.09981620244499873,80.69903831281864
2026-04-21 21:55:00,ACTIVE,31.47,35.53,0.08241716880282579,73.93403769790137
2026-04-21 22:00:00,ACTIVE,30.55,39.53,0.08707751783589607,75.74605006150941
2026-04-21 22:05:00,ACTIVE,31.06,32.95,0.08943844943773044,76.66401505121286
2026-04-21 22:10:00,ACTIVE,30.95,38.5,0.08653314429752673,75.53438960969633
2026-04-21 22:15:00,ACTIVE,30.59,32.89,0.10115359012665026,81.21903434678374
2026-04-21 22:20:00,ACTIVE,31.25,37.87,0.0965386257742249,79.42466821564959
2026-04-21 22:25:00,ACTIVE,30.28,40.88,0.10181225533697669,81.4751330844793
2026-04-21 22:30:00,ACTIVE,31.51,37.32,0.0974652718703009,79.78496186980809
2026-04-21 22:35:00,ACTIVE,30.54,40.39,0.10664448327564369,83.35397449882466
2026-04-21 22:40:00,ACTIVE,31.62,34.44,0.11252618672205134,85.64086745219328
2026-04-21 22:45:00,ACTIVE,30.71,40.08,0.11580012020540426,86.91382102441906
2026-04-21 22:50:00,ACTIVE,31.07,33.06,0.11748202225235377,87.56776931924074
2026-04-21 22:55:00,ACTIVE,30.92,39.59,0.11740592020860291,87.5381797234414
2026-04-21 23:00:00,ACTIVE,30.9,32.88,0.12086170114730521,88.88183826541206
2026-04-21 23:05:00,ACTIVE,31.33,38.56,0.10708414902358543,83.52492301909044
2026-04-21 23:10:00,ACTIVE,31.19,32.38,0.12067068788803215,88.80756949606457
2026-04-21 23:15:00,ACTIVE,31.62,38.04,0.13264286099463712,93.4625267824144
2026-04-21 23:20:00,ACTIVE,30.76,41.12,0.1308002150067546,92.74607887516481
2026-04-21 23:25:00,ACTIVE,31.8,35.76,0.13371945646797728,93.88112296361322
2026-04-21 23:30:00,ACTIVE,30.99,40.46,0.12280025604439454,89.63557696955898
2026-04-21 23:35:00,ACTIVE,31.48,33.19,0.1356865772723917,94.64596851338123
2026-04-21 23:40:00,ACTIVE,31.36,39.42,0.1263567823875602,91.01840680903737
2026-04-21 23:45:00,ACTIVE,30.97,32.65,0.11845450954133357,87.94588670456503
2026-04-21 23:50:00,ACTIVE,31.5,39.3,0.11949944598689116,88.35217338933884
2026-04-21 23:55:00,ACTIVE,30.6,42.92,0.12363828900452423,89.96141653095029
2026-04-22 00:00:00,ACTIVE,31.72,38.7,0.11912053276353357,88.20484634568044
2026-04-22 00:05:00,ACTIVE,30.94,41.25,0.10692156614159043,83.46170839928504
2026-04-22 00:10:00,ACTIVE,31.96,35.73,0.11998203480914499,88.53981103327018
2026-04-22 00:15:00,ACTIVE,31.25,39.95,0.122470466051946,89.50734976179612
2026-04-22 00:20:00,ACTIVE,31.9,33.22,0.1060814813875608,83.13507107019696
2026-04-22 00:25:00,ACTIVE,31.54,38.73,0.1171452492163993,87.43682700128365
2026-04-22 00:30:00,ACTIVE,31.52,32.02,0.12645663872889856,91.0572324257038
2026-04-22 00:35:00,ACTIVE,31.78,37.81,0.12015653925423381,88.60766093244332
2026-04-22 00:40:00,ACTIVE,31.23,36.56,0.13027689758776606,92.5426053527806
2026-04-22 00:45:00,ACTIVE,31.97,37.06,0.13139133155665317,92.97591369851148
2026-04-22 00:50:00,ACTIVE,31.18,39.34,0.12989382128536314,92.39365964265595
2026-04-22 00:55:00,ACTIVE,32.12,36.44,0.1395059146121158,96.1309831402386
2026-04-22 01:00:00,ACTIVE,31.37,38.54,0.13003358123530395,92.44800037023512
2026-04-22 01:05:00,ACTIVE,32.24,35.99,0.12097072474765025,88.92422824743882
2026-04-22 01:10:00,ACTIVE,31.43,38.23,0.1338502318764787,93.93197036911417
2026-04-22 01:15:00,ACTIVE,32.3,35.88,0.13679799985591623,95.0781059881173
2026-04-22 01:20:00,ACTIVE,31.49,38.11,0.10108412352124524,81.19202470717123
2026-04-22 01:25:00,ACTIVE,32.32,35.93,0.11921492774701964,88.24154850595333
2026-04-22 01:30:00,ACTIVE,31.56,38.16,0.11657628249144947,87.2156043562039
2026-04-22 01:35:00,ACTIVE,32.26,36.19,0.11242203257910499,85.6003707869434
2026-04-22 02:35:00,ACTIVE,32.22,34.55,0.09578251463311693,79.13068106442397
2026-04-22 02:40:00,ACTIVE,32.68,33.44,0.09893678707865172,80.35710866221523
2026-04-22 02:45:00,ACTIVE,33.01,32.58,0.09441500210168136,78.59897204504229
2026-04-22 02:50:00,ACTIVE,33.24,31.9,0.09521547908656053,78.91020928995506
2026-04-22 02:55:00,ACTIVE,32.98,28.23,0.09194043860301271,77.63682529974439
2026-04-22 03:00:00,ACTIVE,32.59,32.81,0.09477792875989305,78.7400832766466
2026-04-22 03:05:00,ACTIVE,32.95,31.91,0.09239228184007142,77.8125086071862
2026-04-22 03:10:00,ACTIVE,33.18,30.82,0.09957015186506457,80.60337022234948
2026-04-22 03:15:00,ACTIVE,32.39,32.71,0.117671122802259,87.64129439900663
2026-04-22 03:20:00,ACTIVE,32.86,31.59,0.1113747025735195,85.19315345076713
2026-04-22 03:25:00,ACTIVE,32.06,33.04,0.11928140150724664,88.26739448326792
2026-04-22 03:30:00,ACTIVE,32.65,31.69,0.12834074353392444,91.7898001318593
2026-04-22 03:35:00,ACTIVE,31.83,33.21,0.12916437750613102,92.11004115461004
2026-04-22 03:40:00,ACTIVE,32.45,31.82,0.13288980131354244,93.55854081650381
2026-04-22 03:45:00,ACTIVE,32.6,28.76,0.10984304815578977,84.59762364774018
2026-04-22 03:50:00,ACTIVE,32.2,32.14,0.12355439263691087,89.92879638720174
2026-04-22 03:55:00,ACTIVE,32.7,31.11,0.12773252080737957,91.55331417501228
2026-04-22 04:00:00,ACTIVE,33.0,30.47,0.1308377450542308,92.76067111054269
2026-04-22 04:05:00,ACTIVE,32.07,32.07,0.12209403480798647,89.36098774829397
2026-04-22 04:10:00,ACTIVE,32.53,31.18,0.11991178595177915,88.5124972425706
2026-04-22 04:15:00,ACTIVE,32.94,30.2,0.12299913683573838,89.71290475128562
2026-04-22 04:20:00,ACTIVE,32.18,31.66,0.1231578723428936,89.77462345507107
2026-04-22 04:25:00,ACTIVE,32.67,30.62,0.12021245017077609,88.62939992051403
2026-04-22 04:30:00,ACTIVE,33.01,29.94,0.12857836162786973,91.88218954754265
2026-04-22 04:35:00,ACTIVE,32.19,31.35,0.1291645538756523,92.11010972967831
2026-04-22 04:40:00,ACTIVE,32.61,30.48,0.12922647183945268,92.13418434622304
2026-04-22 04:45:00,ACTIVE,32.91,29.89,0.09715066328367644,79.6626374162928
2026-04-22 04:50:00,ACTIVE,32.93,27.91,0.10006475205224957,80.79567806192595
2026-04-22 04:55:00,ACTIVE,32.31,30.92,0.12037297807408248,88.6918155343299
2026-04-22 05:00:00,ACTIVE,32.71,30.16,0.13317536600282553,93.66957257483757
2026-04-22 05:05:00,ACTIVE,32.99,29.62,0.12264526389777813,89.57531373950086
2026-04-22 05:10:00,ACTIVE,33.16,28.72,0.11478284251727516,86.51828847202178
2026-04-22 06:10:00,ACTIVE,32.75,30.99,0.10399609750022215,82.32424309145281
2026-04-22 06:15:00,ACTIVE,32.84,30.95,0.11217905938817296,85.50589923065655
2026-04-22 06:20:00,ACTIVE,32.91,30.95,0.1190798238308799,88.18901811291197
2026-04-22 06:25:00,ACTIVE,32.96,30.97,0.13176189996981913,93.11999615702574
2026-04-22 06:30:00,ACTIVE,32.98,31.01,0.13157383979519555,93.0468755904969
2026-04-22 06:35:00,ACTIVE,33.01,31.07,0.13123977143730942,92.91698489122
2026-04-22 06:40:00,ACTIVE,33.03,31.14,0.1364204900597229,94.93132461761664
2026-04-22 06:45:00,ACTIVE,33.04,31.18,0.14209230016135938,97.13660794624137
2026-04-22 06:50:00,ACTIVE,33.03,31.23,0.13719732598384238,95.23336986980927
2026-04-22 06:55:00,ACTIVE,33.05,31.28,0.14091605626376957,96.67926698960339
2026-04-22 07:00:00,ACTIVE,33.06,31.27,0.13572923675307713,94.6625551479613
2026-04-22 07:05:00,ACTIVE,33.09,31.3,0.1269282920332636,91.24061817917021
2026-04-22 07:10:00,ACTIVE,33.12,31.28,0.142522984428879,97.30406433459753
2026-04-22 07:15:00,ACTIVE,33.15,31.28,0.14018045677371344,96.39325507049884
2026-04-22 07:20:00,ACTIVE,33.19,31.26,0.10253410224354048,81.75579779650927
2026-04-22 07:25:00,ACTIVE,33.24,31.23,0.11623528827083907,87.08302077946311
2026-04-22 07:30:00,ACTIVE,32.33,33.04,0.11935906731812146,88.29759209476357
2026-04-22 07:35:00,ACTIVE,32.63,32.46,0.1288966565856548,92.00594731647539
2026-04-22 07:40:00,ACTIVE,32.86,32.02,0.12238599423260937,89.47450587393959
2026-04-22 07:45:00,ACTIVE,33.07,31.62,0.011980218047184577,46.54711351724898
2026-04-22 07:50:00,ACTIVE,32.16,33.37,0.029077562056119943,53.19481275805894
2026-04-22 07:55:00,ACTIVE,32.58,32.52,0.04384743295481647,58.937556163631896
2026-04-22 08:00:00,ACTIVE,32.91,31.88,0.03504135358645244,55.51362276783711
2026-04-22 09:00:00,ACTIVE,31.3,34.98,0.07134522779438485,69.62910391417219
2026-04-22 09:05:00,ACTIVE,31.68,30.53,0.06832914246654864,68.45640550361227
2026-04-22 09:10:00,ACTIVE,31.48,34.45,0.07509597083166503,71.08744806565969
2026-04-22 09:15:00,ACTIVE,30.78,36.01,0.09758862996534606,79.83292531456013
2026-04-22 09:20:00,ACTIVE,31.64,31.51,0.08607871676615708,75.35770149055277
2026-04-22 09:25:00,ACTIVE,31.17,34.55,0.09596876954397204,79.2030997178032
2026-04-22 09:30:00,ACTIVE,30.58,31.36,0.06413968996094416,66.82748464746284
2026-04-22 09:35:00,ACTIVE,31.35,32.35,0.06723034937253608,68.02917856046501
2026-04-22 09:40:00,ACTIVE,30.25,35.96,0.09518696401206084,78.89912220888539
2026-04-22 09:45:00,ACTIVE,30.58,31.79,0.10782851065385968,83.81434178740183
2026-04-22 09:50:00,ACTIVE,30.42,34.98,0.10234167460145366,81.68097909428612
2026-04-22 09:55:00,ACTIVE,30.16,32.21,0.09578080942122152,79.13001805291665
2026-04-22 10:00:00,ACTIVE,29.96,35.5,0.10322379860712938,82.02396190376611
2026-04-22 10:05:00,ACTIVE,29.89,32.71,0.10463545003357944,82.57283277581477
2026-04-22 10:10:00,ACTIVE,29.88,35.13,0.10343764129673044,82.1071070919644
2026-04-22 10:15:00,ACTIVE,29.95,32.66,0.10375894577444555,82.2320350065843
2026-04-22 10:20:00,ACTIVE,28.8,34.75,0.11339584927047891,85.9790050635042
2026-04-22 10:25:00,ACTIVE,29.94,34.83,0.12199369344018068,89.32197354619123
2026-04-22 10:30:00,ACTIVE,29.38,33.75,0.12857561224420933,91.88112054666962
2026-04-22 10:35:00,ACTIVE,28.63,37.4,0.09325995761002692,78.14987372975658
2026-04-22 10:40:00,ACTIVE,29.92,33.04,0.10244029279648093,81.71932330142553
2026-04-22 10:45:00,ACTIVE,28.83,34.84,0.11832248127430661,87.89455216921135
2026-04-22 10:50:00,ACTIVE,28.1,36.57,0.1233814716310952,89.86156215254633
2026-04-22 10:55:00,ACTIVE,29.9,33.52,0.1021701739146686,81.61429710059494
2026-04-22 11:00:00,ACTIVE,28.93,34.61,0.11818628141631893,87.84159565783332
2026-04-22 11:05:00,ACTIVE,28.2,35.89,0.1200215818927527,88.55518752201239
2026-04-22 11:10:00,ACTIVE,27.74,36.8,0.11708819121314668,87.41464200900026
2026-04-22 11:15:00,ACTIVE,27.42,37.45,0.12486337250244733,90.43774704373732
2026-04-22 11:20:00,ACTIVE,28.51,36.75,0.10776401776011707,83.78926600015988
2026-04-22 11:55:00,ACTIVE,27.56,37.19,0.06993017823954589,69.0789117997423
2026-04-22 12:00:00,ACTIVE,27.38,37.63,0.06665187999471012,67.80426114394723
2026-04-22 12:05:00,ACTIVE,27.27,37.91,0.08190396833011832,73.73449779328122
2026-04-22 13:20:00,ACTIVE,27.67,37.24,0.10744360472541348,83.6646846917162
2026-04-22 13:25:00,ACTIVE,27.65,37.42,0.1161609595345573,87.05412067173337
2026-04-22 13:30:00,ACTIVE,27.64,37.45,0.11258960552153535,85.66552561576316
2026-04-22 13:35:00,ACTIVE,27.66,37.42,0.11330086034988013,85.94207197173161
2026-04-22 13:40:00,ACTIVE,27.72,37.53,0.12614325609938137,90.9353846423735
2026-04-22 13:45:00,ACTIVE,27.76,37.49,0.12415265818527477,90.1614108464758
2026-04-22 13:50:00,ACTIVE,27.81,37.45,0.11564989522187458,86.85541133760226
2026-04-22 13:55:00,ACTIVE,27.84,37.41,0.12293124943364492,89.68650912918656
2026-04-22 14:00:00,ACTIVE,27.88,37.29,0.12239590002913386,89.47835739356749
2026-04-22 14:05:00,ACTIVE,27.9,37.31,0.11458303570171197,86.44060063843581
2026-04-22 14:10:00,ACTIVE,27.95,37.33,0.11848378976599888,87.95727128729183
2026-04-22 14:15:00,ACTIVE,28.01,37.32,0.1082341445074037,83.97205820574388
2026-04-22 14:20:00,ACTIVE,28.12,37.16,0.12218971617149416,89.3981900720711
2026-04-22 14:25:00,ACTIVE,28.2,36.99,0.11645348346277129,87.16785828469189
2026-04-22 14:30:00,ACTIVE,28.3,36.81,0.11687980746135379,87.33361933624673
2026-04-22 14:35:00,ACTIVE,28.38,36.61,0.10551269047012496,82.91391678166876
2026-04-22 14:40:00,ACTIVE,28.44,36.52,0.125032903334016,90.50366312869905
2026-04-22 14:45:00,ACTIVE,28.51,36.43,0.11536441700312144,86.7444132002845
2026-04-22 14:50:00,ACTIVE,28.56,36.35,0.12199814117105767,89.32370288948331
2026-04-22 14:55:00,ACTIVE,28.61,36.37,0.1179117601895992,87.73485776044429
2026-04-22 15:00:00,ACTIVE,28.65,36.3,0.11905341933242058,88.17875165490129
2026-04-22 15:05:00,ACTIVE,28.67,36.18,0.07984746308599089,72.93489825647814
2026-04-22 15:10:00,ACTIVE,28.72,36.01,0.07424823011395937,70.7578339851013
2026-04-22 15:15:00,ACTIVE,28.77,35.81,0.09047817358343191,77.06827511701132
2026-04-22 15:20:00,ACTIVE,28.79,35.73,0.10054462153682253,80.98225838730377
2026-04-22 15:25:00,ACTIVE,28.8,35.6,0.0963885570083744,79.36631926856796
2026-04-22 16:20:00,ACTIVE,28.33,35.14,0.0737612437175928,70.56848649956677
2026-04-22 16:25:00,ACTIVE,28.4,34.89,0.07007165873784804,69.1339215018727
2026-04-22 16:30:00,ACTIVE,28.49,34.69,0.10196548780396508,81.5347121251732
2026-04-22 16:35:00,ACTIVE,28.56,34.52,0.05093295648048035,61.69251209934217
2026-04-22 16:40:00,ACTIVE,28.64,34.26,0.07823016556953499,72.30606915491191
2026-04-22 16:45:00,ACTIVE,28.7,34.01,0.07129202887446445,69.60841939034313
2026-04-22 16:50:00,ACTIVE,28.75,33.73,0.07772762486892304,72.11067392672979
2026-04-22 16:55:00,ACTIVE,28.78,33.6,0.07451009103571876,70.85964936940124
2026-04-22 17:00:00,ACTIVE,28.78,33.44,0.06587430712340847,67.50192935583296
2026-04-22 17:05:00,ACTIVE,28.78,33.41,0.07284273228866794,70.21135572384232
2026-04-22 18:05:00,ACTIVE,27.65,35.96,0.09891897365538754,80.3501825408102
2026-04-22 18:10:00,ACTIVE,27.53,36.15,0.10134900245485357,81.29501353894149
2026-04-22 18:55:00,ACTIVE,27.38,38.47,0.09151205740103951,77.47026437720308
2026-04-22 19:00:00,ACTIVE,28.37,38.23,0.10060215269346667,81.0046273485966
2026-04-22 19:05:00,ACTIVE,29.13,35.45,0.10815895470529585,83.94282330293514
2026-04-22 19:10:00,ACTIVE,28.36,37.18,0.10822061970633723,83.96679956383232
2026-04-22 19:15:00,ACTIVE,27.86,38.52,0.10839907289961603,84.03618479447749
2026-04-22 19:20:00,ACTIVE,27.49,39.45,0.1185371157387427,87.97800521113048
2026-04-22 19:25:00,ACTIVE,29.47,37.68,0.1099719122289628,84.64772789790631
2026-04-22 19:30:00,ACTIVE,28.77,36.98,0.12002913634949142,88.55812480608999
2026-04-22 19:35:00,ACTIVE,28.06,38.26,0.09851596152819919,80.19348548830034
2026-04-22 19:40:00,ACTIVE,27.73,44.02,0.10203303872263614,81.56097691756031
2026-04-22 19:45:00,ACTIVE,29.58,36.75,0.11669500738416894,87.26176634363212
2026-04-22 19:50:00,ACTIVE,28.64,37.33,0.11391747898497179,86.18182238151606
2026-04-22 19:55:00,ACTIVE,27.98,40.56,0.1090643707069539,84.29486238360718
2026-04-22 20:00:00,ACTIVE,29.93,37.41,0.12358835656000211,89.94200206088009
2026-04-22 20:05:00,ACTIVE,28.93,36.5,0.08978083531019038,76.79713972269553
2026-04-22 20:10:00,ACTIVE,28.27,43.53,0.09349404129971767,78.24088891699444
2026-04-22 20:15:00,ACTIVE,29.88,35.97,0.09724017913470101,79.69744249798183
2026-04-22 20:20:00,ACTIVE,28.77,36.12,0.09761069727513078,79.84150540971561
2026-04-22 21:25:00,ACTIVE,29.93,34.94,0.11847386385204961,87.95341194571277
2026-04-22 21:30:00,ACTIVE,31.07,30.59,0.11722805893488603,87.4690246398425
2026-04-22 21:35:00,ACTIVE,30.08,34.18,0.010817513155531866,46.09503672558554
2026-04-22 21:40:00,ACTIVE,30.6,30.38,0.04706960554121914,60.19038433654538
2026-04-22 21:45:00,ACTIVE,30.19,33.55,0.039594496903850196,57.28395196976142
2026-04-22 21:50:00,ACTIVE,30.47,30.26,0.03968796118516027,57.32029225931652
2026-04-22 21:55:00,ACTIVE,30.33,32.74,0.05620030105056256,63.740533270426994
2026-04-22 22:00:00,ACTIVE,30.43,29.97,0.06139263990683724,65.75939111494634
2026-04-22 22:05:00,ACTIVE,30.6,31.65,0.06779854519517897,68.25010146737036
2026-04-22 23:15:00,ACTIVE,31.35,27.7,0.0817156102587906,73.66126140012499
2026-04-22 23:20:00,ACTIVE,30.73,27.4,0.08752962915993989,75.92183760512069
2026-04-22 23:25:00,ACTIVE,31.66,27.09,0.08703606364382283,75.72993206089892
2026-04-22 23:30:00,ACTIVE,30.86,28.16,0.11740994819655454,87.53974586450015
2026-04-22 23:35:00,ACTIVE,31.22,26.54,0.12403810554025496,90.11687109042171
2026-04-22 23:40:00,ACTIVE,31.37,26.44,0.125368752698169,90.63424630945154
2026-04-22 23:45:00,ACTIVE,31.08,26.13,0.13868475629816318,95.81170468989012
2026-04-22 23:50:00,ACTIVE,31.75,26.22,0.13677908302929698,95.0707508472317
2026-04-22 23:55:00,ACTIVE,31.0,27.22,0.13693246933844316,95.13038970402306
2026-04-23 00:00:00,ACTIVE,31.84,25.39,0.14362051120026154,97.73079891284986
2026-04-23 00:05:00,ACTIVE,31.51,26.63,0.13924373060299,96.02904213481067
2026-04-23 00:10:00,ACTIVE,31.1,26.53,0.14803730440716822,99.44811318300921
2026-04-23 00:15:00,ACTIVE,31.91,26.16,0.14284152238569375,97.42791658513305
2026-04-23 00:20:00,ACTIVE,31.18,27.29,0.14376294907100762,97.78618085549115
2026-04-23 00:25:00,ACTIVE,32.01,25.51,0.1261746810598659,90.94760312998457
2026-04-23 00:30:00,ACTIVE,31.57,26.9,0.13306697133756323,93.6274271320369
2026-04-23 00:35:00,ACTIVE,31.25,26.34,0.13607525367656864,94.79709162558028
2026-04-23 00:40:00,ACTIVE,31.86,26.51,0.12670137828767514,91.15239077183202
2026-04-23 00:45:00,ACTIVE,31.02,27.94,0.11871468500646432,88.04704675849638
2026-04-23 00:50:00,ACTIVE,31.54,26.19,0.1194643587179085,88.33853094222798
2026-04-23 00:55:00,ACTIVE,31.55,27.18,0.12250591011035089,89.52113093389083
2026-04-23 01:00:00,ACTIVE,31.24,26.46,0.0950020642345501,78.82723045131522
2026-04-23 01:05:00,ACTIVE,31.88,26.65,0.10171075181404654,81.43566701934253
2026-04-23 01:10:00,ACTIVE,31.13,27.58,0.10239949367584067,81.70346000223918
2026-04-23 01:15:00,ACTIVE,32.12,25.69,0.1038189765727292,82.25537586537307
2026-04-23 01:20:00,ACTIVE,31.47,26.84,0.09639952279587788,79.37058292830504
2026-04-23 01:25:00,ACTIVE,31.28,25.88,0.08753376548682051,75.92344586995115
2026-04-23 01:30:00,ACTIVE,31.81,25.98,0.1117921071944094,85.35544651686851
2026-04-23 01:35:00,ACTIVE,31.14,26.6,0.11579407639443284,86.9114711016717
2026-04-23 01:40:00,ACTIVE,32.13,25.09,0.10130189288291874,81.27669664332177
2026-04-23 01:45:00,ACTIVE,31.37,25.93,0.12753391803133612,91.47609448973036
2026-04-23 01:50:00,ACTIVE,32.23,24.18,0.13363196497331004,93.84710498150017
2026-04-23 01:55:00,ACTIVE,31.59,25.34,0.1372927630045837,95.27047718951903
2026-04-23 02:00:00,ACTIVE,31.84,23.93,0.14456107107248473,98.09650244816194
2026-04-23 02:05:00,ACTIVE,31.86,24.46,0.14594858420565204,98.63598799615991
2026-04-23 02:10:00,ACTIVE,31.28,24.66,0.1494567125997293,100.0
2026-04-23 02:15:00,ACTIVE,32.11,23.66,0.1435625514087685,97.70826329201283
2026-04-23 02:20:00,ACTIVE,31.43,24.21,0.14473172810874935,98.16285641810151
2026-04-23 02:25:00,ACTIVE,32.26,23.06,0.1460541838579309,98.67704669673452
2026-04-23 02:30:00,ACTIVE,31.57,23.61,0.14550883036882534,98.46500522563787
2026-04-23 02:35:00,ACTIVE,32.34,22.62,0.13650611812700858,94.96461807171043
2026-04-23 02:40:00,ACTIVE,31.64,23.18,0.13109236954492726,92.85967286383313
2026-04-23 02:45:00,ACTIVE,32.41,22.11,0.1396627441443708,96.19196077290266
2026-04-23 02:50:00,ACTIVE,31.69,22.71,0.13392179805660953,93.9597963543125
2026-04-23 02:55:00,ACTIVE,32.41,21.3,0.1311226889222657,92.87146148442879
2026-04-23 03:00:00,ACTIVE,31.82,22.15,0.1414607942998321,96.89106916348963
2026-04-23 03:05:00,ACTIVE,31.76,21.21,0.13241928238181727,93.37559612383217
2026-04-23 03:10:00,ACTIVE,31.99,21.5,0.11869091349606414,88.03780404503414
2026-04-23 03:15:00,ACTIVE,31.39,21.6,0.13188540505687718,93.168016754438
2026-04-23 03:20:00,ACTIVE,32.11,20.91,0.13894729828004,95.91378488039756
2026-04-23 03:25:00,ACTIVE,31.38,21.44,0.13831934957328412,95.66962917182744
2026-04-23 03:30:00,ACTIVE,32.24,20.37,0.13032531533742436,92.5614308871722
2026-04-23 03:35:00,ACTIVE,31.58,20.98,0.13526061806532752,94.48034929814308
2026-04-23 03:40:00,ACTIVE,32.38,19.7,0.1310470603396508,92.84205597729446
2026-04-23 03:45:00,ACTIVE,31.75,20.55,0.13662860187567605,95.01224155770934
2026-04-23 03:50:00,ACTIVE,32.34,19.36,0.12467796869378944,90.36565931143139
2026-04-23 03:55:00,ACTIVE,31.92,20.14,0.12265918173989387,89.58072520156293
2026-04-23 04:00:00,ACTIVE,32.34,19.01,0.13040680233893853,92.5931142338849
2026-04-23 04:05:00,ACTIVE,31.99,19.78,0.1409550826140295,96.69444100954819
2026-04-23 04:10:00,ACTIVE,32.0,18.97,0.11827305948137923,87.87533624800446
2026-04-23 04:15:00,ACTIVE,32.06,19.44,0.12239170435634866,89.476726054175
2026-04-23 04:20:00,ACTIVE,31.85,18.81,0.12617693570833222,90.94847977052535
2026-04-23 04:25:00,ACTIVE,32.2,19.02,0.12927365079323072,92.15252821852557
2026-04-23 04:30:00,ACTIVE,31.82,18.56,0.13034031535822838,92.56726311625168
2026-04-23 04:35:00,ACTIVE,32.2,18.66,0.12044566991393929,88.7200791926137
2026-04-23 04:40:00,ACTIVE,32.15,17.92,0.12518196829158462,90.56162178033186
2026-04-23 04:45:00,ACTIVE,32.18,18.32,0.11752251706314037,87.5835142982727
2026-04-23 04:50:00,ACTIVE,32.29,17.5,0.13094874661370698,92.80383015222033
2026-04-23 04:55:00,ACTIVE,32.12,18.09,0.14194571438633546,97.079613237307
2026-04-23 05:00:00,ACTIVE,32.45,17.09,0.1364081849277225,94.926540201007
2026-04-23 05:05:00,ACTIVE,32.11,17.72,0.14085215698825354,96.65442200987356
2026-04-23 05:10:00,ACTIVE,32.53,16.7,0.14029072851155167,96.43613034677139
2026-04-23 05:15:00,ACTIVE,32.11,17.39,0.1329801953909011,93.59368736553019
2026-04-23 05:20:00,ACTIVE,32.69,16.45,0.12262533187852376,89.56756387676218
2026-04-23 05:25:00,ACTIVE,32.07,17.13,0.13100477969600405,92.82561664013633
2026-04-23 06:05:00,ACTIVE,32.48,16.35,0.10572494366804464,82.99644395208381
2026-04-23 06:10:00,ACTIVE,32.91,15.98,0.097715577129736,79.88228424235014
2026-04-23 06:15:00,ACTIVE,32.08,16.75,0.1037964526872,82.24661824684154
2026-04-23 06:20:00,ACTIVE,32.63,16.34,0.10298148999646617,81.92974874607883
2026-04-23 07:45:00,ACTIVE,32.55,18.48,0.08779362556215548,76.02448329568338
2026-04-23 07:50:00,ACTIVE,32.86,18.33,0.07871679160913375,72.49527652842609
2026-04-23 07:55:00,ACTIVE,32.06,19.1,0.09225139398983295,77.75772933535427
2026-04-23 08:00:00,ACTIVE,32.48,19.11,0.09551819222259494,79.02790861702876
2026-04-23 08:05:00,ACTIVE,31.77,19.98,0.09659606938075088,79.44700313616664
2026-04-23 09:05:00,ACTIVE,32.37,20.73,0.07376588706036735,70.57029189964652
2026-04-23 09:10:00,ACTIVE,31.95,21.76,0.0701674352275215,69.17116081210457
2026-04-23 09:15:00,ACTIVE,31.22,22.47,0.08993599229164928,76.85746704296889
2026-04-23 09:20:00,ACTIVE,31.99,21.25,0.07407270807326599,70.68958842976517
2026-04-23 09:25:00,ACTIVE,31.4,22.5,0.09846506607859218,80.17369658766546
2026-04-23 09:30:00,ACTIVE,30.56,22.89,0.0986897246570202,80.26104715278697
2026-04-23 09:35:00,ACTIVE,31.28,22.31,0.08963294458696908,76.73963763067661
2026-04-23 09:40:00,ACTIVE,30.54,23.91,0.09349146381664258,78.23988675360154
2026-04-23 09:45:00,ACTIVE,30.6,23.14,0.09898876215072827,80.37731733597202
2026-04-23 09:50:00,ACTIVE,30.94,23.52,0.09807501991599443,80.02204089321216
2026-04-23 09:55:00,ACTIVE,30.02,24.02,0.10948557198051251,84.45863164420113
2026-04-23 10:00:00,ACTIVE,30.79,23.8,0.1119938288093083,85.43387885264637
2026-04-23 10:05:00,ACTIVE,29.7,24.51,0.12184649182007917,89.26473938761762
2026-04-23 10:10:00,ACTIVE,29.44,25.65,0.12650575120805657,91.07632808116014
2026-04-23 10:15:00,ACTIVE,29.94,24.12,0.13213997366471625,93.26699677965019
2026-04-23 10:20:00,ACTIVE,28.79,25.69,0.1290583123919833,92.0688014756033
2026-04-23 10:25:00,ACTIVE,30.26,24.23,0.11997886293813248,88.53857776309026
2026-04-23 10:30:00,ACTIVE,29.25,25.05,0.1303147199621993,92.55731124918614
2026-04-23 10:35:00,ACTIVE,28.41,26.28,0.1251363876445103,90.5438993532231
2026-04-23 10:40:00,ACTIVE,27.88,27.16,0.12647309027217424,91.06362902810513
2026-04-23 10:45:00,ACTIVE,28.85,26.64,0.14013389009344734,96.37514925915819
2026-04-23 10:50:00,ACTIVE,29.1,25.57,0.12745648259832154,91.44598645254084
2026-04-23 10:55:00,ACTIVE,28.34,26.78,0.1320284108751001,93.22361952342568
2026-04-23 11:00:00,ACTIVE,27.87,27.69,0.12436019953703326,90.24210598168516
2026-04-23 11:05:00,ACTIVE,27.54,28.4,0.12368332061185111,89.9789254833164
2026-04-23 11:10:00,ACTIVE,27.31,28.92,0.12743693153862612,91.43838471249126
2026-04-23 11:15:00,ACTIVE,27.16,29.41,0.1180661550862479,87.79488877091586
2026-04-23 11:20:00,ACTIVE,27.07,29.59,0.1080420236565377,83.89735878846724
2026-04-23 11:25:00,ACTIVE,27.03,29.71,0.11527945799382261,86.71137988579304
2026-04-23 11:30:00,ACTIVE,27.04,29.78,0.1007754945632342,81.07202522135695
2026-04-23 11:35:00,ACTIVE,27.07,29.8,0.11518798218315002,86.67581274291734
2026-04-23 11:40:00,ACTIVE,27.11,29.63,0.11758696682052572,87.60857331346342
2026-04-23 11:45:00,ACTIVE,27.1,29.58,0.11525751054066402,86.70284639265961
2026-04-23 11:50:00,ACTIVE,27.12,29.56,0.11059309158678604,84.8892515838806
2026-04-23 11:55:00,ACTIVE,27.14,29.59,0.10534580190326198,82.84902804815232
2026-04-23 12:00:00,ACTIVE,27.19,29.54,0.10620188680693166,83.18188647114594
2026-04-23 12:05:00,ACTIVE,27.2,29.64,0.11782652890530909,87.70171858142487
2026-04-23 12:10:00,ACTIVE,27.25,29.69,0.10855781170123968,84.09790477920079
2026-04-23 13:30:00,ACTIVE,28.19,29.42,0.08854555658745761,76.31684515629928
2026-04-23 13:35:00,ACTIVE,28.2,29.54,0.10039472789833409,80.9239775323206
2026-04-23 13:40:00,ACTIVE,28.26,29.44,0.1063083604191481,83.22328498022009
2026-04-23 13:45:00,ACTIVE,28.33,29.32,0.11408324938360687,86.24627635475186
2026-04-23 13:50:00,ACTIVE,28.36,29.24,0.10980444651240873,84.58261476008698
2026-04-23 13:55:00,ACTIVE,28.39,29.15,0.11056866956492528,84.87975594197867
2026-04-23 14:00:00,ACTIVE,28.44,29.06,0.11490206590796592,86.56464428280546
2026-04-23 14:05:00,ACTIVE,28.45,28.96,0.1147216977323604,86.4945144788188
2026-04-23 14:10:00,ACTIVE,28.46,28.95,0.11272190433517326,85.71696534362505
2026-04-23 14:15:00,ACTIVE,28.47,28.91,0.11367643596300048,86.08810130335773
2026-04-23 14:20:00,ACTIVE,28.55,28.91,0.118319531174647,87.89340512700075
2026-04-23 14:25:00,ACTIVE,28.61,28.88,0.1227954469206946,89.63370711141305
2026-04-23 14:30:00,ACTIVE,28.67,28.86,0.12862954716366282,91.90209123796042
2026-04-23 14:35:00,ACTIVE,28.72,28.81,0.1046857640505845,82.59239560688793
2026-04-23 14:40:00,ACTIVE,28.75,28.77,0.1234755842240135,89.89815451520609
2026-04-23 14:45:00,ACTIVE,28.75,28.67,0.12047390817153847,88.7310586431942
2026-04-23 14:50:00,ACTIVE,28.79,28.66,0.10982204429327352,84.58945703655014
2026-04-23 14:55:00,ACTIVE,28.82,28.7,0.1106736341150023,84.92056770546044
2026-04-23 15:00:00,ACTIVE,28.85,28.82,0.11497980724986823,86.59487126187737
2026-04-23 15:05:00,ACTIVE,28.89,28.94,0.11720397371482488,87.45965995144226
2026-04-23 15:10:00,ACTIVE,28.95,28.94,0.12157851369719513,89.16054554539753
2026-04-23 15:15:00,ACTIVE,29.01,28.71,0.11615403451207529,87.05142812096804
2026-04-23 15:20:00,ACTIVE,29.07,28.49,0.10414846367405434,82.38348530460475
2026-04-23 16:35:00,ACTIVE,28.09,30.29,0.08944506349389703,76.66658669369336
2026-04-23 16:40:00,ACTIVE,28.12,30.31,0.09089168062736208,77.22905274776892
2026-04-23 16:45:00,ACTIVE,28.14,30.25,0.08563007564276853,75.18326321208171
2026-04-23 16:50:00,ACTIVE,28.19,30.22,0.08687936129164159,75.66900387772122
2026-04-23 16:55:00,ACTIVE,28.22,30.25,0.0780993193902631,72.25519423269276
2026-04-23 17:00:00,ACTIVE,28.26,30.2,0.08884383822428804,76.43282145119449
2026-04-23 18:10:00,ACTIVE,27.75,29.86,0.0889660549420575,76.48034111164618
2026-04-23 18:15:00,ACTIVE,27.67,29.92,0.12096736992823737,88.92292384422552
2026-04-23 18:20:00,ACTIVE,27.59,29.93,0.11998694283431416,88.54171934576443
2026-04-23 18:25:00,ACTIVE,27.48,29.98,0.11692357112594981,87.35063529379885
2026-04-23 18:30:00,ACTIVE,27.4,29.97,0.10152033997385612,81.36163209059491
2026-04-23 18:35:00,ACTIVE,27.31,29.93,0.11467950240514402,86.47810831394574
2026-04-23 18:40:00,ACTIVE,27.22,29.87,0.10941161542152977,84.42987624448844
2026-04-23 18:45:00,ACTIVE,27.17,29.8,0.11626454165257483,87.09439492526343
2026-04-23 18:50:00,ACTIVE,27.09,29.8,0.10393621864513958,82.30096131041917
2026-04-23 18:55:00,ACTIVE,27.04,29.73,0.1135395299558975,86.0348702308002
2026-04-23 19:00:00,ACTIVE,27.07,30.19,0.11335398204850233,85.96272647078226
2026-04-23 19:05:00,ACTIVE,29.12,26.39,0.11916803445124718,88.22331570169187
2026-04-23 19:10:00,ACTIVE,28.4,27.2,0.11639684323932803,87.1458357313534
2026-04-23 19:15:00,ACTIVE,27.91,27.89,0.11615297219257464,87.05101507549536
2026-04-23 19:20:00,ACTIVE,27.6,28.36,0.11527365133765366,86.70912217232679
2026-04-23 19:25:00,ACTIVE,27.33,28.83,0.09749323822707257,79.795835601341
2026-04-23 19:30:00,ACTIVE,27.88,28.99,0.11516211027184525,86.6657533626388
2026-04-23 19:35:00,ACTIVE,29.09,26.46,0.10973202188169684,84.55445499665544
2026-04-23 19:40:00,ACTIVE,28.34,27.74,0.11648516293931432,87.18017573189621
2026-04-23 19:45:00,ACTIVE,27.8,28.75,0.12577645472669224,90.79276686469532
2026-04-23 19:50:00,ACTIVE,28.71,28.35,0.12467284821778035,90.3636683949206
2026-04-23 19:55:00,ACTIVE,29.29,26.72,0.11477314582735709,86.51451825612315
2026-04-23 20:00:00,ACTIVE,28.42,28.23,0.10552389916462435,82.91827488722451
2026-04-23 20:05:00,ACTIVE,28.09,29.71,0.08891400908335362,76.46010491500579
2026-04-23 21:30:00,ACTIVE,30.72,24.96,0.11432493976508734,86.3402491358247
2026-04-23 21:35:00,ACTIVE,30.37,26.26,0.10918984528666276,84.34364874877804
2026-04-23 21:40:00,ACTIVE,30.58,25.02,0.0914070606990744,77.42944011259354
2026-04-23 21:45:00,ACTIVE,30.15,26.35,0.07958265150585114,72.83193561272876
2026-04-23 21:50:00,ACTIVE,30.3,25.14,0.09635737644505427,79.35419580617504
2026-04-23 21:55:00,ACTIVE,30.13,26.18,0.10735665193663857,83.63087616639069
2026-04-23 22:00:00,ACTIVE,30.32,25.01,0.09095943847055266,77.25539799545777
2026-04-23 22:05:00,ACTIVE,30.0,26.33,0.12084698216122047,88.87611530677182
2026-04-23 22:10:00,ACTIVE,30.08,25.37,0.11998974730789957,88.54280976641193
2026-04-23 22:15:00,ACTIVE,29.9,26.53,0.12804768810852712,91.6758558649655
2026-04-23 22:20:00,ACTIVE,30.4,25.02,0.12044026477069952,88.7179775932897
2026-04-23 22:25:00,ACTIVE,29.82,26.73,0.11170750467518586,85.3225518109704
2026-04-23 22:30:00,ACTIVE,30.85,24.58,0.1223325357616018,89.45372043282393
2026-04-23 22:35:00,ACTIVE,30.16,26.3,0.11561570942979749,86.84211939799347
2026-04-23 22:40:00,ACTIVE,31.01,24.43,0.11169147269673557,85.31631834155449
2026-04-23 22:45:00,ACTIVE,30.35,26.08,0.12189449817779074,89.28340496675943
2026-04-23 22:50:00,ACTIVE,30.94,24.54,0.12921769101795494,92.13077023345946
2026-04-23 22:55:00,ACTIVE,30.02,26.64,0.11800777577619725,87.77219003508297
2026-04-23 23:00:00,ACTIVE,30.86,24.74,0.12504567232121988,90.50862789904563
2026-04-23 23:05:00,ACTIVE,30.0,26.71,0.11598466120529832,86.9855732839661
2026-04-23 23:10:00,ACTIVE,30.73,24.92,0.11323700336714654,85.91724343605865
2026-04-23 23:15:00,ACTIVE,30.02,26.76,0.08593633356601277,75.30234080464689
2026-04-23 23:20:00,ACTIVE,30.63,25.13,0.09492063372336385,78.79556906887426
2026-04-23 23:25:00,ACTIVE,30.25,26.53,0.11243862869934046,85.60682360299671
2026-04-23 23:30:00,ACTIVE,30.66,25.15,0.11009483751711613,84.6955230609624
2026-04-23 23:35:00,ACTIVE,30.48,26.27,0.10017687095631583,80.83927154364173
2026-04-23 23:40:00,ACTIVE,30.58,25.27,0.10069017440873779,81.03885148829202
2026-04-23 23:45:00,ACTIVE,30.63,26.09,0.10692006452841035,83.4611245499578
2026-04-23 23:50:00,ACTIVE,30.38,25.53,0.10801838925661122,83.88816938557717
2026-04-23 23:55:00,ACTIVE,30.84,25.78,0.09560453640677913,79.06148050792302
2026-04-24 00:00:00,ACTIVE,30.39,25.46,0.07558064465980519,71.27589639059741
2026-04-24 00:05:00,ACTIVE,31.16,25.28,0.0764527815849998,71.61499607604964
2026-04-24 00:10:00,ACTIVE,30.04,26.24,0.07711302560888411,71.87170867971669
2026-04-24 00:15:00,ACTIVE,31.3,25.0,0.08614882984333216,75.38496248791377
2026-04-24 00:20:00,ACTIVE,30.12,26.49,0.08633057729965715,75.45562857656469
2026-04-24 00:25:00,ACTIVE,31.5,24.64,0.07661539549704299,71.67822276079492
2026-04-24 00:30:00,ACTIVE,30.46,26.09,0.07929138920198003,72.7186885379019
2026-04-24 00:35:00,ACTIVE,31.65,24.08,0.09512763601154228,78.8760546082218
2026-04-24 00:40:00,ACTIVE,30.76,25.75,0.08054404997123948,73.2057415000723
2026-04-24 00:45:00,ACTIVE,31.25,24.37,0.09482167584368473,78.75709278733771
2026-04-24 02:05:00,ACTIVE,32.19,24.07,0.06683503105269945,67.8754729736041
2026-04-24 02:10:00,ACTIVE,32.27,23.28,0.07189126858224104,69.84141261714886
2026-04-24 02:15:00,ACTIVE,32.29,23.97,0.07161715511392447,69.73483326223435
2026-04-24 02:20:00,ACTIVE,31.76,24.32,0.07123069376990687,69.5845713980591
2026-04-24 02:25:00,ACTIVE,32.39,23.86,0.06672144978683664,67.83131090407728
2026-04-24 02:30:00,ACTIVE,32.35,23.2,0.06067290319440821,65.47954687748484
2026-04-24 02:35:00,ACTIVE,32.42,23.82,0.059783766637738434,65.1338374848645
2026-04-24 02:40:00,ACTIVE,32.3,23.27,0.0713140530191555,69.61698270227423
2026-04-24 02:45:00,ACTIVE,32.44,23.79,0.07582614682461147,71.37135124918521
2026-04-24 02:50:00,ACTIVE,31.76,24.39,0.08155318214023399,73.59810695462453
2026-04-24 02:55:00,ACTIVE,32.46,23.71,0.07385792384380674,70.6060771569986
2026-04-24 03:00:00,ACTIVE,31.82,24.5,0.07636015754730296,71.57898248559043
2026-04-24 03:05:00,ACTIVE,32.57,23.34,0.06602956079140354,67.56229426925601
2026-04-24 03:10:00,ACTIVE,32.04,24.49,0.061226588119925374,65.69482773380292
2026-04-24 03:15:00,ACTIVE,31.78,24.27,0.06344703971003374,66.55817202529664
2026-04-24 03:20:00,ACTIVE,32.23,24.58,0.053552415185231794,62.710996235463455
2026-04-24 03:25:00,ACTIVE,31.56,25.59,0.048393955200043914,60.705310995150086
2026-04-24 03:30:00,ACTIVE,32.21,24.27,0.05514988664983539,63.332116675978135
2026-04-24 03:35:00,ACTIVE,31.84,25.47,0.05586015336256528,63.60827883803789
2026-04-24 03:40:00,ACTIVE,31.96,24.66,0.042343371256537476,58.35275481644281
2026-04-24 03:45:00,ACTIVE,32.07,25.41,0.061799055488714505,65.91741148078135
2026-04-24 03:50:00,ACTIVE,31.47,26.18,0.06587080575692228,67.50056797295852
2026-04-24 03:55:00,ACTIVE,32.27,25.45,0.057512039524712955,64.25055651463343
2026-04-24 04:00:00,ACTIVE,31.6,26.52,0.05681744621932966,63.98048840426173
2026-04-24 04:05:00,ACTIVE,32.3,25.16,0.05671243949613042,63.93966024324872
2026-04-24 04:10:00,ACTIVE,31.91,26.37,0.05284590377330839,62.436294189683004
2026-04-24 04:15:00,ACTIVE,31.87,25.61,0.0483949317340982,60.70569068597737
2026-04-24 04:20:00,ACTIVE,32.13,26.27,0.05777781467128801,64.3538938072088
2026-04-24 04:25:00,ACTIVE,31.48,27.11,0.05801330082159534,64.44545429179641
2026-04-24 04:30:00,ACTIVE,32.27,26.18,0.066429890151746,67.71794822249177
2026-04-24 04:35:00,ACTIVE,31.62,27.09,0.05647853473626685,63.8487146265638
2026-04-24 04:40:00,ACTIVE,32.4,25.74,0.053707875783105485,62.77144160627197
2026-04-24 04:45:00,ACTIVE,31.85,26.86,0.05199270212203977,62.10455681770102
2026-04-24 04:50:00,ACTIVE,31.89,25.79,0.061807909541064354,65.92085406677911
2026-04-24 04:55:00,ACTIVE,32.12,26.45,0.06218548790860229,66.06766209882879
2026-04-24 05:00:00,ACTIVE,32.28,25.29,0.07117910971497843,69.56451475753022
2026-04-24 05:05:00,ACTIVE,32.15,26.35,0.06953646207648329,68.92582915503924
2026-04-24 05:10:00,ACTIVE,32.53,25.1,0.06264615600267598,66.24677664069205
2026-04-24 05:15:00,ACTIVE,32.13,26.37,0.0710686577424039,69.52156940333684
2026-04-24 05:20:00,ACTIVE,32.71,25.56,0.06421481497298343,66.8566943589384
2026-04-24 05:25:00,ACTIVE,31.97,26.63,0.0646751008367798,67.03566028403854
2026-04-24 05:30:00,ACTIVE,32.58,25.8,0.07090616859184107,69.4583912276932
2026-04-24 05:35:00,ACTIVE,31.83,26.8,0.07200596730495462,69.8860091703624
2026-04-24 05:40:00,ACTIVE,32.48,26.02,0.07684746174482077,71.76845353689463
2026-04-24 05:45:00,ACTIVE,31.88,26.56,0.06469244256761247,67.04240300447691
2026-04-24 05:50:00,ACTIVE,32.43,26.09,0.058825378237074066,64.76120195503204
2026-04-24 05:55:00,ACTIVE,31.75,26.9,0.07548206698343463,71.23756793770865
2026-04-24 06:00:00,ACTIVE,32.37,26.17,0.0580286370993624,64.45141726253712
2026-04-24 06:05:00,ACTIVE,31.84,26.58,0.07549906131972922,71.24417558603254
2026-04-24 06:10:00,ACTIVE,32.35,26.19,0.07358729332997704,70.50085202610192
2026-04-24 06:15:00,ACTIVE,31.64,27.07,0.08415789053949463,74.6108559546591
2026-04-24 06:20:00,ACTIVE,32.34,26.21,0.06068019188761142,65.48238082878443
2026-04-24 06:25:00,ACTIVE,31.69,27.1,0.07563184133199069,71.29580241100864
2026-04-24 06:30:00,ACTIVE,32.44,25.82,0.07673900468702916,71.72628383495935
2026-04-24 06:35:00,ACTIVE,31.82,26.87,0.08047170819960298,73.17761395347001
2026-04-24 06:40:00,ACTIVE,32.53,25.8,0.08468525471491561,74.81590291556391
2026-04-24 06:45:00,ACTIVE,31.9,26.66,0.07388854377419785,70.61798263704907
2026-04-24 06:50:00,ACTIVE,32.55,25.78,0.07489350428879032,71.00872609091003
2026-04-24 06:55:00,ACTIVE,32.14,25.51,0.07105337536044015,69.5156273880785
2026-04-24 07:00:00,ACTIVE,32.4,26.21,0.08384375224514318,74.48871435770825
2026-04-24 07:05:00,ACTIVE,32.85,25.67,0.0874639510493545,75.8963009881088
2026-04-24 07:10:00,ACTIVE,32.13,26.81,0.09088071710579332,77.22478996906065
2026-04-24 07:15:00,ACTIVE,32.72,25.92,0.08750503243771218,75.91227403714228
2026-04-24 07:20:00,ACTIVE,32.04,27.06,0.07388601570589853,70.61699968684901
2026-04-24 07:25:00,ACTIVE,32.53,25.78,0.07973212137097613,72.89005169838487
2026-04-24 07:30:00,ACTIVE,32.04,27.24,0.0816153648425223,73.62228450539368
2026-04-24 07:35:00,ACTIVE,31.51,27.75,0.08913578186648274,76.54633344039952
2026-04-24 07:40:00,ACTIVE,32.19,27.17,0.08947630635408305,76.67873437802555
2026-04-24 07:45:00,ACTIVE,31.45,28.41,0.08653535017615255,75.53524728780461
2026-04-24 07:50:00,ACTIVE,32.15,26.78,0.0880882591952381,76.13904119297648
2026-04-24 07:55:00,ACTIVE,31.75,28.18,0.09854080415957284,80.2031446693776
2026-04-24 08:00:00,ACTIVE,32.43,26.75,0.09426762417814977,78.54166933709764
2026-04-24 08:05:00,ACTIVE,31.95,28.36,0.09531385029329248,78.94845746440647
2026-04-24 09:05:00,ACTIVE,31.03,29.73,0.0778687626315237,72.16555036817003
2026-04-24 09:10:00,ACTIVE,31.58,30.22,0.07940872060395304,72.764308715598
2026-04-24 09:15:00,ACTIVE,30.41,32.5,0.08857459489388209,76.32813567764994
2026-04-24 09:20:00,ACTIVE,31.05,30.26,0.0933606811917787,78.18903654227255
2026-04-24 09:25:00,ACTIVE,30.24,33.24,0.10601613564918949,83.10966368439865
2026-04-24 09:30:00,ACTIVE,30.59,31.24,0.0986536973471338,80.24703920392339
2026-04-24 09:35:00,ACTIVE,30.21,33.32,0.09771327199094676,79.88138797042795
2026-04-24 09:40:00,ACTIVE,30.43,31.6,0.087247108464241,75.8119893963387
2026-04-24 09:45:00,ACTIVE,29.61,34.4,0.1102574067408228,84.75873237022407
2026-04-24 09:50:00,ACTIVE,30.55,31.45,0.1030207498102273,81.94501354007244
2026-04-24 09:55:00,ACTIVE,29.31,33.65,0.11294984709306222,85.80559284610582
2026-04-24 10:00:00,ACTIVE,30.49,32.56,0.10613468697075529,83.15575818480517
2026-04-24 10:05:00,ACTIVE,29.69,32.92,0.09782699215795299,79.92560404676571
2026-04-24 11:00:00,ACTIVE,27.85,35.34,0.017317938834097713,48.62249799826976
2026-04-24 11:05:00,ACTIVE,27.66,35.64,0.024172184706094557,51.2875297748887
2026-04-24 11:10:00,ACTIVE,27.53,35.79,0.04229607354523279,58.3343647694643
2026-04-24 11:15:00,ACTIVE,27.45,35.86,0.016457919853029523,48.28810994802398
2026-04-24 11:20:00,ACTIVE,27.39,35.92,0.03334974956609826,54.85590220281937
2026-04-24 11:25:00,ACTIVE,27.35,35.93,0.023110117378372264,50.874582350745
2026-04-24 11:30:00,ACTIVE,27.35,35.81,0.0229090809586332,50.79641642894006
2026-04-24 11:35:00,ACTIVE,27.38,35.55,0.044862161197418204,59.33209745404792
2026-04-24 11:40:00,ACTIVE,27.41,35.28,0.039123882173460967,57.100970029157814
2026-04-24 11:45:00,ACTIVE,27.44,35.16,0.03779455282888461,56.58410719536864
2026-04-24 11:50:00,ACTIVE,27.45,35.07,0.03646230788452132,56.066110733427635
2026-04-24 11:55:00,ACTIVE,27.48,34.91,0.038697221010909444,56.93507788328448
2026-04-24 13:35:00,ACTIVE,28.3,32.96,0.09156968012129996,77.49266893977891
2026-04-24 13:40:00,ACTIVE,28.41,32.81,0.09315105576106675,78.10753108646199
2026-04-24 13:45:00,ACTIVE,28.53,32.57,0.10988667750919989,84.61458738312446
2026-04-24 13:50:00,ACTIVE,28.6,32.38,0.11044037061333384,84.82987141940923
2026-04-24 13:55:00,ACTIVE,28.69,32.21,0.1123066932302142,85.555525148834
2026-04-24 14:00:00,ACTIVE,28.77,32.06,0.10913524730153107,84.32242024778279
2026-04-24 14:05:00,ACTIVE,28.82,31.97,0.10957557979747118,84.49362800949334
2026-04-24 14:10:00,ACTIVE,28.91,31.74,0.1255430984868639,90.7020345206813
2026-04-24 14:15:00,ACTIVE,28.97,31.66,0.120450805377942,88.72207593667724
2026-04-24 14:20:00,ACTIVE,29.06,31.69,0.10824130365520518,83.97484178788271
2026-04-24 14:25:00,ACTIVE,29.18,31.66,0.08772445571222504,75.99758903897138
2026-04-24 14:30:00,ACTIVE,29.27,31.54,0.10710584940679674,83.53336044778834
2026-04-24 14:35:00,ACTIVE,29.36,31.4,0.0893335712219836,76.6232368557906
2026-04-24 14:40:00,ACTIVE,29.46,31.23,0.08717449046960235,75.78375445016367
2026-04-24 14:45:00,ACTIVE,29.54,31.15,0.06566840674357433,67.42187225468376
2026-04-24 14:50:00,ACTIVE,29.63,31.12,0.07749688015004375,72.0209569805355
2026-04-24 14:55:00,ACTIVE,29.69,31.04,0.07251181718760707,70.08269105727508
2026-04-24 15:00:00,ACTIVE,29.75,30.98,0.05834468273206772,64.5743004607402
2026-04-24 15:05:00,ACTIVE,29.8,30.87,0.05857874063659746,64.66530562232758
2026-04-24 15:10:00,ACTIVE,29.88,30.71,0.05831312124720417,64.5620288904392
2026-04-24 15:15:00,ACTIVE,29.96,30.61,0.054768928626723834,63.18399458404996
2026-04-24 15:20:00,ACTIVE,30.03,30.44,0.05902569290121373,64.83908724762651
2026-04-24 16:15:00,ACTIVE,29.09,30.4,0.07750058072951371,72.02239582035297
2026-04-24 16:20:00,ACTIVE,28.98,30.46,0.07715633335463867,71.88854736930634
2026-04-24 16:25:00,ACTIVE,28.89,30.45,0.08256664333516167,73.99215559823784
2026-04-24 18:05:00,ACTIVE,28.44,29.54,0.09890735458658656,80.34566487568006
2026-04-24 18:10:00,ACTIVE,28.39,29.26,0.10534753707816658,82.84970270971904
2026-04-24 18:15:00,ACTIVE,28.33,28.87,0.11268124223844,85.70115532135246
2026-04-24 18:20:00,ACTIVE,28.27,28.52,0.10920867097349174,84.35096845317044
2026-04-24 19:10:00,ACTIVE,29.92,23.55,0.08605256898815244,75.34753484923705
2026-04-24 19:15:00,ACTIVE,29.12,24.35,0.08589611806500613,75.28670442537238
2026-04-24 19:20:00,ACTIVE,28.55,24.96,0.08790398103567731,76.06739112962336
2026-04-24 19:25:00,ACTIVE,28.17,25.38,0.07997256225415306,72.98353865610882
2026-04-24 19:30:00,ACTIVE,29.23,24.65,0.11151422519293136,85.24740190074013
2026-04-24 19:35:00,ACTIVE,29.45,23.52,0.1224458546218456,89.49778047518014
2026-04-24 19:40:00,ACTIVE,28.73,24.37,0.1252651261575628,90.59395478376453
2026-04-24 19:45:00,ACTIVE,28.23,24.88,0.11077429098987895,84.95970458136057
2026-04-24 19:50:00,ACTIVE,29.81,23.47,0.11710642441171332,87.42173134522733
2026-04-24 19:55:00,ACTIVE,29.26,23.29,0.11072519261767089,84.94061441089423
2026-04-24 20:00:00,ACTIVE,28.58,24.18,0.08943640885465243,76.6632216424488
2026-04-24 20:05:00,ACTIVE,28.12,24.84,0.07842098995277591,72.38026448647544
2026-04-24 20:10:00,ACTIVE,30.03,22.85,0.10589936806387429,83.06426272692565
2026-04-24 20:15:00,ACTIVE,29.19,23.55,0.09991096407010108,80.73588302875356
2026-04-24 21:30:00,ACTIVE,29.97,29.89,0.08992922017466132,76.85483394411236
2026-04-24 21:35:00,ACTIVE,30.95,29.64,0.10650509561624188,83.29977852329188
2026-04-24 21:40:00,ACTIVE,29.95,30.94,0.104713431142413,82.60315297980198
2026-04-24 21:45:00,ACTIVE,30.99,30.75,0.10737000499161231,83.63606803089111
2026-04-24 21:50:00,ACTIVE,30.22,31.24,0.10576017514896408,83.01014247092033
2026-04-24 21:55:00,ACTIVE,30.83,32.16,0.11153637298809932,85.25601328979839
2026-04-24 22:00:00,ACTIVE,30.13,31.85,0.11281817766813912,85.75439783384886
2026-04-24 22:05:00,ACTIVE,30.9,32.93,0.1189241766370947,88.128500190864
2026-04-24 22:10:00,ACTIVE,30.33,31.92,0.11303161998104794,85.83738734969056
2026-04-24 22:15:00,ACTIVE,30.94,33.81,0.12108739817335529,88.96959259426816
2026-04-24 22:20:00,ACTIVE,30.47,31.87,0.1146774140942996,86.47729634792296
2026-04-24 23:15:00,ACTIVE,31.34,30.6,0.07686950655026892,71.7770248820325
2026-04-24 23:20:00,ACTIVE,31.98,32.72,0.07010705673359835,69.14768476412868
2026-04-24 23:25:00,ACTIVE,31.14,34.64,0.08535474584780622,75.07621093144755
2026-04-24 23:30:00,ACTIVE,32.14,32.31,0.08430848107772815,74.66940777453036
2026-04-24 23:35:00,ACTIVE,31.09,34.82,0.08669283755656637,75.59648070152471
2026-04-24 23:40:00,ACTIVE,31.86,30.79,0.10042140669479688,80.9343506414362
2026-04-24 23:45:00,ACTIVE,31.21,34.37,0.09342522235311118,78.21413109666454
2026-04-24 23:50:00,ACTIVE,31.41,30.37,0.10892788941454218,84.2417964463788
2026-04-24 23:55:00,ACTIVE,31.49,33.51,0.11220065848044336,85.51429727594434
2026-04-25 00:00:00,ACTIVE,31.25,30.31,0.10952150477700451,84.47260284486453
2026-04-25 00:05:00,ACTIVE,31.69,32.87,0.1216352420395525,89.18260236066804
2026-04-25 00:10:00,ACTIVE,31.13,33.59,0.12678914133217517,91.18651433652072
2026-04-25 00:15:00,ACTIVE,32.01,31.98,0.13075170643413492,92.72721802746776
2026-04-25 00:20:00,ACTIVE,31.27,33.3,0.1328176819942089,93.53049976263422
2026-04-25 00:25:00,ACTIVE,32.25,30.85,0.13733128618831347,95.28545557090389
2026-04-25 00:30:00,ACTIVE,31.54,32.45,0.12784145760559423,91.59567040709192
2026-04-25 00:35:00,ACTIVE,31.88,29.6,0.13469151017949332,94.25907176763182
2026-04-25 00:40:00,ACTIVE,31.83,31.61,0.1184452539376562,87.94228798949517
2026-04-25 00:45:00,ACTIVE,31.35,30.4,0.11205194587716033,85.45647562484889
2026-04-25 00:50:00,ACTIVE,32.03,30.91,0.11186833362714255,85.38508447693675
2026-04-25 00:55:00,ACTIVE,31.3,32.07,0.11352330829508378,86.02856301008687
2026-04-25 01:00:00,ACTIVE,32.19,29.66,0.11564723783240594,86.85437810542632
2026-04-25 01:05:00,ACTIVE,31.57,31.38,0.12580977956063533,90.80572405109737
2026-04-25 01:10:00,ACTIVE,31.99,28.81,0.12794125231722214,91.63447206121896
2026-04-25 01:15:00,ACTIVE,31.81,30.66,0.12818202349799612,91.7280874435148
2026-04-25 01:20:00,ACTIVE,31.66,28.84,0.12067263128416528,88.80832511711262
2026-04-25 01:25:00,ACTIVE,32.08,30.02,0.129662725623592,92.30380624469497
2026-04-25 01:30:00,ACTIVE,31.32,31.28,0.1326337272972587,93.4589754663096
2026-04-25 01:35:00,ACTIVE,32.0,28.88,0.13618509770287657,94.8398006013085
2026-04-25 01:40:00,ACTIVE,31.65,30.64,0.14308219580817838,97.52149395756574
2026-04-25 01:45:00,ACTIVE,31.97,28.41,0.13358347186497738,93.82825014654573
2026-04-25 01:50:00,ACTIVE,31.93,30.01,0.14139804304079823,96.86667054948143
2026-04-25 01:55:00,ACTIVE,31.78,28.45,0.1400849603630696,96.35612465912001
2026-04-25 02:00:00,ACTIVE,32.16,29.59,0.14255785082446837,97.31762090287901
2026-04-25 02:05:00,ACTIVE,31.53,30.56,0.14107196522132426,96.73988668926144
2026-04-25 02:10:00,ACTIVE,32.35,29.3,0.14212631548391363,97.1498336047882
2026-04-25 02:15:00,ACTIVE,31.7,30.45,0.10777496853698154,83.79352382353935
2026-04-25 02:20:00,ACTIVE,32.01,28.4,0.12106994643899993,88.96280710283953
2026-04-25 02:25:00,ACTIVE,31.99,30.06,0.1261568923190789,90.9406866054903
2026-04-25 02:30:00,ACTIVE,31.39,31.07,0.12486501871548805,90.43838711562071
2026-04-25 02:35:00,ACTIVE,32.22,29.83,0.11551479109291424,86.80288086181312
2026-04-25 02:40:00,ACTIVE,31.62,31.13,0.11661464260663057,87.2305193341346
2026-04-25 02:45:00,ACTIVE,32.42,29.69,0.10586462846311712,83.05075545834296
2026-04-25 02:50:00,ACTIVE,31.86,30.96,0.11604334273225492,87.00838952618449
2026-04-25 02:55:00,ACTIVE,32.56,29.47,0.11531363563402797,86.724668655834
2026-04-25 03:00:00,ACTIVE,31.92,31.01,0.11650773831652117,87.18895337115062
2026-04-25 03:05:00,ACTIVE,32.61,29.86,0.11457823635018832,86.43873457985597
2026-04-25 03:10:00,ACTIVE,31.95,31.18,0.12191545097648626,89.29155172358367
2026-04-25 03:15:00,ACTIVE,32.63,30.1,0.13605629832520938,94.78972150570819
2026-04-25 03:20:00,ACTIVE,31.92,31.54,0.09795813606069448,79.97659472825612
2026-04-25 03:25:00,ACTIVE,32.59,30.42,0.11394984191444002,86.19440556528683
2026-04-25 03:30:00,ACTIVE,31.85,31.85,0.1196491295276696,88.41037255523703
2026-04-25 03:35:00,ACTIVE,32.56,30.64,0.12876657812668174,91.95537089521902
2026-04-25 03:40:00,ACTIVE,31.87,32.01,0.11087031916214063,84.9970417494907
2026-04-25 03:45:00,ACTIVE,32.58,30.79,0.11841089678225941,87.92892942130305
2026-04-25 03:50:00,ACTIVE,31.9,32.11,0.12271013967686628,89.60053839820608
2026-04-25 03:55:00,ACTIVE,32.57,30.88,0.12780583380484184,91.5818193485244
2026-04-25 04:00:00,ACTIVE,31.91,32.0,0.13000411104943965,92.43654192779552
2026-04-25 04:05:00,ACTIVE,32.43,31.03,0.11800151736418102,87.76975667228773
2026-04-25 04:10:00,ACTIVE,32.88,30.15,0.12405961175560437,90.12523302379431
2026-04-25 04:15:00,ACTIVE,32.07,31.46,0.12329715061906699,89.82877690079312
2026-04-25 05:10:00,ACTIVE,33.38,27.96,0.049153419011042865,61.00060171382322
2026-04-25 05:15:00,ACTIVE,33.44,27.54,0.08158558062442339,73.6107039625947
2026-04-25 05:20:00,ACTIVE,32.62,29.03,0.09750465896289323,79.8002761516864
2026-04-25 05:25:00,ACTIVE,32.91,28.5,0.09107023653507063,77.29847791529762
2026-04-25 05:30:00,ACTIVE,33.1,28.14,0.09517526381061392,78.8945729981872
2026-04-25 05:35:00,ACTIVE,33.24,27.83,0.10265741169484627,81.8037423278588
2026-04-25 05:40:00,ACTIVE,33.35,27.63,0.09683266751538167,79.53899597664174
2026-04-25 05:45:00,ACTIVE,32.52,28.9,0.11064807587995867,84.91063028713351
2026-04-25 05:50:00,ACTIVE,32.82,28.38,0.11127525616408912,85.15448722166592
2026-04-25 05:55:00,ACTIVE,33.02,28.06,0.12115175085760344,88.994613865993
2026-04-25 06:00:00,ACTIVE,33.16,27.81,0.10808673840445171,83.91474454122543
2026-04-25 06:05:00,ACTIVE,33.27,27.64,0.11271595499271081,85.71465215162574
2026-04-25 06:10:00,ACTIVE,32.43,28.77,0.10245307724121555,81.72429408188783
2026-04-25 06:15:00,ACTIVE,32.62,28.64,0.10063587564234522,81.01773932795086
2026-04-25 06:20:00,ACTIVE,32.86,28.25,0.0974460581424691,79.77749128935687
2026-04-25 06:25:00,ACTIVE,33.0,27.99,0.09701356001299916,79.60932964475134
2026-04-25 06:30:00,ACTIVE,33.14,27.81,0.1023509524839788,81.6845864717002
2026-04-25 06:35:00,ACTIVE,33.24,27.71,0.06475131188600591,67.06529226277262
2026-04-25 06:40:00,ACTIVE,33.24,26.97,0.06501640012540316,67.16836247571726
2026-04-25 06:45:00,ACTIVE,32.52,28.89,0.08612755115706683,75.37668902120119
2026-04-25 06:50:00,ACTIVE,32.79,28.48,0.10142807797804038,81.32575926735292
2026-04-25 06:55:00,ACTIVE,32.97,28.26,0.08863639909671883,76.35216606225598
2026-04-25 07:00:00,ACTIVE,33.12,28.11,0.10047129453719567,80.95374776954375
2026-04-25 07:05:00,ACTIVE,33.23,28.03,0.10335399095313813,82.07458260597981
2026-04-25 07:10:00,ACTIVE,32.35,29.54,0.10039359094459216,80.92353546795535
2026-04-25 07:15:00,ACTIVE,32.72,29.08,0.10258477167756658,81.77549881895646
2026-04-25 07:20:00,ACTIVE,32.97,28.8,0.08956456250214828,76.71304966864516
2026-04-25 07:25:00,ACTIVE,33.16,28.63,0.09590577672453005,79.17860718154948
2026-04-25 07:30:00,ACTIVE,32.25,30.32,0.09715870883926603,79.66576564683882
2026-04-25 07:35:00,ACTIVE,32.72,29.72,0.10083601738006581,81.09555738420593
2026-04-25 07:40:00,ACTIVE,31.98,31.2,0.11455509565384192,86.42973713619145
2026-04-25 07:45:00,ACTIVE,32.6,30.27,0.12161816020444538,89.17596069151674
2026-04-25 07:50:00,ACTIVE,31.92,31.62,0.12521839872482426,90.57578646949428
2026-04-25 07:55:00,ACTIVE,32.57,30.43,0.10100927011575311,81.16292060032269
2026-04-25 08:00:00,ACTIVE,31.92,31.58,0.11608485142592956,87.02452871782054
2026-04-25 08:05:00,ACTIVE,31.8,29.16,0.1027000905324334,81.82033648868743
2026-04-25 09:10:00,ACTIVE,30.98,30.87,0.11696330867191584,87.36608583711201
2026-04-25 09:15:00,ACTIVE,30.76,30.11,0.1144270155424631,86.37993770192077
2026-04-25 09:20:00,ACTIVE,31.0,30.75,0.11397819953419414,86.20543142563169
2026-04-25 09:25:00,ACTIVE,30.29,30.91,0.11023530320930464,84.750138191525
2026-04-25 09:30:00,ACTIVE,30.96,30.78,0.09556139631569749,79.04470700494022
2026-04-25 09:35:00,ACTIVE,30.1,31.23,0.1156749676660887,86.86515987329766
2026-04-25 09:40:00,ACTIVE,30.39,31.69,0.12326044605139708,89.81450562412546
2026-04-25 09:45:00,ACTIVE,30.07,31.22,0.11614429737073728,87.04764217696139
2026-04-25 09:50:00,ACTIVE,29.24,33.37,0.12293834135024717,89.68926657084464
2026-04-25 09:55:00,ACTIVE,30.31,30.68,0.11199902428193126,85.43589892894555
2026-04-25 10:00:00,ACTIVE,29.29,32.31,0.09981021152236624,80.69670895383663
2026-04-25 10:05:00,ACTIVE,28.6,33.53,0.12320146278255606,89.79157206021694
2026-04-25 10:10:00,ACTIVE,28.95,33.78,0.11469125803664981,86.48267907666745
2026-04-25 10:15:00,ACTIVE,29.73,31.37,0.10836810861623736,84.02414542491219
2026-04-25 10:20:00,ACTIVE,28.96,32.64,0.11681819480528899,87.30966342784761
2026-04-25 10:25:00,ACTIVE,28.47,33.55,0.11712387781019562,87.42851748369303
2026-04-25 10:30:00,ACTIVE,28.14,34.12,0.10559949600027058,82.9476680506697
2026-04-25 10:35:00,ACTIVE,27.88,34.58,0.10941225296936741,84.43012413248051
2026-04-25 10:40:00,ACTIVE,27.74,34.75,0.10813280895011074,83.93265744812145
2026-04-25 10:45:00,ACTIVE,27.67,34.79,0.10497620222467186,82.70532224791322
2026-04-25 10:50:00,ACTIVE,27.68,34.51,0.12391406497709156,90.0686422920107
2026-04-25 10:55:00,ACTIVE,27.68,34.25,0.12618372871470296,90.95112099148166
2026-04-25 11:00:00,ACTIVE,27.7,34.01,0.12070850321097265,88.82227265074586
2026-04-25 11:05:00,ACTIVE,27.75,33.74,0.1301958205018126,92.51108138727704
2026-04-25 11:50:00,ACTIVE,28.76,28.82,0.08086631598912347,73.33104327567597
2026-04-25 11:55:00,ACTIVE,28.81,28.48,0.0740740240654611,70.69010010691875
2026-04-25 12:00:00,ACTIVE,28.92,28.07,0.09657250709982046,79.43784177420474
2026-04-25 13:25:00,ACTIVE,29.09,26.05,0.09035372087421673,77.01988607014334
2026-04-25 13:30:00,ACTIVE,29.33,25.65,0.09031381707737068,77.00437088603871
2026-04-25 13:35:00,ACTIVE,29.56,25.26,0.07997528029598377,72.9845954708167
2026-04-25 13:40:00,ACTIVE,29.77,25.0,0.08035263883001825,73.1313180283615
2026-04-25 13:45:00,ACTIVE,29.93,24.81,0.08885394680428282,76.43675181602319
2026-04-25 13:50:00,ACTIVE,30.09,24.62,0.08020910851080942,73.07551132566317
2026-04-25 13:55:00,ACTIVE,30.26,24.41,0.07889036893235668,72.56276594895877
2026-04-25 14:00:00,ACTIVE,30.41,24.18,0.08314243107713726,74.21603035522924
2026-04-25 14:05:00,ACTIVE,30.57,23.98,0.0860355946491358,75.34093497614944
2026-04-25 14:10:00,ACTIVE,30.73,23.73,0.08103313924237704,73.39590661429884
2026-04-25 14:15:00,ACTIVE,30.9,23.55,0.09554056657565019,79.0366080951314
2026-04-25 14:20:00,ACTIVE,31.03,23.32,0.08855148647247141,76.31915078295589
2026-04-25 14:25:00,ACTIVE,31.15,23.13,0.09121567976935929,77.3550283875614
2026-04-25 14:30:00,ACTIVE,31.24,22.96,0.09565975446234504,79.0829501014384
2026-04-25 14:35:00,ACTIVE,31.3,22.93,0.08485655456739333,74.88250682191754
2026-04-25 14:40:00,ACTIVE,31.36,22.87,0.08349452882656189,74.35293114755802
2026-04-25 14:45:00,ACTIVE,31.44,22.89,0.08725395931914837,75.81465310965832
2026-04-25 14:50:00,ACTIVE,31.52,22.9,0.056586189836504264,63.890572515586996
2026-04-25 14:55:00,ACTIVE,31.62,22.8,0.05345414152797928,62.672785989686815
2026-04-25 15:00:00,ACTIVE,31.67,22.74,0.05229175678354786,62.22083367597965
2026-04-25 15:05:00,ACTIVE,31.74,22.7,0.06422639282532772,66.86119599850294
2026-04-25 15:10:00,ACTIVE,31.79,22.56,0.07616674172862581,71.50377956575043
2026-04-25 15:15:00,ACTIVE,31.84,22.45,0.05380026011747613,62.80736199654648
2026-04-25 15:20:00,ACTIVE,31.93,22.34,0.059355986083868606,64.96751010315495
2026-04-25 15:25:00,ACTIVE,32.01,22.3,0.05575083451237667,63.56577405852213
2026-04-25 16:55:00,ACTIVE,30.54,23.62,0.013838933468865389,47.26980945710559
2026-04-25 17:00:00,ACTIVE,30.53,23.68,0.009436728914583803,45.55816747001721
2026-04-25 17:05:00,ACTIVE,30.5,23.85,0.021760475979337668,50.34982189093095
2026-04-25 17:10:00,ACTIVE,30.46,23.99,0.015174041678265582,47.78891919867658
2026-04-25 18:00:00,ACTIVE,29.48,26.14,0.049771766835167985,61.241024457779524
2026-04-25 18:05:00,ACTIVE,29.54,26.17,0.07488730629388024,71.00631621917576
2026-04-25 18:10:00,ACTIVE,29.56,26.29,0.04989684704323699,61.28965748544664
2026-04-25 18:15:00,ACTIVE,29.59,26.61,0.06664976852523286,67.80344017350681
2026-04-25 18:20:00,ACTIVE,29.61,26.97,0.0750633203105932,71.07475306203645
2026-04-25 18:25:00,ACTIVE,29.61,27.37,0.07642511835919441,71.60424020630234
2026-04-25 18:30:00,ACTIVE,29.6,27.79,0.055659672387759485,63.53032888140622
2026-04-25 18:35:00,ACTIVE,29.57,28.22,0.05188212313066848,62.06156207672813
2026-04-25 18:40:00,ACTIVE,29.53,28.61,0.04648325721279489,59.962403467956726
2026-04-25 18:45:00,ACTIVE,29.49,28.96,0.03432284854075751,55.23425742054761
2026-04-25 18:50:00,ACTIVE,29.43,29.3,0.0433471187024721,58.74302661133781
2026-04-25 18:55:00,ACTIVE,29.35,29.61,0.04014155963244903,57.49665801835477
2026-04-25 19:00:00,ACTIVE,29.28,29.94,0.050259782409367626,61.43077210281812
2026-04-25 19:05:00,ACTIVE,29.19,30.3,0.04331984976202646,58.73242404554728
2026-04-25 19:10:00,ACTIVE,29.09,30.65,0.04009772587978555,57.479614809529444
2026-04-25 19:15:00,ACTIVE,28.96,31.02,0.05055689006037556,61.54629193472957
2026-04-25 19:20:00,ACTIVE,28.85,31.42,0.06557487059779149,67.3855040231629
2026-04-25 19:25:00,ACTIVE,28.76,31.81,0.05717057413040927,64.11778973861902
2026-04-25 19:30:00,ACTIVE,28.66,32.32,0.06677106098464958,67.85060046869414
2026-04-25 19:35:00,ACTIVE,28.56,33.02,0.07763420281309119,72.07435005506272
2026-04-25 19:40:00,ACTIVE,28.45,33.83,0.05814906214417015,64.4982402941451
2026-04-25 19:45:00,ACTIVE,28.37,34.64,0.06669159983393708,67.81970480261937
2026-04-25 19:50:00,ACTIVE,28.27,35.52,0.062440350027844094,66.16675624559858
2026-04-25 19:55:00,ACTIVE,28.16,36.58,0.0571826018420768,64.1224662901161
2026-04-25 22:15:00,ACTIVE,31.26,37.44,0.05597193122881361,63.651739719225645
2026-04-25 22:20:00,ACTIVE,30.07,37.0,0.06495356003311503,67.14392932203104
2026-04-25 22:25:00,ACTIVE,29.88,41.92,0.05770466765530613,64.32545316974159
2026-04-25 22:30:00,ACTIVE,30.72,36.0,0.05712765511311102,64.10110219238022
2026-04-25 22:35:00,ACTIVE,29.59,42.1,0.059391267746670195,64.98122813344655
2026-04-25 22:40:00,ACTIVE,31.17,36.93,0.055662548555352576,63.53144717774014
2026-04-25 22:45:00,ACTIVE,29.93,36.51,0.0670977074186282,67.97760541461076
2026-04-25 22:50:00,ACTIVE,30.83,38.02,0.07695523169416008,71.81035608094069
2026-04-25 22:55:00,ACTIVE,30.37,35.49,0.08160952640984914,73.62001443675443
2026-04-25 23:00:00,ACTIVE,30.5,38.39,0.07793370533552091,72.19080104826588
2026-04-25 23:05:00,ACTIVE,30.53,35.11,0.08068140408134183,73.25914680167777
2026-04-25 23:10:00,ACTIVE,30.11,38.72,0.04139575693818348,57.984308408544
2026-04-25 23:15:00,ACTIVE,30.7,34.54,0.06863422807949199,68.57502728466116
2026-04-25 23:20:00,ACTIVE,29.5,36.53,0.08009629461683937,73.03164762163372
2026-04-25 23:25:00,ACTIVE,30.67,36.18,0.08385323951497176,74.49240314799074
2026-04-25 23:30:00,ACTIVE,30.07,35.11,0.08782408898246336,76.03632792230768
2026-04-25 23:35:00,ACTIVE,30.0,37.19,0.0853218004287079,75.06340126712696
2026-04-25 23:40:00,ACTIVE,30.45,34.1,0.08317230559412264,74.22764600756562
2026-04-25 23:45:00,ACTIVE,29.4,37.43,0.08720938134946465,75.79732053829119
2026-04-25 23:50:00,ACTIVE,30.77,33.24,0.09314692272423536,78.10592410085113
2026-04-25 23:55:00,ACTIVE,29.58,34.85,0.09939845048618945,80.53661019661696
2026-04-26 00:00:00,ACTIVE,30.17,34.72,0.09364234796124676,78.29855273195533
2026-04-26 00:05:00,ACTIVE,30.21,32.95,0.08701165205176475,75.72044047425794
2026-04-26 00:10:00,ACTIVE,29.74,34.71,0.10859767133151249,84.11340279069105
2026-04-26 00:15:00,ACTIVE,30.81,31.33,0.11410050262826954,86.25298467046369
2026-04-26 00:20:00,ACTIVE,29.6,33.93,0.09880493988013,80.30584452896402
2026-04-26 00:25:00,ACTIVE,31.15,30.52,0.10853472959007088,84.08893011431641
2026-04-26 00:30:00,ACTIVE,29.79,32.1,0.09458951003024196,78.6668232986406
2026-04-26 00:35:00,ACTIVE,30.76,31.21,0.10411390168239293,82.37004709305515
2026-04-26 00:40:00,ACTIVE,29.98,31.16,0.10267545261516536,81.81075690347043
2026-04-26 00:45:00,ACTIVE,30.59,30.81,0.10207534829757586,81.5774275036314
2026-04-26 00:50:00,ACTIVE,30.21,29.99,0.10808759579008476,83.91507790539117
2026-04-26 00:55:00,ACTIVE,30.11,30.8,0.11539613777997587,86.75674670565836
2026-04-26 01:00:00,ACTIVE,30.63,28.58,0.11144770858830788,85.22153926489297
2026-04-26 01:05:00,ACTIVE,30.14,29.96,0.1196070196858467,88.39399962834439
2026-04-26 01:10:00,ACTIVE,30.92,27.64,0.12656237199375836,91.09834307681837
2026-04-26 01:15:00,ACTIVE,30.51,28.97,0.11101346923225702,85.0527006057398
2026-04-26 01:20:00,ACTIVE,30.75,27.53,0.11743699468073987,87.5502619360193
2026-04-26 01:25:00,ACTIVE,30.75,28.27,0.11081387977666196,84.97509728491175
2026-04-26 01:30:00,ACTIVE,30.89,26.94,0.11832373377166322,87.89503915863628
2026-04-26 01:35:00,ACTIVE,31.18,27.21,0.12297528925997175,89.70363246248823
2026-04-26 01:40:00,ACTIVE,30.67,26.8,0.12655241832086372,91.0944729421524
2026-04-26 01:45:00,ACTIVE,31.35,26.48,0.11640725169221794,87.14988269118167
2026-04-26 01:50:00,ACTIVE,30.58,26.7,0.11851369536445766,87.96889902456297
2026-04-26 01:55:00,ACTIVE,31.71,25.43,0.12506602790830823,90.51654245119846
2026-04-26 02:00:00,ACTIVE,30.6,26.81,0.1324270485552953,93.37861572649716
2026-04-26 02:05:00,ACTIVE,31.78,24.65,0.1337404799810628,93.88929721523411
2026-04-26 02:10:00,ACTIVE,30.87,26.29,0.1266574751524211,91.13532058603327
2026-04-26 02:15:00,ACTIVE,31.65,24.42,0.13364442957870792,93.85195140371621
2026-04-26 02:20:00,ACTIVE,31.19,25.64,0.1344763032838472,94.17539615602476
2026-04-26 02:25:00,ACTIVE,31.18,24.68,0.12623101358887046,90.96950604719211
2026-04-26 02:30:00,ACTIVE,31.44,25.01,0.1322846423224559,93.3232460851401
2026-04-26 02:35:00,ACTIVE,30.64,25.34,0.1333711144793459,93.74568246641337
2026-04-26 02:40:00,ACTIVE,31.73,24.28,0.12700273573290433,91.26956298634764
2026-04-26 02:45:00,ACTIVE,30.83,25.18,0.1350083566204433,94.38226633187851
2026-04-26 02:50:00,ACTIVE,31.8,23.2,0.13577971798382749,94.68218299420215
2026-04-26 02:55:00,ACTIVE,31.2,24.37,0.1352353923515613,94.47054116898776
2026-04-26 03:00:00,ACTIVE,31.35,23.25,0.14096365240075498,96.6977730688832
2026-04-26 03:05:00,ACTIVE,31.56,23.68,0.12885926423965988,91.99140862146213
2026-04-26 03:10:00,ACTIVE,30.69,24.45,0.12938270156295223,92.19492876440619
2026-04-26 03:15:00,ACTIVE,31.85,23.16,0.12634417971018935,91.01350670240406
2026-04-26 03:20:00,ACTIVE,31.05,24.02,0.13663728432732763,95.01561742282749
2026-04-26 03:25:00,ACTIVE,31.87,22.3,0.13225561227321797,93.31195877430523
2026-04-26 03:30:00,ACTIVE,31.44,23.23,0.14049422259962602,96.5152518462332
2026-04-26 03:35:00,ACTIVE,31.23,22.5,0.13801086877293411,95.54968729189454
2026-04-26 03:40:00,ACTIVE,31.79,22.34,0.1443843969826349,98.02780895914097
2026-04-26 03:45:00,ACTIVE,30.99,22.94,0.1242538956740325,90.20077347360693
2026-04-26 03:50:00,ACTIVE,31.99,21.2,0.13639517584975486,94.92148207983426
2026-04-26 03:55:00,ACTIVE,31.34,22.18,0.1349695802281911,94.36718949928968
2026-04-26 04:00:00,ACTIVE,31.35,21.16,0.12430224239929444,90.21957139266685
2026-04-26 04:05:00,ACTIVE,31.77,21.2,0.1263729965869262,91.0247111286299
2026-04-26 04:10:00,ACTIVE,31.08,21.68,0.11629001839473074,87.104300657955
2026-04-26 04:15:00,ACTIVE,31.94,20.01,0.12417225157056505,90.16902904334026
2026-04-26 04:20:00,ACTIVE,31.47,20.79,0.1329225965060728,93.57129207052152
2026-04-26 04:25:00,ACTIVE,31.38,19.93,0.13637985075742443,94.91552345815613
2026-04-26 04:30:00,ACTIVE,31.72,20.03,0.14013948838767154,96.37732595843059
2026-04-26 04:35:00,ACTIVE,31.02,20.31,0.1356968861169478,94.64997674402183
2026-04-26 04:40:00,ACTIVE,32.05,19.25,0.14106202844528204,96.73602312434062
2026-04-26 04:45:00,ACTIVE,31.16,19.94,0.14059903571853943,96.55600473104755
2026-04-26 04:50:00,ACTIVE,31.99,18.33,0.1350556475061045,94.40065372494627
2026-04-26 04:55:00,ACTIVE,31.54,19.07,0.13739365002622195,95.30970354987076
2026-04-26 05:00:00,ACTIVE,31.67,18.15,0.1261205035816173,90.92653812826069
2026-04-26 05:05:00,ACTIVE,31.86,18.49,0.12809597332674455,91.69462986918035
2026-04-26 05:10:00,ACTIVE,31.17,18.97,0.13886250259336025,95.88081506814659
2026-04-26 05:15:00,ACTIVE,32.12,18.16,0.1388545706496891,95.87773101158825
2026-04-26 05:20:00,ACTIVE,31.43,18.72,0.13341101275364936,93.76119550327209
2026-04-26 05:25:00,ACTIVE,32.25,18.04,0.12255302621656633,89.5394503701351
2026-04-26 05:30:00,ACTIVE,31.55,18.68,0.13442357742828093,94.15489556658609
2026-04-26 05:35:00,ACTIVE,32.37,17.94,0.1300750970083726,92.46414231444389
2026-04-26 05:40:00,ACTIVE,31.7,18.57,0.1258123598698624,90.80672731333979
2026-04-26 05:45:00,ACTIVE,32.48,17.83,0.12956450317969803,92.26561591142666
2026-04-26 05:50:00,ACTIVE,31.79,18.49,0.11536458878956596,86.744479993385
2026-04-26 05:55:00,ACTIVE,32.5,17.53,0.12633761356330742,91.01095368775924
2026-04-26 06:00:00,ACTIVE,31.95,18.42,0.1277369863180406,91.55505043134633
2026-04-26 06:05:00,ACTIVE,31.62,18.15,0.12879450029176942,91.96622744437416
2026-04-26 06:10:00,ACTIVE,32.12,18.31,0.13296155756681544,93.5864407049401
2026-04-26 06:15:00,ACTIVE,31.53,18.72,0.13025500747452567,92.53409415425213
2026-04-26 06:20:00,ACTIVE,32.29,18.25,0.12297889153863739,89.70503308150475
2026-04-26 06:25:00,ACTIVE,31.62,18.9,0.12230425198742934,89.44272328472917
2026-04-26 06:30:00,ACTIVE,32.42,18.27,0.12768567766260552,91.53510087019787
2026-04-26 06:35:00,ACTIVE,31.69,19.05,0.13341416214826124,93.76242003429628
2026-04-26 06:40:00,ACTIVE,32.42,18.5,0.11055331847815275,84.87378721327848
2026-04-26 06:45:00,ACTIVE,31.67,19.33,0.12631697489186117,91.00292906823746
2026-04-26 06:50:00,ACTIVE,32.4,18.98,0.12436293908855783,90.24317115967891
2026-04-26 06:55:00,ACTIVE,31.7,20.01,0.12779891730314608,91.57913011076631
2026-04-26 13:40:00,ACTIVE,30.33,29.53,0.009252410196678995,45.48650163698241
2026-04-26 13:45:00,ACTIVE,30.58,28.97,0.014594424367555259,47.56355544894121
2026-04-26 13:50:00,ACTIVE,30.8,28.38,0.020983053176705957,50.047548451726456
2026-04-26 13:55:00,ACTIVE,31.0,27.79,0.008371523625773536,45.14399996037184
2026-04-26 14:00:00,ACTIVE,31.19,27.22,0.01586420034693442,48.05726305695951
2026-04-26 14:05:00,ACTIVE,31.34,26.74,-0.005211603325975034,39.86268008532145
2026-04-26 18:05:00,ACTIVE,29.4,31.16,0.04269949069044254,58.49121929894788
2026-04-26 18:10:00,ACTIVE,29.51,31.24,0.03265734581245644,54.586685422422775
2026-04-26 18:15:00,ACTIVE,29.62,31.28,0.05084923360405724,61.65995941152437
2026-04-26 18:20:00,ACTIVE,29.71,31.42,0.06314439670275396,66.44049996531592
2026-04-26 18:25:00,ACTIVE,29.77,31.57,0.07804947589130118,72.23581434596676
2026-04-26 18:30:00,ACTIVE,29.8,31.71,0.06967928204618923,68.98135966338548
2026-04-26 18:35:00,ACTIVE,29.81,31.82,0.07108494112186353,69.527900621169
2026-04-26 18:40:00,ACTIVE,29.81,31.95,0.07260832916003057,70.12021633403582
2026-04-26 18:45:00,ACTIVE,29.79,32.05,0.06952179607077896,68.92012679595145
2026-04-26 18:50:00,ACTIVE,29.77,32.19,0.059596588200602096,65.06105975086108
2026-04-26 18:55:00,ACTIVE,29.72,32.42,0.05953672791142378,65.03778518852454
2026-04-26 19:00:00,ACTIVE,29.69,32.62,0.03519571935738269,55.57364245380024
2026-04-26 19:05:00,ACTIVE,29.62,32.92,0.03193186402661591,54.304607415778406
2026-04-26 19:10:00,ACTIVE,29.61,33.22,0.020381484937151195,49.813649857459794
2026-04-26 19:15:00,ACTIVE,29.54,33.59,0.034331045172641905,55.237444391782816
2026-04-26 19:20:00,ACTIVE,29.47,33.99,0.03219879587349028,54.40839445047148
2026-04-26 19:25:00,ACTIVE,29.42,34.42,0.025782878276523424,51.913791164945636
2026-04-26 19:30:00,ACTIVE,29.34,34.87,0.040256452074079685,57.54132989233729
2026-04-26 19:35:00,ACTIVE,29.28,35.45,0.035324036073877574,55.62353388362587
2026-04-26 19:40:00,ACTIVE,29.18,36.09,0.048884267444072704,60.89595161925442
2026-04-26 19:45:00,ACTIVE,29.1,36.87,0.03813066176142166,56.714791300132994
2026-04-26 19:50:00,ACTIVE,29.03,37.75,0.038274765530822985,56.770820968714645
2026-04-26 19:55:00,ACTIVE,28.95,38.62,0.039844890453226145,57.38130867073323
2026-04-26 20:00:00,ACTIVE,28.85,39.41,0.03323360561031047,54.810743721694365
2026-04-26 21:20:00,ACTIVE,28.21,40.3,0.09473765004931367,78.72442232055896
2026-04-26 21:25:00,ACTIVE,27.98,40.58,0.08069569940420113,73.26470503381425
2026-04-26 21:30:00,ACTIVE,29.68,38.13,0.09152043512012342,77.47352175780937
2026-04-26 21:35:00,ACTIVE,29.44,37.07,0.09018494811567751,76.95426473514392
2026-04-26 21:40:00,ACTIVE,28.82,38.15,0.09914005060157927,80.4361405145511
2026-04-26 21:45:00,ACTIVE,28.43,38.9,0.09679181750578975,79.52311289108125
2026-04-26 21:50:00,ACTIVE,28.11,39.42,0.09123891050748545,77.36406084079648
2026-04-26 21:55:00,ACTIVE,29.83,36.71,0.07391530228042187,70.62838673849416
2026-04-26 22:00:00,ACTIVE,29.38,36.21,0.075482792122817,71.23784988258379
2026-04-26 22:05:00,ACTIVE,28.76,37.25,0.08951757895585138,76.69478177365016
2026-04-26 22:10:00,ACTIVE,28.29,37.95,0.08298550115678305,74.1550136901932
2026-04-26 22:15:00,ACTIVE,29.93,35.43,0.09415330702055308,78.49722114202302
2026-04-26 22:20:00,ACTIVE,29.64,34.64,0.08145087934818779,73.55833012188005
2026-04-26 22:25:00,ACTIVE,28.83,36.12,0.06403878169661686,66.78825002764064
2026-04-26 22:30:00,ACTIVE,30.3,34.21,0.06942281673936435,68.8816421736641
2026-04-26 23:05:00,ACTIVE,30.05,33.53,0.037600007848636485,56.50846524087425
2026-04-26 23:10:00,ACTIVE,29.03,35.65,0.05216417422684405,62.17122769829696
2026-04-26 23:15:00,ACTIVE,30.57,33.87,0.07240791180008976,70.04229111180086
2026-04-26 23:20:00,ACTIVE,29.88,34.14,0.08033468310785757,73.12433657904906
2026-04-26 23:25:00,ACTIVE,30.36,34.49,0.060035431287441154,65.23168840837012
2026-04-26 23:30:00,ACTIVE,30.32,33.46,0.07792694297343727,72.18817174225988
2026-04-26 23:35:00,ACTIVE,29.31,36.49,0.07329744307734593,70.3881539776005
2026-04-26 23:40:00,ACTIVE,30.89,32.87,0.08267098587395771,74.03272551456965
2026-04-26 23:45:00,ACTIVE,29.63,34.83,0.09660696589429801,79.45123986116889
2026-04-26 23:50:00,ACTIVE,31.04,33.41,0.08111521075479866,73.42781722746379
2026-04-26 23:55:00,ACTIVE,29.95,34.17,0.09581944513337692,79.14504018701123
2026-04-27 00:00:00,ACTIVE,31.1,33.36,0.0938726887194477,78.38811261228643
2026-04-27 00:05:00,ACTIVE,30.18,33.68,0.10046860701517918,80.95270282138927
2026-04-27 00:10:00,ACTIVE,31.24,33.16,0.08418703682326661,74.62218845919327
2026-04-27 00:15:00,ACTIVE,30.26,33.48,0.09833893212929967,80.12465384988619
2026-04-27 00:20:00,ACTIVE,31.34,33.03,0.10143530159520292,81.32856791612915
2026-04-27 00:25:00,ACTIVE,30.28,33.45,0.08642860444505063,75.49374297489875
2026-04-27 00:30:00,ACTIVE,31.23,33.29,0.10485064286979795,82.65650292090923
2026-04-27 00:35:00,ACTIVE,30.17,33.66,0.10872548862740078,84.16310003842702
2026-04-27 00:40:00,ACTIVE,31.24,33.26,0.10640008930828992,83.25895052373313
2026-04-27 00:45:00,ACTIVE,30.29,33.49,0.0829245813481233,74.1313271710727
2026-04-27 00:50:00,ACTIVE,31.41,32.86,0.10198775866319015,81.54337136334992
2026-04-27 00:55:00,ACTIVE,30.06,35.4,0.10644761273120307,83.27742833071036
2026-04-27 01:00:00,ACTIVE,31.41,33.01,0.11249157243016833,85.62740890554699
2026-04-27 01:05:00,ACTIVE,30.26,35.78,0.10345934833379672,82.11554710777915
2026-04-27 01:10:00,ACTIVE,31.46,32.52,0.10904231747307486,84.2862877613712
2026-04-27 01:15:00,ACTIVE,30.56,35.73,0.1020346161105834,81.5615902292334
2026-04-27 01:20:00,ACTIVE,31.38,32.46,0.11733638747002245,87.51114437027596
2026-04-27 01:25:00,ACTIVE,30.81,35.78,0.10526430733617881,82.81734175983492
2026-04-27 01:30:00,ACTIVE,31.22,32.86,0.11151263108679288,85.246782088788
2026-04-27 01:35:00,ACTIVE,31.05,35.96,0.09401550323146424,78.44364099860263
2026-04-27 01:40:00,ACTIVE,31.04,33.44,0.0940184596063166,78.44479048070062
2026-04-27 01:45:00,ACTIVE,31.29,36.26,0.09732908799715595,79.73201157357241
2026-04-27 01:50:00,ACTIVE,31.07,33.66,0.09926194926559073,80.48353651101588
2026-04-27 01:55:00,ACTIVE,31.52,36.81,0.09765430716377693,79.85846157691287
2026-04-27 02:00:00,ACTIVE,31.07,33.95,0.09558794858548075,79.05503091861871
2026-04-27 02:05:00,ACTIVE,31.73,37.46,0.09608161845324231,79.24697703629724
2026-04-27 02:10:00,ACTIVE,30.89,40.24,0.07672734256029645,71.721749428271
2026-04-27 02:15:00,ACTIVE,31.91,38.12,0.08097960457385234,73.37509154646592
2026-04-27 02:20:00,ACTIVE,31.07,41.36,0.08573377550020228,75.22358324443142
2026-04-27 02:25:00,ACTIVE,32.01,36.53,0.09455592990452466,78.65376685103558
2026-04-27 02:30:00,ACTIVE,31.18,42.16,0.10553183987130776,82.92136235097112
2026-04-27 02:35:00,ACTIVE,31.94,36.0,0.10447761220762947,82.5114631037072
2026-04-27 02:40:00,ACTIVE,31.46,42.24,0.11126566039189795,85.1507562440663
2026-04-27 02:45:00,ACTIVE,31.87,35.32,0.10829037861566593,83.9939228555168
2026-04-27 02:50:00,ACTIVE,31.68,42.42,0.1055897001572133,82.94385928256976
2026-04-27 02:55:00,ACTIVE,31.75,35.2,0.11459267114831923,86.44434704203292
2026-04-27 03:00:00,ACTIVE,31.81,42.97,0.09916416528573124,80.44551665902392
2026-04-27 03:05:00,ACTIVE,31.71,35.14,0.10185041227444036,81.4899690639201
2026-04-27 03:10:00,ACTIVE,31.9,43.39,0.0911779531710295,77.34035973031592
2026-04-27 03:15:00,ACTIVE,31.62,35.29,0.09666050416501343,79.47205632958662
2026-04-27 03:20:00,ACTIVE,31.95,43.82,0.0717926532559609,69.80306952542057
2026-04-27 03:25:00,ACTIVE,31.58,35.38,0.06706031690189268,67.96306743084052
2026-04-27 03:30:00,ACTIVE,31.96,44.22,0.07092399174866543,69.46532113364982
2026-04-27 03:35:00,ACTIVE,31.61,35.39,0.07127511195353808,69.60184184225493
2026-04-27 03:40:00,ACTIVE,32.05,44.28,0.06581860854141502,67.48027292656309
2026-04-27 03:45:00,ACTIVE,31.66,35.28,0.06646183855743792,67.73037023331125
2026-04-27 03:50:00,ACTIVE,32.06,44.65,0.0870859483215134,75.74932795852128
2026-04-27 03:55:00,ACTIVE,31.76,35.36,0.07331207735882117,70.39384400184063
2026-04-27 04:00:00,ACTIVE,31.99,45.41,0.08425479602813252,74.64853423632154
2026-04-27 04:05:00,ACTIVE,32.04,35.63,0.08805867659301664,76.12753904140101
2026-04-27 04:10:00,ACTIVE,32.06,45.58,0.08417616149075441,74.61795996968944
2026-04-27 04:15:00,ACTIVE,31.58,35.65,0.07712289990368842,71.87554795101168
2026-04-27 04:20:00,ACTIVE,31.99,46.18,0.08642089104101236,75.49074388976936
2026-04-27 04:25:00,ACTIVE,31.93,35.79,0.09272145203062931,77.94049482684262
2026-04-27 04:30:00,ACTIVE,31.94,46.74,0.07765490500040978,72.08239937049142
2026-04-27 04:35:00,ACTIVE,31.78,35.92,0.0765300056080761,71.6450219139405
2026-04-27 04:40:00,ACTIVE,31.93,47.05,0.08083155317182478,73.31752698015988
2026-04-27 04:45:00,ACTIVE,32.6,44.93,0.08100549199213736,73.38515695608685
2026-04-27 04:50:00,ACTIVE,31.76,48.33,0.07080812665662073,69.42027107885657
2026-04-27 04:55:00,ACTIVE,32.45,45.75,0.08095874818992649,73.36698227712458
2026-04-27 05:00:00,ACTIVE,31.68,49.92,0.08600559304643435,75.32926991101434
2026-04-27 05:05:00,ACTIVE,32.26,46.63,0.09666693384906044,79.47455628547074
2026-04-27 05:10:00,ACTIVE,32.8,44.91,0.09334194674569568,78.18175231362639
2026-04-27 05:15:00,ACTIVE,31.91,48.42,0.09652844279700323,79.420708924083
2026-04-27 05:20:00,ACTIVE,32.52,45.99,0.10388787458212667,82.2821644264809
2026-04-27 05:25:00,ACTIVE,32.89,40.04,0.10994076583871637,84.6356177225079
2026-04-27 05:30:00,ACTIVE,32.13,47.56,0.10684447270086261,83.43173333373511
2026-04-27 05:35:00,ACTIVE,32.69,45.44,0.10569125106170851,82.98334377035708
2026-04-27 05:40:00,ACTIVE,32.63,35.57,0.11418464704216336,86.28570125826047
2026-04-27 05:45:00,ACTIVE,32.28,46.69,0.1068553359001439,83.43595710565998
2026-04-27 05:50:00,ACTIVE,32.78,44.8,0.10085916587082666,81.10455785845365
2026-04-27 05:55:00,ACTIVE,31.99,44.87,0.09674426794582097,79.50462492163172
2026-04-27 06:00:00,ACTIVE,32.38,45.87,0.10322461474698597,82.0242792309663
2026-04-27 06:05:00,ACTIVE,32.87,43.68,0.10867326164720592,84.14279341908252
2026-04-27 06:10:00,ACTIVE,32.01,46.9,0.11419767154354066,86.29076537628211
2026-04-27 06:15:00,ACTIVE,32.6,44.55,0.11618415294412193,87.06313861107378
2026-04-27 06:20:00,ACTIVE,32.63,35.52,0.10793943091102809,83.85746921754439
2026-04-27 06:25:00,ACTIVE,32.18,45.59,0.11237802342128178,85.58325937800777
2026-04-27 06:30:00,ACTIVE,32.71,43.72,0.11186211733567591,85.38266749123173
2026-04-27 06:35:00,ACTIVE,32.6,34.61,0.11385842610814045,86.15886175299539
2026-04-27 06:40:00,ACTIVE,32.25,45.03,0.1042784994927024,82.43404514667455
2026-04-27 06:45:00,ACTIVE,32.72,43.49,0.09883760194884234,80.31854402248003
2026-04-27 06:50:00,ACTIVE,33.03,42.55,0.0805675103222584,73.2148632301829
2026-04-27 06:55:00,ACTIVE,32.22,42.73,0.09003191207656858,76.89476206850347
2026-04-27 07:00:00,ACTIVE,32.47,44.34,0.09382132988532133,78.36814354092351
2026-04-27 07:05:00,ACTIVE,32.87,43.04,0.09982861801536319,80.70386566949128
2026-04-27 07:10:00,ACTIVE,32.18,38.52,0.09647864101648956,79.40134525810431
2026-04-27 07:15:00,ACTIVE,32.43,44.04,0.0938724826415368,78.3880324861586
2026-04-27 07:20:00,ACTIVE,32.89,42.4,0.09795030258285864,79.97354895666521
2026-04-27 07:25:00,ACTIVE,32.01,45.04,0.10217594394753865,81.61654057438301
2026-04-27 07:30:00,ACTIVE,32.57,39.28,0.10831198134298198,84.0023223141639
2026-04-27 07:35:00,ACTIVE,31.92,44.65,0.1097952545340754,84.57904078348828
2026-04-27 07:40:00,ACTIVE,32.19,35.67,0.11194744126210066,85.41584269087797
2026-04-27 07:45:00,ACTIVE,31.96,44.01,0.10059003208650474,80.99991467804047
2026-04-27 07:50:00,ACTIVE,31.88,34.95,0.10220578941613806,81.62814493227897
2026-04-27 07:55:00,ACTIVE,32.0,43.68,0.10279078545124953,81.85560000930468
2026-04-27 08:00:00,ACTIVE,31.16,46.98,0.07946194106460974,72.7850016147827
2026-04-27 08:05:00,ACTIVE,31.95,38.84,0.0938499910111451,78.37928740889973
2026-04-27 08:10:00,ACTIVE,31.27,46.05,0.10582830697267676,83.03663312774592
2026-04-27 09:10:00,ACTIVE,30.87,37.25,0.10940507579958919,84.42733354313161
2026-04-27 09:15:00,ACTIVE,29.63,44.1,0.1293566105382677,92.18478418961745
2026-04-27 09:20:00,ACTIVE,31.0,39.25,0.11546248897472483,86.78254502770938
2026-04-27 09:25:00,ACTIVE,29.82,38.6,0.13077514386653571,92.73633084648198
2026-04-27 09:30:00,ACTIVE,29.71,45.04,0.12674428705933194,91.16907433441447
2026-04-27 09:35:00,ACTIVE,30.48,37.94,0.11849428501631537,87.96135199523832
2026-04-27 09:40:00,ACTIVE,29.44,39.42,0.12717114155506537,91.33504165107725
2026-04-27 09:45:00,ACTIVE,28.73,40.8,0.1161022762362256,87.03130374077824
2026-04-27 09:50:00,ACTIVE,30.36,40.67,0.10693894771688689,83.46846661183793
2026-04-27 09:55:00,ACTIVE,29.52,39.37,0.11453765401794963,86.42295557119402
2026-04-27 10:00:00,ACTIVE,28.82,40.78,0.11012387167173704,84.70681196803068
2026-04-27 10:05:00,ACTIVE,28.36,41.79,0.12944971480551104,92.22098450039942
2026-04-27 10:10:00,ACTIVE,28.68,45.69,0.1267024337645246,91.15280115678111
2026-04-27 10:15:00,ACTIVE,29.83,39.2,0.12249202480905019,89.51573212417705
2026-04-27 10:20:00,ACTIVE,29.05,40.72,0.1152325147336874,86.69312765465124
2026-04-27 11:10:00,ACTIVE,28.33,43.11,0.08197597025877146,73.76249320392478
2026-04-27 11:15:00,ACTIVE,28.19,43.61,0.07348203403006226,70.45992565954077
2026-04-27 11:20:00,ACTIVE,28.11,43.94,0.09456802455447644,78.65846942912376
2026-04-27 11:25:00,ACTIVE,28.06,44.12,0.09986412528161959,80.71767141772987
2026-04-27 11:30:00,ACTIVE,28.04,44.26,0.10302405838418649,81.94629996237201
2026-04-27 11:35:00,ACTIVE,28.05,44.27,0.08714310739694864,75.77155224915833
2026-04-27 11:40:00,ACTIVE,28.13,44.18,0.11139413121544245,85.20070759298322
2026-04-27 11:45:00,ACTIVE,28.19,44.09,0.11453927346525228,86.42358523616413
2026-04-27 11:50:00,ACTIVE,28.26,43.93,0.10543525225441475,82.8838076625262
2026-04-27 11:55:00,ACTIVE,28.34,43.7,0.10332184619998586,82.06208425237503
2026-04-27 12:00:00,ACTIVE,28.45,43.34,0.10682772552281844,83.42522178418028
2026-04-27 12:05:00,ACTIVE,28.53,42.98,0.0972173411989421,79.68856277209417
2026-04-27 12:10:00,ACTIVE,28.59,42.4,0.11327382760918597,85.9315612438843
2026-04-27 12:15:00,ACTIVE,28.54,41.93,0.10559017065636794,82.94404221957281
2026-04-27 12:20:00,ACTIVE,28.47,41.76,0.10617596591037498,83.17180804467976
2026-04-27 13:25:00,ACTIVE,29.29,39.52,0.0876859822533082,75.98262999132638
2026-04-27 13:30:00,ACTIVE,29.42,39.1,0.09296280990520084,78.03433832433055
2026-04-27 13:35:00,ACTIVE,29.55,38.8,0.09917152226661075,80.44837716157811
2026-04-27 13:40:00,ACTIVE,29.68,38.47,0.08474162075655,74.83781886297567
2026-04-27 13:45:00,ACTIVE,29.8,38.17,0.05490603218708884,63.23730246822626
2026-04-27 14:40:00,ACTIVE,30.11,38.43,0.044972530038965675,59.375010485673215
2026-04-27 14:45:00,ACTIVE,30.2,38.23,0.020784716621571775,49.97043227705621
2026-04-27 14:50:00,ACTIVE,30.32,37.96,0.020068199044040114,49.69183968666937
2026-04-27 14:55:00,ACTIVE,30.43,37.69,0.04819604188284471,60.6283593816244
2026-04-27 15:00:00,ACTIVE,30.55,37.3,0.04598859012609369,59.77006961686273
2026-04-27 15:05:00,ACTIVE,30.63,36.95,0.05078652278619539,61.635576521639656
2026-04-27 15:10:00,ACTIVE,30.71,36.64,0.03749514929459852,56.467694690214074
2026-04-27 15:15:00,ACTIVE,30.77,36.35,0.04266963365037435,58.479610441894394
2026-04-27 15:20:00,ACTIVE,30.83,36.17,0.054841163967356554,63.21208074870997
2026-04-27 15:25:00,ACTIVE,30.88,35.86,0.04580821990158107,59.69993901623081
2026-04-27 16:10:00,ACTIVE,30.79,34.47,0.03282605321139831,54.65228134464781
2026-04-27 16:15:00,ACTIVE,30.82,34.48,0.03685661147914021,56.21942178017424
2026-04-27 16:20:00,ACTIVE,30.86,34.52,0.04010061912817203,57.48073974712749
2026-04-27 16:25:00,ACTIVE,30.89,34.7,0.036209894895400496,55.9679688445312
2026-04-27 16:30:00,ACTIVE,30.89,35.03,0.049204836153868725,61.020593456467545
2026-04-27 16:35:00,ACTIVE,30.88,35.34,0.023054703464663595,50.85303660469819
2026-04-27 16:40:00,ACTIVE,30.88,35.48,0.022390674057206017,50.59485218812891
2026-04-27 16:45:00,ACTIVE,30.88,35.59,0.040902446601909226,57.79250208200462
2026-04-27 16:50:00,ACTIVE,30.87,35.65,0.03206372469182556,54.355876785076276
2026-04-27 16:55:00,ACTIVE,30.87,35.71,0.027575807710384093,52.610908543532176
2026-04-27 17:00:00,ACTIVE,30.84,35.9,0.03624872889571079,55.983068075981734
2026-04-27 18:00:00,ACTIVE,27.92,48.31,0.07426249184675054,70.76337915692443
2026-04-27 18:05:00,ACTIVE,27.84,48.57,0.08228134961150974,73.88122919533352
2026-04-27 18:10:00,ACTIVE,27.76,48.85,0.07553155757234215,71.25681060780616
2026-04-27 18:15:00,ACTIVE,27.68,49.04,0.09718612542900301,79.67642562084912
2026-04-27 18:20:00,ACTIVE,27.63,49.18,0.04663473679508895,60.02130096125674
2026-04-27 18:25:00,ACTIVE,27.56,49.24,0.08557040609398764,75.1600628124218
2026-04-27 18:30:00,ACTIVE,27.51,49.44,0.0992578362694077,80.48193731750438
2026-04-27 18:35:00,ACTIVE,27.42,49.47,0.10147525971491927,81.34410422176609
2026-04-27 18:40:00,ACTIVE,27.35,49.49,0.11026003443279614,84.75975405557632
2026-04-27 18:45:00,ACTIVE,27.25,49.58,0.11275737655461898,85.7307574651473
2026-04-27 18:50:00,ACTIVE,28.12,75.02,0.10475419880572934,82.61900404791736
2026-04-27 18:55:00,ACTIVE,29.81,61.45,0.104654814696589,82.58036204208676
2026-04-27 19:00:00,ACTIVE,29.1,48.84,0.07414248769744641,70.71671977568917
2026-04-27 19:05:00,ACTIVE,28.49,48.67,0.05930479512446463,64.94760630395734
2026-04-27 19:10:00,ACTIVE,28.09,48.74,0.06482997201910501,67.09587648139812
2026-04-27 19:15:00,ACTIVE,27.77,48.74,0.07782062765882625,72.14683478162688
2026-04-27 19:20:00,ACTIVE,28.61,79.42,0.07343881023395654,70.44311961081141
2026-04-27 19:25:00,ACTIVE,30.2,66.84,0.09430429728474238,78.55592838123493
2026-04-27 19:30:00,ACTIVE,29.42,48.02,0.07382503890468617,70.5932910081844
2026-04-27 19:35:00,ACTIVE,28.7,48.23,0.08374906998054826,74.45190049830781
2026-04-27 19:40:00,ACTIVE,28.19,48.47,0.06707749728701107,67.96974741768811
2026-04-27 19:45:00,ACTIVE,27.94,64.95,0.09755150638110544,79.81849111807654
2026-04-27 19:50:00,ACTIVE,29.65,82.88,0.052850883214599464,62.438230269817616
2026-04-27 19:55:00,ACTIVE,30.24,49.93,0.08013505255217251,73.0467172779005
2026-04-27 20:00:00,ACTIVE,29.26,47.8,0.08722121299498203,75.8019208563805
2026-04-27 21:20:00,ACTIVE,29.75,44.32,0.029968174481309173,53.54109599010317
2026-04-27 21:25:00,ACTIVE,30.26,74.36,0.04473618145967434,59.28311467599071
2026-04-27 21:30:00,ACTIVE,31.0,46.73,0.04384610893415042,58.93704136489053
2026-04-27 21:35:00,ACTIVE,29.72,44.63,0.048807322919214136,60.86603445438838
2026-04-27 21:40:00,ACTIVE,30.24,74.73,0.05901294509214755,64.83413071165187
2026-04-27 21:45:00,ACTIVE,31.0,46.84,0.059482380583946726,65.01665414691828
2026-04-27 21:50:00,ACTIVE,29.7,54.24,0.0753771538465835,71.19677616444658
2026-04-27 21:55:00,ACTIVE,30.84,69.01,0.09186766612247999,77.60853028717773
2026-04-27 22:00:00,ACTIVE,30.55,44.11,0.06601860323081638,67.55803380826522
2026-04-27 22:05:00,ACTIVE,29.87,71.38,0.10443170489705156,82.49361366501562
2026-04-27 22:10:00,ACTIVE,31.21,65.15,0.10947704577885636,84.4553165313832
2026-04-27 22:15:00,ACTIVE,30.07,43.8,0.08875365775987248,76.39775795802748
2026-04-27 22:20:00,ACTIVE,30.6,69.05,0.12338619183778166,89.86339743844744
2026-04-27 22:25:00,ACTIVE,31.17,44.57,0.09096684378123887,77.25827728935283
2026-04-27 22:30:00,ACTIVE,29.93,66.22,0.11143066118893041,85.2149109848607
2026-04-27 22:35:00,ACTIVE,31.09,63.83,0.11529629250971335,86.71792539358933
2026-04-27 22:40:00,ACTIVE,30.76,42.61,0.07598583880184323,71.43344184262781
2026-04-27 22:45:00,ACTIVE,30.48,68.06,0.10416681546582962,82.39062075161851
2026-04-27 22:50:00,ACTIVE,31.6,51.47,0.08186899282963395,73.72089880340916
2026-04-27 22:55:00,ACTIVE,30.21,61.4,0.09870668505439062,80.26764160515712
2026-04-27 23:00:00,ACTIVE,31.26,61.1,0.09481980950957142,78.75636712913831
2026-04-27 23:05:00,ACTIVE,30.87,41.62,0.05841289021389068,64.60082053455373
2026-04-27 23:10:00,ACTIVE,30.84,63.67,0.09277235015579288,77.96028476777332
2026-04-27 23:15:00,ACTIVE,31.19,42.4,0.07184367084072779,69.82290591400499
2026-04-27 23:20:00,ACTIVE,30.45,66.61,0.0974823622919791,79.79160687754471
2026-04-27 23:25:00,ACTIVE,31.64,56.04,0.09340407261968015,78.20590776871377
2026-04-27 23:30:00,ACTIVE,30.27,57.87,0.08453109373702228,74.75596285615069
2026-04-27 23:35:00,ACTIVE,31.27,59.82,0.08258512797799367,73.99934269969972
2026-04-27 23:40:00,ACTIVE,30.81,41.43,0.07021619564096632,69.19011957922474
2026-04-27 23:45:00,ACTIVE,30.7,63.81,0.10412567937413797,82.37462643312287
2026-04-27 23:50:00,ACTIVE,31.53,44.59,0.09252776861945755,77.86518786309837
2026-04-27 23:55:00,ACTIVE,30.73,63.3,0.1075296832085546,83.69815327413043
2026-04-28 00:00:00,ACTIVE,31.8,56.01,0.1012023009282319,81.23797382408058
2026-04-28 00:05:00,ACTIVE,31.0,52.18,0.0931111338963786,78.09200887731416
2026-04-28 00:10:00,ACTIVE,31.69,56.23,0.1083110077719382,84.00194377539874
2026-04-28 00:15:00,ACTIVE,31.81,39.98,0.0867516131633812,75.61933352337803
2026-04-28 00:20:00,ACTIVE,31.45,57.65,0.10744587928822796,83.66556907524895
2026-04-28 00:25:00,ACTIVE,31.96,41.75,0.09155001741045848,77.48502378811881
2026-04-28 00:30:00,ACTIVE,31.15,59.72,0.10925570381667277,84.36925551552025
2026-04-28 00:35:00,ACTIVE,32.11,52.31,0.10743095977776462,83.65976814977604
2026-04-28 00:40:00,ACTIVE,31.04,60.77,0.11715408837266555,87.44026379546466
2026-04-28 00:45:00,ACTIVE,31.96,54.83,0.1155335394973046,86.81017051765483
2026-04-28 00:50:00,ACTIVE,31.21,49.5,0.10598674514208456,83.09823622223458
2026-04-28 00:55:00,ACTIVE,31.79,55.69,0.12041333729593995,88.70750779438862
2026-04-28 01:00:00,ACTIVE,31.97,39.44,0.10020551472690886,80.85040866364854
2026-04-28 01:05:00,ACTIVE,31.58,56.51,0.12157367376248707,89.1586637074777
2026-04-28 01:10:00,ACTIVE,32.33,48.28,0.09127663903834088,77.37873024943642
2026-04-28 01:15:00,ACTIVE,31.41,57.53,0.11417975482455883,86.28379909198023
2026-04-28 01:20:00,ACTIVE,32.25,53.14,0.10318591264370236,82.00923128302293
2026-04-28 01:25:00,ACTIVE,31.25,59.16,0.11825555008314564,87.86852833601043
2026-04-28 01:30:00,ACTIVE,32.06,53.95,0.1047347188728881,82.61142996303657
2026-04-28 01:35:00,ACTIVE,31.44,46.23,0.08577177691886717,75.23835875587204
2026-04-28 01:40:00,ACTIVE,31.92,54.35,0.11373142665907454,86.10948249615306
2026-04-28 01:45:00,ACTIVE,32.21,39.74,0.09631244756811919,79.33672679689876
2026-04-28 01:50:00,ACTIVE,31.72,54.98,0.1101371251919046,84.71196513193203
2026-04-28 01:55:00,ACTIVE,32.48,51.42,0.11043810783307234,84.82899161710668
2026-04-28 02:00:00,ACTIVE,31.66,55.76,0.11737739992818647,87.5270906182346
2026-04-28 02:05:00,ACTIVE,32.32,51.62,0.11858903641238389,87.99819273397416
2026-04-28 02:10:00,ACTIVE,32.38,38.48,0.10347990648987171,82.12354042173835
2026-04-28 02:15:00,ACTIVE,32.01,52.48,0.11213498908174829,85.48876404624379
2026-04-28 02:20:00,ACTIVE,32.64,49.6,0.1162259008545865,87.07937081372208
2026-04-28 02:25:00,ACTIVE,31.71,54.24,0.11551471019970372,86.80284940934109
2026-04-28 02:30:00,ACTIVE,32.35,50.48,0.11625008446024554,87.08877375589225
2026-04-28 02:35:00,ACTIVE,31.52,54.86,0.11465702422828494,86.46936846761857
2026-04-28 02:40:00,ACTIVE,32.19,50.81,0.12017472403594115,88.61473144348217
2026-04-28 02:45:00,ACTIVE,32.21,37.9,0.11331793076274843,85.94870919974817
2026-04-28 02:50:00,ACTIVE,32.02,50.96,0.11739443522329784,87.53371419194988
2026-04-28 02:55:00,ACTIVE,32.54,42.08,0.11665181949020892,87.24497425418593
2026-04-28 03:00:00,ACTIVE,31.8,50.96,0.1199823774113562,88.53994424205735
2026-04-28 03:05:00,ACTIVE,32.5,47.5,0.11914834365155352,88.21565962867221
2026-04-28 03:10:00,ACTIVE,31.71,50.44,0.10314154653887825,81.99198108783456
2026-04-28 03:15:00,ACTIVE,32.35,46.76,0.10692628336962923,83.46354252704405
2026-04-28 03:20:00,ACTIVE,31.61,49.53,0.0884621599522959,76.28441931589033
2026-04-28 03:25:00,ACTIVE,32.22,45.85,0.09089794256035316,77.23148747957107
2026-04-28 03:30:00,ACTIVE,31.59,47.96,0.08341109199254515,74.320489677242
2026-04-28 03:35:00,ACTIVE,32.22,44.29,0.0827937490193904,74.08045763414715
2026-04-28 03:40:00,ACTIVE,31.49,46.39,0.07505311280534771,71.07078423361283
2026-04-28 03:45:00,ACTIVE,32.21,42.61,0.08100501000097182,73.38496955082066
2026-04-28 03:50:00,ACTIVE,31.58,43.97,0.07205172001622806,69.90379849856674
2026-04-28 03:55:00,ACTIVE,32.29,40.76,0.07467820975246836,70.92501640331703
2026-04-28 04:00:00,ACTIVE,31.83,36.49,0.07651460574613261,71.63903422073524
2026-04-28 04:05:00,ACTIVE,32.25,39.46,0.06733654497613156,68.0704689756915
2026-04-28 04:10:00,ACTIVE,32.19,33.29,0.09325710910935353,78.14876619072865
2026-04-28 04:15:00,ACTIVE,32.15,38.54,0.08587413771240826,75.27815814045226
2026-04-28 04:20:00,ACTIVE,32.45,33.56,0.10487661529845477,82.66660138381515
2026-04-28 04:25:00,ACTIVE,32.11,37.66,0.10002526706822312,80.78032571841582
2026-04-28 04:30:00,ACTIVE,32.7,35.9,0.09628269686838548,79.325159286534
2026-04-28 04:35:00,ACTIVE,31.98,37.4,0.08956520955543157,76.71330125249455
2026-04-28 04:40:00,ACTIVE,32.6,35.73,0.08346702683808327,74.34223796925883
2026-04-28 04:45:00,ACTIVE,31.87,37.37,0.09566682221910794,79.085698149395
2026-04-28 04:50:00,ACTIVE,32.48,35.88,0.10967131438246414,84.53085102656806
2026-04-28 04:55:00,ACTIVE,32.68,32.25,0.10010313225796297,80.8106008513516
2026-04-28 05:00:00,ACTIVE,32.3,36.13,0.10274890186267482,81.83931505300825
2026-04-28 06:10:00,ACTIVE,33.37,30.83,0.06573699029108288,67.4485385483763
2026-04-28 06:15:00,ACTIVE,32.55,32.2,0.06113998011992544,65.66115326743278
2026-04-28 06:20:00,ACTIVE,32.82,31.45,0.06313152809162087,66.43549645971792
2026-04-28 06:25:00,ACTIVE,32.99,30.94,0.06067253775736875,65.47940479018003
2026-04-28 06:30:00,ACTIVE,33.13,30.52,0.06832880441087807,68.45627406258707
2026-04-28 06:35:00,ACTIVE,33.22,30.22,0.07581457346478582,71.36685135637809
2026-04-28 06:40:00,ACTIVE,33.33,29.94,0.07884825268589657,72.54639053184881
2026-04-28 06:45:00,ACTIVE,32.42,31.44,0.07593141327333902,71.41228039531008
2026-04-28 06:50:00,ACTIVE,32.76,30.74,0.07120934308898313,69.57626993876265
2026-04-28 06:55:00,ACTIVE,32.99,30.3,0.0691993975142321,68.79477348736302
2026-04-28 07:00:00,ACTIVE,33.16,29.97,0.06853823906189188,68.5377053404403
2026-04-28 07:05:00,ACTIVE,32.31,31.29,0.06258348748635717,66.2224101982705
2026-04-28 07:10:00,ACTIVE,32.63,30.85,0.0771075976942433,71.86959822653647
2026-04-28 07:15:00,ACTIVE,32.94,30.3,0.09600244766999294,79.21619426937005
2026-04-28 07:20:00,ACTIVE,32.99,28.65,0.09084207365857344,77.20976482745903
2026-04-28 07:25:00,ACTIVE,32.44,31.16,0.10521075293306437,82.79651901890276
2026-04-28 07:30:00,ACTIVE,32.86,30.38,0.11064528390491885,84.90954472610468
2026-04-28 07:35:00,ACTIVE,32.07,31.81,0.08870380004072942,76.37837254228556
2026-04-28 07:40:00,ACTIVE,32.67,30.7,0.1054037187138937,82.87154695739724
2026-04-28 07:45:00,ACTIVE,31.9,32.07,0.0946665812174573,78.69678971169701
2026-04-28 08:00:00,ACTIVE,32.51,30.87,0.09275904584807015,77.95511185692227
2026-04-28 08:05:00,ACTIVE,31.85,31.91,0.0703280299733337,69.23360241527146
2026-04-28 08:10:00,ACTIVE,32.57,30.64,0.0727441567273997,70.1730280933365
2026-04-28 09:05:00,ACTIVE,31.09,31.83,0.096260113321114,79.3163784706381
2026-04-28 09:10:00,ACTIVE,31.65,32.54,0.10625841243146461,83.20386446673974
2026-04-28 09:15:00,ACTIVE,30.63,34.47,0.11378546328601363,86.1304927328127
2026-04-28 09:20:00,ACTIVE,31.44,31.72,0.11214611862962626,85.4930913784271
2026-04-28 09:25:00,ACTIVE,30.65,34.75,0.10388727175533358,82.28193003854247
2026-04-28 09:30:00,ACTIVE,30.79,33.09,0.11648028569197294,87.17827938627484
2026-04-28 09:35:00,ACTIVE,30.31,35.62,0.1142883061533253,86.32600544785942
2026-04-28 09:40:00,ACTIVE,30.74,33.38,0.11220982667759422,85.51786200606895
2026-04-28 09:45:00,ACTIVE,29.8,36.56,0.08956537579398244,76.71336588849226
2026-04-28 09:50:00,ACTIVE,30.82,33.34,0.09986924552580095,80.71966224410264
2026-04-28 09:55:00,ACTIVE,29.6,35.65,0.10521910534622841,82.79976656019458
2026-04-28 10:00:00,ACTIVE,30.88,34.0,0.09844242049147839,80.16489164976484
2026-04-28 10:05:00,ACTIVE,29.82,35.21,0.11441763223254325,86.37628933278239
2026-04-28 10:10:00,ACTIVE,29.46,37.19,0.10368060468000395,82.20157483488913
2026-04-28 10:15:00,ACTIVE,30.51,33.98,0.10199485814077097,81.54613174482786
2026-04-28 10:20:00,ACTIVE,29.49,36.0,0.098181425410031,80.06341291693441
2026-04-28 10:25:00,ACTIVE,28.83,37.42,0.09593053513930377,79.18823361797195
2026-04-28 10:30:00,ACTIVE,30.35,35.42,0.10989560005925358,84.61805660203864
2026-04-28 10:35:00,ACTIVE,29.72,35.5,0.09081873198647572,77.20068924146145
2026-04-28 10:40:00,ACTIVE,28.98,36.99,0.09366672559637712,78.30803111564254
2026-04-28 10:45:00,ACTIVE,28.5,37.91,0.06183168354589341,65.93009775011207
2026-04-28 10:50:00,ACTIVE,29.31,37.21,0.056988909432045765,64.04715582748278
2026-04-28 10:55:00,ACTIVE,29.81,34.94,0.06417033751080409,66.83940086636972
2026-04-28 11:00:00,ACTIVE,29.11,36.16,0.057277574282479815,64.1593929741458
2026-04-28 11:05:00,ACTIVE,28.68,36.97,0.06499232240863961,67.15900070470967
2026-04-28 11:10:00,ACTIVE,28.41,37.47,0.0778847292358208,72.17175841915203
2026-04-28 11:15:00,ACTIVE,28.22,37.69,0.06665332151880354,67.80482162975231
2026-04-28 11:20:00,ACTIVE,28.11,37.67,0.05829036041455998,64.55317914337849
2026-04-28 11:25:00,ACTIVE,28.04,37.55,0.06534844936048373,67.2974681103002
2026-04-28 11:30:00,ACTIVE,28.03,37.34,0.05505363594751833,63.294692984884
2026-04-28 11:35:00,ACTIVE,28.02,37.03,0.05961467471465792,65.06809205398928
2026-04-28 11:40:00,ACTIVE,28.05,36.66,0.06161818503023414,65.84708638181296
2026-04-28 11:45:00,ACTIVE,28.08,36.42,0.08385945456131272,74.49481964957256
2026-04-28 11:50:00,ACTIVE,28.12,36.22,0.07272829718150325,70.16686166823793
2026-04-28 11:55:00,ACTIVE,28.18,36.01,0.09058722583990464,77.11067624096272
2026-04-28 12:00:00,ACTIVE,28.23,35.76,0.06794456567657936,68.30687638181558
2026-04-28 12:05:00,ACTIVE,28.28,35.64,0.09609178353461423,79.2509293696938
2026-04-28 12:10:00,ACTIVE,28.36,35.53,0.09226649383974983,77.7636003794636
2026-04-28 12:15:00,ACTIVE,28.46,35.31,0.09010697103769033,76.92394609840917
2026-04-28 12:20:00,ACTIVE,28.54,35.12,0.0849094772908145,74.9030839564786
2026-04-28 12:25:00,ACTIVE,28.62,35.02,0.0814226168517273,73.54734124687317
2026-04-28 13:25:00,ACTIVE,28.33,33.8,-0.0696517629014829,14.807396664463933
2026-04-28 13:30:00,ACTIVE,28.29,33.78,-0.06496357535617259,16.6302330517675
2026-04-28 13:35:00,ACTIVE,28.27,33.75,-0.07321286550689876,13.422787506801937
2026-04-28 13:40:00,ACTIVE,28.31,33.45,-0.06181253263451403,17.855404885333108
2026-04-28 13:45:00,ACTIVE,28.36,33.26,-0.05311850600470447,21.235770525537912
2026-04-28 13:50:00,ACTIVE,28.41,33.08,-0.04661693849630977,23.763675758481835
2026-04-28 13:55:00,ACTIVE,28.42,32.99,-0.04823600912060888,23.13415724646348
2026-04-28 14:00:00,ACTIVE,28.46,33.03,0.09082400691770198,77.20274021243623
2026-04-28 14:05:00,ACTIVE,28.48,32.99,0.0828541297219686,74.10393454088067
2026-04-28 14:10:00,ACTIVE,28.52,32.9,0.076938138248409,71.80370989739997
2026-04-28 14:15:00,ACTIVE,28.6,32.82,0.08058705739361605,73.22246341950802
2026-04-28 14:20:00,ACTIVE,28.81,32.71,0.08345233468104923,74.33652544214878
2026-04-28 14:25:00,ACTIVE,29.04,32.53,0.07078408908102879,69.41092491532788
2026-04-28 14:30:00,ACTIVE,29.27,32.32,0.06580934972122698,67.47667296086651
2026-04-28 14:35:00,ACTIVE,29.51,32.01,0.04696569569249098,60.14998265648666
2026-04-28 14:40:00,ACTIVE,29.73,31.68,0.05784645831228202,64.38058346613383
2026-04-28 14:45:00,ACTIVE,29.92,31.3,0.07103124264765681,69.5070218632736
2026-04-28 14:50:00,ACTIVE,30.09,30.98,0.0722805334222335,69.99276452186221
2026-04-28 14:55:00,ACTIVE,30.21,30.75,0.06989354127817454,69.06466680939955
2026-04-28 15:00:00,ACTIVE,30.33,30.5,0.07447349679431203,70.84542098921011
2026-04-28 15:05:00,ACTIVE,30.42,30.37,0.07353122546993024,70.47905201608444
2026-04-28 15:10:00,ACTIVE,30.51,30.41,0.06287613400114744,66.3361954746959
2026-04-28 15:15:00,ACTIVE,30.61,30.5,0.06034592484958268,65.35241287974098
2026-04-28 15:20:00,ACTIVE,30.69,30.55,0.06106320437244228,65.63130172569684
2026-04-28 15:25:00,ACTIVE,30.75,30.59,0.07570948137047451,71.32599000181898
2026-04-28 15:30:00,ACTIVE,30.8,30.54,0.061689381902354234,65.87476877461582
2026-04-28 15:35:00,ACTIVE,30.83,30.5,0.04830297197504829,60.66993537684272
2026-04-28 15:40:00,ACTIVE,30.87,30.49,0.056728053954394675,63.94573137466508
2026-04-28 15:45:00,ACTIVE,30.9,30.51,0.05547684668316999,63.459243553944546
2026-04-28 15:50:00,ACTIVE,30.95,30.41,0.04162356194864475,58.072882352795496
2026-04-28 15:55:00,ACTIVE,31.0,30.32,0.04813778482698017,60.605708180020216
2026-04-28 16:00:00,ACTIVE,31.03,30.17,0.042975489035451286,58.598531521689644
2026-04-28 16:05:00,ACTIVE,31.06,29.96,0.04480409197593488,59.30951928521846
2026-04-28 16:10:00,ACTIVE,31.08,29.72,0.04661992185093461,60.01554069270533
2026-04-28 16:15:00,ACTIVE,31.08,29.5,0.028832299756608226,53.099451162631524
2026-04-28 16:20:00,ACTIVE,31.06,29.37,0.02830094200393196,52.892851440053654
2026-04-28 16:25:00,ACTIVE,31.05,29.32,0.03063749438839314,53.80133743087057
2026-04-28 16:30:00,ACTIVE,31.06,29.2,0.02565499279251532,51.86406740466409
2026-04-28 16:35:00,ACTIVE,31.01,29.18,0.022200711675426033,50.52099201543301
2026-04-28 16:40:00,ACTIVE,31.0,29.12,0.029961529635939232,53.5385123763268
2026-04-28 16:45:00,ACTIVE,30.98,29.1,0.019919328586876617,49.63395665965958
2026-04-28 16:50:00,ACTIVE,30.94,29.16,0.016108546861145878,48.15226858157018
2026-04-28 16:55:00,ACTIVE,30.9,29.27,0.026489244428492098,52.18843673151562
2026-04-28 18:05:00,ACTIVE,27.93,34.6,-0.07060549133877536,14.436572997044332
2026-04-28 18:10:00,ACTIVE,27.88,34.35,-0.061932011704949774,17.80894966249772
2026-04-28 18:15:00,ACTIVE,27.84,34.14,-0.06353362829998,17.186217534204186
2026-04-28 18:20:00,ACTIVE,27.79,34.0,-0.04880808248201962,22.911726695358567
2026-04-28 18:25:00,ACTIVE,27.71,33.99,-0.050276467242431844,22.340797067229907
2026-04-28 18:30:00,ACTIVE,27.65,34.14,-0.05317336807484552,21.214439344400343
2026-04-28 18:35:00,ACTIVE,27.57,34.37,-0.060096165888433806,18.52275356293508
2026-04-28 18:40:00,ACTIVE,27.47,34.71,0.03419111926290119,55.1830391365884
2026-04-28 18:45:00,ACTIVE,27.35,35.12,0.04386485261711581,58.94432918497263
2026-04-28 18:50:00,ACTIVE,28.72,33.63,0.06449791514516151,66.96676787671272
2026-04-28 18:55:00,ACTIVE,29.15,32.04,0.05973119500770374,65.11339686058466
2026-04-28 19:00:00,ACTIVE,28.49,33.47,0.04477087439967797,59.296603802185
2026-04-28 19:05:00,ACTIVE,28.02,34.55,0.04818328960268953,60.623401107224474
2026-04-28 19:10:00,ACTIVE,28.24,35.26,0.054826505773415024,63.20638142695066
2026-04-28 19:15:00,ACTIVE,29.9,31.5,0.0696581294721495,68.97313523096419
2026-04-28 19:20:00,ACTIVE,28.95,33.16,0.07572631786615702,71.33253627938745
2026-04-28 19:25:00,ACTIVE,28.3,34.49,0.07113250470319765,69.54639404233194
2026-04-28 19:30:00,ACTIVE,28.47,35.21,0.06597766973331298,67.54211826137472
2026-04-28 19:35:00,ACTIVE,29.87,31.61,0.08857223078936977,76.32721647898589
2026-04-28 19:40:00,ACTIVE,28.96,32.82,0.0710163942802785,69.5012485992803
2026-04-28 19:45:00,ACTIVE,28.34,33.6,0.06096130702574909,65.59168253607892
2026-04-28 19:50:00,ACTIVE,29.51,32.1,0.06375897078484677,66.67945542277263
2026-04-28 19:55:00,ACTIVE,29.71,30.39,0.06909001359467903,68.7522434079197
2026-04-28 20:00:00,ACTIVE,28.85,31.46,0.07143771226340212,69.66506323827257
2026-04-28 20:05:00,ACTIVE,28.68,32.3,0.05538046352974341,63.42176836390766
2026-04-28 20:10:00,ACTIVE,30.3,28.63,0.08330955815403956,74.28101182496287
2026-04-28 20:15:00,ACTIVE,29.22,30.12,0.07298912128097068,70.26827392075555
2026-04-28 20:20:00,ACTIVE,29.19,31.17,0.07943355290611825,72.77396388052684
2026-04-28 20:25:00,ACTIVE,30.39,28.61,0.07998968007979218,72.99019431890919
2026-04-28 20:30:00,ACTIVE,29.24,30.8,0.0715822130879471,69.72124728774376
2026-04-28 20:35:00,ACTIVE,30.1,30.61,0.09042708658810333,77.04841174057792
2026-04-28 20:40:00,ACTIVE,30.13,30.4,0.08691868578935485,75.6842938217884
2026-04-28 20:45:00,ACTIVE,29.33,33.28,0.07630974570467719,71.55938161847469
2026-04-28 20:50:00,ACTIVE,30.84,30.59,0.07655092366444621,71.65315516243676
2026-04-28 20:55:00,ACTIVE,29.57,33.51,0.0698052524841753,69.03033882555984
2026-04-28 21:00:00,ACTIVE,30.36,33.75,0.07998680897262134,72.989077990142
2026-04-28 21:05:00,ACTIVE,30.16,34.16,0.08349594082754253,74.3534801543419
2026-04-28 21:10:00,ACTIVE,29.49,37.76,0.07904569028346847,72.62315717857477
2026-04-28 21:15:00,ACTIVE,30.81,34.6,0.10030238132519209,80.88807182416812
2026-04-28 21:20:00,ACTIVE,29.51,37.54,0.0901262963412729,76.93146006115609
2026-04-28 21:25:00,ACTIVE,30.8,37.84,0.09360570333446389,78.28430476118766
2026-04-28 21:30:00,ACTIVE,30.01,37.32,0.08788864594628837,76.06142862094158
2026-04-28 21:35:00,ACTIVE,30.17,41.85,0.09369688531352727,78.31975765800475
2026-04-28 21:40:00,ACTIVE,30.64,37.01,0.10394446306042282,82.30416686054383
2026-04-28 21:45:00,ACTIVE,29.59,46.74,0.09164538121114935,77.52210263879422
2026-04-28 21:50:00,ACTIVE,31.15,41.62,0.11014429013983712,84.71475096924725
2026-04-28 21:55:00,ACTIVE,30.0,38.57,0.09025033455498416,76.97968794606551
2026-04-28 22:00:00,ACTIVE,31.0,43.85,0.09724757774213588,79.70031918555401
2026-04-28 22:05:00,ACTIVE,30.27,38.51,0.10184460379183047,81.48771064030672
2026-04-28 22:10:00,ACTIVE,30.64,46.8,0.1100895466910709,84.69346590984784
2026-04-28 22:15:00,ACTIVE,30.67,38.52,0.10546175418380982,82.89411200312013
2026-04-28 22:20:00,ACTIVE,30.25,49.99,0.11763874937702201,87.62870713432635
2026-04-28 22:25:00,ACTIVE,31.48,41.37,0.09447961421805323,78.62409418779896
2026-04-28 22:30:00,ACTIVE,30.16,51.49,0.11017707379846375,84.72749773871328
2026-04-28 22:35:00,ACTIVE,31.43,45.4,0.10014859686730476,80.8282781612804
2026-04-28 22:40:00,ACTIVE,30.54,37.95,0.08838056445462844,76.25269378427477
2026-04-28 22:45:00,ACTIVE,31.25,45.95,0.0978317138907634,79.92743992604629
2026-04-28 22:50:00,ACTIVE,31.09,37.16,0.09443307836962161,78.60600036432979
2026-04-28 22:55:00,ACTIVE,31.01,46.49,0.09981897570048831,80.70011659541055
2026-04-28 23:00:00,ACTIVE,31.46,36.95,0.09487813902552111,78.77904650429113
2026-04-28 23:05:00,ACTIVE,30.99,45.33,0.09056978077512279,77.10389334276253
2026-04-28 23:10:00,ACTIVE,31.57,36.48,0.07135544652600972,69.6330771075775
2026-04-28 23:15:00,ACTIVE,30.85,44.02,0.049616444555511174,61.180632867131536
2026-04-28 23:20:00,ACTIVE,31.73,36.48,0.07846659398495276,72.39799600605657
2026-04-28 23:25:00,ACTIVE,30.87,42.03,0.03705476072712288,56.296465127064444
2026-04-28 23:30:00,ACTIVE,31.79,35.66,0.054032131728034394,62.897517094827705
2026-04-28 23:35:00,ACTIVE,30.99,39.83,0.052388485879863056,62.258443373708296
2026-04-28 23:40:00,ACTIVE,31.91,34.7,0.07154472057376599,69.70666964586397
2026-04-28 23:45:00,ACTIVE,30.78,38.88,0.06889212916714293,68.67530302712065
2026-04-28 23:50:00,ACTIVE,31.89,34.99,0.08457805816709957,74.77422331847787
2026-04-28 23:55:00,ACTIVE,31.03,36.99,0.07116720431496226,69.55988576260518
2026-04-29 00:00:00,ACTIVE,32.07,34.18,0.07373988567315759,70.56018217722858
2026-04-29 00:05:00,ACTIVE,31.26,35.81,0.0719319039613443,69.85721225121328
2026-04-29 00:10:00,ACTIVE,32.19,33.77,0.07390573274575424,70.62466596243026
2026-04-29 00:15:00,ACTIVE,31.29,35.91,0.05675613987472661,63.95665159427173
2026-04-29 00:20:00,ACTIVE,32.18,33.97,0.08401369067419534,74.55478892257656
2026-04-29 00:25:00,ACTIVE,31.36,35.91,0.08564574121735069,75.18935421827555
2026-04-29 00:30:00,ACTIVE,32.16,34.18,0.10033342408540241,80.90014170668175
2026-04-29 00:35:00,ACTIVE,31.37,35.95,0.0927617401555817,77.95615944337719
2026-04-29 00:40:00,ACTIVE,32.11,34.26,0.08756455112305978,75.93541577887669
2026-04-29 00:45:00,ACTIVE,31.48,34.54,0.08301533730164651,74.16661442288326
2026-04-29 00:50:00,ACTIVE,32.12,34.01,0.0893651895626324,76.63553053245855
2026-04-29 00:55:00,ACTIVE,31.4,35.29,0.09213774565875965,77.71354118988558
2026-04-29 01:10:00,ACTIVE,32.28,32.55,0.10292668008102879,81.90843784345843
2026-04-29 01:15:00,ACTIVE,31.43,33.83,0.09958002432707741,80.60720878102815
2026-04-29 01:20:00,ACTIVE,32.29,31.84,0.11795310326282421,87.7509325564095
2026-04-29 01:25:00,ACTIVE,31.55,32.89,0.09937251304905126,80.526525338929
2026-04-29 01:30:00,ACTIVE,32.23,30.23,0.12029362977210145,88.6609637455045
2026-04-29 01:35:00,ACTIVE,31.63,32.16,0.10829771205548472,83.99677420495976
2026-04-29 01:40:00,ACTIVE,31.58,29.9,0.10614536007671643,83.15990804564659
2026-04-29 01:45:00,ACTIVE,31.85,31.24,0.12400168924516825,90.10271189838144
2026-04-29 01:50:00,ACTIVE,32.13,28.97,0.12791659256765336,91.62488398728178
2026-04-29 01:55:00,ACTIVE,31.92,30.8,0.1270115568824577,91.27299277925339
2026-04-29 02:00:00,ACTIVE,32.58,29.55,0.13000042913500037,92.43511034521697
2026-04-29 02:05:00,ACTIVE,31.85,30.64,0.1285430566610769,91.86846245631591
2026-04-29 02:10:00,ACTIVE,32.52,29.45,0.12274771790829136,89.61514936821318
2026-04-29 02:15:00,ACTIVE,31.82,30.51,0.12886808050509413,91.99483651535041
2026-04-29 02:20:00,ACTIVE,32.5,29.33,0.13525877582569112,94.47963300823129
2026-04-29 02:25:00,ACTIVE,31.74,30.5,0.12630353198360833,90.99770226745835
2026-04-29 02:30:00,ACTIVE,32.4,29.31,0.10063470057957019,81.01728244623207
2026-04-29 02:35:00,ACTIVE,31.73,30.15,0.10355028217380818,82.1509035244771
2026-04-29 02:40:00,ACTIVE,32.38,29.17,0.10607551989142172,83.13275315266911
2026-04-29 02:45:00,ACTIVE,31.67,30.0,0.10555407300888503,82.93000692241544
2026-04-29 02:50:00,ACTIVE,32.33,29.04,0.1095427520683579,84.48086410477282
2026-04-29 02:55:00,ACTIVE,31.66,29.73,0.06507077135847011,67.18950281216905
2026-04-29 03:00:00,ACTIVE,32.37,28.58,0.08466402779879828,74.80764957784758
2026-04-29 03:05:00,ACTIVE,31.65,29.44,0.09504502170144902,78.84393294732523
2026-04-29 03:10:00,ACTIVE,32.4,28.01,0.1025609233285808,81.76622622952009
2026-04-29 03:15:00,ACTIVE,31.78,28.78,0.08378908027303689,74.46745708948724
2026-04-29 03:20:00,ACTIVE,32.47,27.54,0.08720860753899345,75.79701966937968
2026-04-29 03:25:00,ACTIVE,31.79,28.39,0.10817449858346856,83.94886699177206
2026-04-29 03:30:00,ACTIVE,32.44,27.28,0.09800589807197796,79.99516530190678
2026-04-29 03:35:00,ACTIVE,32.18,26.37,0.09919623427818897,80.45798555575452
2026-04-29 03:40:00,ACTIVE,32.24,27.33,0.09240981521523534,77.81932584176398
2026-04-29 03:45:00,ACTIVE,32.73,26.53,0.11300842174778292,85.82836753482438
2026-04-29 03:50:00,ACTIVE,32.04,27.42,0.09554478535623684,79.03824841917753
2026-04-29 03:55:00,ACTIVE,32.59,26.51,0.1172875702274575,87.49216350715663
2026-04-29 04:00:00,ACTIVE,31.98,26.84,0.1124710827378953,85.61944221132262
2026-04-29 04:05:00,ACTIVE,32.4,26.45,0.07775948789846882,72.12306274204582
2026-04-29 04:10:00,ACTIVE,32.82,25.69,0.08176589286875807,73.68081201967924
2026-04-29 04:15:00,ACTIVE,32.03,26.61,0.08636579893408952,75.46932326694197
2026-04-29 04:20:00,ACTIVE,32.56,25.86,0.09644949045335321,79.39001108969023
2026-04-29 04:25:00,ACTIVE,32.92,25.08,0.09140398102410513,77.42824268959355
2026-04-29 04:30:00,ACTIVE,32.25,26.29,0.07239438951040855,70.03703344635291
2026-04-29 04:35:00,ACTIVE,32.7,25.7,0.09828053811485049,80.10194939676653
2026-04-29 04:40:00,ACTIVE,32.92,24.92,0.1035748925565767,82.16047240387502
2026-04-29 04:45:00,ACTIVE,32.29,26.42,0.09380893974899318,78.3633260733789
2026-04-29 04:50:00,ACTIVE,32.72,25.9,0.09803249683981857,80.00550729471503
2026-04-29 04:55:00,ACTIVE,33.01,25.58,0.10356226018843095,82.155560753031
2026-04-29 05:00:00,ACTIVE,32.22,26.76,0.10148716459705176,81.34873301533032
2026-04-29 05:05:00,ACTIVE,32.65,26.2,0.12273766724121488,89.61124152078031
2026-04-29 05:10:00,ACTIVE,32.94,25.86,0.09947764305884199,80.56740143558513
2026-04-29 05:15:00,ACTIVE,32.87,25.07,0.09548059541874188,79.01329042578804
2026-04-29 05:20:00,ACTIVE,32.4,26.59,0.09849363342221384,80.18480399173983
2026-04-29 05:25:00,ACTIVE,32.76,25.96,0.10232754202258232,81.6754841394098
2026-04-29 05:30:00,ACTIVE,32.98,25.47,0.09981132859667546,80.69714328878558
2026-04-29 05:35:00,ACTIVE,33.14,25.08,0.09808743664441427,80.02686870015381
2026-04-29 05:40:00,ACTIVE,32.33,25.98,0.08959033390470661,76.72306996964232
2026-04-29 05:45:00,ACTIVE,32.68,25.31,0.09650565210007367,79.41184756534815
2026-04-29 05:50:00,ACTIVE,32.88,24.83,0.07997642149996731,72.98503918773852
2026-04-29 05:55:00,ACTIVE,33.03,24.45,0.078789854597686,72.52368449479071
2026-04-29 06:00:00,ACTIVE,33.08,23.85,0.10752077681276828,83.6946903362334
2026-04-29 06:05:00,ACTIVE,32.35,25.03,0.09629795575989242,79.33109216835665
2026-04-29 06:10:00,ACTIVE,32.67,24.48,0.07359121057275975,70.50237510780741
2026-04-29 06:15:00,ACTIVE,32.88,24.11,0.09181942162491535,77.58977211575264
2026-04-29 06:20:00,ACTIVE,32.88,23.48,0.10042523910484347,80.93584073892409
2026-04-29 06:25:00,ACTIVE,32.32,24.66,0.10644455206097303,83.27623829703298
2026-04-29 06:30:00,ACTIVE,32.62,24.23,0.0907292433527983,77.16589474227797
2026-04-29 06:35:00,ACTIVE,32.83,23.91,0.08574495213753774,75.22792888568955
2026-04-29 06:40:00,ACTIVE,32.99,23.66,0.09798792130954431,79.98817567182624
2026-04-29 06:45:00,ACTIVE,33.02,23.19,0.10128907730078035,81.27171375617817
2026-04-29 06:50:00,ACTIVE,32.36,24.5,0.0904342259109201,77.05118761447062
2026-04-29 06:55:00,ACTIVE,32.66,24.15,0.10131971286115715,81.28362531339737
2026-04-29 07:00:00,ACTIVE,32.85,23.93,0.10224074652479753,81.64173677113857
2026-04-29 07:05:00,ACTIVE,32.99,23.79,0.08845237557992708,76.28061500776305
2026-04-29 07:10:00,ACTIVE,33.13,23.68,0.1091108151645554,84.31292067297517
2026-04-29 07:15:00,ACTIVE,32.25,24.79,0.10896417501316752,84.25590482170938
2026-04-29 07:20:00,ACTIVE,32.6,24.44,0.08950333157913504,76.68924218368043
2026-04-29 07:25:00,ACTIVE,32.89,24.12,0.10086874966795822,81.10828417997365
2026-04-29 07:30:00,ACTIVE,32.15,25.15,0.10972161149072862,84.55040728327377
2026-04-29 07:35:00,ACTIVE,32.63,24.56,0.11339431050644877,85.97840676937913
2026-04-29 07:40:00,ACTIVE,31.88,25.55,0.10036689953212091,80.9131574535498
2026-04-29 07:45:00,ACTIVE,32.42,25.08,0.11580577360085048,86.91601914785836
2026-04-29 07:50:00,ACTIVE,31.79,25.7,0.11894502096457804,88.13660477248287
2026-04-29 07:55:00,ACTIVE,32.35,25.37,0.12500125618294772,90.49135825011552
2026-04-29 08:00:00,ACTIVE,31.66,26.32,0.10056494837854962,80.99016176283664
2026-04-29 08:05:00,ACTIVE,32.19,25.08,0.11434136631059638,86.34663601872607
2026-04-29 09:05:00,ACTIVE,30.77,27.42,0.1131837975597364,85.8965562342721
2026-04-29 09:10:00,ACTIVE,31.57,25.68,0.1206369767101616,88.79446209345164
2026-04-29 09:15:00,ACTIVE,30.66,27.63,0.11180779432954141,85.36154590612178
2026-04-29 09:20:00,ACTIVE,31.16,26.09,0.11794176386633531,87.74652363199462
2026-04-29 09:25:00,ACTIVE,30.4,27.93,0.09545721444996091,79.00419956066108
2026-04-29 09:30:00,ACTIVE,30.85,26.37,0.10391777273217734,82.29378926770123
2026-04-29 09:35:00,ACTIVE,29.75,28.73,0.11184473964297109,85.37591078828767
2026-04-29 09:40:00,ACTIVE,31.11,26.11,0.12090202140002182,88.89751537369469
2026-04-29 09:45:00,ACTIVE,29.72,27.77,0.10953961507754528,84.47964439652851
2026-04-29 09:50:00,ACTIVE,30.93,26.6,0.10286144972817507,81.88307532124931
2026-04-29 09:55:00,ACTIVE,29.8,27.48,0.11995919967594171,88.53093239705744
2026-04-29 10:00:00,ACTIVE,29.26,29.08,0.11719245453008953,87.45518112270841
2026-04-29 10:05:00,ACTIVE,30.58,26.25,0.11552559714475891,86.80708241397271
2026-04-29 10:10:00,ACTIVE,29.41,27.66,0.12414718482341425,90.15928272274701
2026-04-29 10:15:00,ACTIVE,28.9,29.03,0.11726734663524263,87.48430027655526
2026-04-29 10:20:00,ACTIVE,30.3,26.01,0.11616276825646865,87.05482392945987
2026-04-29 10:25:00,ACTIVE,29.27,27.2,0.11635688565691393,87.1302996346275
2026-04-29 10:30:00,ACTIVE,28.58,28.15,0.11471026655943684,86.49006987037401
2026-04-29 10:35:00,ACTIVE,28.14,28.73,0.12132199729815402,89.06080819026975
2026-04-29 10:40:00,ACTIVE,29.66,27.13,0.10567679803692537,82.97772422138924
2026-04-29 10:45:00,ACTIVE,29.35,26.63,0.10001811800817267,80.77754605854321
2026-04-29 10:50:00,ACTIVE,28.73,27.45,0.09774515393232258,79.89378413894212
2026-04-29 10:55:00,ACTIVE,28.34,27.99,0.1018687632099548,81.49710417800704
2026-04-29 11:00:00,ACTIVE,28.06,28.44,0.1141486278826242,86.27169647837198
2026-04-29 11:05:00,ACTIVE,27.86,28.79,0.11477929029752415,86.51690731664877
2026-04-29 11:10:00,ACTIVE,27.72,28.97,0.10709410036453754,83.52879224706278
2026-04-29 11:15:00,ACTIVE,27.62,29.09,0.10928328618506922,84.37997994671571
2026-04-29 11:20:00,ACTIVE,27.54,29.11,0.10562551491119254,82.95778458656513
2026-04-29 11:25:00,ACTIVE,27.5,28.99,0.08674943707854754,75.61848742953508
2026-04-29 11:30:00,ACTIVE,27.48,28.82,0.08918268571869259,76.56457034915935
2026-04-29 11:35:00,ACTIVE,27.46,28.86,0.10268180593750764,81.81322716879873
2026-04-29 11:40:00,ACTIVE,27.46,28.81,0.0952191288215965,78.91162836070752
2026-04-29 11:45:00,ACTIVE,27.47,28.75,0.09808382587309095,80.02546477906687
2026-04-29 11:50:00,ACTIVE,27.52,28.76,0.10024584209738996,80.86608853942286
2026-04-29 11:55:00,ACTIVE,27.56,28.89,0.09564499525568781,79.07721150444702
2026-04-29 12:00:00,ACTIVE,27.62,28.89,0.09439336235289508,78.59055819190213
2026-04-29 13:25:00,ACTIVE,28.24,27.99,0.05621541844023864,63.7464111342531
2026-04-29 13:30:00,ACTIVE,28.27,28.1,0.07340203848851107,70.4288222144349
2026-04-29 13:35:00,ACTIVE,28.3,28.1,0.08417341272599188,74.61689120945303
2026-04-29 13:40:00,ACTIVE,28.35,27.97,0.07021548824668128,69.18984453390487
2026-04-29 13:45:00,ACTIVE,28.4,27.77,0.08257381760907218,73.99494506163072
2026-04-29 13:50:00,ACTIVE,28.47,27.59,0.08593307103325898,75.30107228384628
2026-04-29 13:55:00,ACTIVE,28.56,27.43,0.09540850955112573,78.98526237843903
2026-04-29 14:00:00,ACTIVE,28.63,27.41,0.11588370608493032,86.94632044582494
2026-04-29 14:05:00,ACTIVE,28.71,27.45,0.1020840182120788,81.58079849412144
2026-04-29 14:10:00,ACTIVE,28.79,27.53,0.10228379169997937,81.65847336942116
2026-04-29 16:10:00,ACTIVE,28.36,32.29,0.04677327689801314,60.07516739434422
2026-04-29 16:15:00,ACTIVE,28.4,32.59,0.07034239135549286,69.23918633223697
2026-04-29 16:20:00,ACTIVE,28.44,32.87,0.06725702229690789,68.03954938642511
2026-04-29 16:25:00,ACTIVE,28.49,33.26,0.08966565026559548,76.75235408036968
2026-04-29 16:30:00,ACTIVE,28.55,33.77,0.10534920042929352,82.85034944514285
2026-04-29 16:35:00,ACTIVE,28.59,34.19,0.06888456625611994,68.67236245589277
2026-04-29 16:40:00,ACTIVE,28.65,34.6,0.0884750601338733,76.28943509654219
2026-04-29 16:45:00,ACTIVE,28.7,35.02,0.10394229898141477,82.30332543474276
2026-04-29 16:50:00,ACTIVE,28.74,35.39,0.09856410606940957,80.21220479522229
2026-04-29 16:55:00,ACTIVE,28.79,35.67,0.1089203981853657,84.23888374610891
2026-04-29 17:00:00,ACTIVE,28.78,36.02,0.11119508865254207,85.12331691209208
2026-04-29 17:05:00,ACTIVE,28.79,36.45,0.08776321874772747,76.01266067825911
2026-04-29 17:10:00,ACTIVE,28.78,37.04,0.09286809760998943,77.99751278858399
2026-04-29 17:15:00,ACTIVE,28.73,37.85,0.08060687933706256,73.23017048315087
2026-04-29 17:20:00,ACTIVE,28.67,38.57,0.09307435461503955,78.07770855087121
2026-04-29 17:25:00,ACTIVE,28.6,39.15,0.08927631916955497,76.60097641432871
2026-04-29 17:30:00,ACTIVE,28.51,40.1,0.07900617750849431,72.60779402953473
2026-04-29 17:35:00,ACTIVE,28.46,41.07,0.08821791774495558,76.18945434732787
2026-04-29 17:40:00,ACTIVE,28.41,41.8,0.06822505684336827,68.4159354798569
2026-04-29 17:45:00,ACTIVE,28.37,42.31,0.07372135773580579,70.55297824221955
2026-04-29 17:50:00,ACTIVE,28.29,42.6,0.08491221213709127,74.9041473050027
2026-04-29 18:25:00,ACTIVE,27.54,43.0,0.09786527113399496,79.94048747660372
2026-04-29 18:30:00,ACTIVE,27.45,43.23,0.09173266770413391,77.55604091323282
2026-04-29 18:35:00,ACTIVE,27.34,43.54,0.10795958940324113,83.86530713630596
2026-04-29 18:40:00,ACTIVE,28.52,42.25,0.11601196776078648,86.99619047503934
2026-04-29 18:45:00,ACTIVE,29.37,38.97,0.10927955456254229,84.37852903690035
2026-04-29 18:50:00,ACTIVE,28.7,40.73,0.11472070290048098,86.49412767352752
2026-04-29 18:55:00,ACTIVE,28.27,42.14,0.11676407891984952,87.28862237431534
2026-04-29 19:00:00,ACTIVE,27.95,43.31,0.10104246512738191,81.1758273098963
2026-04-29 19:05:00,ACTIVE,29.05,42.88,0.11094050083148876,85.02432941649913
2026-04-29 19:10:00,ACTIVE,29.45,40.13,0.11003807422557288,84.67345265693352
2026-04-29 19:15:00,ACTIVE,28.73,42.01,0.11315789715393432,85.8864857749132
2026-04-29 19:20:00,ACTIVE,28.25,43.31,0.11245436682787541,85.61294281923631
2026-04-29 19:25:00,ACTIVE,29.71,43.31,0.06289264375030185,66.34261470840042
2026-04-29 19:30:00,ACTIVE,29.77,40.01,0.06725974741140661,68.04060895109052
2026-04-29 19:35:00,ACTIVE,28.94,41.85,0.06361506023517677,66.62350088086917
2026-04-29 19:40:00,ACTIVE,28.37,43.13,0.06845048501433454,68.50358527389547
2026-04-29 19:45:00,ACTIVE,29.03,48.09,0.08640170679801285,75.48328477345534
2026-04-29 19:50:00,ACTIVE,30.09,40.29,0.07635517463415181,71.57704505554547
2026-04-29 19:55:00,ACTIVE,29.1,41.64,0.06058938965292021,65.44707558217388
2026-04-29 20:00:00,ACTIVE,29.48,47.4,0.061898170823612264,65.95594898322665
2026-04-29 20:05:00,ACTIVE,30.1,39.98,0.06253645825485649,66.20412454019521
2026-04-29 20:10:00,ACTIVE,29.09,41.35,0.07093065713479613,69.46791273397662
2026-04-29 20:15:00,ACTIVE,30.28,44.69,0.07246461371343166,70.0643376510808
2026-04-29 20:20:00,ACTIVE,30.16,38.99,0.06520911909396643,67.24329444996648
2026-04-29 20:25:00,ACTIVE,29.56,46.88,0.09322167898208356,78.13499043526446
2026-04-29 20:30:00,ACTIVE,31.13,40.57,0.08177195413766342,73.68316873032852
2026-04-29 20:35:00,ACTIVE,29.87,38.59,0.09708794743205978,79.63825256921007
2026-04-29 20:40:00,ACTIVE,30.78,41.54,0.10812624787634723,83.93010640597981
2026-04-29 20:45:00,ACTIVE,30.49,37.2,0.10565757989794311,82.97025192581775
2026-04-29 20:50:00,ACTIVE,30.25,42.18,0.10268351098312622,81.81389011565517
2026-04-29 20:55:00,ACTIVE,31.07,36.23,0.10668225945922033,83.36866243554464
2026-04-29 21:00:00,ACTIVE,29.71,41.3,0.09603502163172234,79.22885950559302
2026-04-29 21:05:00,ACTIVE,31.12,38.61,0.043886669638716735,58.95281196439483
2026-04-29 21:10:00,ACTIVE,30.17,36.74,0.05444860264467033,63.05944712295917
2026-04-29 21:15:00,ACTIVE,30.61,39.07,0.0622272290928505,66.08389168622509
2026-04-29 21:20:00,ACTIVE,30.73,35.29,0.07005484937534195,69.12738577408295
2026-04-29 21:25:00,ACTIVE,30.46,38.51,0.06576952147021725,67.46118715009602
2026-04-29 21:30:00,ACTIVE,31.23,34.17,0.07439005347157462,70.81297699598389
2026-04-29 21:35:00,ACTIVE,30.46,37.88,0.07148963849458995,69.68525292197228
2026-04-29 21:40:00,ACTIVE,31.54,33.83,0.0749520848660451,71.03150308239708
2026-04-29 22:20:00,ACTIVE,31.51,36.16,0.0995820841188364,80.60800965841035
2026-04-29 22:25:00,ACTIVE,31.0,34.16,0.09765230318501789,79.85768240044735
2026-04-29 22:30:00,ACTIVE,31.78,35.82,0.10050466983312095,80.9667245763079
2026-04-29 22:35:00,ACTIVE,31.22,33.55,0.09568749259683734,79.09373509678677
2026-04-29 22:40:00,ACTIVE,31.84,36.14,0.10793140911700966,83.8543502258473
2026-04-29 22:45:00,ACTIVE,31.18,33.96,0.09165682887397025,77.52655365875404
2026-04-29 22:50:00,ACTIVE,31.9,36.47,0.10529876732155974,82.83074030983984
2026-04-29 22:55:00,ACTIVE,31.05,35.91,0.11101004515838764,85.05136927537352
2026-04-29 23:00:00,ACTIVE,31.88,36.74,0.10871039561642615,84.1572316533992
2026-04-29 23:05:00,ACTIVE,31.03,39.21,0.0983540470391942,80.1305307495367
2026-04-29 23:10:00,ACTIVE,31.98,36.67,0.11686774947327677,87.32893101283558
2026-04-29 23:15:00,ACTIVE,31.06,39.53,0.10128013095992383,81.26823528704935
2026-04-29 23:20:00,ACTIVE,32.0,37.04,0.10523625489473071,82.80643455731152
2026-04-29 23:25:00,ACTIVE,31.21,39.71,0.0905454344464171,77.09442713147446
2026-04-29 23:30:00,ACTIVE,32.08,37.46,0.09352407924746048,78.25256811361709
2026-04-29 23:35:00,ACTIVE,31.43,39.48,0.09435025620317455,78.57379788582057
2026-04-29 23:40:00,ACTIVE,32.11,38.03,0.11142086484987634,85.21110202390989
2026-04-29 23:45:00,ACTIVE,31.89,33.21,0.11108670186093622,85.08117453068503
2026-04-29 23:50:00,ACTIVE,32.04,38.92,0.11317091450751421,85.89154711376588
2026-04-29 23:55:00,ACTIVE,32.3,33.84,0.11402114583742223,86.22212958104201
2026-04-30 00:00:00,ACTIVE,31.99,39.61,0.10451667261454328,82.52665036538077
2026-04-30 00:05:00,ACTIVE,32.48,34.91,0.10955804843693578,84.4868115582328
2026-04-30 00:10:00,ACTIVE,31.83,40.4,0.08756012641449762,75.9336953869998
2026-04-30 00:15:00,ACTIVE,32.48,36.5,0.09908936484673753,80.41643314633032
2026-04-30 00:20:00,ACTIVE,31.79,40.59,0.1029083693922132,81.90131837788094
2026-04-30 00:25:00,ACTIVE,32.04,34.22,0.11763420116671175,87.62693872315027
2026-04-30 00:30:00,ACTIVE,31.9,40.2,0.12181879856004968,89.25397184012152
2026-04-30 00:35:00,ACTIVE,32.5,36.19,0.10970464013543368,84.54380857030111
2026-04-30 00:40:00,ACTIVE,31.91,39.93,0.1150115781737665,86.6072242651607
2026-04-30 00:45:00,ACTIVE,32.57,38.02,0.10773445344404087,83.77777095850708
2026-04-30 00:50:00,ACTIVE,31.76,40.01,0.10913994107843694,84.32424525739583
2026-04-30 00:55:00,ACTIVE,32.44,37.85,0.11024610607604779,84.75433850527018
2026-04-30 01:00:00,ACTIVE,32.01,32.47,0.10086452456668904,81.10664139835303
2026-04-30 01:05:00,ACTIVE,32.28,37.67,0.11062578468921469,84.9019631437627
2026-04-30 01:10:00,ACTIVE,32.82,35.93,0.1132055777323916,85.90502468628131
2026-04-30 01:15:00,ACTIVE,32.1,37.42,0.11301844370339781,85.83226421881797
2026-04-30 01:20:00,ACTIVE,32.65,35.74,0.11115557388401132,85.10795298792787
2026-04-30 01:25:00,ACTIVE,31.86,37.4,0.10536668705658708,82.85714850345994
2026-04-30 01:30:00,ACTIVE,32.4,35.81,0.11535855526854849,86.74213407152331
2026-04-30 01:35:00,ACTIVE,32.24,31.13,0.11664631314762353,87.24283330706541
2026-04-30 01:40:00,ACTIVE,32.23,35.71,0.1228103355956307,89.63949604757866
2026-04-30 01:45:00,ACTIVE,32.66,34.53,0.11283275537708509,85.76006586185613
2026-04-30 01:50:00,ACTIVE,32.93,33.75,0.10874828066840414,84.17196191975755
2026-04-30 01:55:00,ACTIVE,33.13,33.17,0.11103368583061485,85.06056111702651
2026-04-30 02:00:00,ACTIVE,32.24,34.94,0.11540844317777615,86.76153122561492
2026-04-30 02:05:00,ACTIVE,32.63,33.93,0.11366884777525144,86.08515090416637
2026-04-30 02:10:00,ACTIVE,32.86,33.29,0.10888594840111082,84.22548916245209
2026-04-30 02:15:00,ACTIVE,33.08,32.82,0.12047951234255605,88.73323762745044
2026-04-30 02:20:00,ACTIVE,33.0,30.5,0.08445616368551767,74.7268289482033
2026-04-30 02:25:00,ACTIVE,32.4,33.95,0.08692368720873472,75.68623844732774
2026-04-30 02:30:00,ACTIVE,32.71,33.19,0.0944448302317118,78.61056966144717
2026-04-30 02:35:00,ACTIVE,32.9,32.69,0.09503436112900199,78.83978795969875
2026-04-30 02:40:00,ACTIVE,33.05,32.33,0.09562588107369802,79.06977962888577
2026-04-30 02:45:00,ACTIVE,33.07,30.62,0.048253112330580605,60.65054921250622
2026-04-30 02:50:00,ACTIVE,32.44,33.42,0.06906687661039879,68.74324740756116
2026-04-30 02:55:00,ACTIVE,32.75,32.75,0.07562411086313853,71.29279669082818
2026-04-30 03:00:00,ACTIVE,32.99,32.22,0.0860097326771514,75.33087946042508
2026-04-30 03:05:00,ACTIVE,32.22,33.57,0.07695877684588232,71.81173448815997
2026-04-30 03:10:00,ACTIVE,32.64,32.55,0.09893238151426792,80.35539571387692
2026-04-30 03:15:00,ACTIVE,32.91,31.68,0.08880713290672937,76.41854988295904
2026-04-30 03:20:00,ACTIVE,32.11,32.7,0.10969158716147759,84.53873338172137
2026-04-30 03:25:00,ACTIVE,32.47,31.74,0.10522571491221994,82.80233645682888
2026-04-30 03:30:00,ACTIVE,32.78,30.91,0.10425022446332532,82.42305139868506
2026-04-30 03:35:00,ACTIVE,32.97,29.94,0.0816365666176796,73.63052806793434
2026-04-30 03:40:00,ACTIVE,32.27,31.24,0.0910202418789482,77.27903925644067
2026-04-30 03:45:00,ACTIVE,32.67,30.22,0.1144541424490006,86.39048504283528
2026-04-30 03:50:00,ACTIVE,32.91,29.53,0.12080925600164977,88.86144682012232
2026-04-30 03:55:00,ACTIVE,33.08,28.98,0.10786502580503621,83.82853941614623
2026-04-30 04:00:00,ACTIVE,33.17,28.6,0.11143124232619067,85.21513693958921
2026-04-30 04:05:00,ACTIVE,33.23,28.31,0.11015189074232556,84.7177061954722
2026-04-30 04:10:00,ACTIVE,33.26,28.09,0.09254892080106542,77.87341214293637
2026-04-30 04:15:00,ACTIVE,33.3,27.93,0.0799200068874788,72.96310435526311
2026-04-30 04:20:00,ACTIVE,33.33,27.78,0.07722382235253328,71.91478808598329
2026-04-30 04:25:00,ACTIVE,33.32,27.69,0.0779375938838065,72.19231297312815
2026-04-30 04:30:00,ACTIVE,33.3,27.62,0.09400982329010993,78.44143255372316
2026-04-30 04:35:00,ACTIVE,33.28,27.6,0.10466841121620324,82.5856485692263
2026-04-30 04:40:00,ACTIVE,33.28,27.54,0.10053163869572901,80.97721046741422
2026-04-30 04:45:00,ACTIVE,33.29,27.53,0.11319589073302949,85.9012582382136
2026-04-30 04:50:00,ACTIVE,32.44,28.82,0.1202045751357525,88.6263379908763
2026-04-30 04:55:00,ACTIVE,32.62,28.5,0.11672877877943094,87.274897159654
2026-04-30 05:00:00,ACTIVE,32.74,28.32,0.11355685740761745,86.04160739930916
2026-04-30 06:20:00,ACTIVE,31.78,30.41,0.05620129855674927,63.74092111552835
2026-04-30 06:25:00,ACTIVE,31.84,30.42,0.04826382778872135,60.654715540499026
2026-04-30 06:30:00,ACTIVE,31.91,30.39,0.06542200398369996,67.32606723146529
2026-04-30 06:35:00,ACTIVE,31.94,30.41,0.06507832126218654,67.1924383259645
2026-04-30 06:40:00,ACTIVE,31.99,30.47,0.057636206108753196,64.298834311818
2026-04-30 06:45:00,ACTIVE,32.05,30.51,0.04211262499244656,58.26303726944748
2026-04-30 06:50:00,ACTIVE,32.11,30.52,0.06627821534819656,67.65897482429153
2026-04-30 06:55:00,ACTIVE,32.21,30.46,0.07212592755122982,69.9326514814532
2026-04-30 07:00:00,ACTIVE,32.28,30.44,0.05399925063097755,62.884732439864486
2026-04-30 07:40:00,ACTIVE,32.92,30.81,0.06685556227772071,67.88345581637286
2026-04-30 07:45:00,ACTIVE,32.38,28.86,0.0695765415766822,68.94141265519606
2026-04-30 07:50:00,ACTIVE,32.45,32.06,0.07731200909291375,71.9490763898725
2026-04-30 07:55:00,ACTIVE,32.02,30.06,0.0922941559253313,77.77435580587503
2026-04-30 08:00:00,ACTIVE,32.24,32.75,0.08799710760178558,76.10360011053254
2026-04-30 08:05:00,ACTIVE,32.48,30.31,0.09016775711300024,76.94758062003302
2026-04-30 08:10:00,ACTIVE,32.07,33.3,0.09743912774428204,79.77479664843823
2026-04-30 08:15:00,ACTIVE,32.57,31.95,0.1135949091750833,86.05640248710536
2026-04-30 09:10:00,ACTIVE,31.09,33.34,0.08723137460121294,75.80587183859103
2026-04-30 09:15:00,ACTIVE,31.65,30.75,0.10541040513684807,82.87414673715101
2026-04-30 09:20:00,ACTIVE,30.94,32.57,0.10717587403733747,83.56058705579484
2026-04-30 09:25:00,ACTIVE,31.02,30.86,0.10317829477728918,82.00626934432971
2026-04-30 09:30:00,ACTIVE,30.9,31.52,0.11230441073076686,85.55463767942148
2026-04-30 09:35:00,ACTIVE,30.7,30.41,0.10520776902123541,82.79535883002256
2026-04-30 09:40:00,ACTIVE,30.46,31.34,0.11606346107116527,87.01621183275039
2026-04-30 09:45:00,ACTIVE,30.68,29.58,0.10147941285418177,81.34571902349832
2026-04-30 09:50:00,ACTIVE,29.63,30.95,0.09340247366167687,78.20528607028511
2026-04-30 10:25:00,ACTIVE,28.58,31.54,0.07942417755786813,72.77031860700293
2026-04-30 10:30:00,ACTIVE,29.66,30.56,0.08597381336074239,75.31691350101654
2026-04-30 10:35:00,ACTIVE,29.87,29.38,0.09321599701485206,78.13278120269409
2026-04-30 10:40:00,ACTIVE,29.21,30.49,0.0713443717815081,69.62877108375433
2026-04-30 10:45:00,ACTIVE,28.8,31.15,0.040392891581411405,57.59437958291096
2026-04-30 10:50:00,ACTIVE,28.55,31.54,0.05162027473587444,61.9597515630969
2026-04-30 10:55:00,ACTIVE,28.41,31.78,0.07404328935931853,70.67815000036515
2026-04-30 11:00:00,ACTIVE,28.31,31.98,0.09316526584342272,78.11305617583496
2026-04-30 11:05:00,ACTIVE,28.28,32.06,0.0873738654807174,75.86127439181854
2026-04-30 11:10:00,ACTIVE,28.29,32.09,0.09665217016499478,79.46881594759701
2026-04-30 11:15:00,ACTIVE,28.31,32.03,0.10869437454227127,84.15100242373401
2026-04-30 11:20:00,ACTIVE,28.32,31.95,0.10540566566365855,82.87230396014967
2026-04-30 11:25:00,ACTIVE,28.33,31.94,0.09414523602133629,78.49408301861988
2026-04-30 11:30:00,ACTIVE,28.4,31.85,0.10232690447960441,81.67523625330726
2026-04-30 11:35:00,ACTIVE,28.47,31.68,0.09970781620986202,80.65689614777499
2026-04-30 11:40:00,ACTIVE,28.52,31.54,0.10009801665012857,80.80861182765884
2026-04-30 11:45:00,ACTIVE,28.6,31.37,0.1182754794575896,87.87627717040785
2026-04-30 11:50:00,ACTIVE,28.67,31.18,0.10297895976635008,81.92876495533255
2026-04-30 11:55:00,ACTIVE,28.77,31.08,0.08411579079811443,74.59448695496738
2026-04-30 12:10:00,ACTIVE,28.92,30.9,0.10676177565127115,83.39957950250265
2026-04-30 13:25:00,ACTIVE,29.34,32.09,0.08434344895327439,74.68300379971416
2026-04-30 13:30:00,ACTIVE,29.43,32.16,0.10164579892372422,81.4104123786534
2026-04-30 13:35:00,ACTIVE,29.51,32.08,0.0780619274789841,72.24065570670346
2026-04-30 13:40:00,ACTIVE,29.62,31.89,0.09329917401662935,78.16512164640737
2026-04-30 13:45:00,ACTIVE,29.72,31.89,0.0933353509041066,78.17918775324198
2026-04-30 13:50:00,ACTIVE,29.83,31.92,0.08103965530411555,73.39844015510198
2026-04-30 13:55:00,ACTIVE,29.9,32.01,0.05438233472933224,63.03368118117003
2026-04-30 14:00:00,ACTIVE,29.98,32.07,0.07940682737955224,72.76357260205866
2026-04-30 14:05:00,ACTIVE,30.04,32.05,0.0796723612694597,72.8668160904873
2026-04-30 14:10:00,ACTIVE,30.11,32.06,0.049781715073780264,61.244892479516444
2026-04-30 14:15:00,ACTIVE,30.2,32.0,0.05296708498315239,62.48341122939745
2026-04-30 14:20:00,ACTIVE,30.28,31.78,0.06447275330169783,66.95698458127201
2026-04-30 14:25:00,ACTIVE,30.34,31.57,0.06297276229014676,66.37376597705497
2026-04-30 14:30:00,ACTIVE,30.36,31.47,0.06770597113524662,68.21410730900229
2026-04-30 14:35:00,ACTIVE,30.38,31.58,0.06705043909626873,67.95922679448712
2026-04-30 14:40:00,ACTIVE,30.43,31.67,0.05260230940581617,62.341581110797925
2026-04-30 14:45:00,ACTIVE,30.45,31.75,0.03979726028964414,57.36278936141138
2026-04-30 14:50:00,ACTIVE,30.47,31.83,0.0653811570252199,67.31018533222203
2026-04-30 14:55:00,ACTIVE,30.46,31.89,0.06204540672065162,66.01319646917867
2026-04-30 15:00:00,ACTIVE,30.47,31.81,0.07014834927104618,69.16373991103919
2026-04-30 15:05:00,ACTIVE,30.46,31.65,0.04786839639927726,60.50096599050892
2026-04-30 15:10:00,ACTIVE,30.48,31.45,0.058479288093159276,64.62663700823377
2026-04-30 15:15:00,ACTIVE,30.53,31.35,0.06674308510599669,67.8397230349135
2026-04-30 15:20:00,ACTIVE,30.57,31.38,0.060373952040781664,65.36331026459551
2026-04-30 15:25:00,ACTIVE,30.61,31.43,0.07398530052672786,70.65560308792149
2026-04-30 16:15:00,ACTIVE,30.11,32.29,0.07649004552505945,71.62948484494349
2026-04-30 16:20:00,ACTIVE,30.15,31.7,0.05975496298129629,65.122638198884
2026-04-30 16:25:00,ACTIVE,30.19,31.29,0.07273374957049755,70.16898163740737
2026-04-30 16:30:00,ACTIVE,30.2,31.01,0.07871973591773679,72.49642131898858
2026-04-30 16:35:00,ACTIVE,30.19,30.93,0.07725439420910662,71.92667487422517
2026-04-30 16:40:00,ACTIVE,30.15,30.86,0.07286206604193263,70.21887297195012
2026-04-30 16:45:00,ACTIVE,30.11,30.88,0.07908363837188143,72.63791195442774
2026-04-30 16:50:00,ACTIVE,30.08,30.92,0.07451635778230609,70.86208597280051
2026-04-30 16:55:00,ACTIVE,30.05,31.09,0.06632125488014645,67.6757092284024
2026-04-30 18:00:00,ACTIVE,28.01,36.7,0.11086431810987829,84.99470845195938
2026-04-30 18:05:00,ACTIVE,27.82,36.75,0.10902524296327759,84.27964894040831
2026-04-30 18:10:00,ACTIVE,29.4,34.3,0.10621909924127093,83.18857891920278
2026-04-30 18:15:00,ACTIVE,29.5,32.31,0.12018038333005904,88.61693186041192
2026-04-30 18:20:00,ACTIVE,28.83,32.58,0.11186941638326015,85.3855054684672
2026-04-30 18:25:00,ACTIVE,28.36,32.59,0.11282235415271424,85.75602171258258
2026-04-30 18:30:00,ACTIVE,28.95,31.82,0.12002654033330185,88.55711543674914
2026-04-30 18:35:00,ACTIVE,30.07,28.55,0.11796190153210256,87.75435345312724
2026-04-30 18:40:00,ACTIVE,29.13,29.79,0.12656155031942828,91.09802359773335
2026-04-30 18:45:00,ACTIVE,28.51,30.83,0.1150877419413242,86.63683786008549
2026-04-30 18:50:00,ACTIVE,30.25,28.9,0.09285488004172676,77.99237360331293
2026-04-30 18:55:00,ACTIVE,29.62,29.31,0.0889622538921872,76.47886320745685
2026-04-30 19:00:00,ACTIVE,28.82,30.98,0.08942759410195023,76.65979433673303
2026-04-30 19:05:00,ACTIVE,29.87,30.36,0.10102418121597445,81.16871825576962
2026-04-30 19:10:00,ACTIVE,30.01,29.6,0.1058479198768279,83.04425891383103
2026-04-30 19:15:00,ACTIVE,29.07,31.43,0.11357939582612159,86.05037066847545
2026-04-30 19:20:00,ACTIVE,30.01,30.88,0.111741171778941,85.33564207691792
2026-04-30 19:25:00,ACTIVE,30.29,29.77,0.11610137248173924,87.03095234771921
2026-04-30 19:30:00,ACTIVE,29.22,31.8,0.09885976887042514,80.32716284817015
2026-04-30 19:35:00,ACTIVE,30.37,30.84,0.09483949018057686,78.76401926397475
2026-04-30 19:40:00,ACTIVE,30.1,30.69,0.09827427927535848,80.09951586776238
2026-04-30 19:45:00,ACTIVE,29.4,32.96,0.0961541960604062,79.27519627922709
2026-04-30 19:50:00,ACTIVE,30.97,29.98,0.10254559475393454,81.76026625386625
2026-04-30 19:55:00,ACTIVE,29.74,32.16,0.10128873231792779,81.27157962176257
2026-04-30 20:00:00,ACTIVE,30.29,32.35,0.09711406619983015,79.64840793091929
2026-04-30 20:05:00,ACTIVE,30.43,31.6,0.09221877990146254,77.7450484973021
2026-04-30 20:10:00,ACTIVE,29.74,34.17,0.088947021158228,76.47294049607413
2026-04-30 21:25:00,ACTIVE,30.84,40.63,0.08059771877399541,73.22660872127048
2026-04-30 21:30:00,ACTIVE,31.88,38.06,0.08681406320084079,75.64361501800033
2026-04-30 21:35:00,ACTIVE,30.68,42.27,0.0923717085703955,77.80450941683628
2026-04-30 21:40:00,ACTIVE,31.84,38.73,0.09074018748992552,77.17014998402979
2026-04-30 21:45:00,ACTIVE,30.73,42.52,0.10565814116308653,82.97047015397446
2026-04-30 21:50:00,ACTIVE,31.89,38.9,0.10158896344570639,81.3883139074597
2026-04-30 21:55:00,ACTIVE,30.98,41.88,0.09236319190140463,77.80119801045906
2026-04-30 22:00:00,ACTIVE,31.84,36.28,0.11644994404474412,87.16648210681772
2026-04-30 22:05:00,ACTIVE,30.99,42.22,0.10990707799229588,84.62251939150649
2026-04-30 22:10:00,ACTIVE,32.06,38.44,0.1168507501961969,87.32232144346159
2026-04-30 22:15:00,ACTIVE,31.08,42.31,0.10314387245156759,81.99288543695516
2026-04-30 22:20:00,ACTIVE,31.86,36.36,0.11945416190088182,88.3345662695413
2026-04-30 22:25:00,ACTIVE,31.19,42.23,0.12259070774385167,89.5541015030945
2026-04-30 22:30:00,ACTIVE,31.88,36.13,0.1075273789423129,83.69725734146758
2026-04-30 22:35:00,ACTIVE,31.37,41.98,0.11711897050537656,87.42660945128151
2026-04-30 22:40:00,ACTIVE,32.01,36.03,0.11774788188652546,87.67113946183842
2026-04-30 22:45:00,ACTIVE,31.54,41.75,0.12627128958419487,90.98516594754862
2026-04-30 22:50:00,ACTIVE,32.24,36.48,0.12422392705352847,90.18912123243611
2026-04-30 22:55:00,ACTIVE,31.59,41.96,0.11772364312937378,87.66171507595537
2026-04-30 23:00:00,ACTIVE,32.39,39.67,0.1190922948323655,88.19386702202117
2026-04-30 23:05:00,ACTIVE,31.52,42.48,0.099194989470197,80.45750155606785
2026-04-30 23:10:00,ACTIVE,32.37,39.77,0.1294129047465235,92.2066722071533
2026-04-30 23:15:00,ACTIVE,31.55,42.66,0.12245219898993775,89.50024725896407
2026-04-30 23:20:00,ACTIVE,32.25,37.19,0.1107565017766714,84.95278787318225
2026-05-01 00:45:00,ACTIVE,33.23,32.15,0.07773539219392328,72.11369397712359
2026-05-01 00:50:00,ACTIVE,32.67,39.45,0.07899554298584621,72.60365917045387
2026-05-01 00:55:00,ACTIVE,32.89,38.73,0.09262176261496147,77.90173411333615
2026-05-01 01:00:00,ACTIVE,33.03,38.31,0.0915328827248959,77.4783615699318
2026-05-01 01:05:00,ACTIVE,33.11,37.96,0.11021035034875348,84.74043615171955
2026-05-01 01:10:00,ACTIVE,33.21,37.71,0.10977243845843998,84.5701695571387
2026-05-01 01:15:00,ACTIVE,33.26,37.48,0.1153111472328266,86.72370112878602
2026-05-01 01:20:00,ACTIVE,33.33,37.34,0.11213937426437187,85.49046906985343
2026-05-01 01:25:00,ACTIVE,32.42,39.86,0.1218063315612864,89.24912448732974
2026-05-01 01:30:00,ACTIVE,32.66,38.95,0.12088982935189097,88.89277492575955
2026-05-01 01:35:00,ACTIVE,32.91,38.31,0.11730808072504972,87.50013829079562
2026-05-01 01:40:00,ACTIVE,33.06,37.95,0.10159103860079022,81.38912075832894
2026-05-01 01:45:00,ACTIVE,33.18,37.64,0.11094512587260186,85.02612770062328
2026-05-01 01:50:00,ACTIVE,33.27,37.42,0.11160212839435779,85.28157996050672
2026-05-01 01:55:00,ACTIVE,32.35,39.79,0.10560297779561972,82.94902182399771
2026-05-01 02:00:00,ACTIVE,32.7,38.81,0.10845711210312303,84.05875129187551
2026-05-01 02:05:00,ACTIVE,32.93,38.25,0.08890952491125143,76.45836140282847
2026-05-01 02:10:00,ACTIVE,33.09,37.89,0.08151178395760961,73.58201073131293
2026-05-01 02:15:00,ACTIVE,33.21,37.63,0.07954526007148893,72.81739727217173
2026-05-01 02:20:00,ACTIVE,33.3,37.51,0.08693465363055458,75.69050235369636
2026-05-01 02:25:00,ACTIVE,33.35,37.42,0.08275255489857342,74.06444075307266
2026-05-01 02:30:00,ACTIVE,33.4,36.72,0.08730335569245218,75.83385914734107
2026-05-01 02:35:00,ACTIVE,32.5,39.6,0.09397222713197606,78.42681461354759
2026-05-01 02:40:00,ACTIVE,32.76,38.87,0.09245389515611091,77.83646477219321
2026-05-01 02:45:00,ACTIVE,32.92,38.5,0.09855614627267345,80.20910990898193
2026-05-01 02:50:00,ACTIVE,33.01,38.28,0.09887911308501746,80.33468416379625
2026-05-01 02:55:00,ACTIVE,33.08,38.11,0.08494497608633211,74.91688641116916
2026-05-01 03:00:00,ACTIVE,33.14,37.97,0.10302393794234638,81.94625313281014
2026-05-01 03:05:00,ACTIVE,33.17,37.87,0.10316106822200544,81.99957140584162
2026-05-01 03:10:00,ACTIVE,33.2,37.8,0.08540991864766195,75.09766292887608
2026-05-01 03:15:00,ACTIVE,33.24,37.68,0.08132517626528357,73.50945491130038
2026-05-01 03:20:00,ACTIVE,33.27,37.57,0.09660341055445826,79.44985749265942
2026-05-01 03:25:00,ACTIVE,33.26,37.5,0.10410001856208673,82.36464913134417
2026-05-01 03:30:00,ACTIVE,33.25,37.4,0.09903808293894673,80.39649398506002
2026-05-01 03:35:00,ACTIVE,33.23,37.36,0.0959804795308275,79.2076527332124
2026-05-01 03:40:00,ACTIVE,33.21,37.34,0.09322760355695847,78.13729399726083
2026-05-01 04:00:00,ACTIVE,33.11,37.3,0.09648176048532581,79.40255815354607
2026-05-01 04:05:00,ACTIVE,33.11,37.31,0.09571486325565398,79.10437721217855
2026-05-01 04:10:00,ACTIVE,33.11,37.31,0.10393529513750088,82.30060223704346
2026-05-01 04:15:00,ACTIVE,33.15,37.24,0.12453299234461274,90.3092903709776
2026-05-01 04:20:00,ACTIVE,33.16,37.19,0.1111552705394141,85.10783504307938
2026-05-01 04:25:00,ACTIVE,33.14,37.2,0.11564761490761427,86.85452471782266
2026-05-01 04:30:00,ACTIVE,33.1,37.26,0.1008661349674363,81.10726754588912
2026-05-01 04:35:00,ACTIVE,33.09,37.3,0.11538062339020771,86.75071448234758
2026-05-01 04:40:00,ACTIVE,33.09,37.31,0.12088137074534278,88.88948609491545
2026-05-01 04:45:00,ACTIVE,33.06,37.34,0.10307040147332669,81.96431883818882
2026-05-01 04:50:00,ACTIVE,33.03,37.41,0.08966159086013598,76.750775723721
2026-05-01 04:55:00,ACTIVE,33.02,37.43,0.10088648408269196,81.11517958169804
2026-05-01 05:00:00,ACTIVE,32.99,37.43,0.09455036730116251,78.65160402889619
2026-05-01 06:20:00,ACTIVE,31.12,41.52,0.03267465069702519,54.593413816490866
2026-05-01 06:25:00,ACTIVE,31.19,41.45,0.03649722286088314,56.079686190629175
2026-05-01 06:30:00,ACTIVE,31.26,41.38,0.04760865436721451,60.39997446174004
2026-05-01 06:35:00,ACTIVE,31.32,41.29,0.03641687712303748,56.04844658404468
2026-05-01 06:40:00,ACTIVE,31.38,41.24,0.05605701591195372,63.68482189755811
2026-05-01 06:45:00,ACTIVE,31.44,41.2,0.04929992244270093,61.057564406443795
2026-05-01 06:50:00,ACTIVE,31.48,41.18,0.04457331031749828,59.219787976380076
2026-05-01 06:55:00,ACTIVE,31.55,41.16,0.0474374364273617,60.33340240422176
2026-05-01 07:00:00,ACTIVE,31.61,41.1,0.04783783481658754,60.48908319690436
2026-05-04 18:15:00,ACTIVE,28.35,47.32,0.09020427197383812,76.96177813588947
2026-05-04 18:20:00,ACTIVE,29.99,38.59,0.11154337122153235,85.25873430606006
2026-05-04 18:25:00,ACTIVE,28.93,37.92,0.106981340952372,83.4849497263616
2026-05-04 18:30:00,ACTIVE,29.54,44.27,0.11755082110002302,87.59451932480772
2026-05-04 18:35:00,ACTIVE,29.81,36.99,0.11432737668286252,86.34119664535808
2026-05-04 18:40:00,ACTIVE,28.93,48.21,0.10924892151963322,84.3666184585097
2026-05-04 18:45:00,ACTIVE,30.54,39.12,0.10525439460712727,82.81348754473835
2026-05-04 18:50:00,ACTIVE,29.3,37.4,0.1184243176016096,87.93414763359138
2026-05-04 18:55:00,ACTIVE,30.43,43.96,0.10031747776182315,80.89394154114164
2026-05-04 19:00:00,ACTIVE,29.85,36.81,0.08289867710231802,74.12125521866398
2026-05-04 19:05:00,ACTIVE,30.29,46.04,0.10158488006553273,81.38672622908895
2026-05-04 19:10:00,ACTIVE,30.16,36.74,0.09734597019801272,79.738575621986
2026-05-04 19:15:00,ACTIVE,30.2,47.59,0.10679831916717059,83.41378815986921
2026-05-04 19:20:00,ACTIVE,30.83,36.8,0.11268075012566725,85.70096398065627
2026-05-04 19:25:00,ACTIVE,30.35,47.79,0.11111716247798314,85.09301806736018
2026-05-04 19:30:00,ACTIVE,30.95,36.72,0.10879618543848751,84.19058800013285
2026-05-04 19:35:00,ACTIVE,30.25,48.72,0.09825364255940505,80.09149200856504
2026-05-04 19:40:00,ACTIVE,31.0,36.94,0.10607034558737033,83.13074130702243
2026-05-04 19:45:00,ACTIVE,30.15,49.33,0.12174790847025801,89.2264087288077
2026-05-04 19:50:00,ACTIVE,31.28,38.39,0.12032101519185628,88.67161160016651
2026-05-04 19:55:00,ACTIVE,30.2,48.98,0.12456556660176604,90.32195572206577
2026-05-04 20:00:00,ACTIVE,31.38,39.23,0.11887054033387329,88.10764560596365
2026-05-04 20:05:00,ACTIVE,30.4,47.63,0.13083310925633385,92.75886864402251
2026-05-04 20:10:00,ACTIVE,31.37,37.31,0.12448910239090494,90.29222531035825
2026-05-04 20:15:00,ACTIVE,30.51,47.1,0.12249178926110182,89.51564053966446
2026-05-04 20:20:00,ACTIVE,31.41,36.71,0.12347178333064568,89.89667667186724
2026-05-04 20:25:00,ACTIVE,30.66,46.27,0.11410372275874708,86.25423670463458
2026-05-04 20:30:00,ACTIVE,31.42,35.97,0.1039666365220765,82.31278822910986
2026-05-04 20:35:00,ACTIVE,30.85,45.51,0.10421996250858018,82.41128510483968
2026-05-04 20:40:00,ACTIVE,31.39,35.19,0.10255949610381554,81.76567130350448
2026-05-04 20:45:00,ACTIVE,30.95,45.11,0.11071713102187475,84.93747994367956
2026-05-04 20:50:00,ACTIVE,31.41,34.88,0.1033979936246639,82.09169149294743
2026-05-04 20:55:00,ACTIVE,31.07,44.56,0.10905420294014267,84.29090900607227
2026-05-04 21:00:00,ACTIVE,31.45,34.58,0.10034959642509939,80.90642975061826
2026-05-04 21:05:00,ACTIVE,31.13,44.57,0.10139351256678575,81.3123197262151
2026-05-04 21:10:00,ACTIVE,31.12,34.0,0.11428341475823534,86.32410360138493
2026-05-04 21:45:00,ACTIVE,31.05,45.38,0.11135715606553936,85.18633110995691
2026-05-04 21:50:00,ACTIVE,31.0,34.18,0.1198602985576685,88.49247818519176
2026-05-04 21:55:00,ACTIVE,31.21,44.86,0.12327601163681229,89.82055775305808
2026-05-04 22:00:00,ACTIVE,31.35,34.27,0.11540639501213856,86.76073486864
2026-05-04 22:05:00,ACTIVE,31.37,44.75,0.12564610395062437,90.74208456254054
2026-05-04 22:10:00,ACTIVE,31.65,34.48,0.12467242427210096,90.36350355859457
2026-05-04 22:15:00,ACTIVE,31.41,45.05,0.1193406254998085,88.29042164410562
2026-05-04 22:20:00,ACTIVE,32.1,37.13,0.12110417250849381,88.97611470290137
2026-05-04 22:25:00,ACTIVE,31.32,46.13,0.10898835980092597,84.26530822349723
2026-05-04 22:30:00,ACTIVE,32.2,42.97,0.0983746301391219,80.13853376203333
2026-05-04 22:35:00,ACTIVE,31.16,47.58,0.10601535629400893,83.10936065962245
2026-05-04 22:40:00,ACTIVE,32.06,43.81,0.12162701148701371,89.17940220058264
2026-05-04 22:45:00,ACTIVE,31.3,47.82,0.11658421797166507,87.21868978782283
2026-05-04 22:50:00,ACTIVE,31.99,44.44,0.11532968787555126,86.7309100038312
2026-05-04 22:55:00,ACTIVE,31.23,46.26,0.11559303657667463,86.83330385866684
2026-05-04 23:00:00,ACTIVE,31.88,45.2,0.12404640746553558,90.12009900128064
2026-05-04 23:05:00,ACTIVE,31.44,33.62,0.1175261396729394,87.5849228223334
2026-05-04 23:10:00,ACTIVE,31.74,46.16,0.11754605271765439,87.59266530749163
2026-05-04 23:15:00,ACTIVE,31.67,34.06,0.10767434798202186,83.75440106935802
2026-05-04 23:20:00,ACTIVE,31.61,47.18,0.1018251001914317,81.48012735313085
2026-05-04 23:25:00,ACTIVE,31.96,35.51,0.11129018524109496,85.16029186675149
2026-05-04 23:30:00,ACTIVE,31.55,47.71,0.13401696866557,93.99680008919688
2026-05-04 23:35:00,ACTIVE,32.33,44.69,0.1373827108440192,95.3054502346666
2026-05-04 23:40:00,ACTIVE,31.43,48.61,0.11104555573441416,85.0651763104995
2026-05-04 23:45:00,ACTIVE,32.23,45.29,0.1311170737599252,92.86927822658426
2026-05-04 23:50:00,ACTIVE,31.3,49.46,0.1112597024714797,85.1484397168314
2026-05-04 23:55:00,ACTIVE,32.04,45.79,0.11111613524683578,85.09261866475619
2026-05-05 00:40:00,ACTIVE,32.37,44.11,0.0957408532615272,79.11448250936516
2026-05-05 00:45:00,ACTIVE,32.77,42.81,0.10816291069049105,83.94436144826139
2026-05-05 00:50:00,ACTIVE,32.51,32.41,0.10451475141222111,82.5259033736134
2026-05-05 00:55:00,ACTIVE,32.15,44.86,0.10348718482536107,82.1263703458062
2026-05-05 01:00:00,ACTIVE,32.58,43.42,0.09624870770923888,79.31194380070554
2026-05-05 01:05:00,ACTIVE,32.86,42.57,0.09920258568319545,80.46045507559441
2026-05-05 01:10:00,ACTIVE,33.07,41.91,0.10774800609741397,83.7830404298058
2026-05-05 01:15:00,ACTIVE,32.06,45.25,0.046986267944913396,60.157981451313425
2026-05-05 01:20:00,ACTIVE,32.45,43.88,0.024469380252942208,51.40308378199756
2026-05-05 01:25:00,ACTIVE,32.77,42.98,0.03633210755740818,56.015486928042954
2026-05-05 01:30:00,ACTIVE,31.87,46.44,0.04897261539179065,60.93030260293146
2026-05-05 01:35:00,ACTIVE,32.11,45.28,0.0431055261332321,58.649091861105106
2026-05-05 01:40:00,ACTIVE,32.5,44.02,0.04848420074420495,60.74039979228093
2026-05-05 01:45:00,ACTIVE,32.78,43.15,0.05319522588061876,62.57211577146504
2026-05-05 01:50:00,ACTIVE,32.98,42.5,0.061293387200607063,65.72080020050315
2026-05-05 01:55:00,ACTIVE,32.01,45.63,0.05965818904770709,65.08501106776265
2026-05-05 02:00:00,ACTIVE,32.37,44.21,0.056019752700070535,63.67033341178999
2026-05-05 02:05:00,ACTIVE,32.65,43.23,0.04632265353497589,59.89995839189399
2026-05-05 02:10:00,ACTIVE,32.83,42.56,0.06822273472933016,68.41503260770786
2026-05-05 02:15:00,ACTIVE,32.94,42.12,0.08797004987049772,76.09307966597424
2026-05-05 02:20:00,ACTIVE,33.0,41.85,0.11073835059558035,84.94573042655803
2026-05-05 02:25:00,ACTIVE,33.07,41.62,0.11982364678369117,88.47822743548957
2026-05-05 02:30:00,ACTIVE,33.12,41.41,0.10937959442394052,84.4174260088698
2026-05-05 02:35:00,ACTIVE,33.18,41.26,0.11594231319655224,86.96910775426487
2026-05-05 02:40:00,ACTIVE,33.24,41.11,0.12406529191113808,90.12744155194987
2026-05-05 02:45:00,ACTIVE,33.26,40.98,0.10351737749448103,82.13810970037974
2026-05-05 02:50:00,ACTIVE,33.28,40.92,0.11417936632181525,86.28364803638982
2026-05-05 02:55:00,ACTIVE,33.28,40.88,0.11290655299350688,85.7887594623595
2026-05-05 03:00:00,ACTIVE,33.26,40.88,0.11168210606981549,85.31267645901221
2026-05-05 03:05:00,ACTIVE,33.25,40.89,0.10958005851473346,84.49536940074853
2026-05-05 03:10:00,ACTIVE,33.21,40.93,0.10104966478988858,81.17862664474941
2026-05-05 03:15:00,ACTIVE,33.16,41.04,0.1139034735687558,86.1763768693536
2026-05-05 03:20:00,ACTIVE,33.11,41.13,0.09918488653539176,80.45357338617201
2026-05-05 03:25:00,ACTIVE,33.07,41.26,0.11832168950550087,87.89424431783478
2026-05-05 03:30:00,ACTIVE,33.03,41.38,0.10674916327414119,83.39467562446008
2026-05-05 03:35:00,ACTIVE,32.99,41.52,0.11817276458212167,87.8363401135579
2026-05-05 03:40:00,ACTIVE,32.95,41.66,0.11277602004157794,85.73800632754596
2026-05-05 03:45:00,ACTIVE,32.93,41.75,0.1131241877612944,85.87337906642423
2026-05-05 03:50:00,ACTIVE,32.92,41.85,0.11520361521078676,86.68189109437931
2026-05-05 03:55:00,ACTIVE,32.89,41.93,0.1124112831150163,85.59619123693703
2026-05-05 04:00:00,ACTIVE,32.85,42.03,0.11940783156287549,88.3165523515532
2026-05-05 04:05:00,ACTIVE,32.83,42.15,0.11719856280071766,87.45755610831998
2026-05-05 04:10:00,ACTIVE,32.82,42.19,0.11982982300523465,88.48062884141814
2026-05-05 04:15:00,ACTIVE,32.81,42.26,0.12042006766118374,88.7101246595519
2026-05-05 04:20:00,ACTIVE,32.78,42.38,0.1255478393400351,90.70387783423985
2026-05-05 04:25:00,ACTIVE,32.75,42.48,0.12276783374976719,89.62297070373975
2026-05-05 04:30:00,ACTIVE,32.71,42.61,0.12481698663724805,90.41971153595854
2026-05-05 04:35:00,ACTIVE,32.7,42.68,0.10477779962375794,82.62818039367077
2026-05-05 04:40:00,ACTIVE,32.68,42.77,0.11802801453816253,87.7800591639068
2026-05-05 04:45:00,ACTIVE,32.65,42.9,0.10830060669589131,83.99789968379572
2026-05-05 04:50:00,ACTIVE,32.68,42.93,0.10922895649781045,84.35885576388621
2026-05-05 04:55:00,ACTIVE,32.68,42.94,0.11466251150178264,86.47150200039685
2026-05-05 05:00:00,ACTIVE,32.68,43.0,0.09703464941773599,79.61752951601702
2026-05-05 05:05:00,ACTIVE,32.65,43.06,0.09966775223913954,80.6413186857074
2026-05-05 05:10:00,ACTIVE,32.59,43.22,0.10393755356776385,82.3014803480025
2026-05-05 05:15:00,ACTIVE,32.57,43.29,0.1161813653848412,87.06205476695713
2026-05-05 05:20:00,ACTIVE,32.59,43.21,0.11321296187480256,85.90789574963908
2026-05-05 05:25:00,ACTIVE,32.63,43.02,0.11588933108190402,86.94850752751975
2026-05-05 05:30:00,ACTIVE,32.66,42.89,0.10663452951481356,83.35010432996806
2026-05-05 05:35:00,ACTIVE,32.68,42.8,0.11314423525494932,85.88117382731109
2026-05-05 05:40:00,ACTIVE,32.73,42.66,0.11452643573215604,86.41859373640179
2026-05-05 05:45:00,ACTIVE,32.72,42.69,0.1073404710519616,83.62458480004007
2026-05-05 05:50:00,ACTIVE,32.74,42.67,0.11190769982832266,85.40039063592624
2026-05-05 05:55:00,ACTIVE,32.77,42.61,0.11092656511625526,85.01891100510555
2026-05-05 06:00:00,ACTIVE,32.78,42.53,0.0970026755757088,79.60509761517565
2026-05-05 06:05:00,ACTIVE,32.8,42.44,0.10580581220657304,83.02788683127602
2026-05-05 06:10:00,ACTIVE,32.82,42.34,0.11251713637327226,85.63734854325185
2026-05-05 06:15:00,ACTIVE,32.82,42.36,0.11681834754404735,87.30972281492711
2026-05-05 06:20:00,ACTIVE,32.85,42.28,0.1143805313305376,86.36186395548594
2026-05-05 06:25:00,ACTIVE,32.84,42.29,0.11157314805682134,85.27031197831376
2026-05-05 06:30:00,ACTIVE,32.84,42.34,0.12319453877898351,89.78887990561863
2026-05-05 06:35:00,ACTIVE,32.84,42.43,0.12421211120625719,90.18452705693764
2026-05-05 06:40:00,ACTIVE,32.82,42.57,0.1023412543755935,81.6808157042806
2026-05-05 06:45:00,ACTIVE,32.83,42.7,0.11979392917381687,88.46667279094966
2026-05-05 09:20:00,ACTIVE,33.0,39.34,0.03915520858451266,57.1131501992975
2026-05-05 09:25:00,ACTIVE,32.09,47.62,0.004114615769134078,43.488851469940194
2026-05-05 09:30:00,ACTIVE,32.56,42.3,0.020869732653393924,50.003487762744825
2026-05-05 09:35:00,ACTIVE,31.68,49.27,0.029784247772241312,53.469582575879535
2026-05-05 09:40:00,ACTIVE,32.3,40.79,0.04636630584451107,59.91693105295789
2026-05-05 09:45:00,ACTIVE,31.55,50.22,0.0416894467885815,58.09849934922485
2026-05-05 09:50:00,ACTIVE,32.06,38.18,0.04296203363315759,58.59329986304338
2026-05-05 09:55:00,ACTIVE,31.38,51.46,0.0681489932054431,68.3863608168084
2026-05-05 10:00:00,ACTIVE,31.46,36.21,0.07983064523318384,72.92835922753429
2026-05-05 10:05:00,ACTIVE,31.34,51.96,0.06629003743637268,67.66357142634575
2026-05-05 10:10:00,ACTIVE,31.18,36.49,0.07759430689386315,72.05883793389202
2026-05-05 10:15:00,ACTIVE,31.39,52.07,0.06980236828526248,69.02921740653049
2026-05-05 10:20:00,ACTIVE,30.79,36.79,0.09469360052084042,78.70729521491981
2026-05-05 10:25:00,ACTIVE,31.27,52.97,0.09568869693430371,79.09420336093686
2026-05-05 10:30:00,ACTIVE,30.36,38.61,0.09944480099867464,80.55463195873966
2026-05-05 10:35:00,ACTIVE,31.19,53.67,0.10857331700588035,84.10393347008018
2026-05-05 10:40:00,ACTIVE,30.25,38.2,0.11557304588713668,86.82553118405755
2026-05-05 10:45:00,ACTIVE,30.92,55.79,0.08394617754314315,74.5285388225724
2026-05-05 10:50:00,ACTIVE,30.26,38.88,0.11134345775577625,85.18100500530785
2026-05-05 10:55:00,ACTIVE,30.39,59.8,0.09805222709048511,80.01317870685416
2026-05-05 11:00:00,ACTIVE,30.3,39.69,0.10680456544414652,83.41621680438202
2026-05-05 11:05:00,ACTIVE,29.87,63.97,0.09407910258040714,78.46836936246211
2026-05-05 11:10:00,ACTIVE,30.73,41.79,0.11283983223789473,85.76281744960022
2026-05-05 11:15:00,ACTIVE,29.4,55.09,0.10606227307682281,83.12760259599163
2026-05-05 11:20:00,ACTIVE,30.79,57.6,0.09839461636444874,80.14630470089159
2026-05-05 11:25:00,ACTIVE,29.76,40.35,0.08539682053312386,75.092570188973
2026-05-05 11:30:00,ACTIVE,29.13,66.62,0.10177104149544464,81.45910853570024
2026-05-05 11:35:00,ACTIVE,30.52,47.92,0.09129321255143247,77.38517427549911
2026-05-05 11:40:00,ACTIVE,29.34,41.22,0.0953433186312223,78.95991518834194
2026-05-05 11:45:00,ACTIVE,29.21,68.93,0.09018691552056268,76.95502969114848
2026-05-05 11:50:00,ACTIVE,30.27,44.27,0.09926465929433198,80.48459021011654
2026-05-05 11:55:00,ACTIVE,29.14,41.71,0.09598555743097159,79.20962709559961
2026-05-05 12:00:00,ACTIVE,28.54,62.27,0.11123069030541405,85.13715935923739
2026-05-05 13:15:00,ACTIVE,27.67,43.33,0.0644971162252031,66.96645724486264
2026-05-05 13:20:00,ACTIVE,28.05,66.44,0.04631372627632163,59.89648734220654
2026-05-05 13:25:00,ACTIVE,29.51,47.34,0.0929581297720416,78.0325186196072
2026-05-05 13:30:00,ACTIVE,28.8,43.79,0.09545191724013424,79.00213992743824
2026-05-05 13:35:00,ACTIVE,28.29,43.63,0.11016692453385679,84.72355155510797
2026-05-05 13:40:00,ACTIVE,27.98,44.0,0.10816092658903481,83.94359000038403
2026-05-05 13:45:00,ACTIVE,27.76,44.2,0.11030621290782228,84.77770892700036
2026-05-05 13:50:00,ACTIVE,27.58,44.36,0.12097988721147374,88.92779074836128
2026-05-05 13:55:00,ACTIVE,27.46,44.37,0.11457679272199645,86.43817327594643
2026-05-05 14:00:00,ACTIVE,27.35,44.55,0.11865504199513438,88.02385667698837
2026-05-05 14:05:00,ACTIVE,27.31,44.59,0.1227105791024426,89.60070925334408
2026-05-05 14:10:00,ACTIVE,27.29,44.67,0.12203673822570416,89.33870999296892
2026-05-05 14:15:00,ACTIVE,27.26,44.73,0.11761612790765896,87.61991157376255
2026-05-05 14:20:00,ACTIVE,27.24,44.78,0.12817001788006926,91.7234194823896
2026-05-05 14:25:00,ACTIVE,27.24,44.73,0.12679743538315735,91.18973918573641
2026-05-05 14:30:00,ACTIVE,27.23,44.7,0.13319966555489032,93.6790205986785
2026-05-05 14:35:00,ACTIVE,27.23,44.56,0.128703147982702,91.93070832074206
2026-05-05 14:40:00,ACTIVE,27.23,44.68,0.1339195702725482,93.95893015904817
2026-05-05 14:45:00,ACTIVE,27.26,44.65,0.13109412811504806,92.8603566218046
2026-05-05 14:50:00,ACTIVE,27.28,44.72,0.10318288693683864,82.00805484361747
2026-05-05 14:55:00,ACTIVE,27.27,44.77,0.10841611748342983,84.04281197977713
2026-05-05 16:40:00,ACTIVE,28.68,41.78,0.09800880228497755,79.99629450270794
2026-05-05 16:45:00,ACTIVE,28.16,42.42,0.10990578231639636,84.62201561362794
2026-05-05 19:05:00,ACTIVE,31.83,37.88,0.04823548713767761,60.64369627783876
2026-05-05 19:10:00,ACTIVE,30.93,47.3,0.057258465664021485,64.15196326176755
2026-05-05 19:15:00,ACTIVE,31.59,36.59,0.05932078106664629,64.95382187379376
2026-05-05 19:20:00,ACTIVE,30.74,50.12,0.08470871610235586,74.82502504865039
2026-05-05 19:25:00,ACTIVE,31.23,37.01,0.0827556312543945,74.06563688553895
2026-05-05 19:30:00,ACTIVE,30.7,51.91,0.08191738570298829,73.73971466552727
2026-05-05 19:35:00,ACTIVE,31.22,37.57,0.06500850813881448,67.16529395506126
2026-05-05 19:40:00,ACTIVE,30.59,54.32,0.09337078037027413,78.19296325165979
2026-05-05 19:45:00,ACTIVE,31.15,38.22,0.10150225852085176,81.3546017552781
2026-05-05 19:50:00,ACTIVE,30.46,56.49,0.1057945158751134,83.02349465117899
2026-05-05 19:55:00,ACTIVE,31.44,41.51,0.1058056090450748,83.02780783909239
2026-05-05 20:00:00,ACTIVE,30.44,57.91,0.11275617135091986,85.73028886419318
2026-05-05 20:05:00,ACTIVE,31.66,49.7,0.1082261543449623,83.96895151286996
2026-05-05 20:10:00,ACTIVE,30.4,59.79,0.11638494266146943,87.14120861135427
2026-05-05 20:15:00,ACTIVE,31.53,52.25,0.10971694957372868,84.54859466126155
2026-05-05 20:20:00,ACTIVE,30.51,52.99,0.10634702168977689,83.23831705182567
2026-05-05 20:25:00,ACTIVE,31.42,53.54,0.11049971148423471,84.85294402426707
2026-05-05 20:30:00,ACTIVE,30.8,36.82,0.09013052426684048,76.93310394090554
2026-05-05 20:35:00,ACTIVE,31.34,54.38,0.09753149092665325,79.81070881450373
2026-05-05 20:40:00,ACTIVE,31.22,36.91,0.07580204432700705,71.3619798430216
2026-05-05 20:45:00,ACTIVE,31.21,55.6,0.10540973287186461,82.87388535062115
2026-05-05 20:50:00,ACTIVE,31.71,38.98,0.07977187762777993,72.90550951674743
2026-05-05 20:55:00,ACTIVE,31.04,57.1,0.10736253830359616,83.63316487258591
2026-05-05 21:00:00,ACTIVE,31.91,44.28,0.07340656976197807,70.43058404031679
2026-05-05 21:05:00,ACTIVE,30.81,59.58,0.10141838198324521,81.32198932172832
2026-05-05 21:10:00,ACTIVE,31.83,51.72,0.10672497734331576,83.38527177823096
2026-05-05 21:15:00,ACTIVE,30.77,59.56,0.10872697908173606,84.163679549031
2026-05-05 21:20:00,ACTIVE,31.78,53.24,0.11231613248035266,85.55919526835352
2026-05-05 21:25:00,ACTIVE,30.71,57.87,0.11755098352189564,87.5945824768247
2026-05-05 21:30:00,ACTIVE,31.57,54.51,0.11497655144578062,86.5936053572813
2026-05-05 21:35:00,ACTIVE,30.83,38.17,0.09190412206160209,77.62270489340303
2026-05-05 21:40:00,ACTIVE,31.35,55.87,0.12467591637388209,90.36486133921518
2026-05-05 21:45:00,ACTIVE,31.64,38.09,0.09584085706050693,79.153365459735
2026-05-05 21:50:00,ACTIVE,31.15,57.26,0.11454474767869827,86.42571369100192
2026-05-05 21:55:00,ACTIVE,31.99,44.85,0.10561878860788199,82.95516930074133
2026-05-05 22:00:00,ACTIVE,31.07,57.72,0.09353933935170405,78.2585014669696
2026-05-05 22:05:00,ACTIVE,31.99,52.5,0.09296234579664353,78.03415787208588
2026-05-05 22:10:00,ACTIVE,30.99,59.15,0.10629248752583503,83.2171133654493
2026-05-05 22:15:00,ACTIVE,31.78,53.47,0.1018112692336488,81.47474967297744
2026-05-05 22:20:00,ACTIVE,31.81,36.73,0.08432411873319606,74.67548792536125
2026-05-05 22:25:00,ACTIVE,31.55,54.66,0.09194635427018472,77.63912539829465
2026-05-05 22:30:00,ACTIVE,32.33,50.84,0.09717534498413544,79.67223402505948
2026-05-05 22:35:00,ACTIVE,31.27,56.25,0.10706207060451312,83.51633860448027
2026-05-05 22:40:00,ACTIVE,32.05,51.78,0.09927776277848865,80.48968503780642
2026-05-05 22:45:00,ACTIVE,32.32,38.45,0.09591823982410169,79.18345301827813
2026-05-05 22:50:00,ACTIVE,31.69,53.33,0.09578841652674047,79.13297580761565
2026-05-05 22:55:00,ACTIVE,32.41,49.73,0.0952900393621634,78.93919942358406
2026-05-05 23:00:00,ACTIVE,31.33,55.47,0.11604735255063192,87.00994860264494
2026-05-05 23:05:00,ACTIVE,32.11,51.41,0.11142236790062965,85.21168643218678
2026-05-05 23:10:00,ACTIVE,32.67,46.92,0.09811788174599351,80.03870620418652
2026-05-05 23:15:00,ACTIVE,31.71,53.33,0.09993274453006529,80.74435159247275
2026-05-05 23:20:00,ACTIVE,32.34,50.22,0.10905839525950817,84.29253904160578
2026-05-05 23:25:00,ACTIVE,32.79,48.46,0.09898959831093074,80.37764244737765
2026-05-05 23:30:00,ACTIVE,31.77,53.34,0.10294831863032028,81.91685123021733
2026-05-05 23:35:00,ACTIVE,32.31,50.18,0.1024885261424543,81.73807713694768
2026-05-05 23:40:00,ACTIVE,32.73,45.7,0.09748013905382219,79.79074244979498
2026-05-05 23:45:00,ACTIVE,31.77,52.7,0.11074856159500934,84.94970061357168
2026-05-05 23:50:00,ACTIVE,32.35,49.97,0.10413077609623533,82.37660811376284
2026-05-05 23:55:00,ACTIVE,32.09,35.25,0.10085585328634611,81.10326987680428
2026-05-06 00:00:00,ACTIVE,31.91,51.74,0.11653086917589767,87.19794699005635
2026-05-06 00:35:00,ACTIVE,33.23,46.42,0.0781454214058881,72.27311937557518
2026-05-06 00:40:00,ACTIVE,32.2,50.76,0.09317898691329646,78.11839112995034
2026-05-06 00:45:00,ACTIVE,32.43,49.12,0.07536332315000593,71.19139858585363
2026-05-06 00:50:00,ACTIVE,32.67,48.23,0.08138455081732776,73.53254061188295
2026-05-06 00:55:00,ACTIVE,32.88,47.57,0.08608369965363377,75.35963891061512
2026-05-06 01:00:00,ACTIVE,33.0,47.15,0.1024770671558341,81.73362171412786
2026-05-06 01:05:00,ACTIVE,33.09,46.89,0.08747020696744595,75.89873338122936
2026-05-06 01:10:00,ACTIVE,33.18,46.67,0.10584823178258468,83.04438018738448
2026-05-06 01:15:00,ACTIVE,33.23,46.55,0.09665000514890043,79.46797415744298
2026-05-06 01:20:00,ACTIVE,33.29,46.44,0.10171437647713188,81.43707634175121
2026-05-06 01:25:00,ACTIVE,33.3,46.37,0.10275389876060925,81.84125792054297
2026-05-06 01:30:00,ACTIVE,33.3,46.36,0.1222283058481411,89.41319430688178
2026-05-06 01:35:00,ACTIVE,33.3,46.34,0.12567194459787978,90.75213178689609
2026-05-06 01:40:00,ACTIVE,33.29,46.36,0.12349658222261067,89.906318846418
2026-05-06 01:45:00,ACTIVE,33.28,46.39,0.108058330205278,83.90369901485705
2026-05-06 01:50:00,ACTIVE,32.11,50.99,0.11702775112807645,87.39114201347898
2026-05-06 01:55:00,ACTIVE,32.38,49.59,0.11667140918327207,87.25259101545807
2026-05-06 02:00:00,ACTIVE,32.6,48.72,0.12126031748411137,89.03682616985942
2026-05-06 02:05:00,ACTIVE,32.77,48.09,0.11841503903876582,87.93053999165939
2026-05-06 02:10:00,ACTIVE,32.86,47.73,0.08730931143649434,75.8361748283689
2026-05-06 02:15:00,ACTIVE,32.91,47.52,0.09302197654515171,78.05734318562814
2026-05-06 02:20:00,ACTIVE,32.91,47.43,0.09964491647299678,80.63243980339848
2026-05-06 02:25:00,ACTIVE,32.93,47.35,0.10599540339878977,83.10160268000111
2026-05-06 03:35:00,ACTIVE,31.47,50.46,0.0680685293472652,68.3550752832985
2026-05-06 03:40:00,ACTIVE,31.48,50.41,0.07433526866104417,70.79167585452117
2026-05-06 03:45:00,ACTIVE,31.53,50.34,0.080387324495303,73.1448043260379
2026-05-06 03:50:00,ACTIVE,31.57,50.18,0.06996983982357752,69.09433280793624
2026-05-06 03:55:00,ACTIVE,31.61,50.11,0.07601005758196944,71.44285846114903
2026-05-06 04:00:00,ACTIVE,31.64,50.0,0.07640425331314754,71.59612756900073
2026-05-06 04:05:00,ACTIVE,31.67,49.86,0.08794187065193698,76.0821231706417
2026-05-06 04:10:00,ACTIVE,31.67,49.82,0.0915007680517066,77.46587491185977
2026-05-06 04:15:00,ACTIVE,31.65,49.81,0.090527356131479,77.08739801628404
2026-05-06 04:20:00,ACTIVE,31.64,49.78,0.09018684165160601,76.95500096980983
2026-05-06 04:25:00,ACTIVE,31.66,49.72,0.093853798413568,78.38076778305509
2026-05-06 04:30:00,ACTIVE,31.66,49.71,0.10100345614820472,81.16066004408441
2026-05-06 04:35:00,ACTIVE,31.68,49.67,0.10448918269414575,82.5159618793293
2026-05-06 04:40:00,ACTIVE,31.71,49.59,0.1037275859270897,82.21984183591695
2026-05-06 04:45:00,ACTIVE,31.74,49.58,0.09224257562935406,77.75430062688177
2026-05-06 04:50:00,ACTIVE,31.77,49.5,0.09985181142646005,80.71288360942745
2026-05-06 04:55:00,ACTIVE,31.81,49.4,0.11132103382723957,85.17228625152765
2026-05-06 05:00:00,ACTIVE,31.83,49.34,0.11927652686343254,88.26549914993632
2026-05-06 05:05:00,ACTIVE,31.88,49.22,0.12348905088141299,89.90339055000331
2026-05-06 05:10:00,ACTIVE,31.9,49.14,0.10823467535989256,83.97226460901244
2026-05-06 05:15:00,ACTIVE,31.92,49.1,0.11269934276776111,85.70819307382229
2026-05-06 05:20:00,ACTIVE,31.97,48.92,0.1100015993951477,84.65927070549128
2026-05-06 05:25:00,ACTIVE,32.06,48.69,0.10777766744897949,83.79457320028644
2026-05-06 05:30:00,ACTIVE,32.14,48.38,0.1153989971916014,86.75785848702525
2026-05-06 05:35:00,ACTIVE,32.24,48.0,0.1078979250983193,83.8413311460703
2026-05-06 05:40:00,ACTIVE,32.28,47.78,0.1091919727511178,84.34447593830146
2026-05-06 05:45:00,ACTIVE,32.29,47.68,0.11226693108665697,85.540065041615
2026-05-06 05:50:00,ACTIVE,32.3,47.56,0.10879815437423357,84.19135355135866
2026-05-06 05:55:00,ACTIVE,32.28,47.51,0.11726266289020221,87.48247916747931
2026-05-06 06:00:00,ACTIVE,32.27,47.46,0.11970624067086799,88.43257820911423
2026-05-06 06:05:00,ACTIVE,32.26,47.41,0.1189625837221594,88.14343343137743
2026-05-06 06:10:00,ACTIVE,32.24,47.38,0.12253305480472937,89.53168519097996
2026-05-06 06:15:00,ACTIVE,32.24,47.33,0.11105866018569394,85.07027151422109
2026-05-06 06:20:00,ACTIVE,32.22,47.31,0.0906576330643073,77.13805160709938
2026-05-06 06:25:00,ACTIVE,32.2,47.28,0.09809676651758825,80.03049629229812
2026-05-06 06:30:00,ACTIVE,32.2,47.25,0.1068579002475516,83.43695416171187
2026-05-06 06:35:00,ACTIVE,32.17,47.28,0.10529041098209696,82.82749124194521
2026-05-06 06:40:00,ACTIVE,32.13,47.35,0.11259440738407683,85.66739265066371
2026-05-06 06:45:00,ACTIVE,32.1,47.45,0.11708876458821404,87.41486494567383
2026-05-06 06:50:00,ACTIVE,32.09,47.46,0.09957455659210213,80.60508284511523
2026-05-06 06:55:00,ACTIVE,32.07,47.51,0.11891056140678369,88.1232063887299
2026-05-06 07:00:00,ACTIVE,32.06,47.57,0.11388512111885479,86.16924116645086
2026-05-06 07:05:00,ACTIVE,32.06,47.6,0.11650932318246582,87.18956959037926
2026-05-06 07:10:00,ACTIVE,32.06,47.64,0.09316313143778276,78.11222628747656
2026-05-06 07:15:00,ACTIVE,32.03,47.7,0.09673988920992022,79.50292240460287
2026-05-06 07:20:00,ACTIVE,32.05,47.69,0.12573863793431705,90.77806313867619
2026-05-06 07:25:00,ACTIVE,32.02,47.75,0.1309176211555258,92.79172811551727
2026-05-06 07:30:00,ACTIVE,32.04,47.74,0.12241038013897387,89.48398747360449
2026-05-06 07:35:00,ACTIVE,32.07,47.67,0.1201465399762332,88.60377306584026
2026-05-06 07:40:00,ACTIVE,32.13,47.5,0.12310761759038202,89.75508366690609
2026-05-06 07:45:00,ACTIVE,32.18,47.29,0.12454107843028045,90.31243436021515
2026-05-06 07:50:00,ACTIVE,32.22,47.13,0.11831147020509691,87.89027090327977
2026-05-06 07:55:00,ACTIVE,32.28,46.92,0.1301877180071384,92.50793101797605
2026-05-06 08:00:00,ACTIVE,32.32,46.72,0.13054662862018118,92.64748075205148
2026-05-06 09:05:00,ACTIVE,32.18,46.81,0.0816371052517284,73.63073749678806
2026-05-06 09:10:00,ACTIVE,32.56,45.14,0.0948473956156039,78.76709301358171
2026-05-06 09:15:00,ACTIVE,31.94,33.19,0.11186766335543519,85.38482386542202
2026-05-06 09:20:00,ACTIVE,32.01,46.28,0.10838033557623711,84.0288994470963
2026-05-06 09:25:00,ACTIVE,32.55,44.06,0.10415827586132642,82.38730042757619
2026-05-06 09:30:00,ACTIVE,31.66,46.79,0.10696747405641854,83.479558072918
2026-05-06 09:35:00,ACTIVE,32.35,43.62,0.10994979041130332,84.63912660928608
2026-05-06 09:40:00,ACTIVE,31.38,46.8,0.1212928054199977,89.04945795796723
2026-05-06 09:45:00,ACTIVE,32.11,39.42,0.11161669658715251,85.28724428849421
2026-05-06 09:50:00,ACTIVE,31.27,46.08,0.13426770910715663,94.09429166697088
2026-05-06 09:55:00,ACTIVE,31.44,34.83,0.13069251342147747,92.70420291207331
2026-05-06 10:00:00,ACTIVE,31.38,44.73,0.11515479191023675,86.66290787582615
2026-05-06 10:05:00,ACTIVE,31.02,34.43,0.11194744349786229,85.41584356017502
2026-05-06 10:10:00,ACTIVE,31.58,43.66,0.10031539722443711,80.893132597554
2026-05-06 10:15:00,ACTIVE,30.74,44.53,0.11756594924628933,87.60040137095459
2026-05-06 10:20:00,ACTIVE,31.65,43.48,0.11428923572261435,86.32636687809406
2026-05-06 10:25:00,ACTIVE,30.51,48.86,0.10488842491640765,82.67119313726286
2026-05-06 10:30:00,ACTIVE,31.37,38.08,0.09638845796942219,79.36628076076424
2026-05-06 10:35:00,ACTIVE,30.52,48.71,0.10782514297385726,83.81303238380184
2026-05-06 10:40:00,ACTIVE,30.8,36.6,0.10998375505009506,84.65233256123933
2026-05-06 10:45:00,ACTIVE,30.43,48.8,0.10392509225929764,82.29663520768204
2026-05-06 10:50:00,ACTIVE,30.55,36.79,0.10230118258357396,81.6652352011775
2026-05-06 10:55:00,ACTIVE,30.03,50.67,0.1036654132421298,82.19566818003268
2026-05-06 11:00:00,ACTIVE,30.49,37.66,0.11273572295426265,85.72233822631266
2026-05-06 11:05:00,ACTIVE,29.32,53.4,0.11702383783540565,87.38962046763518
2026-05-06 11:10:00,ACTIVE,30.84,44.95,0.12442680778900395,90.26800425137112
2026-05-06 11:15:00,ACTIVE,29.59,38.05,0.10745320399084796,83.66841702754029
2026-05-06 11:20:00,ACTIVE,29.87,51.33,0.09595787151008772,79.19886240167145
2026-05-06 11:25:00,ACTIVE,30.09,38.4,0.11381557533244424,86.14220074009684
2026-05-06 11:30:00,ACTIVE,28.95,45.18,0.11311993462603603,85.87172538477559
2026-05-06 11:35:00,ACTIVE,30.51,46.08,0.10879433213613421,84.18986740887372
2026-05-06 11:40:00,ACTIVE,29.43,38.85,0.11298622504411743,85.81973712942174
2026-05-06 11:45:00,ACTIVE,28.97,56.15,0.10161764097944376,81.39946415507445
2026-05-06 11:50:00,ACTIVE,30.15,40.6,0.0995066031467543,80.57866154442588
2026-05-06 11:55:00,ACTIVE,29.06,39.63,0.0900025263402251,76.88333646128171
2026-05-06 13:15:00,ACTIVE,27.7,42.46,0.09039158933570063,77.03460988587317
2026-05-06 13:20:00,ACTIVE,27.55,42.91,0.07883911319192449,72.542836961943
2026-05-06 13:25:00,ACTIVE,27.44,43.12,0.0880070492116321,76.10746555490768
2026-05-06 13:30:00,ACTIVE,27.36,43.3,0.09631506513328869,79.33774454480049
2026-05-06 13:35:00,ACTIVE,27.31,43.14,0.0935133878816321,78.24841115307026
2026-05-06 13:40:00,ACTIVE,27.27,42.98,0.10354385600421423,82.14840493506411
2026-05-06 13:45:00,ACTIVE,27.24,42.87,0.09172740514055366,77.55399475098102
2026-05-06 13:50:00,ACTIVE,27.22,42.47,0.11395493659048544,86.19638645039164
2026-05-06 13:55:00,ACTIVE,27.2,42.64,0.11139035632957395,85.19923986174327
2026-05-06 14:00:00,ACTIVE,27.23,42.77,0.10578840192880345,83.02111745877872
2026-05-06 14:05:00,ACTIVE,27.26,42.8,0.11783504342809664,87.70502915332663
2026-05-06 14:10:00,ACTIVE,27.31,42.66,0.12222625194679598,89.41239571977928
2026-05-06 14:15:00,ACTIVE,27.36,42.52,0.10254677159584252,81.76072382733814
2026-05-06 14:20:00,ACTIVE,27.43,42.26,0.11342526101522599,85.99044078317645
2026-05-06 14:25:00,ACTIVE,27.49,42.13,0.10860026430256337,84.11441097603712
2026-05-06 14:30:00,ACTIVE,27.54,42.03,0.12433845507084806,90.23365141287752
2026-05-06 14:35:00,ACTIVE,27.59,41.98,0.11257285484800011,85.65901270710992
2026-05-06 14:40:00,ACTIVE,27.65,41.97,0.11593362241343197,86.96572864974897
2026-05-06 14:45:00,ACTIVE,27.7,41.82,0.10467752440426797,82.58919191100779
2026-05-06 16:40:00,ACTIVE,29.62,37.65,0.038307083401044384,56.78338663278639
2026-05-06 16:45:00,ACTIVE,28.8,38.4,0.04978820634505199,61.247416381420884
2026-05-06 16:50:00,ACTIVE,28.26,39.54,0.05671501664193246,63.94066227550488
2026-05-06 16:55:00,ACTIVE,27.87,40.55,0.0733848937727703,70.42215609636685
2026-05-06 17:00:00,ACTIVE,27.6,41.43,0.07654530634426898,71.65097106559354
2026-05-06 17:05:00,ACTIVE,29.16,43.86,0.08487641687049885,74.89022957799044
2026-05-06 18:05:00,ACTIVE,28.62,39.27,0.08617113394393106,75.39363465082637
2026-05-06 18:10:00,ACTIVE,28.22,50.78,0.08982945274131643,76.81604289618365
2026-05-06 18:15:00,ACTIVE,29.9,40.28,0.10958553696095585,84.49749950135214
2026-05-06 18:20:00,ACTIVE,28.92,39.14,0.11098164872637079,85.04032832424909
2026-05-06 18:25:00,ACTIVE,28.63,51.18,0.1054256335245321,82.8800677586379
2026-05-06 18:30:00,ACTIVE,30.3,40.05,0.10497436744292549,82.70460885773893
2026-05-06 18:35:00,ACTIVE,29.1,38.18,0.1111714560070145,85.11412819133815
2026-05-06 18:40:00,ACTIVE,30.52,44.1,0.09652827493027372,79.42064365502543
2026-05-06 18:45:00,ACTIVE,29.69,36.89,0.10447792656941413,82.51158533220048
2026-05-06 18:50:00,ACTIVE,30.5,44.13,0.11094207018729108,85.02493960515594
2026-05-06 18:55:00,ACTIVE,29.98,36.55,0.10784881568957999,83.822236684438
2026-05-06 19:00:00,ACTIVE,29.72,46.58,0.06726319607555409,68.04194984251922
2026-05-06 19:05:00,ACTIVE,30.38,36.49,0.0633057881096385,66.50325132204472
2026-05-06 19:10:00,ACTIVE,29.55,46.14,0.08077910657730375,73.29713497152987
2026-05-06 19:15:00,ACTIVE,30.79,36.93,0.07587935902257653,71.39204093571368
2026-05-06 19:20:00,ACTIVE,29.43,42.83,0.0831560552912865,74.22132765041201
2026-05-06 19:25:00,ACTIVE,30.85,38.99,0.08386300340497083,74.4961994922709
2026-05-06 19:30:00,ACTIVE,29.56,36.81,0.07330014332510132,70.38920387370975
2026-05-06 19:35:00,ACTIVE,30.28,44.33,0.07531470911274496,71.17249673195026
2026-05-06 19:40:00,ACTIVE,30.12,36.93,0.06581069685925411,67.47719674797844
2026-05-06 19:45:00,ACTIVE,29.77,49.13,0.04842105704894001,60.71584859328445
2026-05-06 19:50:00,ACTIVE,30.62,38.18,0.04832569519547719,60.67877049971999
2026-05-06 19:55:00,ACTIVE,29.44,53.87,0.07228287746929457,69.99367592189371
2026-05-06 20:00:00,ACTIVE,31.0,46.28,0.10289055322570578,81.89439118986252
2026-05-06 20:05:00,ACTIVE,29.69,38.47,0.09440707430600737,78.59588960128634
2026-05-06 21:40:00,ACTIVE,31.71,38.57,0.06477404828025018,67.07413250782339
2026-05-06 21:45:00,ACTIVE,31.29,59.31,0.0924927387265268,77.8515677246418
2026-05-06 21:50:00,ACTIVE,31.69,39.73,0.10540262318526822,82.87112099972755
2026-05-06 21:55:00,ACTIVE,31.28,59.8,0.09707733025619536,79.63412445481424
2026-05-06 22:00:00,ACTIVE,31.79,40.7,0.09449831541272463,78.63136548780639
2026-05-06 22:05:00,ACTIVE,31.22,60.88,0.08267859194194455,74.03568286586089
2026-05-06 22:10:00,ACTIVE,32.05,45.97,0.090722801644878,77.16339011133478
2026-05-06 22:15:00,ACTIVE,31.18,61.75,0.11467202020403666,86.47519912392212
2026-05-06 22:20:00,ACTIVE,32.13,55.79,0.08432107533604571,74.67430460771173
2026-05-06 22:25:00,ACTIVE,31.04,63.82,0.11422695751523093,86.3021521935369
2026-05-06 22:30:00,ACTIVE,31.93,57.19,0.1036064755459653,82.17275233545219
2026-05-06 22:35:00,ACTIVE,30.95,61.84,0.12595436733607396,90.86194190835704
2026-05-06 22:40:00,ACTIVE,31.76,58.53,0.1193765749422423,88.30439931695643
2026-05-06 22:45:00,ACTIVE,31.3,37.89,0.07296525762985484,70.25899538162557
2026-05-06 22:50:00,ACTIVE,31.5,60.34,0.10153700099007518,81.36811013916272
2026-05-07 00:35:00,ACTIVE,31.97,56.5,0.10999350723327089,84.65612435373414
2026-05-07 00:40:00,ACTIVE,32.55,53.61,0.10608620838775723,83.13690899751484
2026-05-07 00:45:00,ACTIVE,31.93,44.04,0.1194677831651611,88.33986241777116
2026-05-07 00:50:00,ACTIVE,32.15,55.34,0.11271368220150296,85.71376845691975
2026-05-07 00:55:00,ACTIVE,32.69,52.85,0.1169741134307758,87.37028688654009
2026-05-07 01:00:00,ACTIVE,31.68,58.4,0.12803068294096615,91.66924400528566
2026-05-07 01:05:00,ACTIVE,32.26,54.56,0.10690738250391624,83.45619359199395
2026-05-07 01:10:00,ACTIVE,32.75,52.39,0.02325261916160648,50.929989143503285
2026-05-07 01:15:00,ACTIVE,31.72,57.64,0.04997891938317556,61.32156842036237
2026-05-07 01:20:00,ACTIVE,32.28,54.15,0.06888238548051423,68.67151453820854
2026-05-07 01:25:00,ACTIVE,32.72,52.19,0.06153102461295279,65.8131971274652
2026-05-07 01:30:00,ACTIVE,31.69,57.72,0.06250680713149542,66.19259574659117
2026-05-07 01:35:00,ACTIVE,32.22,54.12,0.059142111803785646,64.88435263211188
2026-05-07 01:40:00,ACTIVE,32.46,40.77,0.04138830133295507,57.98140955938996
2026-05-07 01:45:00,ACTIVE,31.67,56.78,0.0550946148664711,63.31062619230319
2026-05-07 01:50:00,ACTIVE,32.25,53.7,0.05640313164681454,63.81939679449322
2026-05-07 01:55:00,ACTIVE,32.7,51.77,0.056174614951686574,63.73054613675827
2026-05-07 02:00:00,ACTIVE,31.7,56.72,0.06739363688314298,68.09266715025579
2026-05-07 02:05:00,ACTIVE,32.21,53.71,0.05570160153368936,63.54663155107352
2026-05-07 02:10:00,ACTIVE,32.6,51.95,0.12685539505393995,91.21227475963944
2026-05-07 02:15:00,ACTIVE,32.89,50.78,0.12744476917702652,91.44143210177094
2026-05-07 02:20:00,ACTIVE,33.08,50.03,0.11556085707024744,86.82079199247676
2026-05-07 02:25:00,ACTIVE,33.23,49.48,0.1292004378390353,92.12406194330948
2026-05-07 02:30:00,ACTIVE,32.17,54.16,0.11659729571046074,87.22377460533704
2026-05-07 02:35:00,ACTIVE,32.52,52.05,0.1174247127536382,87.54548654181616
2026-05-07 02:40:00,ACTIVE,32.8,50.82,0.12651973813513495,91.0817664044735
2026-05-07 02:45:00,ACTIVE,33.02,50.0,0.13628725366695682,94.87952034517664
2026-05-07 02:50:00,ACTIVE,33.18,49.4,0.11581066720912431,86.91792185485131
2026-05-07 02:55:00,ACTIVE,32.09,54.04,0.1270475158447199,91.28697415355374
2026-05-07 03:00:00,ACTIVE,32.44,51.94,0.1301072533754004,92.47664518369459
2026-05-07 03:05:00,ACTIVE,32.72,50.76,0.12883498629388407,91.98196899846467
2026-05-07 04:05:00,ACTIVE,33.1,46.81,0.07851911252877292,72.4184159896341
2026-05-07 04:10:00,ACTIVE,33.17,46.56,0.0821123272033536,73.81551079288504
2026-05-07 04:15:00,ACTIVE,33.21,46.35,0.09098079004472448,77.26369980206223
2026-05-07 04:20:00,ACTIVE,33.26,46.14,0.09187718113244248,77.612229863233
2026-05-07 04:25:00,ACTIVE,33.32,45.96,0.1010683658084292,81.18589787627461
2026-05-07 04:30:00,ACTIVE,32.58,37.72,0.09339736583683489,78.20330007273448
2026-05-07 04:35:00,ACTIVE,32.4,48.97,0.09289763107061688,78.00899583318372
2026-05-07 04:40:00,ACTIVE,32.64,48.01,0.11864302499108076,88.01918428876935
2026-05-07 04:45:00,ACTIVE,32.82,47.39,0.12572123247355077,90.77129563910073
2026-05-07 04:50:00,ACTIVE,32.95,46.99,0.10353067067748029,82.14327828577441
2026-05-07 04:55:00,ACTIVE,33.05,46.75,0.12744225974217366,91.44045639652938
2026-05-07 05:00:00,ACTIVE,33.15,46.57,0.12716731382320068,91.33355337253542
2026-05-07 05:05:00,ACTIVE,33.21,46.48,0.1237735683473628,90.01401513247667
2026-05-07 05:10:00,ACTIVE,33.27,46.45,0.1260671446912342,90.90579140555892
2026-05-07 05:15:00,ACTIVE,32.13,51.31,0.1282370153224432,91.74946907503818
2026-05-07 05:20:00,ACTIVE,32.38,50.13,0.1381100532954429,95.58825169550234
2026-05-07 05:25:00,ACTIVE,32.67,49.41,0.13637339125866893,94.91301190987409
2026-05-07 05:30:00,ACTIVE,32.88,48.9,0.12545772002305944,90.66883811609834
2026-05-07 05:35:00,ACTIVE,32.63,34.68,0.13027030943132717,92.54004378049578
2026-05-07 05:40:00,ACTIVE,32.15,52.04,0.1283655116467735,91.79943033903632
2026-05-07 05:45:00,ACTIVE,32.46,50.84,0.1251290081172901,90.5410300843195
2026-05-07 05:50:00,ACTIVE,32.67,50.21,0.13209441444467762,93.24928268368858
2026-05-07 05:55:00,ACTIVE,32.82,49.9,0.13121795103429418,92.9085007970541
2026-05-07 06:00:00,ACTIVE,32.89,49.8,0.1345464828797589,94.20268301685056
2026-05-07 06:05:00,ACTIVE,32.94,49.78,0.12333467780244806,89.84336802256861
2026-05-07 06:10:00,ACTIVE,32.98,49.84,0.13372911612430993,93.88487878030823
2026-05-07 06:15:00,ACTIVE,33.01,49.86,0.13533943710449647,94.51099530178968
2026-05-07 06:20:00,ACTIVE,33.04,49.88,0.1344426165474294,94.16229825660875
2026-05-07 06:25:00,ACTIVE,33.07,49.92,0.13003647965675935,92.44912731919858
2026-05-07 06:30:00,ACTIVE,33.08,50.0,0.1299777948080037,92.42630978541578
2026-05-07 06:35:00,ACTIVE,33.09,50.06,0.12769341250009275,91.53810828896798
2026-05-07 06:40:00,ACTIVE,33.1,50.13,0.11844372346372284,87.94169291868185
2026-05-07 06:45:00,ACTIVE,33.13,50.11,0.12478411707327586,90.40693136522854
2026-05-07 06:50:00,ACTIVE,33.15,50.12,0.11996294469532487,88.53238851576788
2026-05-07 06:55:00,ACTIVE,33.18,50.03,0.11818593566155688,87.84146122328794
2026-05-07 07:00:00,ACTIVE,33.22,49.94,0.11535221665342982,86.73966952458024
2026-05-07 07:05:00,ACTIVE,33.26,49.79,0.12143554133473522,89.10495578450339
2026-05-07 07:10:00,ACTIVE,32.15,54.52,0.12824806073246575,91.75376369318371
2026-05-07 07:15:00,ACTIVE,32.37,53.07,0.12307596652362995,89.74277726584702
2026-05-07 07:20:00,ACTIVE,32.56,52.18,0.11917623746242856,88.22650515329174
2026-05-07 07:25:00,ACTIVE,32.74,51.49,0.1292243083894415,92.13334316498522
2026-05-07 07:30:00,ACTIVE,32.87,50.98,0.12319790429634186,89.79018846835073
2026-05-07 07:35:00,ACTIVE,32.96,50.64,0.12568984426704266,90.75909144197716
2026-05-07 08:10:00,ACTIVE,32.19,54.28,0.13243240736197226,93.38069930948288
2026-05-07 08:15:00,ACTIVE,32.65,52.3,0.13565156954324714,94.63235699253126
2026-05-07 08:20:00,ACTIVE,31.62,55.52,0.1318728392744976,93.16313099312084
2026-05-07 08:25:00,ACTIVE,32.03,55.17,0.13450928633108128,94.1882204507189
2026-05-07 08:30:00,ACTIVE,31.95,36.9,0.12339595301009953,89.86719272605312
2026-05-07 08:35:00,ACTIVE,31.58,57.35,0.13657681477583739,94.99210597032798
2026-05-07 08:40:00,ACTIVE,32.31,52.75,0.1307633006141925,92.73172601548778
2026-05-07 08:45:00,ACTIVE,31.3,59.13,0.12813415201221012,91.7094743045647
2026-05-07 08:50:00,ACTIVE,32.11,54.37,0.11243416952022184,85.60508980845961
2026-05-07 08:55:00,ACTIVE,31.16,59.16,0.10706044657183639,83.51570715664916
2026-05-07 09:00:00,ACTIVE,31.91,54.97,0.09083838009530998,77.20832871564602
2026-05-07 09:05:00,ACTIVE,30.95,55.7,0.09469461943933749,78.7076913854429
2026-05-07 09:10:00,ACTIVE,31.68,55.64,0.12187758875786181,89.27683033516955
2026-05-07 09:15:00,ACTIVE,30.93,46.83,0.12401555485909299,90.10810305335339
2026-05-07 09:20:00,ACTIVE,31.64,55.37,0.11515177529187498,86.66173497016413
2026-05-07 09:25:00,ACTIVE,30.36,61.02,0.11629272254586476,87.10535207175536
2026-05-07 09:30:00,ACTIVE,31.43,56.68,0.10331152683814221,82.0580719324581
2026-05-07 09:35:00,ACTIVE,30.25,57.88,0.11018001862930021,84.72864273232783
2026-05-07 09:40:00,ACTIVE,31.31,55.92,0.09938570452756645,80.53165438012189
2026-05-07 09:45:00,ACTIVE,30.02,48.44,0.10610193610185792,83.14302416446895
2026-05-07 09:50:00,ACTIVE,31.08,58.53,0.11309158576542622,85.86070293011507
2026-05-07 09:55:00,ACTIVE,30.05,40.15,0.10587092555659772,83.05320386106145
2026-05-07 10:00:00,ACTIVE,30.53,61.63,0.08619930622036387,75.4045884469573
2026-05-07 10:05:00,ACTIVE,30.08,40.93,0.09532709256322469,78.95360625405058
2026-05-07 10:10:00,ACTIVE,29.32,66.26,0.10356960005775784,82.15841460236142
2026-05-07 10:15:00,ACTIVE,30.64,47.91,0.08388628241531126,74.50525071445408
2026-05-07 10:20:00,ACTIVE,29.45,41.3,0.0756116547620494,71.28795357521265
2026-05-07 10:25:00,ACTIVE,28.63,53.63,0.10310695297783828,81.97853060164547
2026-05-07 10:30:00,ACTIVE,30.24,61.27,0.09649629619854216,79.40820985299497
2026-05-07 10:35:00,ACTIVE,29.56,41.8,0.0885748713181857,76.32824315549165
2026-05-07 10:40:00,ACTIVE,28.66,42.01,0.09604805460907467,79.23392691919862
2026-05-07 10:45:00,ACTIVE,28.79,67.51,0.08878276196688356,76.40907410249712
2026-05-07 10:50:00,ACTIVE,29.96,44.93,0.08273087388385358,74.05601085512959
2026-05-07 10:55:00,ACTIVE,29.05,42.27,0.09119032204819694,77.34516893198564
2026-05-07 11:00:00,ACTIVE,28.4,42.64,0.09708482925163092,79.63704017472008
2026-05-07 11:05:00,ACTIVE,27.97,43.0,0.09317733581420884,78.11774915829992
2026-05-07 11:10:00,ACTIVE,27.67,43.32,0.08507661108706405,74.96806803879345
2026-05-07 11:15:00,ACTIVE,27.43,43.58,0.10622233154246347,83.18983568552699
2026-05-07 11:20:00,ACTIVE,27.29,43.89,0.10091410543631785,81.12591917092506
2026-05-07 11:25:00,ACTIVE,27.18,43.97,0.11683650577176247,87.31678300138257
2026-05-07 11:30:00,ACTIVE,27.12,44.11,0.102122756351326,81.59586045337835
2026-05-07 11:35:00,ACTIVE,27.07,44.05,0.11542588852489988,86.76831423359378
2026-05-07 11:40:00,ACTIVE,27.05,44.02,0.1082622077386613,83.98296960350416
2026-05-07 11:45:00,ACTIVE,27.06,44.03,0.11842509496328846,87.93444988326476
2026-05-07 11:50:00,ACTIVE,27.09,44.02,0.05200777288245534,62.110416551383665
2026-05-07 11:55:00,ACTIVE,27.12,44.02,0.06630209801503856,67.668260757016
2026-05-07 12:00:00,ACTIVE,27.17,43.89,0.07792841279497481,72.18874323052812
2026-05-07 12:05:00,ACTIVE,27.21,43.9,0.08023001797527857,73.08364123350175
2026-05-07 12:10:00,ACTIVE,27.22,43.77,0.04990572074155342,61.29310771008565
2026-05-07 13:15:00,ACTIVE,27.18,42.04,0.10349094800572728,82.1278335257744
2026-05-07 13:20:00,ACTIVE,27.04,42.21,0.105896259939471,83.06305424236658
2026-05-07 13:25:00,ACTIVE,26.91,42.43,0.10416658984351446,82.39053302633835
2026-05-07 13:30:00,ACTIVE,26.79,42.42,0.11104609358902728,85.06538543629712
2026-05-07 13:35:00,ACTIVE,26.69,42.31,0.10570582280838897,82.98900948014769
2026-05-07 13:40:00,ACTIVE,26.61,42.49,0.10323652093546548,82.0289085324575
2026-05-07 13:45:00,ACTIVE,26.51,42.57,0.08841512353460751,76.26613086371938
2026-05-07 13:50:00,ACTIVE,26.95,53.21,0.0998127972745873,80.69771433239531
2026-05-07 13:55:00,ACTIVE,28.68,42.28,0.09870878632558538,80.26845861035507
2026-05-07 14:00:00,ACTIVE,27.99,40.49,0.09209528671319012,77.69703252631298
2026-05-07 14:05:00,ACTIVE,27.49,40.81,0.0915353722339125,77.47932952771467
2026-05-07 14:10:00,ACTIVE,27.15,41.08,0.09078441386526753,77.18734585033692
2026-05-07 14:45:00,ACTIVE,31.34,35.67,0.09541159993169196,78.98646396393283
2026-05-07 14:50:00,ACTIVE,30.72,47.39,0.08687173821345917,75.66603991261535
2026-05-07 14:55:00,ACTIVE,31.79,43.44,0.06159992854314611,65.83998799066568
2026-05-07 15:00:00,ACTIVE,30.96,47.53,0.07011679734805942,69.15147205853674
2026-05-07 15:05:00,ACTIVE,31.86,43.85,0.07010780132746064,69.14797427319222
2026-05-07 15:10:00,ACTIVE,31.38,33.84,0.06549635404234577,67.3549756296443
2026-05-07 15:15:00,ACTIVE,31.63,45.25,0.07610556914538918,71.47999476415038
2026-05-07 15:20:00,ACTIVE,30.82,34.38,0.08710152249947306,75.75538342836178
2026-05-07 16:15:00,ACTIVE,31.32,46.05,-0.10773518777950974,0.0
2026-05-07 16:20:00,ACTIVE,31.12,35.14,-0.09409968220053877,5.301685456993363
2026-05-07 16:25:00,ACTIVE,31.25,45.71,-0.09105852750225196,6.484131208124137
2026-05-07 16:30:00,ACTIVE,30.81,35.22,-0.09958140942393445,3.170309151863741
2026-05-07 16:35:00,ACTIVE,31.14,44.9,-0.08561882507680285,8.599167652673156
2026-05-07 16:40:00,ACTIVE,30.47,35.45,-0.08573004416711838,8.555924031800362
2026-05-07 16:45:00,ACTIVE,30.46,46.54,-0.0762073128268429,12.258502272496846
2026-05-07 16:50:00,ACTIVE,30.43,35.84,-0.07889948445165795,11.21174628179677
2026-05-07 16:55:00,ACTIVE,29.82,47.92,-0.0717282996409141,14.000008587168628
2026-05-07 17:00:00,ACTIVE,30.8,36.82,-0.09335367934416672,5.591742358191279
2026-05-07 18:05:00,ACTIVE,31.54,34.37,0.11040919785666409,84.81775099235699
2026-05-07 18:10:00,ACTIVE,31.04,40.93,0.09867118994906143,80.2538405852662
2026-05-07 18:15:00,ACTIVE,31.12,33.56,0.10917865828705803,84.33929907851694
2026-05-07 18:20:00,ACTIVE,31.21,39.94,0.11290006615769721,85.78623728502805
2026-05-07 18:25:00,ACTIVE,30.72,33.6,0.11916169048452518,88.22084907396656
2026-05-07 18:30:00,ACTIVE,31.4,38.87,0.10383931113403871,82.26328224239332
2026-05-07 18:35:00,ACTIVE,30.67,39.64,0.1028887058936474,81.89367291994202
2026-05-07 18:40:00,ACTIVE,31.67,37.3,0.11473083845446835,86.49806852624194
2026-05-07 18:45:00,ACTIVE,30.72,40.39,0.11618200778703369,87.0623045423939
2026-05-07 18:50:00,ACTIVE,31.53,33.93,0.12950986009118992,92.24436987357416
2026-05-07 18:55:00,ACTIVE,31.02,39.0,0.09530460015472225,78.9448608742508
2026-05-07 19:00:00,ACTIVE,30.94,33.0,0.11560488385926043,86.83791025667873
2026-05-07 19:05:00,ACTIVE,31.21,38.08,0.10754136247302304,83.70269434422293
2026-05-07 19:10:00,ACTIVE,30.18,40.19,0.09303166249311934,78.06110922489816
2026-05-07 19:15:00,ACTIVE,31.35,36.39,0.10897866229173903,84.26153768905479
2026-05-07 19:20:00,ACTIVE,30.33,39.96,0.10867675465657967,84.14415155258853
2026-05-07 19:25:00,ACTIVE,31.04,33.6,0.10855110737734908,84.0952980392993
2026-05-07 19:30:00,ACTIVE,30.61,38.93,0.10660107709966132,83.3370975381123
2026-05-07 19:35:00,ACTIVE,31.19,32.91,0.11781810179418833,87.69844199646697
2026-05-07 19:40:00,ACTIVE,31.22,37.07,0.11412675720110799,86.26319283518417
2026-05-07 19:45:00,ACTIVE,31.07,32.13,0.1065460554130696,83.31570429574712
2026-05-07 19:50:00,ACTIVE,31.52,36.31,0.09990277605743242,80.7326994087964
2026-05-07 19:55:00,ACTIVE,30.89,34.21,0.10543221044310835,82.88262496147615
2026-05-07 20:00:00,ACTIVE,31.69,36.1,0.12016770433386131,88.61200207989432
2026-05-07 21:15:00,ACTIVE,32.05,37.32,0.09424088609982006,78.53127317831881
2026-05-07 21:20:00,ACTIVE,32.65,35.98,0.10717773962267735,83.56131242286011
2026-05-07 21:25:00,ACTIVE,31.83,38.27,0.09712103747611761,79.65111846584561
2026-05-07 21:30:00,ACTIVE,32.51,36.7,0.10062890351543924,81.01502846229153
2026-05-07 21:35:00,ACTIVE,31.67,39.14,0.09451411201996496,78.63750744142818
2026-05-07 21:40:00,ACTIVE,32.33,37.33,0.10272205017268032,81.82887472034034
2026-05-07 21:45:00,ACTIVE,32.3,31.56,0.11043015717021154,84.82590028225164
2026-05-07 21:50:00,ACTIVE,32.08,38.13,0.09505598279749489,78.84819478295448
2026-05-07 21:55:00,ACTIVE,32.67,36.77,0.10384491339795354,82.2654604851399
2026-05-07 22:00:00,ACTIVE,31.79,39.22,0.11193981564389471,85.4128777381735
2026-05-07 22:05:00,ACTIVE,32.46,37.49,0.12536727484555776,90.63367169858351
2026-05-07 22:10:00,ACTIVE,31.75,39.16,0.11156449254986772,85.26694658969116
2026-05-07 22:15:00,ACTIVE,32.22,38.34,0.11715908028083688,87.44220472290598
2026-05-07 22:20:00,ACTIVE,32.55,33.55,0.13093779687534973,92.79957273262775
2026-05-07 22:25:00,ACTIVE,31.9,39.41,0.12090110990820879,88.89716097224904
2026-05-07 22:30:00,ACTIVE,32.52,37.78,0.10937504166129086,84.4156558276771
2026-05-07 22:35:00,ACTIVE,31.67,40.24,0.11356369035247965,86.04426414893935
2026-05-07 22:40:00,ACTIVE,32.3,38.25,0.10683748290983586,83.42901560000536
2026-05-07 22:45:00,ACTIVE,31.69,34.32,0.1152718528663575,86.7084229001905
2026-05-07 22:50:00,ACTIVE,32.07,38.89,0.11953401490604076,88.36561429439791
2026-05-07 22:55:00,ACTIVE,32.49,34.24,0.12872613948091544,91.93964775397441
2026-05-07 23:00:00,ACTIVE,31.92,39.36,0.12168178469434804,89.20069883055177
2026-05-07 23:05:00,ACTIVE,32.49,37.92,0.1295376129436704,92.25516059149317
2026-05-07 23:10:00,ACTIVE,32.73,34.09,0.13385592468405255,93.93418381656933
2026-05-07 23:15:00,ACTIVE,32.06,39.23,0.12086326922867818,88.88244795855195
2026-05-07 23:20:00,ACTIVE,32.58,37.97,0.11219091802356473,85.51051004280664
2026-05-07 23:35:00,ACTIVE,32.53,38.41,0.12870829268714,91.93270865762298
2026-05-07 23:40:00,ACTIVE,32.79,34.37,0.12857883109924356,91.88237208492937
2026-05-07 23:45:00,ACTIVE,32.09,39.8,0.12170715297360235,89.21056239126925
2026-05-07 23:50:00,ACTIVE,32.6,38.61,0.12972970974013237,92.32985065606314
2026-05-07 23:55:00,ACTIVE,32.09,31.43,0.11771866831710948,87.65978079565457
2026-05-08 00:00:00,ACTIVE,32.17,40.08,0.12495545851795598,90.47355144324322
2026-05-08 00:05:00,ACTIVE,32.65,38.99,0.13022679597093234,92.52312510602326
2026-05-08 00:10:00,ACTIVE,32.95,37.72,0.12337363550508451,89.85851535130604
2026-05-08 00:15:00,ACTIVE,32.07,40.83,0.12310040785672144,89.75228041623997
2026-05-08 00:20:00,ACTIVE,32.5,39.64,0.12558530761651338,90.71844605214369
2026-05-08 00:25:00,ACTIVE,32.82,38.94,0.13029981065255652,92.55151428994256
2026-05-08 00:30:00,ACTIVE,33.04,38.52,0.13384986437963692,93.93182748092785
2026-05-08 00:35:00,ACTIVE,32.03,41.54,0.13155165458007329,93.03824965200911
2026-05-08 00:40:00,ACTIVE,32.45,40.22,0.10943769582803875,84.44001669077407
2026-05-08 00:45:00,ACTIVE,32.74,39.53,0.11568631669792806,86.86957254407875
2026-05-08 00:50:00,ACTIVE,32.97,39.07,0.12476434624107025,90.39924417438914
2026-05-08 00:55:00,ACTIVE,32.71,31.81,0.12886892126787503,91.99516341630634
2026-05-08 01:00:00,ACTIVE,32.28,41.08,0.10871379696084366,84.15855414621973
2026-05-08 01:05:00,ACTIVE,32.62,40.15,0.10309170791630795,81.97260309712148
2026-05-08 01:10:00,ACTIVE,32.89,39.58,0.11977157451876486,88.45798097172087
2026-05-08 01:15:00,ACTIVE,31.91,42.81,0.12263513994390107,89.57137739708023
2026-05-08 01:20:00,ACTIVE,32.29,41.29,0.10730088595730813,83.60919353204326
2026-05-08 01:25:00,ACTIVE,32.61,40.4,0.10925398827130312,84.36858848620591
2026-05-08 01:30:00,ACTIVE,32.83,39.91,0.11200129081619786,85.43678019086059
2026-05-08 01:35:00,ACTIVE,32.99,39.59,0.12610632449758435,90.9210250914924
2026-05-08 02:30:00,ACTIVE,32.06,42.7,0.11585887682048135,86.93666646200494
2026-05-08 02:35:00,ACTIVE,32.37,41.6,0.12569073803875663,90.75943895358724
2026-05-08 02:40:00,ACTIVE,32.6,40.82,0.10764183213272654,83.74175842810556
2026-05-08 02:45:00,ACTIVE,32.79,40.2,0.12549419521545402,90.68302020827963
2026-05-08 02:50:00,ACTIVE,32.92,39.84,0.13138429972338267,92.97317961813798
2026-05-08 02:55:00,ACTIVE,33.01,39.54,0.13096526195636626,92.81025156076194
2026-05-08 03:00:00,ACTIVE,32.27,41.33,0.12371851446929344,89.99260937359071
2026-05-08 03:05:00,ACTIVE,32.33,41.37,0.09366741092798186,78.30829758266724
2026-05-08 03:10:00,ACTIVE,32.54,40.83,0.10351998263109141,82.13912261587457
2026-05-08 04:10:00,ACTIVE,32.1,41.23,0.07641068871865503,71.59862974947299
2026-05-08 04:15:00,ACTIVE,32.11,41.16,0.08197979858362586,73.76398171302976
2026-05-08 04:20:00,ACTIVE,32.11,41.03,0.08875888806140941,76.39979157632155
2026-05-08 04:25:00,ACTIVE,32.1,40.94,0.11213704130853785,85.48956198225441
2026-05-08 04:30:00,ACTIVE,32.11,40.83,0.10815247150219204,83.94030253805325
2026-05-08 04:35:00,ACTIVE,32.13,40.71,0.1205127309276613,88.74615350273899
2026-05-08 04:40:00,ACTIVE,32.12,40.63,0.1197017017766232,88.43081342016166
2026-05-08 04:45:00,ACTIVE,32.11,40.57,0.13085868450646437,92.7688126780659
2026-05-08 04:50:00,ACTIVE,32.12,40.53,0.13587651186723537,94.71981788210692
2026-05-08 04:55:00,ACTIVE,32.11,40.53,0.13490472296779732,94.34197204092565
2026-05-08 05:00:00,ACTIVE,32.13,40.45,0.137394693339022,95.31010920525824
2026-05-08 05:05:00,ACTIVE,32.11,40.47,0.1387496138295714,95.83692225362856
2026-05-08 06:15:00,ACTIVE,31.66,41.91,0.08851893486820411,76.30649423964357
2026-05-08 06:20:00,ACTIVE,31.75,41.77,0.05671925066079947,63.942308524418934
2026-05-08 06:25:00,ACTIVE,31.84,41.68,0.0794223963283322,72.76962603871704
2026-05-08 06:30:00,ACTIVE,31.94,41.58,0.06797416596315115,68.31838540932699
2026-05-08 06:35:00,ACTIVE,32.04,41.47,0.08250279182770559,73.96732919143345
2026-05-08 06:40:00,ACTIVE,32.13,41.32,0.0866831511399282,75.59271448002866
2026-05-08 06:45:00,ACTIVE,32.22,41.14,0.09680774566270411,79.5293059931544
2026-05-08 06:50:00,ACTIVE,32.29,41.05,0.09462239306925668,78.67960870866564
2026-05-08 07:40:00,ACTIVE,32.45,41.8,0.05548932613960639,63.464095750463166
2026-05-08 07:45:00,ACTIVE,32.59,41.63,0.06046680876955196,65.39941432877224
2026-05-08 07:50:00,ACTIVE,32.5,33.78,0.08844866793816314,76.27917342202164
2026-05-08 07:55:00,ACTIVE,31.93,44.18,0.0937061044366373,78.32334218889255
2026-05-08 08:00:00,ACTIVE,32.25,43.26,0.09411210892302546,78.48120271474484
2026-05-08 09:05:00,ACTIVE,31.09,48.46,0.059047099777912115,64.84741055666807
2026-05-08 09:10:00,ACTIVE,31.87,44.84,0.06733019800316203,68.06800117909286
2026-05-08 09:15:00,ACTIVE,30.94,48.17,0.05359189477664228,62.726346482245056
2026-05-08 09:20:00,ACTIVE,31.86,43.7,0.05827929740904375,64.54887768384577
2026-05-08 09:25:00,ACTIVE,31.0,47.12,0.044439955758281746,59.16793775908322
2026-05-08 09:30:00,ACTIVE,31.35,35.49,0.048172239547201956,60.61910468285369
2026-05-08 09:35:00,ACTIVE,31.09,45.91,0.049445770148931645,61.11427214335763
2026-05-08 09:40:00,ACTIVE,30.67,34.85,0.08742795573153767,75.8823054782332
2026-05-08 09:45:00,ACTIVE,31.14,45.06,0.07559256000863912,71.28052925376936
2026-05-08 11:20:00,ACTIVE,30.29,34.25,0.08123476383437644,73.47430122614395
2026-05-08 11:25:00,ACTIVE,29.04,35.47,0.08431037137798186,74.67014275111823
2026-05-08 11:30:00,ACTIVE,29.26,38.96,0.09039183531289646,77.03470552543082
2026-05-08 11:35:00,ACTIVE,29.48,34.61,0.0819275113212044,73.74365165506745
2026-05-08 11:40:00,ACTIVE,28.47,35.92,0.08884861538015415,76.43467887977566
2026-05-08 11:45:00,ACTIVE,29.7,35.37,0.09784328042754581,79.93193716595368
2026-05-08 11:50:00,ACTIVE,29.0,34.35,0.08771048758713118,75.99215802614661
2026-05-08 11:55:00,ACTIVE,28.13,35.56,0.10017282550468015,80.83769861244534
2026-05-08 12:00:00,ACTIVE,29.04,34.94,0.11400058170177596,86.21413394213738
2026-05-08 13:20:00,ACTIVE,27.3,35.38,0.07922251085456117,72.69190762166102
2026-05-08 13:25:00,ACTIVE,27.07,35.87,0.07663938942136228,71.68755195206569
2026-05-08 13:30:00,ACTIVE,28.9,32.94,0.08158980405891908,73.61234609614924
2026-05-08 13:35:00,ACTIVE,28.3,33.63,0.07894640240999051,72.58455259058752
2026-05-08 13:40:00,ACTIVE,27.82,34.37,0.08320579804394729,74.24066836549184
2026-05-08 18:00:00,ACTIVE,28.03,32.37,0.05575624065801832,63.56787604759475
2026-05-08 18:05:00,ACTIVE,27.92,32.46,0.06060337922370501,65.45251493339924
2026-05-08 18:10:00,ACTIVE,28.24,31.28,0.07020497178840657,69.18575557999179
2026-05-08 18:15:00,ACTIVE,28.03,32.03,0.07599417088309923,71.43668147857424
2026-05-08 18:20:00,ACTIVE,27.84,34.23,0.08385119836012161,74.49160951691329
2026-05-08 18:25:00,ACTIVE,27.71,36.39,0.08283378643927125,74.09602477285635
2026-05-08 18:30:00,ACTIVE,27.58,38.28,0.09160683528141073,77.507115413426
2026-05-08 18:35:00,ACTIVE,27.49,39.95,0.09870956720878044,80.26876222924582
2026-05-08 18:40:00,ACTIVE,27.37,41.42,0.10507225846550616,82.7426703295179
2026-05-08 18:45:00,ACTIVE,27.24,42.41,0.11663524651169149,87.23853043597354
2026-05-08 18:50:00,ACTIVE,29.27,41.21,0.1200910671104577,88.58220439836136
2026-05-08 18:55:00,ACTIVE,28.71,39.67,0.12261543293394678,89.56371502127242
2026-05-08 19:00:00,ACTIVE,28.09,40.98,0.13203855533304815,93.2275638381312
2026-05-08 19:05:00,ACTIVE,28.96,47.18,0.12617989021923898,90.94962852789385
2026-05-08 19:10:00,ACTIVE,29.41,39.36,0.12669341904481618,91.14929610094727
2026-05-08 19:15:00,ACTIVE,28.57,40.47,0.13026222916347457,92.53690205331048
2026-05-08 19:20:00,ACTIVE,28.27,54.34,0.12703423701730754,91.28181114982276
2026-05-08 19:25:00,ACTIVE,29.94,41.94,0.10727500357234165,83.59913007945073
2026-05-08 19:30:00,ACTIVE,29.0,40.01,0.113526834547579,86.02993406900825
2026-05-08 19:35:00,ACTIVE,28.3,40.99,0.12362110001812293,89.95473319979719
2026-05-08 19:40:00,ACTIVE,29.12,53.5,0.13188983353322842,93.16973861128679
2026-05-08 19:45:00,ACTIVE,29.49,40.25,0.11042369552253783,84.82338789843854
2026-05-08 19:50:00,ACTIVE,28.59,40.26,0.12143425584305712,89.10445596640018
2026-05-08 19:55:00,ACTIVE,29.67,50.4,0.12435538601866103,90.24023441482588
2026-05-08 20:00:00,ACTIVE,29.56,39.03,0.11874268078509387,88.05793192968112
2026-05-08 20:05:00,ACTIVE,29.03,53.07,0.12666054067208243,91.136512505241
2026-05-08 20:10:00,ACTIVE,30.53,40.27,0.10547324029378485,82.8985779718999
2026-05-08 21:35:00,ACTIVE,31.3,33.15,0.10247471924505636,81.7327088118264
2026-05-08 21:40:00,ACTIVE,30.57,38.65,0.09040653604797305,77.0404213878102
2026-05-08 21:45:00,ACTIVE,30.91,33.13,0.10038504429469058,80.92021240455833
2026-05-08 21:50:00,ACTIVE,30.9,37.54,0.08421655141018303,74.63366416541608
2026-05-08 21:55:00,ACTIVE,30.76,32.99,0.10250105845544649,81.74294988487392
2026-05-08 22:00:00,ACTIVE,31.07,36.95,0.04977997045013921,61.24421414414177
2026-05-08 22:05:00,ACTIVE,30.44,33.25,0.07499357795845102,71.04763620803003
2026-05-08 22:10:00,ACTIVE,31.23,36.38,0.053818629532189854,62.814504295618356
2026-05-08 22:15:00,ACTIVE,30.07,37.06,0.05509505196385378,63.310796142205206
2026-05-08 22:20:00,ACTIVE,31.3,35.99,0.06053566487931106,65.42618659868337
2026-05-08 22:25:00,ACTIVE,30.19,38.71,0.07472647838573648,70.94378395905925
2026-05-08 22:30:00,ACTIVE,31.44,34.29,0.08207993695169019,73.80291698584226
2026-05-08 22:35:00,ACTIVE,30.47,37.63,0.07674174467114936,71.72734918115266
2026-05-08 22:40:00,ACTIVE,31.34,32.57,0.07388123494362914,70.61514085604512
2026-05-08 22:45:00,ACTIVE,30.82,36.41,0.052183844069631946,62.17887562296289
2026-05-08 22:50:00,ACTIVE,31.09,31.86,0.06559480437828441,67.39325457069705
2026-05-08 22:55:00,ACTIVE,31.2,35.07,0.06827932612062548,68.43703617438779
2026-05-08 23:00:00,ACTIVE,30.9,31.55,0.07664043263554216,71.68795756910818
2026-05-08 23:05:00,ACTIVE,31.47,33.98,0.07642497359704042,71.60418392064413
2026-05-08 23:10:00,ACTIVE,30.53,35.77,0.10589491829552666,83.06253259143497
2026-05-08 23:15:00,ACTIVE,31.57,32.01,0.11215188797532727,85.49533458503372
2026-05-08 23:20:00,ACTIVE,30.81,34.59,0.1114578053035733,85.2254650165401
2026-05-08 23:25:00,ACTIVE,31.37,30.72,0.12159478401309526,89.16687168392528
2026-05-08 23:30:00,ACTIVE,31.18,33.21,0.10496301583078399,82.70019518369836
2026-05-08 23:35:00,ACTIVE,31.0,30.5,0.11260054854493257,85.66978042448034
2026-05-08 23:40:00,ACTIVE,31.47,32.17,0.11987545743507272,88.4983721800578
2026-05-08 23:45:00,ACTIVE,30.87,32.83,0.10606325908269632,83.1279859696018
2026-05-08 23:50:00,ACTIVE,31.83,31.05,0.11701290208557802,87.38536848698902
2026-05-08 23:55:00,ACTIVE,30.89,32.65,0.10888631496695034,84.225631688651
2026-05-09 00:00:00,ACTIVE,31.62,29.48,0.12233083621319935,89.45305962336612
2026-05-09 00:05:00,ACTIVE,31.08,31.88,0.1249530648284573,90.47262074150062
2026-05-09 00:10:00,ACTIVE,31.11,29.52,0.12112615383949721,88.98466136823995
2026-05-09 00:15:00,ACTIVE,31.5,30.58,0.11863699285307205,88.01683890464184
2026-05-09 00:20:00,ACTIVE,30.79,31.31,0.11195174277357617,85.41751518191255
2026-05-09 00:25:00,ACTIVE,31.79,29.21,0.126264227217466,90.98241999531668
2026-05-09 00:30:00,ACTIVE,30.91,30.9,0.10548541257863714,82.90331073558116
2026-05-09 00:35:00,ACTIVE,31.51,28.31,0.12301632159158887,89.71958643753824
2026-05-09 00:40:00,ACTIVE,31.36,29.7,0.12428747155472608,90.21382827068417
2026-05-09 00:45:00,ACTIVE,31.23,28.19,0.11981261034790941,88.47393630666107
2026-05-09 00:50:00,ACTIVE,31.64,28.87,0.1234032113488236,89.870014875084
2026-05-09 00:55:00,ACTIVE,30.94,29.77,0.11356153713623374,86.04342694674023
2026-05-09 01:00:00,ACTIVE,31.95,27.76,0.11252933154854877,85.64209020706728
2026-05-09 01:05:00,ACTIVE,31.28,29.12,0.11144772396080055,85.2215452419446
2026-05-09 01:10:00,ACTIVE,31.83,27.11,0.12662861928505997,91.12410099967828
2026-05-09 01:15:00,ACTIVE,31.61,28.47,0.12869429780527958,91.92726724137316
2026-05-09 01:20:00,ACTIVE,31.86,26.8,0.11711347896413588,87.42447425914186
2026-05-09 01:25:00,ACTIVE,31.73,28.2,0.12255719387742425,89.54107081807759
2026-05-09 01:30:00,ACTIVE,31.37,27.44,0.12706810243349764,91.29497852256668
2026-05-09 01:35:00,ACTIVE,31.89,27.84,0.0774214152847405,71.99161512910396
2026-05-09 03:30:00,ACTIVE,32.77,25.37,0.05103329378112015,61.73152472007083
2026-05-09 03:35:00,ACTIVE,32.98,25.09,0.053920421984541056,62.85408270077073
2026-05-09 03:40:00,ACTIVE,33.13,24.91,0.06180606809090905,65.92013808382919
2026-05-09 03:45:00,ACTIVE,32.78,24.12,0.08113156803144334,73.43417717761018
2026-05-09 03:50:00,ACTIVE,32.48,25.86,0.09719089885485754,79.67828159914684
2026-05-09 03:55:00,ACTIVE,32.83,25.35,0.09861280972287367,80.23114149322572
2026-05-09 04:00:00,ACTIVE,32.85,24.41,0.09619025843780032,79.28921786285431
2026-05-09 04:05:00,ACTIVE,32.32,25.92,0.11525333954145539,86.7012246467172
2026-05-09 04:10:00,ACTIVE,32.71,25.21,0.1205781213761356,88.77157827248404
2026-05-09 04:15:00,ACTIVE,32.59,24.18,0.11366133818367569,86.08223106432511
2026-05-09 04:20:00,ACTIVE,32.31,25.48,0.11134176082529312,85.18034521373563
2026-05-09 04:25:00,ACTIVE,32.71,24.74,0.11623789885123431,87.0840358115817
2026-05-09 04:30:00,ACTIVE,32.73,23.78,0.11808528167541132,87.802325470569
2026-05-09 04:35:00,ACTIVE,32.29,25.06,0.11825640479982058,87.86886066244594
2026-05-09 04:40:00,ACTIVE,32.71,24.39,0.09227652840936923,77.76750196796797
2026-05-09 04:45:00,ACTIVE,32.12,24.61,0.10179493491640579,81.46839864978467
2026-05-09 04:50:00,ACTIVE,32.41,24.48,0.10873089818972842,84.1652033559575
2026-05-09 04:55:00,ACTIVE,32.82,23.82,0.10230489881442517,81.66668012648259
2026-05-09 07:40:00,ACTIVE,32.31,27.69,0.0568710388135365,64.00132599445325
2026-05-09 07:45:00,ACTIVE,32.31,26.01,0.0530462695970183,62.51419937387212
2026-05-09 07:50:00,ACTIVE,32.09,28.31,0.06448244853730228,66.96075423171209
2026-05-09 07:55:00,ACTIVE,32.07,26.48,0.055194716040680936,63.34954700359711
2026-05-09 08:00:00,ACTIVE,32.08,28.65,0.06201719942183487,66.00222905582889
2026-05-09 08:05:00,ACTIVE,31.56,29.47,0.0648516309998678,67.10429781221409
2026-05-09 09:20:00,ACTIVE,31.51,34.21,0.06028232226619662,65.32768325828235
2026-05-09 09:25:00,ACTIVE,30.39,37.8,0.07385597029562813,70.60531758868571
2026-05-09 09:30:00,ACTIVE,31.41,33.51,0.08046361080296638,73.17446556636114
2026-05-09 09:35:00,ACTIVE,30.26,38.66,0.07377975183179075,70.57568272704154
2026-05-09 09:40:00,ACTIVE,31.13,33.2,0.06740652745732428,68.09767919541052
2026-05-09 09:45:00,ACTIVE,29.97,40.22,0.06756633409854534,68.15981437190148
2026-05-09 09:50:00,ACTIVE,30.67,33.92,0.07541623766857014,71.21197253024542
2026-05-09 09:55:00,ACTIVE,29.28,41.41,0.10244729294694782,81.72204506305822
2026-05-09 10:00:00,ACTIVE,30.71,36.51,0.05268854738262402,62.375111706699535
2026-05-09 10:05:00,ACTIVE,29.4,35.46,0.08421906421510522,74.63464118099024
2026-05-09 10:10:00,ACTIVE,29.77,41.05,0.0763287064122048,71.56675382090395
2026-05-09 10:15:00,ACTIVE,29.72,35.68,0.09400498337115626,78.43955072192887
2026-05-09 10:20:00,ACTIVE,28.6,37.25,0.09841303525954137,80.15346623866377
2026-05-09 10:25:00,ACTIVE,30.05,39.33,0.08423408844207814,74.64048282178483
2026-05-09 10:30:00,ACTIVE,29.05,36.85,0.07662234254938705,71.68092387709517
2026-05-09 10:35:00,ACTIVE,28.19,38.4,0.10886145760300336,84.21596677933219
2026-05-09 10:40:00,ACTIVE,28.6,45.22,0.10248196948685417,81.73552781265307
2026-05-09 10:45:00,ACTIVE,29.03,37.94,0.1087623282216299,84.1774238154102
2026-05-09 10:50:00,ACTIVE,28.22,38.78,0.10861719754808752,84.12099487136942
2026-05-09 10:55:00,ACTIVE,27.65,39.71,0.12145057195087894,89.11079990950171
2026-05-09 11:00:00,ACTIVE,27.24,40.39,0.12804828556335907,91.67608816420629
2026-05-09 11:05:00,ACTIVE,27.75,47.52,0.11121118492697746,85.12957538073424
2026-05-09 11:10:00,ACTIVE,28.78,38.81,0.10627521797631889,83.21039871017022
2026-05-09 11:15:00,ACTIVE,28.08,39.3,0.116931100597083,87.35356286310491
2026-05-09 11:20:00,ACTIVE,27.6,39.97,0.11680832039217653,87.30582411055266
2026-05-09 11:25:00,ACTIVE,27.28,40.72,0.10011020902227313,80.81335240157527
2026-05-09 11:30:00,ACTIVE,27.12,41.07,0.118062997972462,87.79366123856308
2026-05-09 11:35:00,ACTIVE,26.99,41.28,0.10907785071294163,84.30010360853217
2026-05-09 11:40:00,ACTIVE,26.89,41.61,0.10323786207637436,82.0294299878015
2026-05-09 11:45:00,ACTIVE,26.84,41.63,0.10669185876728787,83.37239478794508
2026-05-09 11:50:00,ACTIVE,26.79,41.43,0.10269988786045647,81.82025768683688
2026-05-09 11:55:00,ACTIVE,26.74,41.44,0.10907165940876756,84.29769633825464
2026-05-09 12:00:00,ACTIVE,26.72,41.4,0.0861705111029355,75.39339248107115
2026-05-09 12:05:00,ACTIVE,26.71,41.25,0.07768643037564299,72.09465690083616
2026-05-09 12:10:00,ACTIVE,26.71,40.84,0.06795866388995792,68.31235797488199
2026-05-09 13:25:00,ACTIVE,27.72,33.24,0.09095084136886245,77.25205531566205
2026-05-09 13:30:00,ACTIVE,27.67,33.14,0.09818667463355213,80.06545389237468
2026-05-09 13:35:00,ACTIVE,27.66,33.07,0.09795761850644363,79.97639349553842
2026-05-09 13:40:00,ACTIVE,27.65,32.84,0.11049279202425255,84.85025363628364
2026-05-09 13:45:00,ACTIVE,27.64,32.22,0.11397043790172107,86.2024135885763
2026-05-09 13:50:00,ACTIVE,27.64,31.29,0.1001487586870598,80.8283410791852
2026-05-09 13:55:00,ACTIVE,27.66,30.66,0.09712165070757334,79.65135689927017
2026-05-09 14:00:00,ACTIVE,27.68,30.47,0.11139589393195831,85.20139296313418
2026-05-09 14:05:00,ACTIVE,27.68,30.54,0.1085621499715127,84.0995915625974
2026-05-09 14:10:00,ACTIVE,27.72,30.57,0.11583205406534497,86.92623737963616
2026-05-09 14:15:00,ACTIVE,27.75,30.64,0.10194248562977276,81.52576854096297
2026-05-09 14:20:00,ACTIVE,27.79,30.64,0.10255049927243087,81.76217320291444
2026-05-09 14:25:00,ACTIVE,27.83,30.45,0.109073262091478,84.29831948490431
2026-05-09 14:30:00,ACTIVE,27.88,30.32,0.11324367612999209,85.91983790456086
2026-05-09 14:35:00,ACTIVE,27.85,30.07,0.10208266177871023,81.58027109284379
2026-05-09 14:40:00,ACTIVE,27.85,29.93,0.10103326713933686,81.17225099663314
2026-05-09 14:45:00,ACTIVE,27.84,30.1,0.09886724693846105,80.33007043119468
2026-05-09 14:50:00,ACTIVE,27.84,30.03,0.09610087279820645,79.2544634092879
2026-05-09 14:55:00,ACTIVE,27.89,29.95,0.08129728534174074,73.49861050931817
2026-05-09 15:00:00,ACTIVE,27.9,29.93,0.08004209899862397,73.01057556682349
2026-05-09 15:05:00,ACTIVE,27.96,29.93,0.0756992972760222,71.32203027585665
2026-05-09 15:10:00,ACTIVE,27.98,29.85,0.08526103713247496,75.03977560234384
2026-05-09 15:15:00,ACTIVE,28.0,29.71,0.09306471918304488,78.0739621529557
2026-05-09 16:25:00,ACTIVE,28.19,29.25,0.09329099302245336,78.16194075534358
2026-05-09 16:30:00,ACTIVE,28.37,28.95,0.10410851972308288,82.36795450798458
2026-05-09 16:35:00,ACTIVE,28.51,28.68,0.10723212134478755,83.58245683760646
2026-05-09 16:40:00,ACTIVE,28.66,28.5,0.10138033961630455,81.3071978889948
2026-05-09 16:45:00,ACTIVE,28.77,28.35,0.11524864322754957,86.6993986506812
2026-05-09 16:50:00,ACTIVE,28.87,28.24,0.11480408374886081,86.52654737580309
2026-05-09 16:55:00,ACTIVE,28.95,28.17,0.1093995567553735,84.4251876574301
2026-05-09 17:00:00,ACTIVE,29.02,28.11,0.10860477612339525,84.11616523844788
2026-05-09 17:05:00,ACTIVE,29.07,28.02,0.0921699603196437,77.72606672464639
2026-05-09 18:00:00,ACTIVE,27.96,31.08,0.09811302861184151,80.03681923412844
2026-05-09 18:05:00,ACTIVE,28.01,31.01,0.10320829861317615,82.01793527776024
2026-05-09 18:10:00,ACTIVE,28.05,30.96,0.10804744471043554,83.89946657408952
2026-05-09 18:15:00,ACTIVE,28.1,30.9,0.10339126550395494,82.08907550049238
2026-05-09 18:20:00,ACTIVE,28.13,30.84,0.10626230650176627,83.20537853864322
2026-05-09 18:25:00,ACTIVE,28.14,30.75,0.09554338688386677,79.03770467251677
2026-05-09 18:30:00,ACTIVE,28.12,30.5,0.1128977684135567,85.78534388825423
2026-05-09 18:35:00,ACTIVE,28.1,30.28,0.09728175858543242,79.713609201004
2026-05-09 18:40:00,ACTIVE,28.06,30.07,0.09494748484337939,78.80600917992595
2026-05-09 18:45:00,ACTIVE,27.99,29.91,0.1056221661020546,82.95648252023527
2026-05-09 18:50:00,ACTIVE,27.94,29.79,0.11697419303413936,87.37031783750061
2026-05-09 18:55:00,ACTIVE,27.87,29.62,0.10687330824408953,83.44294501776729
2026-05-09 19:00:00,ACTIVE,27.81,29.42,0.10516680833716174,82.77943271259302
2026-05-09 19:05:00,ACTIVE,27.72,29.26,0.11205640321258081,85.45820870252899
2026-05-09 19:10:00,ACTIVE,27.63,29.09,0.115108485006431,86.6449030694005
2026-05-09 19:15:00,ACTIVE,27.54,28.95,0.12171680508577859,89.21431527468509
2026-05-09 19:20:00,ACTIVE,27.44,28.87,0.12259592572812766,89.55613033225602
2026-05-09 19:25:00,ACTIVE,27.32,28.95,0.11673776975756578,87.27839298441427
2026-05-09 19:30:00,ACTIVE,27.24,29.25,0.10293085453412204,81.91006093232207
2026-05-09 19:35:00,ACTIVE,29.25,26.13,0.1138632208690103,86.16072602666138
2026-05-09 19:40:00,ACTIVE,28.6,26.96,0.11254641662273007,85.64873313561834
2026-05-09 19:45:00,ACTIVE,28.19,28.01,0.11248624654886913,85.62533812443321
2026-05-09 19:50:00,ACTIVE,27.9,29.15,0.11166421888597289,85.30572165840759
2026-05-09 19:55:00,ACTIVE,27.72,30.71,0.09525640324477685,78.92612120559315
2026-05-09 20:00:00,ACTIVE,27.57,32.63,0.08527037447632846,75.04340609919842
2026-05-09 20:05:00,ACTIVE,27.44,34.31,0.07869723509409615,72.48767266725909
2026-05-09 20:10:00,ACTIVE,27.33,35.89,0.08861227165650742,76.34278495803932
2026-05-09 20:15:00,ACTIVE,27.91,36.92,0.08355846120603172,74.37778899859282
2026-05-09 20:20:00,ACTIVE,29.09,34.52,0.09793117877959984,79.96611334021283
2026-05-09 20:25:00,ACTIVE,28.41,36.69,0.07917744257580062,72.67438441090124
2026-05-09 20:30:00,ACTIVE,27.94,38.12,0.06329504105152062,66.49907270751525
2026-05-09 20:35:00,ACTIVE,28.66,38.47,0.06956384548058059,68.9364762259839
2026-05-09 20:40:00,ACTIVE,29.4,35.41,0.061552524301554834,65.82155652314226
2026-05-09 20:45:00,ACTIVE,28.55,37.03,0.061742873445998714,65.89556707485995
2026-05-09 20:50:00,ACTIVE,28.94,38.47,0.054740341030757034,63.17287930556543
2026-05-09 20:55:00,ACTIVE,29.55,35.31,0.0854971532666946,75.13158103395793
2026-05-09 21:00:00,ACTIVE,28.64,37.12,0.08161623690879194,73.6226235776072
2026-05-09 21:05:00,ACTIVE,29.14,38.81,0.08163875558999512,73.6313791726201
2026-05-09 21:10:00,ACTIVE,29.67,35.58,0.08048721320407032,73.18364252763757
2026-05-09 21:15:00,ACTIVE,28.75,37.55,0.08480531117805029,74.8625826371872
2026-05-09 21:20:00,ACTIVE,28.88,41.3,0.08434230172401597,74.68255774007669
2026-05-09 21:25:00,ACTIVE,29.9,36.32,0.0844160121705409,74.71121744763988
2026-05-09 21:30:00,ACTIVE,28.89,37.93,0.09024269905115118,76.97671914968362
2026-05-09 21:35:00,ACTIVE,29.8,41.44,0.09548051784258538,79.01326026303549
2026-05-09 21:40:00,ACTIVE,29.69,37.08,0.09370387745377778,78.32247630514729
2026-05-09 21:45:00,ACTIVE,28.86,47.05,0.09615132712626656,79.27408079536643
2026-05-09 21:50:00,ACTIVE,30.51,39.22,0.10669071102914846,83.3719485304472
2026-05-09 21:55:00,ACTIVE,29.34,38.02,0.10370892579720442,82.21258650250336
2026-05-09 22:00:00,ACTIVE,29.97,45.32,0.10344805378477068,82.11115562071856
2026-05-09 22:05:00,ACTIVE,30.15,37.45,0.09232113656038982,77.78484627428354
2026-05-09 22:50:00,ACTIVE,30.89,36.72,0.08896707853228591,76.48073909860723
2026-05-09 22:55:00,ACTIVE,30.46,48.69,0.10133634508602546,81.29009216746384
2026-05-09 23:00:00,ACTIVE,30.85,37.29,0.09922498965872423,80.46916607135118
2026-05-09 23:05:00,ACTIVE,30.18,50.65,0.10571708125391815,82.9933869296368
2026-05-09 23:10:00,ACTIVE,30.9,38.08,0.09929093879994189,80.4948080690659
2026-05-09 23:15:00,ACTIVE,29.94,52.46,0.1034686471514506,82.11916262507972
2026-05-09 23:20:00,ACTIVE,31.27,41.88,0.10052837418538041,80.97594117769563
2026-05-09 23:25:00,ACTIVE,30.04,52.34,0.08019582370410638,73.07034599709587
2026-05-09 23:30:00,ACTIVE,31.41,45.4,0.07900941410419271,72.60905246562608
2026-05-09 23:35:00,ACTIVE,30.14,51.31,0.08165422077221202,73.63739226331
2026-05-09 23:40:00,ACTIVE,31.39,45.82,0.09348277953095918,78.23651017538481
2026-05-09 23:45:00,ACTIVE,30.17,50.78,0.08913846873974235,76.54737813630777
2026-05-09 23:50:00,ACTIVE,31.4,46.01,0.09130940255355857,77.39146918684828
2026-05-09 23:55:00,ACTIVE,30.36,49.84,0.10541354847594286,82.87536891370095
2026-05-10 00:00:00,ACTIVE,31.51,45.02,0.09724424043908636,79.69902159296085
2026-05-10 00:05:00,ACTIVE,30.2,51.29,0.10467204061922325,82.5870597345914
2026-05-10 00:10:00,ACTIVE,31.41,46.08,0.105252858657581,82.81289034492607
2026-05-10 00:15:00,ACTIVE,30.28,51.83,0.11635022011550966,87.12770797392807
2026-05-10 00:20:00,ACTIVE,31.49,45.74,0.10790044361188084,83.84231038124754
2026-05-10 00:25:00,ACTIVE,30.51,50.62,0.0961657061372298,79.27967156667067
2026-05-10 00:30:00,ACTIVE,31.67,45.14,0.10219597239661554,81.62432793045735
2026-05-10 00:35:00,ACTIVE,30.62,50.37,0.11949404419467125,88.35007309294072
2026-05-10 00:40:00,ACTIVE,31.72,45.11,0.11366563835843346,86.08390303562415
2026-05-10 00:45:00,ACTIVE,30.72,50.15,0.11005741697569288,84.68097340315123
2026-05-10 00:50:00,ACTIVE,31.78,45.07,0.1074595627438672,83.6708894043958
2026-05-10 00:55:00,ACTIVE,30.85,49.8,0.12425174024710256,90.1999354118613
2026-05-10 01:00:00,ACTIVE,31.86,44.81,0.1106308837285917,84.90394572539513
2026-05-10 01:05:00,ACTIVE,30.91,49.17,0.11498251865931802,86.59592549781784
2026-05-10 01:10:00,ACTIVE,31.93,43.1,0.10928114479627621,84.37914734320454
2026-05-10 01:15:00,ACTIVE,30.95,48.35,0.10808979884296732,83.91593448480884
2026-05-10 01:20:00,ACTIVE,31.97,41.91,0.11378604398669917,86.13071851779452
2026-05-10 01:25:00,ACTIVE,30.99,47.71,0.10159341777427622,81.39004581603196
2026-05-10 01:30:00,ACTIVE,31.88,38.68,0.11219367364204186,85.51158146786827
2026-05-10 01:35:00,ACTIVE,31.15,46.69,0.11304315471946819,85.84187222592625
2026-05-10 01:40:00,ACTIVE,31.89,37.59,0.11602037654629566,86.99945993472946
2026-05-10 01:45:00,ACTIVE,31.36,45.94,0.1172345804965555,87.47156031909982
2026-05-10 01:50:00,ACTIVE,31.98,36.94,0.12234451272484648,89.45837725258654
2026-05-10 01:55:00,ACTIVE,31.51,45.41,0.12233306521271459,89.45392629121683
2026-05-10 02:00:00,ACTIVE,32.21,38.25,0.12714412972874617,91.32453905504705
2026-05-10 02:05:00,ACTIVE,31.5,45.84,0.10494646802250324,82.69376115204481
2026-05-10 02:10:00,ACTIVE,32.15,37.57,0.11722956664088713,87.4696108581483
2026-05-10 02:15:00,ACTIVE,31.53,46.05,0.07059793013228566,69.33854357343158
2026-05-10 02:20:00,ACTIVE,32.37,43.23,0.0935593100106602,78.26626635339359
2026-05-10 02:25:00,ACTIVE,31.41,47.21,0.10941122440502549,84.42972421151083
2026-05-10 02:30:00,ACTIVE,32.22,43.97,0.090548377556257,77.09557145594019
2026-05-10 02:35:00,ACTIVE,31.37,48.7,0.1008910150532758,81.1169412898145
2026-05-10 02:40:00,ACTIVE,32.04,44.94,0.09499652482056536,78.8250766455474
2026-05-10 02:45:00,ACTIVE,32.48,37.37,0.09816527569972117,80.05713367163702
2026-05-10 02:50:00,ACTIVE,31.77,46.34,0.11238947770716817,85.58771297311303
2026-05-10 02:55:00,ACTIVE,32.46,43.79,0.1031471738856406,81.99416908316181
2026-05-10 03:00:00,ACTIVE,31.54,48.12,0.09966533192456878,80.64037763174451
2026-05-10 03:05:00,ACTIVE,32.19,44.9,0.08764172077045956,75.96542047470342
2026-05-10 03:10:00,ACTIVE,32.73,43.14,0.09608876446552944,79.24975551115458
2026-05-10 03:15:00,ACTIVE,31.83,46.4,0.11332901358350228,85.9530183637372
2026-05-10 03:20:00,ACTIVE,32.44,43.96,0.11198298229884501,85.4296615695798
2026-05-10 03:25:00,ACTIVE,32.61,35.34,0.12277864622768092,89.62717475444965
2026-05-10 03:30:00,ACTIVE,32.06,45.19,0.06855692916295508,68.54497232708943
2026-05-10 03:35:00,ACTIVE,32.57,43.31,0.10059408105388185,81.00148897620893
2026-05-10 03:40:00,ACTIVE,32.92,42.16,0.10103113757293902,81.17142298984339
2026-05-10 03:45:00,ACTIVE,31.97,45.3,0.10330327544234624,82.05486366820723
2026-05-10 03:50:00,ACTIVE,32.46,43.36,0.11044450002039752,84.83147699371293
2026-05-10 03:55:00,ACTIVE,32.82,42.23,0.1118564091546495,85.38044806635172
2026-05-10 04:00:00,ACTIVE,32.79,34.39,0.10103276327050303,81.1720550850072
2026-05-10 04:05:00,ACTIVE,32.15,44.3,0.09792899491796542,79.96526422263518
2026-05-10 04:10:00,ACTIVE,32.6,42.79,0.11880656185175081,88.0827698295383
2026-05-10 04:15:00,ACTIVE,32.89,41.89,0.11402123923578161,86.22216589570014
2026-05-10 04:20:00,ACTIVE,32.38,31.96,0.11524283793589563,86.69714146775848
2026-05-10 04:25:00,ACTIVE,32.27,43.7,0.09464112154120113,78.6868906144787
2026-05-10 04:30:00,ACTIVE,32.65,42.38,0.1186935059245181,88.03881201941051
2026-05-10 04:35:00,ACTIVE,32.92,41.51,0.12838475964572948,91.80691424460551
2026-05-10 04:40:00,ACTIVE,32.46,31.93,0.13169252563414408,93.0930223932436
2026-05-10 04:45:00,ACTIVE,32.27,43.26,0.11773669224895467,87.66678876589725
2026-05-10 04:50:00,ACTIVE,32.62,42.13,0.12425734048059722,90.20211286515062
2026-05-10 04:55:00,ACTIVE,32.89,41.36,0.11837583007028357,87.9152949670593
2026-05-10 05:00:00,ACTIVE,33.07,40.84,0.11019012739485623,84.73257316930547
2026-05-10 05:05:00,ACTIVE,32.29,40.86,0.11990708778328618,88.5106705254438
2026-05-10 06:35:00,ACTIVE,32.43,38.86,0.02528987522294862,51.722104314446895
2026-05-10 06:40:00,ACTIVE,32.51,38.3,0.028552627677722153,52.990710538034214
2026-05-10 06:45:00,ACTIVE,32.61,37.72,0.03013768900390601,53.607005733896386
2026-05-10 06:50:00,ACTIVE,32.7,37.08,0.01235580011605275,46.693145358964976
2026-05-10 06:55:00,ACTIVE,32.81,36.53,0.015672134284297312,47.98258494215345
2026-05-11 09:00:00,ACTIVE,30.65,28.93,0.044308934405962064,59.116994727002314
2026-05-11 09:05:00,ACTIVE,29.77,31.22,0.03326549986811189,54.82314467901628
2026-05-11 09:10:00,ACTIVE,30.36,28.92,0.056415682314457316,63.82427667897802
2026-05-11 09:15:00,ACTIVE,29.05,30.92,0.051977662647703426,62.0987092485069
2026-05-11 09:20:00,ACTIVE,30.0,30.35,0.06186912748847467,65.94465650663824
2026-05-11 09:25:00,ACTIVE,29.41,30.2,0.06324434236238857,66.47936031025185
2026-05-11 09:30:00,ACTIVE,28.54,32.65,0.07255473737832907,70.09937905975833
2026-05-11 09:35:00,ACTIVE,29.94,29.7,0.07469285222174632,70.9307096110955
2026-05-11 09:40:00,ACTIVE,28.82,31.69,0.08831990179388094,76.22910724805102
2026-05-11 09:45:00,ACTIVE,28.03,33.39,0.09138413604874296,77.42052667080254
2026-05-11 09:50:00,ACTIVE,29.62,31.04,0.0755462637426042,71.26252858346574
2026-05-11 09:55:00,ACTIVE,28.68,32.66,0.09963971530547872,80.6304175128402
2026-05-11 10:00:00,ACTIVE,28.01,34.21,0.09468479836395766,78.70387280664421
2026-05-11 10:05:00,ACTIVE,27.53,35.32,0.10191660261361524,81.51570484295408
2026-05-11 10:10:00,ACTIVE,27.18,36.1,0.09766264028395505,79.86170161680754
2026-05-11 10:15:00,ACTIVE,29.04,32.81,0.10436691611373766,82.4684228315491
2026-05-11 10:20:00,ACTIVE,28.32,33.89,0.10071668500713421,81.0491591995214
2026-05-11 10:25:00,ACTIVE,27.75,35.25,0.1165679204186672,87.2123530591102
2026-05-11 10:30:00,ACTIVE,27.37,36.55,0.10465201983331635,82.57927535807046
2026-05-11 10:35:00,ACTIVE,27.08,37.64,0.10458976003624165,82.55506783171256
2026-05-11 10:40:00,ACTIVE,26.9,38.35,0.10183016729042321,81.48209751587085
2026-05-11 10:45:00,ACTIVE,26.75,38.79,0.1104241310103456,84.82355722251411
2026-05-11 10:50:00,ACTIVE,26.66,39.38,0.10707575319310458,83.52165859650617
2026-05-11 10:55:00,ACTIVE,26.6,40.06,0.09135596456873174,77.40957318433207
2026-05-11 11:00:00,ACTIVE,26.56,40.34,0.1063023692978673,83.22095554400067
2026-05-11 11:05:00,ACTIVE,26.55,40.7,0.1029320551962965,81.9105277674645
2026-05-11 11:10:00,ACTIVE,26.54,41.03,0.11236180549029406,85.57695360750574
2026-05-11 11:15:00,ACTIVE,26.55,41.14,0.0826086706106291,74.00849642211506
2026-05-11 11:20:00,ACTIVE,26.56,40.71,0.08883572112795007,76.4296654045515
2026-05-11 11:25:00,ACTIVE,26.62,40.34,0.08963980816935224,76.74230629262631
2026-05-11 11:30:00,ACTIVE,26.66,40.07,0.10146850070135621,81.3414762177142
2026-05-11 11:35:00,ACTIVE,26.73,40.02,0.08744102875692727,75.88738846310572
2026-05-11 11:40:00,ACTIVE,26.74,40.4,0.08134429488526024,73.5168885124163
2026-05-11 11:45:00,ACTIVE,26.78,40.4,0.1050816904513252,82.74633762456303
2026-05-11 11:50:00,ACTIVE,26.81,40.56,0.09327554917332437,78.15593595927254
2026-05-11 11:55:00,ACTIVE,26.89,40.66,0.08966013064060496,76.75020796885437
2026-05-11 12:00:00,ACTIVE,26.95,40.01,0.11067539513142227,84.92125241458905
2026-05-11 12:05:00,ACTIVE,27.01,39.93,0.10925707965815556,84.36979046295863
2026-05-11 13:25:00,ACTIVE,28.05,37.25,0.06451181202670375,66.972171188995
2026-05-11 13:30:00,ACTIVE,28.01,37.93,0.044238742243527696,59.08970298012737
2026-05-11 13:35:00,ACTIVE,27.95,38.0,0.040233627833478225,57.532455491328626
2026-05-11 13:40:00,ACTIVE,27.93,37.9,0.04493553448636872,59.360626069778945
2026-05-11 13:45:00,ACTIVE,27.93,38.33,0.04980772548622475,61.25500571107862
2026-05-11 13:50:00,ACTIVE,27.92,38.58,0.04640482842185856,59.931909198572384
2026-05-11 13:55:00,ACTIVE,27.9,38.79,0.048570686666069285,60.7740267928734
2026-05-11 14:00:00,ACTIVE,27.88,38.92,0.046467498617439984,59.95627629391599
2026-05-11 15:00:00,ACTIVE,28.18,36.13,0.09030559008290512,77.00117210938461
2026-05-11 15:05:00,ACTIVE,28.25,35.96,0.1005266537164799,80.97527223403993
2026-05-11 15:10:00,ACTIVE,28.32,35.82,0.08399521520071607,74.54760538629411
2026-05-11 15:15:00,ACTIVE,28.37,35.67,0.09509555321446839,78.86358034405308
2026-05-11 15:20:00,ACTIVE,28.45,35.55,0.07846929346158726,72.39904560234267
2026-05-11 16:10:00,ACTIVE,28.1,36.11,0.07983846706553777,72.93140047119024
2026-05-11 16:15:00,ACTIVE,28.12,36.13,0.09543847145481393,78.9969120080129
2026-05-11 16:20:00,ACTIVE,28.12,36.1,0.10134476319340507,81.29336525163453
2026-05-11 16:25:00,ACTIVE,28.12,36.14,0.09452288403922793,78.64091813175321
2026-05-11 16:30:00,ACTIVE,28.07,36.38,0.09687621632007126,79.55592839349679
2026-05-11 16:35:00,ACTIVE,28.04,36.43,0.10099997253601456,81.15930556434185
2026-05-11 16:40:00,ACTIVE,27.98,36.6,0.09768567171757692,79.87065657751505
2026-05-11 16:45:00,ACTIVE,27.95,36.67,0.10144921977813898,81.33397951070718
2026-05-11 16:50:00,ACTIVE,27.92,36.81,0.09454363920556624,78.6489880462053
2026-05-11 16:55:00,ACTIVE,27.9,36.94,0.07988222778429876,72.94841528335832
2026-05-11 17:00:00,ACTIVE,27.85,37.22,0.08514624676580762,74.9951434166109
2026-05-11 17:05:00,ACTIVE,27.83,37.46,0.08391265098581502,74.51550320314631
2026-05-11 17:10:00,ACTIVE,27.79,37.67,0.07035286995781703,69.24326056719877
2026-05-11 18:25:00,ACTIVE,27.38,40.69,0.02464870066490421,51.47280620004322
2026-05-11 18:30:00,ACTIVE,27.18,40.95,2.9736029410698528e-05,41.90059004580512
2026-05-11 18:35:00,ACTIVE,27.01,41.21,0.019171484428644858,49.34318383317125
2026-05-11 18:40:00,ACTIVE,27.79,44.99,0.047596775320735196,60.39535571345838
2026-05-11 18:45:00,ACTIVE,28.73,38.4,0.052555769061935764,62.32348553943204
2026-05-11 18:50:00,ACTIVE,28.05,39.36,0.06256368037733212,66.21470890246925
2026-05-11 18:55:00,ACTIVE,27.57,40.62,0.049199263163910045,61.018426595866394
2026-05-11 19:00:00,ACTIVE,28.19,45.36,0.06196010230787791,65.98002885672746
2026-05-11 19:05:00,ACTIVE,29.14,38.76,0.06488681176122574,67.11797661053785
2026-05-11 19:10:00,ACTIVE,28.32,39.98,0.06473139943124012,67.05755000699534
2026-05-11 19:15:00,ACTIVE,27.72,41.35,0.06891202405973756,68.68303845446704
2026-05-11 19:20:00,ACTIVE,28.16,53.14,0.07755774085212158,72.04462051814617
2026-05-11 19:25:00,ACTIVE,29.28,40.69,0.08935660439306387,76.63219249204754
2026-05-11 19:30:00,ACTIVE,28.38,40.63,0.10958501201091142,84.49729539304093
2026-05-11 19:35:00,ACTIVE,27.93,56.59,0.11420296374602207,86.29282306257535
2026-05-11 19:40:00,ACTIVE,29.78,45.02,0.10680056249626468,83.4146603992713
2026-05-11 19:45:00,ACTIVE,28.84,40.17,0.10560018293879547,82.94793514248863
2026-05-11 19:50:00,ACTIVE,28.08,41.04,0.08148844768754337,73.57293724570478
2026-05-11 19:55:00,ACTIVE,29.29,53.02,0.10938333517419785,84.41888046768122
2026-05-11 20:00:00,ACTIVE,29.29,40.14,0.10778848492180793,83.79877919309277
2026-05-11 20:05:00,ACTIVE,28.37,40.43,0.10703648658895187,83.50639116230829
2026-05-11 20:10:00,ACTIVE,29.08,54.72,0.12619264116169848,90.95458628217798
2026-05-11 20:15:00,ACTIVE,29.59,39.97,0.11262808328225182,85.68048633601124
2026-05-11 20:20:00,ACTIVE,28.53,40.02,0.10393884269745968,82.3019815806206
2026-05-11 20:25:00,ACTIVE,29.87,50.5,0.11472808134784507,86.49699652256716
2026-05-11 20:30:00,ACTIVE,29.41,39.32,0.10266996947454915,81.80862497761736
2026-05-11 20:35:00,ACTIVE,28.97,56.28,0.11841876698468351,87.9319894719549
2026-05-11 20:40:00,ACTIVE,30.29,40.88,0.09962391360928458,80.62427358055817
2026-05-11 20:45:00,ACTIVE,29.01,38.83,0.08454993267482369,74.76328771271639
2026-05-11 20:50:00,ACTIVE,29.97,49.61,0.0912205538256382,77.35692349245069
2026-05-11 20:55:00,ACTIVE,29.68,37.98,0.08735193856305651,75.85274888318916
2026-05-11 21:00:00,ACTIVE,28.85,54.32,0.09830284424326097,80.11062234812213
2026-05-11 21:05:00,ACTIVE,30.47,41.97,0.07634488347806556,71.57304370244256
2026-05-11 21:10:00,ACTIVE,29.23,37.71,0.06611658732131864,67.59613146622326
2026-05-11 21:15:00,ACTIVE,29.47,48.17,0.08674780996129222,75.61785478237437
2026-05-11 21:20:00,ACTIVE,30.05,37.14,0.07462658267734851,70.90494303590393
2026-05-11 21:25:00,ACTIVE,28.8,41.19,0.0711348072697448,69.5472893141285
2026-05-11 21:30:00,ACTIVE,30.4,42.19,0.08944691172872365,76.66730531462345
2026-05-11 21:35:00,ACTIVE,29.33,37.05,0.08318953923782502,74.2343467021353
2026-05-11 21:40:00,ACTIVE,29.23,45.56,0.09695802448802776,79.58773661445392
2026-05-11 21:45:00,ACTIVE,29.87,36.95,0.06285088085687357,66.32637668015508
2026-05-11 21:50:00,ACTIVE,28.82,37.71,0.06498599870930455,67.156541957243
2026-05-11 21:55:00,ACTIVE,29.19,44.11,0.0749851694864988,71.04436687025546
2026-05-11 22:00:00,ACTIVE,29.63,36.76,0.07725389828952339,71.92648205338497
2026-05-11 22:05:00,ACTIVE,28.63,37.68,0.06871991873713501,68.608345074808
2026-05-11 22:10:00,ACTIVE,29.87,40.36,0.08250640905654455,73.9687356232976
2026-05-11 22:15:00,ACTIVE,29.46,36.23,0.08488781922187055,74.89466298019124
2026-05-11 22:20:00,ACTIVE,28.52,37.34,0.07446988861422538,70.84401807563417
2026-05-11 22:25:00,ACTIVE,30.08,38.11,0.08630500558852738,75.44568591853694
2026-05-11 22:30:00,ACTIVE,29.17,36.15,0.08298925250383565,74.15647226919475
2026-05-11 22:35:00,ACTIVE,28.95,40.85,0.07950318894276015,72.80103939750043
2026-05-11 22:40:00,ACTIVE,30.06,34.77,0.07797597856897165,72.20723750423063
2026-05-11 22:45:00,ACTIVE,28.88,37.17,0.10497249947379778,82.70388256382184
2026-05-11 22:50:00,ACTIVE,30.52,35.4,0.09616284850858597,79.27856047855335
2026-05-11 22:55:00,ACTIVE,29.39,34.79,0.08355995910364611,74.37837140325337
2026-05-11 23:00:00,ACTIVE,30.08,36.29,0.07693886950537038,71.80399422087994
2026-05-11 23:05:00,ACTIVE,29.89,33.7,0.09732018278206528,79.72854909474724
2026-05-11 23:10:00,ACTIVE,29.14,37.97,0.09534049417885088,78.9588169996481
2026-05-11 23:15:00,ACTIVE,30.57,33.0,0.09139586503823321,77.42508707471612
2026-05-11 23:20:00,ACTIVE,29.26,34.39,0.08868983060886482,76.37294102136907
2026-05-11 23:25:00,ACTIVE,30.5,34.42,0.08297135538595563,74.14951360609003
2026-05-11 23:30:00,ACTIVE,29.83,33.26,0.08837190913460946,76.24932846833511
2026-05-11 23:35:00,ACTIVE,29.99,35.37,0.09195310665595491,77.641750825363
2026-05-11 23:40:00,ACTIVE,30.19,32.53,0.0934908142791438,78.23963420385257
2026-05-11 23:45:00,ACTIVE,29.8,35.62,0.08957725187153748,76.71798348241242
2026-05-11 23:50:00,ACTIVE,30.29,32.32,0.09892182924119314,80.35129283464192
2026-05-11 23:55:00,ACTIVE,29.6,35.96,0.0917553172386189,77.56484738592951
2026-05-12 00:00:00,ACTIVE,30.66,31.9,0.1052190050552183,82.7997275655723
2026-05-12 00:05:00,ACTIVE,29.53,36.02,0.09675983702374397,79.51067840850283
2026-05-12 00:10:00,ACTIVE,30.79,31.85,0.1044699647504585,82.50848965969139
2026-05-12 00:15:00,ACTIVE,29.53,35.92,0.08900084326596308,76.49386732450681
2026-05-12 00:20:00,ACTIVE,30.91,31.84,0.08293290285400384,74.13456269515734
2026-05-12 00:25:00,ACTIVE,29.51,35.76,0.07020269273101631,69.18486944890178
2026-05-12 00:30:00,ACTIVE,31.0,32.2,0.07059759387133147,69.33841283021856
2026-05-12 00:35:00,ACTIVE,29.59,34.72,0.08842409896665715,76.26962064393268
2026-05-12 00:40:00,ACTIVE,31.02,32.66,0.09562001852169505,79.06750018229577
2026-05-12 00:45:00,ACTIVE,29.87,34.55,0.09355722019186014,78.26545380105544
2026-05-12 00:50:00,ACTIVE,31.26,31.7,0.09252544565589732,77.86428466064261
2026-05-12 00:55:00,ACTIVE,30.07,33.96,0.09137929123533228,77.41864293597128
2026-05-12 01:00:00,ACTIVE,31.37,30.6,0.09596396048593803,79.20122988518914
2026-05-12 01:05:00,ACTIVE,30.37,33.11,0.08648452161253556,75.51548439342805
2026-05-12 01:10:00,ACTIVE,31.24,29.86,0.0955854470319133,79.05405827773704
2026-05-12 01:15:00,ACTIVE,30.76,32.03,0.09521909533782813,78.91161534172507
2026-05-12 01:20:00,ACTIVE,30.92,29.74,0.10481313615023641,82.64191975576824
2026-05-12 01:25:00,ACTIVE,31.11,30.98,0.08568509879758929,75.20465702531595
2026-05-12 01:30:00,ACTIVE,30.58,29.93,0.06206432710675441,66.02055299404391
2026-05-12 01:35:00,ACTIVE,31.5,29.97,0.07122783041231967,69.58345808244418
2026-05-12 01:40:00,ACTIVE,30.51,31.39,0.06580613859722717,67.47542442854683
2026-05-12 01:45:00,ACTIVE,31.51,28.63,0.07806820810953036,72.24309770839052
2026-05-12 01:50:00,ACTIVE,30.9,30.57,0.059813110255929336,65.14524671592802
2026-05-12 01:55:00,ACTIVE,31.02,28.88,0.07192627929532558,69.85502529819865
2026-05-12 02:00:00,ACTIVE,31.31,29.79,0.07417184458683362,70.72813416678933
2026-05-12 02:05:00,ACTIVE,30.57,30.46,0.059557411779709524,65.04582738124338
2026-05-12 02:10:00,ACTIVE,31.66,28.92,0.0872323437819783,75.80624867035127
2026-05-12 02:15:00,ACTIVE,30.73,30.59,0.07105840802659386,69.51758416282385
2026-05-12 02:20:00,ACTIVE,31.39,28.26,0.09015538700353432,76.94277093922749
2026-05-12 02:25:00,ACTIVE,31.04,30.1,0.08236067045528889,73.9120703080055
2026-05-12 02:30:00,ACTIVE,30.98,28.73,0.10077401258192342,81.07144900518973
2026-05-12 02:35:00,ACTIVE,31.39,29.56,0.0971073938264958,79.64581361386479
2026-05-12 02:40:00,ACTIVE,30.41,31.16,0.0820484897770884,73.79068986105513
2026-05-12 02:45:00,ACTIVE,31.56,28.87,0.10284210703430119,81.87555459690094
2026-05-12 02:50:00,ACTIVE,30.72,31.14,0.08308002162048639,74.19176463902323
2026-05-12 02:55:00,ACTIVE,31.3,28.81,0.10413587633917304,82.3785911633574
2026-05-12 03:00:00,ACTIVE,31.15,30.73,0.10451890366013183,82.52751782877493
2026-05-12 03:05:00,ACTIVE,30.75,29.65,0.10300548678558463,81.93907905122572
2026-05-12 03:10:00,ACTIVE,31.53,30.33,0.11632689745122543,87.11863977844841
2026-05-12 03:15:00,ACTIVE,30.69,31.92,0.091006386179742,77.27365195645737
2026-05-12 03:20:00,ACTIVE,31.67,29.33,0.1133697950472824,85.96887479767621
2026-05-12 04:00:00,ACTIVE,31.39,29.39,0.09942839056221736,80.54825133927494
2026-05-12 04:05:00,ACTIVE,31.69,31.76,0.10976349057636231,84.56669048876039
2026-05-12 04:10:00,ACTIVE,30.94,33.54,0.10709856255607508,83.53052721287274
2026-05-12 04:15:00,ACTIVE,32.0,31.35,0.10618449621178555,83.17512475154261
2026-05-12 04:20:00,ACTIVE,31.25,33.28,0.12328845514700776,89.82539597314866
2026-05-12 04:25:00,ACTIVE,31.95,30.14,0.13286480916767202,93.54882350198746
2026-05-12 04:30:00,ACTIVE,31.55,32.92,0.12017098989319397,88.61327955376804
2026-05-12 04:35:00,ACTIVE,31.65,29.7,0.12294582492534856,89.69217629509737
2026-05-12 04:40:00,ACTIVE,31.69,32.83,0.12193768824761703,89.30019790221448
2026-05-12 04:45:00,ACTIVE,31.39,29.81,0.11969875679993136,88.4296683698364
2026-05-12 04:50:00,ACTIVE,31.87,32.6,0.09669742713476964,79.48641252420308
2026-05-12 04:55:00,ACTIVE,31.11,34.31,0.09926352216772505,80.48414807853882
2026-05-12 05:00:00,ACTIVE,32.04,32.32,0.11933554849935701,88.28844763153214
2026-05-12 05:05:00,ACTIVE,31.23,34.17,0.11573383407215654,86.88804799923827
2026-05-12 05:10:00,ACTIVE,32.1,32.33,0.1242313067736916,90.19199057635878
2026-05-12 05:15:00,ACTIVE,31.32,34.03,0.10999958808894644,84.65848868000825
2026-05-12 05:20:00,ACTIVE,32.1,32.42,0.12015277253052925,88.60619637477296
2026-05-12 05:25:00,ACTIVE,31.69,29.46,0.11184947732975309,85.37775287070745
2026-05-12 05:30:00,ACTIVE,32.06,32.65,0.11832194246154065,87.89434267086978
2026-05-12 05:35:00,ACTIVE,32.61,30.8,0.1246471937449648,90.35369355793011
2026-05-12 05:40:00,ACTIVE,31.88,33.2,0.1258171458944517,90.8085881902112
2026-05-12 05:45:00,ACTIVE,32.53,31.99,0.12146386154671368,89.11596710015395
2026-05-12 05:50:00,ACTIVE,31.73,33.76,0.10201274903464086,81.55308798794574
2026-05-12 05:55:00,ACTIVE,32.35,32.48,0.10765296238999028,83.74608603610851
2026-05-12 06:00:00,ACTIVE,32.68,30.22,0.12188340782589885,89.27909287455297
2026-05-12 06:05:00,ACTIVE,32.0,33.37,0.10965129427198994,84.52306691266529
2026-05-12 06:10:00,ACTIVE,32.59,32.26,0.12384683870435098,90.04250372674426
2026-05-12 06:15:00,ACTIVE,31.72,34.22,0.11921194009270958,88.24038686194135
2026-05-12 06:20:00,ACTIVE,32.39,32.9,0.12048828966889169,88.73665038124349
2026-05-12 06:25:00,ACTIVE,31.7,34.7,0.10743523099169289,83.66142886067789
2026-05-12 06:30:00,ACTIVE,32.19,33.56,0.12414898655570855,90.15998326280743
2026-05-12 06:35:00,ACTIVE,32.7,32.32,0.1265773801965916,91.10417848719136
2026-05-12 06:40:00,ACTIVE,31.9,34.58,0.11345038150496745,86.00020799968071
2026-05-12 06:45:00,ACTIVE,32.53,33.37,0.12251056574347968,89.52294111264136
2026-05-12 06:50:00,ACTIVE,31.7,35.53,0.1239479578949203,90.08182035779689
2026-05-12 06:55:00,ACTIVE,32.33,34.1,0.1266775312449871,91.14311869030344
2026-05-12 07:00:00,ACTIVE,31.56,36.28,0.12290449733083902,89.67610751748478
2026-05-12 07:05:00,ACTIVE,32.25,34.62,0.12695880652215108,91.25248266201065
2026-05-12 07:10:00,ACTIVE,31.38,36.96,0.09667438250560484,79.47745243287407
2026-05-12 07:15:00,ACTIVE,32.1,33.3,0.11677325663863036,87.29219080658996
2026-05-12 07:20:00,ACTIVE,31.45,37.37,0.11482236229353071,86.53365434326315
2026-05-12 07:25:00,ACTIVE,31.09,31.99,0.1105553703277089,84.8745850026152
2026-05-12 07:30:00,ACTIVE,31.61,37.55,0.119265347557035,88.26115247090752
2026-05-12 07:35:00,ACTIVE,30.66,40.89,0.11439976558339598,86.36934251636987
2026-05-12 07:40:00,ACTIVE,31.31,33.92,0.12441784985040161,90.26452127286785
2026-05-12 07:45:00,ACTIVE,30.86,40.86,0.12516717785091858,90.5558710390977
2026-05-12 07:50:00,ACTIVE,30.63,33.89,0.1066042461096327,83.33832969587726
2026-05-12 07:55:00,ACTIVE,31.28,40.04,0.10079523723591438,81.07970146335799
2026-05-12 08:00:00,ACTIVE,30.37,44.12,0.11199878649533512,85.43580647401373
2026-05-12 09:00:00,ACTIVE,30.21,36.19,0.07899598201429953,72.60382987118459
2026-05-12 09:05:00,ACTIVE,30.23,48.44,0.07397583409114056,70.65192239829894
2026-05-12 09:10:00,ACTIVE,30.27,37.33,0.05711923432103111,64.0978280643585
2026-05-12 09:15:00,ACTIVE,29.07,38.38,0.08096073647630903,73.36775535216296
2026-05-12 09:20:00,ACTIVE,30.49,47.71,0.08962939493874383,76.7382574751507
2026-05-12 09:25:00,ACTIVE,29.57,38.51,0.07990928334608893,72.95893488438395
2026-05-12 09:30:00,ACTIVE,29.02,56.17,0.08800777239603558,76.10774673965823
2026-05-12 09:35:00,ACTIVE,30.37,41.07,0.07150244732121441,69.69023318247253
2026-05-12 09:40:00,ACTIVE,29.24,39.44,0.10382110946139417,82.25620516390923
2026-05-12 09:45:00,ACTIVE,28.52,50.86,0.10257689600961656,81.77243664322759
2026-05-12 09:50:00,ACTIVE,30.14,44.98,0.11897009952429005,88.14635568597393
2026-05-12 09:55:00,ACTIVE,29.2,40.22,0.12830353254821253,91.775331952396
2026-05-12 10:00:00,ACTIVE,28.47,41.03,0.1257309356609282,90.77506838130728
2026-05-12 10:05:00,ACTIVE,28.0,41.95,0.12108074969165628,88.96700756663347
2026-05-12 10:10:00,ACTIVE,27.91,59.5,0.1281383762035031,91.71111673237317
2026-05-12 10:15:00,ACTIVE,29.68,46.43,0.13203513902567926,93.22623552749472
2026-05-12 10:20:00,ACTIVE,28.9,41.73,0.11449267081114961,86.40546543766584
2026-05-12 10:25:00,ACTIVE,28.33,42.21,0.11850113375453164,87.96401488555723
2026-05-12 10:30:00,ACTIVE,27.97,42.74,0.12121184512021765,89.01797940064849
2026-05-12 10:35:00,ACTIVE,27.7,43.3,0.1142479832627874,86.310327313953
2026-05-12 10:40:00,ACTIVE,27.52,43.68,0.10750116837582863,83.68706628706593
2026-05-12 10:45:00,ACTIVE,27.37,43.94,0.1041723173567336,82.39275996785973
2026-05-12 10:50:00,ACTIVE,27.25,44.21,0.12100233863615734,88.93652019304848
2026-05-12 10:55:00,ACTIVE,27.2,49.53,0.11668098228012536,87.25631317655225
2026-05-12 11:00:00,ACTIVE,29.3,61.0,0.10103646332098754,81.17349371914733
2026-05-12 11:05:00,ACTIVE,28.85,44.18,0.12021106581088487,88.62886166099297
2026-05-12 11:10:00,ACTIVE,28.37,43.93,0.11458136410741682,86.43995069794676
2026-05-12 11:15:00,ACTIVE,28.08,43.96,0.12186011111118522,89.27003476864867
2026-05-12 12:00:00,ACTIVE,28.01,44.67,0.08449888945547346,74.7434413570283
2026-05-12 12:05:00,ACTIVE,27.98,44.77,0.0900695343373335,76.90939015776655
2026-05-12 13:40:00,ACTIVE,28.41,45.17,0.0991727752236905,80.44886432975017
2026-05-12 13:45:00,ACTIVE,28.54,44.81,0.10711092253433296,83.53533295451533
2026-05-12 13:50:00,ACTIVE,28.67,44.5,0.1014017324862852,81.31551575201814
2026-05-12 13:55:00,ACTIVE,28.78,44.26,0.11202843883177821,85.44733573928195
2026-05-12 14:00:00,ACTIVE,28.9,43.94,0.09651154570544895,79.41413908594683
2026-05-12 14:05:00,ACTIVE,29.02,43.73,0.09911632114955143,80.42691415400365
2026-05-12 14:10:00,ACTIVE,29.14,43.65,0.08728637725453531,75.82725768054067
2026-05-12 14:15:00,ACTIVE,29.26,43.37,0.10620131851998016,83.18166551280679
2026-05-12 14:20:00,ACTIVE,29.37,43.04,0.10485652014197855,82.65878809092116
2026-05-12 14:25:00,ACTIVE,29.44,42.7,0.1027065616612749,81.82285255891824
2026-05-12 14:30:00,ACTIVE,29.51,42.58,0.08522338591501394,75.02513625429069
2026-05-12 14:35:00,ACTIVE,29.59,42.27,0.07313657923832129,70.32560774702814
2026-05-12 14:40:00,ACTIVE,29.67,42.14,0.06676122403373691,67.84677571725439
2026-05-12 14:45:00,ACTIVE,29.75,41.85,0.08703346974078174,75.72892351318133
2026-05-12 14:50:00,ACTIVE,29.81,41.62,0.08162252117879198,73.62506699436751
2026-05-12 14:55:00,ACTIVE,29.87,41.45,0.07539786147021654,71.20482759359442
2026-05-12 15:00:00,ACTIVE,29.93,41.2,0.07707920307764088,71.85855798127191
2026-05-12 15:05:00,ACTIVE,29.97,40.95,0.08264823535140148,74.02387977622304
2026-05-12 15:10:00,ACTIVE,30.01,40.88,0.07221568934628281,69.96755218980391
2026-05-12 15:15:00,ACTIVE,30.0,40.66,0.07284570460440326,70.21251140399046
2026-05-12 15:20:00,ACTIVE,29.98,40.55,0.07562345804752196,71.29254286649874
2026-05-12 16:25:00,ACTIVE,29.01,41.23,0.07734783077063961,71.96300438592255
2026-05-12 16:30:00,ACTIVE,29.03,41.17,0.09115504888676923,77.33145420715346
2026-05-12 16:35:00,ACTIVE,29.01,41.12,0.09758392468955196,79.83109583400993
2026-05-12 16:40:00,ACTIVE,29.0,41.28,0.10108985091733053,81.19425160314923
2026-05-12 16:45:00,ACTIVE,29.01,41.37,0.10303470721307795,81.95044038393107
2026-05-12 16:50:00,ACTIVE,29.05,41.32,0.09988735558643996,80.72670370248927
2026-05-12 16:55:00,ACTIVE,29.06,41.28,0.09686903660090368,79.55313681290774
2026-05-12 17:00:00,ACTIVE,29.09,41.23,0.0876185807748342,75.95642330348954
2026-05-12 17:05:00,ACTIVE,29.09,41.16,0.08070635542771143,73.2688482527471
2026-05-12 18:00:00,ACTIVE,28.4,43.65,0.017247759783497296,48.595211349469025
2026-05-12 18:05:00,ACTIVE,28.35,43.88,0.016650818228847952,48.36311167845717
2026-05-12 18:10:00,ACTIVE,28.28,44.19,0.015798403995873622,48.031680466308806
2026-05-12 18:15:00,ACTIVE,28.21,44.46,0.014236866728565334,47.424531771110495
2026-05-12 18:20:00,ACTIVE,28.13,44.6,0.02863744581844513,53.02368908074801
2026-05-12 18:25:00,ACTIVE,28.05,44.88,0.022478346387726333,50.62894048188584
2026-05-12 18:30:00,ACTIVE,27.96,44.82,0.01998979356367231,49.661354480777504
2026-05-12 18:35:00,ACTIVE,27.85,44.88,0.02429503788890519,51.33529690232525
2026-05-12 18:40:00,ACTIVE,27.72,45.02,0.08984529692570092,76.82220334850004
2026-05-12 18:45:00,ACTIVE,27.62,45.15,0.08631108856511688,75.44805106945364
2026-05-12 18:50:00,ACTIVE,27.51,45.26,0.08838443679416774,76.2541994069377
2026-05-12 18:55:00,ACTIVE,27.4,45.38,0.08968995572806804,76.76180440226425
2026-05-12 19:00:00,ACTIVE,27.69,64.72,0.12121901088026055,89.02076555372419
2026-05-12 19:05:00,ACTIVE,29.62,57.33,0.10613394618821653,83.15547015764037
2026-05-12 19:10:00,ACTIVE,28.97,45.12,0.09559015171092344,79.05588752624884
2026-05-12 19:15:00,ACTIVE,28.41,44.73,0.08130524680371126,73.50170604302618
2026-05-12 19:20:00,ACTIVE,28.04,44.73,0.08864447979561957,76.35530795703914
2026-05-12 19:25:00,ACTIVE,27.76,44.74,0.0858747875087601,75.2784107908471
2026-05-12 19:30:00,ACTIVE,28.23,71.61,0.10028415658950302,80.88098577843256
2026-05-12 19:35:00,ACTIVE,29.9,55.33,0.09925496869784733,80.4808223634346
2026-05-12 19:40:00,ACTIVE,29.13,44.45,0.05033885244778352,61.46151569866982
2026-05-12 21:25:00,ACTIVE,30.73,36.62,-0.019693046295518046,34.232081707927144
2026-05-12 21:30:00,ACTIVE,29.64,48.44,-0.012420711133712792,37.05967276001002
2026-05-12 21:35:00,ACTIVE,30.94,38.24,-0.01382708700564983,36.512853101279205
2026-05-12 21:40:00,ACTIVE,29.63,37.23,-0.008187923514439643,38.70544294679729
2026-05-12 21:45:00,ACTIVE,30.48,43.6,0.015410053721163441,47.88068415805122
2026-05-12 21:50:00,ACTIVE,29.97,36.92,0.009855022510177891,45.72080618258059
2026-05-12 21:55:00,ACTIVE,29.57,46.27,0.0033643712738136156,43.19714535702832
2026-05-12 22:00:00,ACTIVE,30.47,36.87,0.09053607807391412,77.09078923600062
2026-05-12 22:05:00,ACTIVE,29.25,37.62,0.08875180555594414,76.39703779385218
2026-05-12 22:10:00,ACTIVE,30.6,41.71,0.1005086128121937,80.96825766466213
2026-05-12 22:15:00,ACTIVE,29.81,36.8,0.10166564857038446,81.41813021371391
2026-05-12 22:20:00,ACTIVE,29.84,43.96,0.09463746814864016,78.68547012162665
2026-05-12 22:25:00,ACTIVE,30.35,36.35,0.09206555567223407,77.68547265957059
2026-05-12 22:30:00,ACTIVE,29.14,39.66,0.08723735051749132,75.80819536288148
2026-05-12 22:35:00,ACTIVE,30.72,40.78,0.0879552772349429,76.08733584762963
2026-05-12 22:40:00,ACTIVE,29.63,36.9,0.09155229416662458,77.48590902445898
2026-05-12 22:45:00,ACTIVE,30.03,43.62,0.08546397815555373,75.11868206198722
2026-05-12 22:50:00,ACTIVE,30.16,36.51,0.09101250254024579,77.27603008753178
2026-05-12 22:55:00,ACTIVE,29.46,46.02,0.1028986217596441,81.89752835472906
2026-05-12 23:00:00,ACTIVE,30.63,37.01,0.09163946698316788,77.51980309982245
2026-05-12 23:05:00,ACTIVE,29.33,37.29,0.08928996149116208,76.60628074995786
2026-05-12 23:10:00,ACTIVE,30.54,42.26,0.09918606973709704,80.45403343242678
2026-05-12 23:15:00,ACTIVE,29.79,36.69,0.08176709164163881,73.68127812023644
2026-05-12 23:20:00,ACTIVE,30.13,43.67,0.08839963448558019,76.26010849326197
2026-05-12 23:25:00,ACTIVE,30.18,36.37,0.08721575050507985,75.79979695982928
2026-05-12 23:30:00,ACTIVE,29.67,45.33,0.09175507980834224,77.56475506953996
2026-05-12 23:35:00,ACTIVE,30.6,36.56,0.06427630593771178,66.88060295195307
2026-05-12 23:40:00,ACTIVE,29.29,37.75,0.0490618491878444,60.96499801749241
2026-05-12 23:45:00,ACTIVE,30.74,41.59,0.06494475561129032,67.14050603311264
2026-05-12 23:50:00,ACTIVE,29.71,36.66,0.05438428217900715,63.034438378294844
2026-05-13 01:05:00,ACTIVE,31.59,41.78,0.05657133208068377,63.88479560122905
2026-05-13 01:10:00,ACTIVE,31.77,34.04,0.0665380074501058,67.7599858209544
2026-05-13 01:15:00,ACTIVE,31.67,42.02,0.06944831191671197,68.8915550742298
2026-05-13 01:20:00,ACTIVE,31.53,33.97,0.06012438315771468,65.26627420603418
2026-05-13 01:25:00,ACTIVE,31.84,41.84,0.06885132207731814,68.65943662939793
2026-05-13 01:30:00,ACTIVE,31.3,37.85,0.080546172997712,73.20656696404274
2026-05-13 01:35:00,ACTIVE,31.99,41.76,0.06971911608348708,68.99684772395003
2026-05-13 01:40:00,ACTIVE,31.18,45.05,0.07522596002184395,71.13798977789372
2026-05-13 01:45:00,ACTIVE,32.02,37.77,0.09555405768640446,79.04185363775322
2026-05-13 01:50:00,ACTIVE,31.25,44.82,0.09827860310492059,80.10119703639785
2026-05-13 01:55:00,ACTIVE,31.34,34.93,0.09703319744570194,79.6169649678987
2026-05-13 02:00:00,ACTIVE,31.41,44.16,0.0930172031739191,78.05548722856823
2026-05-13 02:05:00,ACTIVE,31.01,34.77,0.09667660169335601,79.47831528576637
2026-05-13 02:10:00,ACTIVE,31.56,43.33,0.10383042758113992,82.25982818614749
2026-05-13 02:15:00,ACTIVE,30.81,44.12,0.09129158391103903,77.38454103611987
2026-05-13 02:20:00,ACTIVE,31.75,42.24,0.10162549696053319,81.40251867626188
2026-05-13 02:25:00,ACTIVE,30.9,45.15,0.038566831121395306,56.88438037324553
2026-05-13 02:30:00,ACTIVE,31.93,40.14,0.064243917339869,66.86800978794011
2026-05-13 02:35:00,ACTIVE,31.1,43.35,0.07089924829499766,69.4557005143258
2026-05-13 02:40:00,ACTIVE,31.82,35.34,0.07902673260513915,72.61578615394242
2026-05-13 02:45:00,ACTIVE,31.33,41.83,0.08242765914030281,73.93811649566348
2026-05-13 02:50:00,ACTIVE,31.62,33.75,0.07217327776991533,69.95106194407497
2026-05-13 02:55:00,ACTIVE,31.52,40.51,0.066621316390502,67.79237756434654
2026-05-13 03:00:00,ACTIVE,31.44,33.14,0.08319617278443137,74.23692592278593
2026-05-13 03:05:00,ACTIVE,31.66,39.7,0.07988137479411328,72.94808362820734
2026-05-13 03:10:00,ACTIVE,31.05,41.2,0.07688677928913673,71.78374077737848
2026-05-13 03:15:00,ACTIVE,31.91,38.56,0.06914499844096245,68.77362232623024
2026-05-13 03:20:00,ACTIVE,31.0,41.28,0.07460200827648139,70.89538814679939
2026-05-13 03:25:00,ACTIVE,31.88,35.35,0.10434000615255712,82.45795984218557
2026-05-13 03:30:00,ACTIVE,31.27,39.67,0.11836924275193639,87.9127337206369
2026-05-13 03:35:00,ACTIVE,31.62,32.96,0.1242012286669818,90.18029576533812
2026-05-13 03:40:00,ACTIVE,31.53,38.23,0.11138310143329577,85.19641905118607
2026-05-13 03:45:00,ACTIVE,31.25,32.3,0.11841277096940822,87.92965813287836
2026-05-13 03:50:00,ACTIVE,31.73,37.12,0.11380911153046874,86.13968751865947
2026-05-13 03:55:00,ACTIVE,31.03,38.75,0.09672711979906173,79.49795746953313
2026-05-13 04:00:00,ACTIVE,32.02,35.82,0.11602552502752672,87.00146174008316
2026-05-13 04:05:00,ACTIVE,31.25,37.67,0.10705886643294865,83.5150927753699
2026-05-13 04:10:00,ACTIVE,31.95,32.84,0.10408176887432413,82.35755338387479
2026-05-13 04:15:00,ACTIVE,31.34,36.99,0.10687681991555281,83.44431040736863
2026-05-13 04:20:00,ACTIVE,31.47,31.79,0.10971030845300661,84.54601249568313
2026-05-13 04:25:00,ACTIVE,31.64,35.96,0.11833469310570366,87.89930030917184
2026-05-13 04:30:00,ACTIVE,31.09,36.07,0.12347132511312198,89.89649851014325
2026-05-13 04:35:00,ACTIVE,31.88,35.25,0.11404621529873116,86.23187695693991
2026-05-13 04:40:00,ACTIVE,31.1,37.28,0.1109823209349457,85.04058968884647
2026-05-13 04:45:00,ACTIVE,32.01,34.99,0.13277857163831358,93.51529308006077
2026-05-13 04:50:00,ACTIVE,31.29,36.89,0.1081531523088946,83.94056724572934
2026-05-13 04:55:00,ACTIVE,32.17,34.81,0.1228674221975884,89.66169215945992
2026-05-13 05:00:00,ACTIVE,31.36,36.9,0.10976239228191176,84.56626345569717
2026-05-13 05:05:00,ACTIVE,32.19,34.91,0.1282113307649823,91.73948254069437
2026-05-13 05:10:00,ACTIVE,31.42,36.99,0.12268720204913869,89.59161991061228
2026-05-13 05:15:00,ACTIVE,32.13,35.19,0.12252611569613259,89.5289871633257
2026-05-13 06:00:00,ACTIVE,31.93,35.77,0.09436826230461987,78.5807989233411
2026-05-13 06:05:00,ACTIVE,32.48,34.39,0.09322172267317341,78.13500742300387
2026-05-13 06:10:00,ACTIVE,32.62,30.73,0.09648907518987276,79.40540221843932
2026-05-13 06:15:00,ACTIVE,32.09,35.24,0.09680398826702141,79.52784506235636
2026-05-13 06:20:00,ACTIVE,32.63,33.77,0.11168893668942698,85.31533230455068
2026-05-13 06:25:00,ACTIVE,31.91,35.59,0.08891610704366343,76.46092063288287
2026-05-13 06:30:00,ACTIVE,32.52,34.15,0.1030437509608888,81.9539567263188
2026-05-13 06:35:00,ACTIVE,31.77,35.82,0.10963631557215453,84.51724297349251
2026-05-13 06:40:00,ACTIVE,32.43,34.34,0.12375377040666935,90.0063174014578
2026-05-13 06:45:00,ACTIVE,31.8,34.57,0.10680434376812792,83.4161306134801
2026-05-13 06:50:00,ACTIVE,32.21,34.9,0.11032043053274454,84.78323694903422
2026-05-13 06:55:00,ACTIVE,32.73,33.76,0.11930931624713786,88.27824814539727
2026-05-13 07:00:00,ACTIVE,31.92,35.79,0.11894948590102034,88.13834080555222
2026-05-13 07:05:00,ACTIVE,32.55,34.45,0.11959815755471126,88.39055390119576
2026-05-13 07:10:00,ACTIVE,31.72,36.58,0.1255431688265099,90.70206186977194
2026-05-13 07:15:00,ACTIVE,32.39,35.05,0.12577140508610263,90.79080349003922
2026-05-13 07:20:00,ACTIVE,31.67,35.9,0.10701665806764271,83.49868154109552
2026-05-13 07:25:00,ACTIVE,32.2,35.82,0.11407683481214892,86.24378227486501
2026-05-13 07:30:00,ACTIVE,31.28,38.45,0.11176200206821446,85.34374120027395
2026-05-13 07:35:00,ACTIVE,31.76,32.88,0.1196330659481219,88.4041267988489
2026-05-13 07:40:00,ACTIVE,31.48,38.27,0.12355278211402676,89.92817019217703
2026-05-13 07:45:00,ACTIVE,31.47,32.32,0.09940711732217694,80.53997999013485
2026-05-13 07:50:00,ACTIVE,31.68,38.17,0.10651620339685297,83.30409739204113
2026-05-13 07:55:00,ACTIVE,31.03,40.7,0.11486009225080895,86.54832430651729
2026-05-13 08:00:00,ACTIVE,31.94,37.87,0.11863189505393823,88.01485680523425
2026-05-13 08:05:00,ACTIVE,31.18,40.33,0.11666561527518549,87.25033825863406
2026-05-13 09:05:00,ACTIVE,31.49,37.74,0.08978022494430982,76.79690240344883
2026-05-13 09:10:00,ACTIVE,30.27,48.42,0.09801055913737655,79.99697759280386
2026-05-13 09:15:00,ACTIVE,31.07,37.43,0.09113280242664967,77.32280445570842
2026-05-13 09:20:00,ACTIVE,29.9,51.4,0.117334793499699,87.5105246111307
2026-05-13 09:25:00,ACTIVE,30.99,39.29,0.11105940151586535,85.07055975431354
2026-05-13 09:30:00,ACTIVE,29.61,38.11,0.09804200389119055,80.00920377635305
2026-05-13 09:35:00,ACTIVE,30.77,48.24,0.08996984729179974,76.87063036580314
2026-05-13 09:40:00,ACTIVE,29.89,38.65,0.09137635482000561,77.41750121443091
2026-05-13 09:45:00,ACTIVE,29.51,56.09,0.10041384103007467,80.9314089995295
2026-05-13 09:50:00,ACTIVE,30.46,40.39,0.09102422479764738,77.2805878739101
2026-05-13 09:55:00,ACTIVE,29.33,39.9,0.07351316807180613,70.47203103365946
2026-05-13 10:00:00,ACTIVE,28.85,59.79,0.09419008202447365,78.51151980534264
2026-05-13 10:05:00,ACTIVE,30.14,43.23,0.09176019711281885,77.56674475291221
2026-05-13 10:10:00,ACTIVE,29.19,41.26,0.09088522308791136,77.22654196129345
2026-05-13 10:15:00,ACTIVE,28.5,42.04,0.10706738742131783,83.51840586118504
2026-05-13 10:20:00,ACTIVE,28.45,63.8,0.10202895178388849,81.55938785556356
2026-05-13 10:25:00,ACTIVE,29.91,45.59,0.0958601878976636,79.16088157401705
2026-05-13 10:30:00,ACTIVE,29.02,42.57,0.09572611744321458,79.10875300610674
2026-05-13 10:35:00,ACTIVE,28.42,43.07,0.10576839377968211,83.01333799562617
2026-05-13 10:40:00,ACTIVE,28.03,43.89,0.11455257379999001,86.42875660226008
2026-05-13 10:45:00,ACTIVE,27.78,44.52,0.12232075414674831,89.44913956739383
2026-05-13 10:50:00,ACTIVE,27.59,45.1,0.1256980082070117,90.76226570211406
2026-05-13 10:55:00,ACTIVE,27.48,45.48,0.11410402615579518,86.25435466987675
2026-05-13 11:00:00,ACTIVE,27.41,45.71,0.10939374722197542,84.42292882525479
2026-05-13 11:05:00,ACTIVE,27.38,46.08,0.10849511749503832,84.07352834817442
2026-05-13 11:10:00,ACTIVE,27.37,46.25,0.12128737695460523,89.04734729064666
